Column1,code_2,Unnamed: 2,description_2,code_3,description_3,id,link,Category
0,C00,,Malignant neoplasm of lip,C00.0              ,Malignant neoplasm of external upper lip,3c67e325-5eef-5655-87ac-08cc0142b04f,https://www.icd10data.com//ICD10CM/Codes/C00-D49/C00-C14/C00-/C00.0,Lip Cancer
1,C00,,Malignant neoplasm of lip,C00.1,Malignant neoplasm of external lower lip,383c55de-4fa9-5c8a-af3d-db6d27755f44,https://www.icd10data.com//ICD10CM/Codes/C00-D49/C00-C14/C00-/C00.1,Lip Cancer
2,C00,,Malignant neoplasm of lip,C00.2,"Malignant neoplasm of external lip, unspecified",ec23013b-b507-5d4e-9bfd-54502a1837c8,https://www.icd10data.com//ICD10CM/Codes/C00-D49/C00-C14/C00-/C00.2,Lip Cancer
3,C00,,Malignant neoplasm of lip,C00.3,"Malignant neoplasm of upper lip, inner aspect",f14f4a88-78f4-511a-9b96-2078c69ebb6f,https://www.icd10data.com//ICD10CM/Codes/C00-D49/C00-C14/C00-/C00.3,Lip Cancer
4,C00,,Malignant neoplasm of lip,C00.4,"Malignant neoplasm of lower lip, inner aspect",cb03f308-c881-58da-8af6-f214c6f710b7,https://www.icd10data.com//ICD10CM/Codes/C00-D49/C00-C14/C00-/C00.4,Lip Cancer
5,C00,,Malignant neoplasm of lip,C00.5,"Malignant neoplasm of lip, unspecified, inner aspect",69f68f73-92c7-5c5b-8fbf-2bd2bb3015b8,https://www.icd10data.com//ICD10CM/Codes/C00-D49/C00-C14/C00-/C00.5,Lip Cancer
6,C00,,Malignant neoplasm of lip,C00.6,"Malignant neoplasm of commissure of lip, unspecified",1febfeb7-8ede-54f7-916d-8ab00385cf00,https://www.icd10data.com//ICD10CM/Codes/C00-D49/C00-C14/C00-/C00.6,Lip Cancer
7,C00,,Malignant neoplasm of lip,C00.8,Malignant neoplasm of overlapping sites of lip,517a86a1-9428-5812-b5d4-714f31a6bea1,https://www.icd10data.com//ICD10CM/Codes/C00-D49/C00-C14/C00-/C00.8,Lip Cancer
8,C00,,Malignant neoplasm of lip,C00.9,"Malignant neoplasm of lip, unspecified",4cae09c1-6bb3-5db8-8932-5f1d9929cfe2,https://www.icd10data.com//ICD10CM/Codes/C00-D49/C00-C14/C00-/C00.9,Lip Cancer
9,C02,,Malignant neoplasm of other and unspecified parts of tongue,C02.0,Malignant neoplasm of dorsal surface of tongue,b74bdd58-d6ad-5d8e-840b-14bf29052288,https://www.icd10data.com//ICD10CM/Codes/C00-D49/C00-C14/C02-/C02.0,Tongue Cancer
10,C02,,Malignant neoplasm of other and unspecified parts of tongue,C02.1,Malignant neoplasm of border of tongue,482c4d71-4996-5734-be38-9cc47d682b65,https://www.icd10data.com//ICD10CM/Codes/C00-D49/C00-C14/C02-/C02.1,Tongue Cancer
11,C02,,Malignant neoplasm of other and unspecified parts of tongue,C02.2,Malignant neoplasm of ventral surface of tongue,1a6e7235-7a77-5cd5-935e-dc5272b4e2ff,https://www.icd10data.com//ICD10CM/Codes/C00-D49/C00-C14/C02-/C02.2,Tongue Cancer
12,C02,,Malignant neoplasm of other and unspecified parts of tongue,C02.3,"Malignant neoplasm of anterior two-thirds of tongue, part unspecified",860fdaa1-cfa8-5a60-b2ae-7c8828939f35,https://www.icd10data.com//ICD10CM/Codes/C00-D49/C00-C14/C02-/C02.3,Tongue Cancer
13,C02,,Malignant neoplasm of other and unspecified parts of tongue,C02.4,Malignant neoplasm of lingual tonsil,ff450439-081a-537c-9433-4d566e10e5f0,https://www.icd10data.com//ICD10CM/Codes/C00-D49/C00-C14/C02-/C02.4,Tongue Cancer
145,C43,,Malignant melanoma of skin,C43.2,Malignant melanoma of ear and external auricular canal,6b121479-f6d5-53a2-b694-822e4fafda91,https://www.icd10data.com//ICD10CM/Codes/C00-D49/C43-C44/C43-/C43.2,Melanoma
14,C02,,Malignant neoplasm of other and unspecified parts of tongue,C02.8,Malignant neoplasm of overlapping sites of tongue,3eba0edc-e54c-5a51-9617-173959315ce9,https://www.icd10data.com//ICD10CM/Codes/C00-D49/C00-C14/C02-/C02.8,Tongue Cancer
15,C02,,Malignant neoplasm of other and unspecified parts of tongue,C02.9,"Malignant neoplasm of tongue, unspecified",71509ff9-5699-5d23-a259-2697e3da1f12,https://www.icd10data.com//ICD10CM/Codes/C00-D49/C00-C14/C02-/C02.9,Tongue Cancer
16,C03,,Malignant neoplasm of gum,C03.0,Malignant neoplasm of upper gum,47b73633-1191-5657-96e7-3234ad0f234c,https://www.icd10data.com//ICD10CM/Codes/C00-D49/C00-C14/C03-/C03.0,Gum Cancer
17,C03,,Malignant neoplasm of gum,C03.1,Malignant neoplasm of lower gum,a8ec46a8-7bda-5101-90ca-a6ababe541e5,https://www.icd10data.com//ICD10CM/Codes/C00-D49/C00-C14/C03-/C03.1,Gum Cancer
18,C03,,Malignant neoplasm of gum,C03.9,"Malignant neoplasm of gum, unspecified",09230294-9209-5831-8737-f904bdf8ab04,https://www.icd10data.com//ICD10CM/Codes/C00-D49/C00-C14/C03-/C03.9,Gum Cancer
19,C05,,Malignant neoplasm of palate,C05.0,Malignant neoplasm of hard palate,0c2bdc14-c7b6-5ae0-a9f2-ef2495cd2955,https://www.icd10data.com//ICD10CM/Codes/C00-D49/C00-C14/C05-/C05.0,Palate Cancer
20,C05,,Malignant neoplasm of palate,C05.1,Malignant neoplasm of soft palate,8fbd378d-8274-521e-936e-9ecc01afb567,https://www.icd10data.com//ICD10CM/Codes/C00-D49/C00-C14/C05-/C05.1,Palate Cancer
21,C05,,Malignant neoplasm of palate,C05.2,Malignant neoplasm of uvula,8d5e8adc-f908-5287-8495-3e6f8c85398d,https://www.icd10data.com//ICD10CM/Codes/C00-D49/C00-C14/C05-/C05.2,Palate Cancer
22,C05,,Malignant neoplasm of palate,C05.8,Malignant neoplasm of overlapping sites of palate,becf2d30-67ca-5b5f-81ee-00c319b08fa6,https://www.icd10data.com//ICD10CM/Codes/C00-D49/C00-C14/C05-/C05.8,Palate Cancer
23,C05,,Malignant neoplasm of palate,C05.9,"Malignant neoplasm of palate, unspecified",9af428ed-1e59-5e71-ac21-b4798ac491e9,https://www.icd10data.com//ICD10CM/Codes/C00-D49/C00-C14/C05-/C05.9,Palate Cancer
24,C08,,Malignant neoplasm of other and unspecified major salivary glands,C08.0,Malignant neoplasm of submandibular gland,b63c2eaf-18e0-5126-85fc-33b4112f893a,https://www.icd10data.com//ICD10CM/Codes/C00-D49/C00-C14/C08-/C08.0,Salivary Gland Cancer
25,C08,,Malignant neoplasm of other and unspecified major salivary glands,C08.1,Malignant neoplasm of sublingual gland,c7f59d68-edba-5883-bd46-cae900fbb11b,https://www.icd10data.com//ICD10CM/Codes/C00-D49/C00-C14/C08-/C08.1,Salivary Gland Cancer
26,C08,,Malignant neoplasm of other and unspecified major salivary glands,C08.9,"Malignant neoplasm of major salivary gland, unspecified",f92ddfca-181f-55c4-b68e-bc4f886a60e8,https://www.icd10data.com//ICD10CM/Codes/C00-D49/C00-C14/C08-/C08.9,Salivary Gland Cancer
27,C09,,Malignant neoplasm of tonsil,C09.0,Malignant neoplasm of tonsillar fossa,bddc958f-b9a2-536d-8160-6aa2eb70053f,https://www.icd10data.com//ICD10CM/Codes/C00-D49/C00-C14/C09-/C09.0,Tonsil Cancer
28,C09,,Malignant neoplasm of tonsil,C09.1,Malignant neoplasm of tonsillar pillar (anterior) (posterior),d0dde6ac-dd06-5958-aafb-16e44bcebc43,https://www.icd10data.com//ICD10CM/Codes/C00-D49/C00-C14/C09-/C09.1,Tonsil Cancer
29,C09,,Malignant neoplasm of tonsil,C09.8,Malignant neoplasm of overlapping sites of tonsil,8fe659d6-b9b8-5274-b24e-61eae6a030fc,https://www.icd10data.com//ICD10CM/Codes/C00-D49/C00-C14/C09-/C09.8,Tonsil Cancer
30,C09,,Malignant neoplasm of tonsil,C09.9,"Malignant neoplasm of tonsil, unspecified",a280a394-e6f3-5bed-9b2c-657c376eabc7,https://www.icd10data.com//ICD10CM/Codes/C00-D49/C00-C14/C09-/C09.9,Tonsil Cancer
31,C10,,Malignant neoplasm of oropharynx,C10.0,Malignant neoplasm of vallecula,ba3f45b7-8b13-556e-ac10-705b00787742,https://www.icd10data.com//ICD10CM/Codes/C00-D49/C00-C14/C10-/C10.0,Oropharyngeal Cancer
32,C10,,Malignant neoplasm of oropharynx,C10.1,Malignant neoplasm of anterior surface of epiglottis,0b51d8db-fed7-5c56-9888-c3cac7de2293,https://www.icd10data.com//ICD10CM/Codes/C00-D49/C00-C14/C10-/C10.1,Oropharyngeal Cancer
33,C10,,Malignant neoplasm of oropharynx,C10.2,Malignant neoplasm of lateral wall of oropharynx,14ab07fe-9b91-5f69-a66a-cd9c3c7cadac,https://www.icd10data.com//ICD10CM/Codes/C00-D49/C00-C14/C10-/C10.2,Oropharyngeal Cancer
34,C10,,Malignant neoplasm of oropharynx,C10.3,Malignant neoplasm of posterior wall of oropharynx,a11de1a0-1568-5f4e-b400-3a13bc22b18b,https://www.icd10data.com//ICD10CM/Codes/C00-D49/C00-C14/C10-/C10.3,Oropharyngeal Cancer
35,C10,,Malignant neoplasm of oropharynx,C10.4,Malignant neoplasm of branchial cleft,c160dcba-635e-53ef-96fc-f1f1796c77c5,https://www.icd10data.com//ICD10CM/Codes/C00-D49/C00-C14/C10-/C10.4,Oropharyngeal Cancer
36,C10,,Malignant neoplasm of oropharynx,C10.8,Malignant neoplasm of overlapping sites of oropharynx,5925a1c2-c40f-52dc-bfaa-4e3804d08749,https://www.icd10data.com//ICD10CM/Codes/C00-D49/C00-C14/C10-/C10.8,Oropharyngeal Cancer
37,C10,,Malignant neoplasm of oropharynx,C10.9,"Malignant neoplasm of oropharynx, unspecified",09de6137-4d79-5aaa-95f1-9e9165315627,https://www.icd10data.com//ICD10CM/Codes/C00-D49/C00-C14/C10-/C10.9,Oropharyngeal Cancer
38,C11,,Malignant neoplasm of nasopharynx,C11.0,Malignant neoplasm of superior wall of nasopharynx,0cb29eee-56c2-549a-9c51-ad904ca34a76,https://www.icd10data.com//ICD10CM/Codes/C00-D49/C00-C14/C11-/C11.0,Nasopharyngeal Cancer
39,C11,,Malignant neoplasm of nasopharynx,C11.1,Malignant neoplasm of posterior wall of nasopharynx,251402c5-8e84-52e0-8226-cac8665b619e,https://www.icd10data.com//ICD10CM/Codes/C00-D49/C00-C14/C11-/C11.1,Nasopharyngeal Cancer
40,C11,,Malignant neoplasm of nasopharynx,C11.2,Malignant neoplasm of lateral wall of nasopharynx,1bd54001-ded0-55a8-853c-9d45aefaabd0,https://www.icd10data.com//ICD10CM/Codes/C00-D49/C00-C14/C11-/C11.2,Nasopharyngeal Cancer
41,C11,,Malignant neoplasm of nasopharynx,C11.3,Malignant neoplasm of anterior wall of nasopharynx,a9e3cb17-e22e-50cf-b35e-0253a7bd8b38,https://www.icd10data.com//ICD10CM/Codes/C00-D49/C00-C14/C11-/C11.3,Nasopharyngeal Cancer
42,C11,,Malignant neoplasm of nasopharynx,C11.8,Malignant neoplasm of overlapping sites of nasopharynx,7f796df2-2520-5be1-b1a4-f6fb1d4e4b7f,https://www.icd10data.com//ICD10CM/Codes/C00-D49/C00-C14/C11-/C11.8,Nasopharyngeal Cancer
43,C11,,Malignant neoplasm of nasopharynx,C11.9,"Malignant neoplasm of nasopharynx, unspecified",da1bf97b-4905-5144-a6c9-202ebff19d38,https://www.icd10data.com//ICD10CM/Codes/C00-D49/C00-C14/C11-/C11.9,Nasopharyngeal Cancer
44,C13,,Malignant neoplasm of hypopharynx,C13.0,Malignant neoplasm of postcricoid region,b54ca1f2-fe9a-5c76-b1ad-38da9ad1d84b,https://www.icd10data.com//ICD10CM/Codes/C00-D49/C00-C14/C13-/C13.0,Hypopharyngeal Cancer
45,C13,,Malignant neoplasm of hypopharynx,C13.1,"Malignant neoplasm of aryepiglottic fold, hypopharyngeal aspect",d73233ab-f85d-5a7b-958f-fdbcb9f38765,https://www.icd10data.com//ICD10CM/Codes/C00-D49/C00-C14/C13-/C13.1,Hypopharyngeal Cancer
46,C13,,Malignant neoplasm of hypopharynx,C13.2,Malignant neoplasm of posterior wall of hypopharynx,3e5bf27f-4d8d-5b51-98ed-6b8445467a40,https://www.icd10data.com//ICD10CM/Codes/C00-D49/C00-C14/C13-/C13.2,Hypopharyngeal Cancer
47,C13,,Malignant neoplasm of hypopharynx,C13.8,Malignant neoplasm of overlapping sites of hypopharynx,472d69a3-3fd8-5f56-9d6a-df4bd806544f,https://www.icd10data.com//ICD10CM/Codes/C00-D49/C00-C14/C13-/C13.8,Hypopharyngeal Cancer
48,C13,,Malignant neoplasm of hypopharynx,C13.9,"Malignant neoplasm of hypopharynx, unspecified",452afdf7-d05a-51ff-ae79-3a3de0fb8d7b,https://www.icd10data.com//ICD10CM/Codes/C00-D49/C00-C14/C13-/C13.9,Hypopharyngeal Cancer
49,C15,,Malignant neoplasm of esophagus,C15.3,Malignant neoplasm of upper third of esophagus,98e02696-f2e0-5a87-97d7-ce820ce78097,https://www.icd10data.com//ICD10CM/Codes/C00-D49/C15-C26/C15-/C15.3,Esophageal Cancer
50,C15,,Malignant neoplasm of esophagus,C15.4,Malignant neoplasm of middle third of esophagus,ec95d603-4f80-59df-b808-b80e879407ef,https://www.icd10data.com//ICD10CM/Codes/C00-D49/C15-C26/C15-/C15.4,Esophageal Cancer
51,C15,,Malignant neoplasm of esophagus,C15.5,Malignant neoplasm of lower third of esophagus,86fa58f9-49df-5a19-be4e-30cf807ada33,https://www.icd10data.com//ICD10CM/Codes/C00-D49/C15-C26/C15-/C15.5,Esophageal Cancer
52,C15,,Malignant neoplasm of esophagus,C15.8,Malignant neoplasm of overlapping sites of esophagus,23da84a0-1a41-5468-9d65-f3d8d87acaed,https://www.icd10data.com//ICD10CM/Codes/C00-D49/C15-C26/C15-/C15.8,Esophageal Cancer
53,C15,,Malignant neoplasm of esophagus,C15.9,"Malignant neoplasm of esophagus, unspecified",e732e622-089d-5c48-bb4d-f4aef36c8f92,https://www.icd10data.com//ICD10CM/Codes/C00-D49/C15-C26/C15-/C15.9,Esophageal Cancer
54,C16,,Malignant neoplasm of stomach,C16.0,Malignant neoplasm of cardia,72c66a60-4fa1-5467-9f63-fb287d5654b4,https://www.icd10data.com//ICD10CM/Codes/C00-D49/C15-C26/C16-/C16.0,Stomach Cancer
55,C16,,Malignant neoplasm of stomach,C16.1,Malignant neoplasm of fundus of stomach,d8b7b127-fe77-56f7-b95c-7529ccc9a41c,https://www.icd10data.com//ICD10CM/Codes/C00-D49/C15-C26/C16-/C16.1,Stomach Cancer
56,C16,,Malignant neoplasm of stomach,C16.2,Malignant neoplasm of body of stomach,5a71f973-f22e-55d7-922b-8b65fb41791e,https://www.icd10data.com//ICD10CM/Codes/C00-D49/C15-C26/C16-/C16.2,Stomach Cancer
57,C16,,Malignant neoplasm of stomach,C16.3,Malignant neoplasm of pyloric antrum,fe6c8584-c210-55e1-86d7-c469fcd759f0,https://www.icd10data.com//ICD10CM/Codes/C00-D49/C15-C26/C16-/C16.3,Stomach Cancer
58,C16,,Malignant neoplasm of stomach,C16.4,Malignant neoplasm of pylorus,3fa773d5-8928-5e03-9f0f-b4ef0bff291c,https://www.icd10data.com//ICD10CM/Codes/C00-D49/C15-C26/C16-/C16.4,Stomach Cancer
59,C16,,Malignant neoplasm of stomach,C16.5,"Malignant neoplasm of lesser curvature of stomach, unspecified",75ebfa0f-a3a9-55c9-bd2a-5792d9656f23,https://www.icd10data.com//ICD10CM/Codes/C00-D49/C15-C26/C16-/C16.5,Stomach Cancer
60,C16,,Malignant neoplasm of stomach,C16.6,"Malignant neoplasm of greater curvature of stomach, unspecified",e63b1f2e-ef9c-58da-943b-8909af010fbc,https://www.icd10data.com//ICD10CM/Codes/C00-D49/C15-C26/C16-/C16.6,Stomach Cancer
61,C16,,Malignant neoplasm of stomach,C16.8,Malignant neoplasm of overlapping sites of stomach,92c20426-acb6-5c3a-8ec7-890f28b3f57d,https://www.icd10data.com//ICD10CM/Codes/C00-D49/C15-C26/C16-/C16.8,Stomach Cancer
62,C16,,Malignant neoplasm of stomach,C16.9,"Malignant neoplasm of stomach, unspecified",530603dc-f678-53f4-b818-750fe8ca2c14,https://www.icd10data.com//ICD10CM/Codes/C00-D49/C15-C26/C16-/C16.9,Stomach Cancer
63,C17,,Malignant neoplasm of small intestine,C17.0,Malignant neoplasm of duodenum,7de95c6a-03d4-5dfd-92a4-b92320f3b98a,https://www.icd10data.com//ICD10CM/Codes/C00-D49/C15-C26/C17-/C17.0,Small Intestine Cancer
64,C17,,Malignant neoplasm of small intestine,C17.1,Malignant neoplasm of jejunum,e2875d65-f00d-5b9a-ab45-468ea6481da2,https://www.icd10data.com//ICD10CM/Codes/C00-D49/C15-C26/C17-/C17.1,Small Intestine Cancer
65,C17,,Malignant neoplasm of small intestine,C17.2,Malignant neoplasm of ileum,bedf1388-9db8-58e8-9cde-d2b9a650b581,https://www.icd10data.com//ICD10CM/Codes/C00-D49/C15-C26/C17-/C17.2,Small Intestine Cancer
66,C17,,Malignant neoplasm of small intestine,C17.3,"Meckel's diverticulum, malignant",589770b0-d62b-5c19-89c6-231fc279a978,https://www.icd10data.com//ICD10CM/Codes/C00-D49/C15-C26/C17-/C17.3,Small Intestine Cancer
146,C43,,Malignant melanoma of skin,C43.20,Malignant melanoma of unspecified ear and external auricular canal,84e12aaf-9de9-5b55-84a7-579472bf8d5a,https://www.icd10data.com//ICD10CM/Codes/C00-D49/C43-C44/C43-/C43.20,Melanoma
67,C17,,Malignant neoplasm of small intestine,C17.8,Malignant neoplasm of overlapping sites of small intestine,f4e54a2b-1d3d-5137-9636-055f07895bbf,https://www.icd10data.com//ICD10CM/Codes/C00-D49/C15-C26/C17-/C17.8,Small Intestine Cancer
68,C17,,Malignant neoplasm of small intestine,C17.9,"Malignant neoplasm of small intestine, unspecified",6db0f547-e875-511c-9968-4fcc4dbf5e9e,https://www.icd10data.com//ICD10CM/Codes/C00-D49/C15-C26/C17-/C17.9,Small Intestine Cancer
69,C18,,Malignant neoplasm of colon,C18.0,Malignant neoplasm of cecum,805aee42-5a3a-55b9-9fba-925506d9b5de,https://www.icd10data.com//ICD10CM/Codes/C00-D49/C15-C26/C18-/C18.0,Colon Cancer
70,C18,,Malignant neoplasm of colon,C18.1,Malignant neoplasm of appendix,8828a09a-6285-5833-931d-07872763b587,https://www.icd10data.com//ICD10CM/Codes/C00-D49/C15-C26/C18-/C18.1,Colon Cancer
71,C18,,Malignant neoplasm of colon,C18.2,Malignant neoplasm of ascending colon,6b3f0f7c-dd55-55cb-96fb-210eb30a9bc6,https://www.icd10data.com//ICD10CM/Codes/C00-D49/C15-C26/C18-/C18.2,Colon Cancer
72,C18,,Malignant neoplasm of colon,C18.3,Malignant neoplasm of hepatic flexure,dd9ae3a0-77db-5634-9ea1-50003b71d6d0,https://www.icd10data.com//ICD10CM/Codes/C00-D49/C15-C26/C18-/C18.3,Colon Cancer
73,C18,,Malignant neoplasm of colon,C18.4,Malignant neoplasm of transverse colon,e1e9d0a0-9c35-528f-bbc9-84b79c6b03bd,https://www.icd10data.com//ICD10CM/Codes/C00-D49/C15-C26/C18-/C18.4,Colon Cancer
74,C18,,Malignant neoplasm of colon,C18.5,Malignant neoplasm of splenic flexure,907e7dea-c574-5424-9229-df0c4fe63d99,https://www.icd10data.com//ICD10CM/Codes/C00-D49/C15-C26/C18-/C18.5,Colon Cancer
75,C18,,Malignant neoplasm of colon,C18.6,Malignant neoplasm of descending colon,097152f7-6c4c-59e1-be5b-30a417f6f2a9,https://www.icd10data.com//ICD10CM/Codes/C00-D49/C15-C26/C18-/C18.6,Colon Cancer
76,C18,,Malignant neoplasm of colon,C18.7,Malignant neoplasm of sigmoid colon,360d62cc-852a-5899-ac16-f9b9dfba84ba,https://www.icd10data.com//ICD10CM/Codes/C00-D49/C15-C26/C18-/C18.7,Colon Cancer
77,C18,,Malignant neoplasm of colon,C18.8,Malignant neoplasm of overlapping sites of colon,1208e9f7-383c-5571-bada-0a218704af10,https://www.icd10data.com//ICD10CM/Codes/C00-D49/C15-C26/C18-/C18.8,Colon Cancer
78,C18,,Malignant neoplasm of colon,C18.9,"Malignant neoplasm of colon, unspecified",9cae593a-a931-578c-bb37-68241ba00ef5,https://www.icd10data.com//ICD10CM/Codes/C00-D49/C15-C26/C18-/C18.9,Colon Cancer
79,C21,,Malignant neoplasm of anus and anal canal,C21.0,"Malignant neoplasm of anus, unspecified",d93a4c13-ca63-5df1-9ef1-bdf60b3cc0ed,https://www.icd10data.com//ICD10CM/Codes/C00-D49/C15-C26/C21-/C21.0,Anal Cancer
80,C21,,Malignant neoplasm of anus and anal canal,C21.1,Malignant neoplasm of anal canal,ed3d83a8-879d-5fba-970f-c05f4e99b4a0,https://www.icd10data.com//ICD10CM/Codes/C00-D49/C15-C26/C21-/C21.1,Anal Cancer
81,C21,,Malignant neoplasm of anus and anal canal,C21.2,Malignant neoplasm of cloacogenic zone,9635619c-0fad-51f8-8b8d-110a30bc92ce,https://www.icd10data.com//ICD10CM/Codes/C00-D49/C15-C26/C21-/C21.2,Anal Cancer
82,C21,,Malignant neoplasm of anus and anal canal,C21.8,"Malignant neoplasm of overlapping sites of rectum, anus and anal canal",98dae6b2-4a38-5ecd-9b27-935655660dc6,https://www.icd10data.com//ICD10CM/Codes/C00-D49/C15-C26/C21-/C21.8,Anal Cancer
83,C22,,Malignant neoplasm of liver and intrahepatic bile ducts,C22.0,Liver cell carcinoma,e04921f5-ddd1-59ab-91ea-30b62e2397a3,https://www.icd10data.com//ICD10CM/Codes/C00-D49/C15-C26/C22-/C22.0,Liver Cancer
84,C22,,Malignant neoplasm of liver and intrahepatic bile ducts,C22.1,Intrahepatic bile duct carcinoma,83b7290f-d645-590c-8afc-f54a7cd03810,https://www.icd10data.com//ICD10CM/Codes/C00-D49/C15-C26/C22-/C22.1,Liver Cancer
85,C22,,Malignant neoplasm of liver and intrahepatic bile ducts,C22.2,Hepatoblastoma,84a2a1a0-35c9-5e72-8b42-e53e8d44b2eb,https://www.icd10data.com//ICD10CM/Codes/C00-D49/C15-C26/C22-/C22.2,Liver Cancer
86,C22,,Malignant neoplasm of liver and intrahepatic bile ducts,C22.3,Angiosarcoma of liver,4006780c-66ca-5930-aa74-0416a6360ccb,https://www.icd10data.com//ICD10CM/Codes/C00-D49/C15-C26/C22-/C22.3,Liver Cancer
87,C22,,Malignant neoplasm of liver and intrahepatic bile ducts,C22.4,Other sarcomas of liver,65bc0ca7-ffc0-520f-9adf-6d0f22f972f7,https://www.icd10data.com//ICD10CM/Codes/C00-D49/C15-C26/C22-/C22.4,Liver Cancer
88,C22,,Malignant neoplasm of liver and intrahepatic bile ducts,C22.7,Other specified carcinomas of liver,8aa1da46-69a1-5d5d-b6f6-dae9bb1fda97,https://www.icd10data.com//ICD10CM/Codes/C00-D49/C15-C26/C22-/C22.7,Liver Cancer
89,C22,,Malignant neoplasm of liver and intrahepatic bile ducts,C22.8,"Malignant neoplasm of liver, primary, unspecified as to type",09688de3-6d09-5d33-8a58-e6ef95be733d,https://www.icd10data.com//ICD10CM/Codes/C00-D49/C15-C26/C22-/C22.8,Liver Cancer
90,C22,,Malignant neoplasm of liver and intrahepatic bile ducts,C22.9,"Malignant neoplasm of liver, not specified as primary or secondary",24d4f67e-c43b-5126-8b8d-3a3b39e9dbd4,https://www.icd10data.com//ICD10CM/Codes/C00-D49/C15-C26/C22-/C22.9,Liver Cancer
91,C24,,Malignant neoplasm of other and unspecified parts of biliary tract,C24.0,Malignant neoplasm of extrahepatic bile duct,ea21a5e3-c573-5dc9-83b5-7cc190358529,https://www.icd10data.com//ICD10CM/Codes/C00-D49/C15-C26/C24-/C24.0,Biliary Tract Cancer
92,C24,,Malignant neoplasm of other and unspecified parts of biliary tract,C24.1,Malignant neoplasm of ampulla of Vater,da2382e1-6b2c-5193-9520-13a6c79d94b9,https://www.icd10data.com//ICD10CM/Codes/C00-D49/C15-C26/C24-/C24.1,Biliary Tract Cancer
93,C24,,Malignant neoplasm of other and unspecified parts of biliary tract,C24.8,Malignant neoplasm of overlapping sites of biliary tract,b1078fbd-cbbc-5186-9fed-5020b6abe036,https://www.icd10data.com//ICD10CM/Codes/C00-D49/C15-C26/C24-/C24.8,Biliary Tract Cancer
94,C24,,Malignant neoplasm of other and unspecified parts of biliary tract,C24.9,"Malignant neoplasm of biliary tract, unspecified",2ec7fd04-64bf-5557-86df-e35c9789b6a6,https://www.icd10data.com//ICD10CM/Codes/C00-D49/C15-C26/C24-/C24.9,Biliary Tract Cancer
95,C25,,Malignant neoplasm of pancreas,C25.0,Malignant neoplasm of head of pancreas,df542181-bd70-5d9e-b147-09604ed5a752,https://www.icd10data.com//ICD10CM/Codes/C00-D49/C15-C26/C25-/C25.0,Pancreatic Cancer
96,C25,,Malignant neoplasm of pancreas,C25.1,Malignant neoplasm of body of pancreas,fc98062d-b8c8-5596-ace1-109fa887367c,https://www.icd10data.com//ICD10CM/Codes/C00-D49/C15-C26/C25-/C25.1,Pancreatic Cancer
97,C25,,Malignant neoplasm of pancreas,C25.2,Malignant neoplasm of tail of pancreas,e508e5c2-fbc6-502f-94ae-381571e21ba1,https://www.icd10data.com//ICD10CM/Codes/C00-D49/C15-C26/C25-/C25.2,Pancreatic Cancer
98,C25,,Malignant neoplasm of pancreas,C25.3,Malignant neoplasm of pancreatic duct,dc405dda-3e80-5cba-b987-8be4161f966f,https://www.icd10data.com//ICD10CM/Codes/C00-D49/C15-C26/C25-/C25.3,Pancreatic Cancer
99,C25,,Malignant neoplasm of pancreas,C25.4,Malignant neoplasm of endocrine pancreas,9fb3d20d-4638-571a-88fc-e2df5d7a19ce,https://www.icd10data.com//ICD10CM/Codes/C00-D49/C15-C26/C25-/C25.4,Pancreatic Cancer
100,C25,,Malignant neoplasm of pancreas,C25.7,Malignant neoplasm of other parts of pancreas,10f28e52-2d1b-508e-86ef-8f1e2f0b8291,https://www.icd10data.com//ICD10CM/Codes/C00-D49/C15-C26/C25-/C25.7,Pancreatic Cancer
101,C25,,Malignant neoplasm of pancreas,C25.8,Malignant neoplasm of overlapping sites of pancreas,b268e4b7-4a50-58dd-9cf5-a98764230b9d,https://www.icd10data.com//ICD10CM/Codes/C00-D49/C15-C26/C25-/C25.8,Pancreatic Cancer
102,C25,,Malignant neoplasm of pancreas,C25.9,"Malignant neoplasm of pancreas, unspecified",d04f7060-c54b-5bf1-be02-a6a91c29bf2e,https://www.icd10data.com//ICD10CM/Codes/C00-D49/C15-C26/C25-/C25.9,Pancreatic Cancer
103,C31,,Malignant neoplasm of accessory sinuses,C31.0,Malignant neoplasm of maxillary sinus,a2eb050b-57fd-5765-b771-6a2753bf4382,https://www.icd10data.com//ICD10CM/Codes/C00-D49/C30-C39/C31-/C31.0,Accessory Sinus Cancer
104,C31,,Malignant neoplasm of accessory sinuses,C31.1,Malignant neoplasm of ethmoidal sinus,c62c9b25-79e3-536a-a71b-13b09017c3f4,https://www.icd10data.com//ICD10CM/Codes/C00-D49/C30-C39/C31-/C31.1,Accessory Sinus Cancer
105,C31,,Malignant neoplasm of accessory sinuses,C31.2,Malignant neoplasm of frontal sinus,370099a3-74b3-5248-adea-422ed2995960,https://www.icd10data.com//ICD10CM/Codes/C00-D49/C30-C39/C31-/C31.2,Accessory Sinus Cancer
106,C31,,Malignant neoplasm of accessory sinuses,C31.3,Malignant neoplasm of sphenoid sinus,e3a298f8-120c-5a88-822d-5545e14f1a25,https://www.icd10data.com//ICD10CM/Codes/C00-D49/C30-C39/C31-/C31.3,Accessory Sinus Cancer
107,C31,,Malignant neoplasm of accessory sinuses,C31.8,Malignant neoplasm of overlapping sites of accessory sinuses,45fea247-f872-5f0e-b0ea-53fb7622d0ec,https://www.icd10data.com//ICD10CM/Codes/C00-D49/C30-C39/C31-/C31.8,Accessory Sinus Cancer
108,C31,,Malignant neoplasm of accessory sinuses,C31.9,"Malignant neoplasm of accessory sinus, unspecified",080819cf-6b02-5736-b281-51a0e1ab4e33,https://www.icd10data.com//ICD10CM/Codes/C00-D49/C30-C39/C31-/C31.9,Accessory Sinus Cancer
109,C32,,Malignant neoplasm of larynx,C32.0,Malignant neoplasm of glottis,91ce068d-b803-58f0-9d86-41504c80874b,https://www.icd10data.com//ICD10CM/Codes/C00-D49/C30-C39/C32-/C32.0,Laryngeal Cancer
110,C32,,Malignant neoplasm of larynx,C32.1,Malignant neoplasm of supraglottis,b7b22e85-0e91-59cd-9dab-342d07f16971,https://www.icd10data.com//ICD10CM/Codes/C00-D49/C30-C39/C32-/C32.1,Laryngeal Cancer
111,C32,,Malignant neoplasm of larynx,C32.2,Malignant neoplasm of subglottis,30532c0f-9b0a-5aa4-94e0-b4602adcb288,https://www.icd10data.com//ICD10CM/Codes/C00-D49/C30-C39/C32-/C32.2,Laryngeal Cancer
112,C32,,Malignant neoplasm of larynx,C32.3,Malignant neoplasm of laryngeal cartilage,3283023d-9943-548e-88ad-d73d0a5fdf76,https://www.icd10data.com//ICD10CM/Codes/C00-D49/C30-C39/C32-/C32.3,Laryngeal Cancer
113,C32,,Malignant neoplasm of larynx,C32.8,Malignant neoplasm of overlapping sites of larynx,0fcffb12-8738-5d63-a1e3-92e714d60c16,https://www.icd10data.com//ICD10CM/Codes/C00-D49/C30-C39/C32-/C32.8,Laryngeal Cancer
114,C32,,Malignant neoplasm of larynx,C32.9,"Malignant neoplasm of larynx, unspecified",fc8a4081-2748-5189-9d2c-9a61a9f3be25,https://www.icd10data.com//ICD10CM/Codes/C00-D49/C30-C39/C32-/C32.9,Laryngeal Cancer
115,C34,,Malignant neoplasm of bronchus and lung,C34.0,Malignant neoplasm of main bronchus,832af14f-2e9f-5590-a901-0b797184b4c0,https://www.icd10data.com//ICD10CM/Codes/C00-D49/C30-C39/C34-/C34.0,Lung Cancer
116,C34,,Malignant neoplasm of bronchus and lung,C34.00,Malignant neoplasm of unspecified main bronchus,e85df83e-c9f1-57c7-8297-9c22473efb6f,https://www.icd10data.com//ICD10CM/Codes/C00-D49/C30-C39/C34-/C34.00,Lung Cancer
117,C34,,Malignant neoplasm of bronchus and lung,C34.01,Malignant neoplasm of right main bronchus,4fd82266-d9e4-5e2c-952f-208fcb0824ef,https://www.icd10data.com//ICD10CM/Codes/C00-D49/C30-C39/C34-/C34.01,Lung Cancer
118,C34,,Malignant neoplasm of bronchus and lung,C34.02,Malignant neoplasm of left main bronchus,921c3d0d-cda3-573c-81e7-f0fe661e1ed2,https://www.icd10data.com//ICD10CM/Codes/C00-D49/C30-C39/C34-/C34.02,Lung Cancer
119,C34,,Malignant neoplasm of bronchus and lung,C34.1,"Malignant neoplasm of upper lobe, bronchus or lung",679d08b6-b3c0-5344-bfd5-d9ce32cbf9a7,https://www.icd10data.com//ICD10CM/Codes/C00-D49/C30-C39/C34-/C34.1,Lung Cancer
120,C34,,Malignant neoplasm of bronchus and lung,C34.10,"Malignant neoplasm of upper lobe, unspecified bronchus or lung",ff5193cd-3b54-58be-9f28-b16366755d1a,https://www.icd10data.com//ICD10CM/Codes/C00-D49/C30-C39/C34-/C34.10,Lung Cancer
121,C34,,Malignant neoplasm of bronchus and lung,C34.11,"Malignant neoplasm of upper lobe, right bronchus or lung",e80034fd-d87f-5567-b461-bbb121f4615f,https://www.icd10data.com//ICD10CM/Codes/C00-D49/C30-C39/C34-/C34.11,Lung Cancer
122,C34,,Malignant neoplasm of bronchus and lung,C34.12,"Malignant neoplasm of upper lobe, left bronchus or lung",497a380a-a398-5ab7-bd72-03064aebd01b,https://www.icd10data.com//ICD10CM/Codes/C00-D49/C30-C39/C34-/C34.12,Lung Cancer
123,C34,,Malignant neoplasm of bronchus and lung,C34.2,"Malignant neoplasm of middle lobe, bronchus or lung",d13d8895-aced-5038-a143-9085ca779a0e,https://www.icd10data.com//ICD10CM/Codes/C00-D49/C30-C39/C34-/C34.2,Lung Cancer
124,C34,,Malignant neoplasm of bronchus and lung,C34.3,"Malignant neoplasm of lower lobe, bronchus or lung",8b9b76c8-eb35-5365-99e8-5dde935a3bbe,https://www.icd10data.com//ICD10CM/Codes/C00-D49/C30-C39/C34-/C34.3,Lung Cancer
125,C34,,Malignant neoplasm of bronchus and lung,C34.30,"Malignant neoplasm of lower lobe, unspecified bronchus or lung",edd82abd-76a6-56d2-b4a3-a64816be3568,https://www.icd10data.com//ICD10CM/Codes/C00-D49/C30-C39/C34-/C34.30,Lung Cancer
126,C34,,Malignant neoplasm of bronchus and lung,C34.31,"Malignant neoplasm of lower lobe, right bronchus or lung",3c358d39-3c7c-5ad7-9d3f-e480284b3590,https://www.icd10data.com//ICD10CM/Codes/C00-D49/C30-C39/C34-/C34.31,Lung Cancer
127,C34,,Malignant neoplasm of bronchus and lung,C34.32,"Malignant neoplasm of lower lobe, left bronchus or lung",a46839c2-896d-5da1-96f7-d6e38df9cc21,https://www.icd10data.com//ICD10CM/Codes/C00-D49/C30-C39/C34-/C34.32,Lung Cancer
128,C34,,Malignant neoplasm of bronchus and lung,C34.8,Malignant neoplasm of overlapping sites of bronchus and lung,ac4297d3-abbb-5963-994d-1cfa1dfb1c57,https://www.icd10data.com//ICD10CM/Codes/C00-D49/C30-C39/C34-/C34.8,Lung Cancer
129,C34,,Malignant neoplasm of bronchus and lung,C34.80,Malignant neoplasm of overlapping sites of unspecified bronchus and lung,b655b7d8-f52c-55d6-a2a4-3469ce2bf01c,https://www.icd10data.com//ICD10CM/Codes/C00-D49/C30-C39/C34-/C34.80,Lung Cancer
130,C34,,Malignant neoplasm of bronchus and lung,C34.81,Malignant neoplasm of overlapping sites of right bronchus and lung,161d3d5b-bfaa-5824-8392-9941f92a43c5,https://www.icd10data.com//ICD10CM/Codes/C00-D49/C30-C39/C34-/C34.81,Lung Cancer
131,C34,,Malignant neoplasm of bronchus and lung,C34.82,Malignant neoplasm of overlapping sites of left bronchus and lung,ba23df89-7c12-5904-b29d-241d3b67b587,https://www.icd10data.com//ICD10CM/Codes/C00-D49/C30-C39/C34-/C34.82,Lung Cancer
132,C34,,Malignant neoplasm of bronchus and lung,C34.9,Malignant neoplasm of unspecified part of bronchus or lung,2391867d-d564-59f0-a84e-8637648d399a,https://www.icd10data.com//ICD10CM/Codes/C00-D49/C30-C39/C34-/C34.9,Lung Cancer
133,C34,,Malignant neoplasm of bronchus and lung,C34.90,Malignant neoplasm of unspecified part of unspecified bronchus or lung,d1b9a900-5e5d-551a-b411-bd182fdfa9a7,https://www.icd10data.com//ICD10CM/Codes/C00-D49/C30-C39/C34-/C34.90,Lung Cancer
134,C34,,Malignant neoplasm of bronchus and lung,C34.91,Malignant neoplasm of unspecified part of right bronchus or lung,c63f6ac6-c868-59ad-a779-9a4323211845,https://www.icd10data.com//ICD10CM/Codes/C00-D49/C30-C39/C34-/C34.91,Lung Cancer
135,C34,,Malignant neoplasm of bronchus and lung,C34.92,Malignant neoplasm of unspecified part of left bronchus or lung,57905e53-51c6-514f-ae69-981ce98af042,https://www.icd10data.com//ICD10CM/Codes/C00-D49/C30-C39/C34-/C34.92,Lung Cancer
136,C43,,Malignant melanoma of skin,C43.0,Malignant melanoma of lip,04bf213e-9bf2-5185-bd52-5d69f39b0cdb,https://www.icd10data.com//ICD10CM/Codes/C00-D49/C43-C44/C43-/C43.0,Melanoma
137,C43,,Malignant melanoma of skin,C43.1,"Malignant melanoma of eyelid, including canthus",4a34622f-3b83-5536-a85f-da08a9b45424,https://www.icd10data.com//ICD10CM/Codes/C00-D49/C43-C44/C43-/C43.1,Melanoma
138,C43,,Malignant melanoma of skin,C43.10,"Malignant melanoma of unspecified eyelid, including canthus",c292bfb0-4af7-5764-b08c-4371f9074d0d,https://www.icd10data.com//ICD10CM/Codes/C00-D49/C43-C44/C43-/C43.10,Melanoma
139,C43,,Malignant melanoma of skin,C43.11,"Malignant melanoma of right eyelid, including canthus",68ca5aae-a4ac-5e20-b5c9-7ccc3f1e21ee,https://www.icd10data.com//ICD10CM/Codes/C00-D49/C43-C44/C43-/C43.11,Melanoma
140,C43,,Malignant melanoma of skin,C43.111,"Malignant melanoma of right upper eyelid, including canthus",b0c4269c-e05f-5d60-9521-eddb18b4a910,https://www.icd10data.com//ICD10CM/Codes/C00-D49/C43-C44/C43-/C43.111,Melanoma
141,C43,,Malignant melanoma of skin,C43.112,"Malignant melanoma of right lower eyelid, including canthus",f15c6fc9-39f2-5374-bd0b-b0170628bb9a,https://www.icd10data.com//ICD10CM/Codes/C00-D49/C43-C44/C43-/C43.112,Melanoma
142,C43,,Malignant melanoma of skin,C43.12,"Malignant melanoma of left eyelid, including canthus",449c6712-07ab-5ce2-a494-a4305b262198,https://www.icd10data.com//ICD10CM/Codes/C00-D49/C43-C44/C43-/C43.12,Melanoma
143,C43,,Malignant melanoma of skin,C43.121,"Malignant melanoma of left upper eyelid, including canthus",905b2958-40e5-5a2a-be1e-158b794e4214,https://www.icd10data.com//ICD10CM/Codes/C00-D49/C43-C44/C43-/C43.121,Melanoma
144,C43,,Malignant melanoma of skin,C43.122,"Malignant melanoma of left lower eyelid, including canthus",ddb674eb-6d2d-5874-aaeb-0974b7ef9a9a,https://www.icd10data.com//ICD10CM/Codes/C00-D49/C43-C44/C43-/C43.122,Melanoma
147,C43,,Malignant melanoma of skin,C43.21,Malignant melanoma of right ear and external auricular canal,ccf45833-7aae-5c3f-ae85-0cc60a924ed6,https://www.icd10data.com//ICD10CM/Codes/C00-D49/C43-C44/C43-/C43.21,Melanoma
148,C43,,Malignant melanoma of skin,C43.22,Malignant melanoma of left ear and external auricular canal,6e1b7fa4-8fa7-5edb-9e29-68b3809c1138,https://www.icd10data.com//ICD10CM/Codes/C00-D49/C43-C44/C43-/C43.22,Melanoma
149,C43,,Malignant melanoma of skin,C43.3,Malignant melanoma of other and unspecified parts of face,384c8760-68ae-54b4-815a-cd3e72de62b6,https://www.icd10data.com//ICD10CM/Codes/C00-D49/C43-C44/C43-/C43.3,Melanoma
150,C43,,Malignant melanoma of skin,C43.30,Malignant melanoma of unspecified part of face,c912d564-232a-566c-b568-b675c0a8c3cf,https://www.icd10data.com//ICD10CM/Codes/C00-D49/C43-C44/C43-/C43.30,Melanoma
151,C43,,Malignant melanoma of skin,C43.31,Malignant melanoma of nose,e8373eab-2792-5a8b-a82c-6e9c20212db7,https://www.icd10data.com//ICD10CM/Codes/C00-D49/C43-C44/C43-/C43.31,Melanoma
152,C43,,Malignant melanoma of skin,C43.39,Malignant melanoma of other parts of face,b559bf44-263a-5176-8f89-7e5df095c1a0,https://www.icd10data.com//ICD10CM/Codes/C00-D49/C43-C44/C43-/C43.39,Melanoma
153,C43,,Malignant melanoma of skin,C43.4,Malignant melanoma of scalp and neck,cd5d6a32-1b55-5947-a0b0-32c38651df54,https://www.icd10data.com//ICD10CM/Codes/C00-D49/C43-C44/C43-/C43.4,Melanoma
154,C43,,Malignant melanoma of skin,C43.5,Malignant melanoma of trunk,a18fd0dc-9aed-528d-9080-e0e11fe2b5b7,https://www.icd10data.com//ICD10CM/Codes/C00-D49/C43-C44/C43-/C43.5,Melanoma
155,C43,,Malignant melanoma of skin,C43.51,Malignant melanoma of anal skin,5d40bef0-3943-56b9-845f-13ac7fcdebbd,https://www.icd10data.com//ICD10CM/Codes/C00-D49/C43-C44/C43-/C43.51,Melanoma
156,C43,,Malignant melanoma of skin,C43.52,Malignant melanoma of skin of breast,967c3615-885e-56f3-9d8b-bb260ed73b47,https://www.icd10data.com//ICD10CM/Codes/C00-D49/C43-C44/C43-/C43.52,Melanoma
157,C43,,Malignant melanoma of skin,C43.59,Malignant melanoma of other part of trunk,25b61e4f-3feb-59fa-9d20-443c20789004,https://www.icd10data.com//ICD10CM/Codes/C00-D49/C43-C44/C43-/C43.59,Melanoma
158,C43,,Malignant melanoma of skin,C43.6,"Malignant melanoma of upper limb, including shoulder",fa62d9f0-24b1-54c6-b154-50a3df750acd,https://www.icd10data.com//ICD10CM/Codes/C00-D49/C43-C44/C43-/C43.6,Melanoma
159,C43,,Malignant melanoma of skin,C43.60,"Malignant melanoma of unspecified upper limb, including shoulder",19aac311-6659-56ac-b782-265e26d1a511,https://www.icd10data.com//ICD10CM/Codes/C00-D49/C43-C44/C43-/C43.60,Melanoma
160,C43,,Malignant melanoma of skin,C43.61,"Malignant melanoma of right upper limb, including shoulder",22170136-8c92-517a-8288-34d42f04eb7f,https://www.icd10data.com//ICD10CM/Codes/C00-D49/C43-C44/C43-/C43.61,Melanoma
161,C43,,Malignant melanoma of skin,C43.62,"Malignant melanoma of left upper limb, including shoulder",fbd39c08-cced-5321-83cb-4fb3a35ec57a,https://www.icd10data.com//ICD10CM/Codes/C00-D49/C43-C44/C43-/C43.62,Melanoma
162,C43,,Malignant melanoma of skin,C43.7,"Malignant melanoma of lower limb, including hip",d30bf399-5e3f-502a-8ded-219ecf436b8d,https://www.icd10data.com//ICD10CM/Codes/C00-D49/C43-C44/C43-/C43.7,Melanoma
163,C43,,Malignant melanoma of skin,C43.70,"Malignant melanoma of unspecified lower limb, including hip",7c6a6328-3dd5-521b-b511-87ee91ac3997,https://www.icd10data.com//ICD10CM/Codes/C00-D49/C43-C44/C43-/C43.70,Melanoma
164,C43,,Malignant melanoma of skin,C43.71,"Malignant melanoma of right lower limb, including hip",fa61ac5a-26e6-5787-b61d-4585b2d72ebf,https://www.icd10data.com//ICD10CM/Codes/C00-D49/C43-C44/C43-/C43.71,Melanoma
165,C43,,Malignant melanoma of skin,C43.72,"Malignant melanoma of left lower limb, including hip",adce3544-874b-5bb5-966a-2af4f5d0b79b,https://www.icd10data.com//ICD10CM/Codes/C00-D49/C43-C44/C43-/C43.72,Melanoma
166,C43,,Malignant melanoma of skin,C43.8,Malignant melanoma of overlapping sites of skin,ef309a2d-6167-5b5b-8041-4877bbace0ee,https://www.icd10data.com//ICD10CM/Codes/C00-D49/C43-C44/C43-/C43.8,Melanoma
167,C43,,Malignant melanoma of skin,C43.9,"Malignant melanoma of skin, unspecified",e859811f-b9cd-5d88-8fb0-3320cf94ba37,https://www.icd10data.com//ICD10CM/Codes/C00-D49/C43-C44/C43-/C43.9,Melanoma
168,C44,,Other and unspecified malignant neoplasm of skin,C44.0,Other and unspecified malignant neoplasm of skin of lip,72611c79-b6a7-5b5e-942d-e95cbc3af8d6,https://www.icd10data.com//ICD10CM/Codes/C00-D49/C43-C44/C44-/C44.0,Skin Cancer
169,C44,,Other and unspecified malignant neoplasm of skin,C44.00,Unspecified malignant neoplasm of skin of lip,e800fc3f-b555-5933-82be-b1a259bfeb37,https://www.icd10data.com//ICD10CM/Codes/C00-D49/C43-C44/C44-/C44.00,Skin Cancer
170,C44,,Other and unspecified malignant neoplasm of skin,C44.01,Basal cell carcinoma of skin of lip,61e20273-a7ac-56da-b2d6-c32211e89cb9,https://www.icd10data.com//ICD10CM/Codes/C00-D49/C43-C44/C44-/C44.01,Skin Cancer
171,C44,,Other and unspecified malignant neoplasm of skin,C44.02,Squamous cell carcinoma of skin of lip,7e02ddf5-b0c6-506a-aa29-fd016b854346,https://www.icd10data.com//ICD10CM/Codes/C00-D49/C43-C44/C44-/C44.02,Skin Cancer
172,C44,,Other and unspecified malignant neoplasm of skin,C44.09,Other specified malignant neoplasm of skin of lip,b1b2aab2-ed2e-5e5f-a16a-b70bff301b6e,https://www.icd10data.com//ICD10CM/Codes/C00-D49/C43-C44/C44-/C44.09,Skin Cancer
173,C44,,Other and unspecified malignant neoplasm of skin,C44.1,"Other and unspecified malignant neoplasm of skin of eyelid, including canthus",19f276fd-6e7e-5ecd-bb53-063a0627394f,https://www.icd10data.com//ICD10CM/Codes/C00-D49/C43-C44/C44-/C44.1,Skin Cancer
174,C44,,Other and unspecified malignant neoplasm of skin,C44.10,"Unspecified malignant neoplasm of skin of eyelid, including canthus",5fd0cad5-1694-576e-b767-0d49b634602d,https://www.icd10data.com//ICD10CM/Codes/C00-D49/C43-C44/C44-/C44.10,Skin Cancer
175,C44,,Other and unspecified malignant neoplasm of skin,C44.101,"Unspecified malignant neoplasm of skin of unspecified eyelid, including canthus",2e33b8d0-b3df-5f17-8001-d0be95822e89,https://www.icd10data.com//ICD10CM/Codes/C00-D49/C43-C44/C44-/C44.101,Skin Cancer
176,C44,,Other and unspecified malignant neoplasm of skin,C44.102,"Unspecified malignant neoplasm of skin of right eyelid, including canthus",fa7cc823-84ec-50cd-94fd-fa0244cbad63,https://www.icd10data.com//ICD10CM/Codes/C00-D49/C43-C44/C44-/C44.102,Skin Cancer
177,C44,,Other and unspecified malignant neoplasm of skin,C44.1021,"Unspecified malignant neoplasm of skin of right upper eyelid, including canthus",e16553cf-3869-54e3-8c9f-b018fbc06902,https://www.icd10data.com//ICD10CM/Codes/C00-D49/C43-C44/C44-/C44.1021,Skin Cancer
178,C44,,Other and unspecified malignant neoplasm of skin,C44.1022,"Unspecified malignant neoplasm of skin of right lower eyelid, including canthus",a9e24c13-c77f-5977-b118-644c16daea0a,https://www.icd10data.com//ICD10CM/Codes/C00-D49/C43-C44/C44-/C44.1022,Skin Cancer
179,C44,,Other and unspecified malignant neoplasm of skin,C44.109,"Unspecified malignant neoplasm of skin of left eyelid, including canthus",1b1b258f-1698-5058-920f-83038e181742,https://www.icd10data.com//ICD10CM/Codes/C00-D49/C43-C44/C44-/C44.109,Skin Cancer
180,C44,,Other and unspecified malignant neoplasm of skin,C44.1091,"Unspecified malignant neoplasm of skin of left upper eyelid, including canthus",c08fb03b-a32f-51b4-ad88-12be0ab73976,https://www.icd10data.com//ICD10CM/Codes/C00-D49/C43-C44/C44-/C44.1091,Skin Cancer
181,C44,,Other and unspecified malignant neoplasm of skin,C44.1092,"Unspecified malignant neoplasm of skin of left lower eyelid, including canthus",1383b0da-6c75-5a61-acd3-477e1ae762ed,https://www.icd10data.com//ICD10CM/Codes/C00-D49/C43-C44/C44-/C44.1092,Skin Cancer
182,C44,,Other and unspecified malignant neoplasm of skin,C44.11,"Basal cell carcinoma of skin of eyelid, including canthus",d936f062-bca9-5458-81c6-ff2331d420b1,https://www.icd10data.com//ICD10CM/Codes/C00-D49/C43-C44/C44-/C44.11,Skin Cancer
183,C44,,Other and unspecified malignant neoplasm of skin,C44.111,"Basal cell carcinoma of skin of unspecified eyelid, including canthus",523bad6e-46c5-52cc-9e5b-7949a4eb71f4,https://www.icd10data.com//ICD10CM/Codes/C00-D49/C43-C44/C44-/C44.111,Skin Cancer
184,C44,,Other and unspecified malignant neoplasm of skin,C44.112,"Basal cell carcinoma of skin of right eyelid, including canthus",aa0fb2f3-7702-596e-adbc-155e4c08c6d7,https://www.icd10data.com//ICD10CM/Codes/C00-D49/C43-C44/C44-/C44.112,Skin Cancer
185,C44,,Other and unspecified malignant neoplasm of skin,C44.1121,"Basal cell carcinoma of skin of right upper eyelid, including canthus",96c2abd1-1d1b-5cd2-b71b-9b5761921ed7,https://www.icd10data.com//ICD10CM/Codes/C00-D49/C43-C44/C44-/C44.1121,Skin Cancer
186,C44,,Other and unspecified malignant neoplasm of skin,C44.1122,"Basal cell carcinoma of skin of right lower eyelid, including canthus",1f9d7cc3-f9a8-5bb3-b317-4bf55f5080e5,https://www.icd10data.com//ICD10CM/Codes/C00-D49/C43-C44/C44-/C44.1122,Skin Cancer
187,C44,,Other and unspecified malignant neoplasm of skin,C44.119,"Basal cell carcinoma of skin of left eyelid, including canthus",efedaa2e-bbc7-58cd-b44b-04b12d2bd781,https://www.icd10data.com//ICD10CM/Codes/C00-D49/C43-C44/C44-/C44.119,Skin Cancer
188,C44,,Other and unspecified malignant neoplasm of skin,C44.1191,"Basal cell carcinoma of skin of left upper eyelid, including canthus",22d83e8b-ee31-52ca-8349-9eb1aad6ed90,https://www.icd10data.com//ICD10CM/Codes/C00-D49/C43-C44/C44-/C44.1191,Skin Cancer
189,C44,,Other and unspecified malignant neoplasm of skin,C44.1192,"Basal cell carcinoma of skin of left lower eyelid, including canthus",7ba27537-ba26-5974-a3de-7130d51d7f1f,https://www.icd10data.com//ICD10CM/Codes/C00-D49/C43-C44/C44-/C44.1192,Skin Cancer
190,C44,,Other and unspecified malignant neoplasm of skin,C44.12,"Squamous cell carcinoma of skin of eyelid, including canthus",937378be-0558-5fd0-9e1c-23a715c72714,https://www.icd10data.com//ICD10CM/Codes/C00-D49/C43-C44/C44-/C44.12,Skin Cancer
191,C44,,Other and unspecified malignant neoplasm of skin,C44.121,"Squamous cell carcinoma of skin of unspecified eyelid, including canthus",98eacc42-3c27-5b30-b988-ba25b83cadeb,https://www.icd10data.com//ICD10CM/Codes/C00-D49/C43-C44/C44-/C44.121,Skin Cancer
192,C44,,Other and unspecified malignant neoplasm of skin,C44.122,"Squamous cell carcinoma of skin of right eyelid, including canthus",7d61efa8-c0a1-585a-8f18-4a1736d6eacf,https://www.icd10data.com//ICD10CM/Codes/C00-D49/C43-C44/C44-/C44.122,Skin Cancer
193,C44,,Other and unspecified malignant neoplasm of skin,C44.1221,"Squamous cell carcinoma of skin of right upper eyelid, including canthus",06d2fd18-b93c-5ad2-8024-24d2e6824023,https://www.icd10data.com//ICD10CM/Codes/C00-D49/C43-C44/C44-/C44.1221,Skin Cancer
194,C44,,Other and unspecified malignant neoplasm of skin,C44.1222,"Squamous cell carcinoma of skin of right lower eyelid, including canthus",6d22f1c3-66c9-5eb4-bcc1-13199ed79182,https://www.icd10data.com//ICD10CM/Codes/C00-D49/C43-C44/C44-/C44.1222,Skin Cancer
195,C44,,Other and unspecified malignant neoplasm of skin,C44.129,"Squamous cell carcinoma of skin of left eyelid, including canthus",539b14b4-e9f2-5290-badb-d11acf497b3c,https://www.icd10data.com//ICD10CM/Codes/C00-D49/C43-C44/C44-/C44.129,Skin Cancer
196,C44,,Other and unspecified malignant neoplasm of skin,C44.1291,"Squamous cell carcinoma of skin of left upper eyelid, including canthus",5ddeb22c-47c3-561c-8c62-af302120b0d9,https://www.icd10data.com//ICD10CM/Codes/C00-D49/C43-C44/C44-/C44.1291,Skin Cancer
197,C44,,Other and unspecified malignant neoplasm of skin,C44.1292,"Squamous cell carcinoma of skin of left lower eyelid, including canthus",8d9c8dbe-60ba-5378-a2d0-d8f1fde257f9,https://www.icd10data.com//ICD10CM/Codes/C00-D49/C43-C44/C44-/C44.1292,Skin Cancer
198,C44,,Other and unspecified malignant neoplasm of skin,C44.13,"Sebaceous cell carcinoma of skin of eyelid, including canthus",c9d55cd4-4315-5f4a-9353-51224c769f1d,https://www.icd10data.com//ICD10CM/Codes/C00-D49/C43-C44/C44-/C44.13,Skin Cancer
199,C44,,Other and unspecified malignant neoplasm of skin,C44.131,"Sebaceous cell carcinoma of skin of unspecified eyelid, including canthus",e3b457c2-e4a5-5b1d-ba86-4fc741c4cc75,https://www.icd10data.com//ICD10CM/Codes/C00-D49/C43-C44/C44-/C44.131,Skin Cancer
200,C44,,Other and unspecified malignant neoplasm of skin,C44.132,"Sebaceous cell carcinoma of skin of right eyelid, including canthus",6bdeac49-a4a3-5a04-8dad-387967524321,https://www.icd10data.com//ICD10CM/Codes/C00-D49/C43-C44/C44-/C44.132,Skin Cancer
201,C44,,Other and unspecified malignant neoplasm of skin,C44.1321,"Sebaceous cell carcinoma of skin of right upper eyelid, including canthus",79898947-fdb5-5060-a202-3002b8384625,https://www.icd10data.com//ICD10CM/Codes/C00-D49/C43-C44/C44-/C44.1321,Skin Cancer
202,C44,,Other and unspecified malignant neoplasm of skin,C44.1322,"Sebaceous cell carcinoma of skin of right lower eyelid, including canthus",ecc51fe5-1bb6-55f5-a0b2-2b7276ad36b3,https://www.icd10data.com//ICD10CM/Codes/C00-D49/C43-C44/C44-/C44.1322,Skin Cancer
203,C44,,Other and unspecified malignant neoplasm of skin,C44.139,"Sebaceous cell carcinoma of skin of left eyelid, including canthus",0e7c1b34-c01c-5e4d-888f-8a13bc02af81,https://www.icd10data.com//ICD10CM/Codes/C00-D49/C43-C44/C44-/C44.139,Skin Cancer
204,C44,,Other and unspecified malignant neoplasm of skin,C44.1391,"Sebaceous cell carcinoma of skin of left upper eyelid, including canthus",1b39762f-86fe-5b95-8c3b-9b8ff2f2bb25,https://www.icd10data.com//ICD10CM/Codes/C00-D49/C43-C44/C44-/C44.1391,Skin Cancer
205,C44,,Other and unspecified malignant neoplasm of skin,C44.1392,"Sebaceous cell carcinoma of skin of left lower eyelid, including canthus",6b3df603-e7e1-5ed6-8cd0-db05c7eb3c88,https://www.icd10data.com//ICD10CM/Codes/C00-D49/C43-C44/C44-/C44.1392,Skin Cancer
206,C44,,Other and unspecified malignant neoplasm of skin,C44.19,"Other specified malignant neoplasm of skin of eyelid, including canthus",943a47f4-f011-597d-8397-8c115d368f15,https://www.icd10data.com//ICD10CM/Codes/C00-D49/C43-C44/C44-/C44.19,Skin Cancer
207,C44,,Other and unspecified malignant neoplasm of skin,C44.191,"Other specified malignant neoplasm of skin of unspecified eyelid, including canthus",336ff4c8-daae-58a5-87d3-f7b105bcad8a,https://www.icd10data.com//ICD10CM/Codes/C00-D49/C43-C44/C44-/C44.191,Skin Cancer
208,C44,,Other and unspecified malignant neoplasm of skin,C44.192,"Other specified malignant neoplasm of skin of right eyelid, including canthus",229b586e-2048-57bb-b2eb-2f7f8e5f2eed,https://www.icd10data.com//ICD10CM/Codes/C00-D49/C43-C44/C44-/C44.192,Skin Cancer
209,C44,,Other and unspecified malignant neoplasm of skin,C44.1921,"Other specified malignant neoplasm of skin of right upper eyelid, including canthus",a71f1c3e-7532-5350-a909-3570fc7f82a3,https://www.icd10data.com//ICD10CM/Codes/C00-D49/C43-C44/C44-/C44.1921,Skin Cancer
210,C44,,Other and unspecified malignant neoplasm of skin,C44.1922,"Other specified malignant neoplasm of skin of right lower eyelid, including canthus",633b1d69-b28e-50ae-93f4-a924fb9640e1,https://www.icd10data.com//ICD10CM/Codes/C00-D49/C43-C44/C44-/C44.1922,Skin Cancer
211,C44,,Other and unspecified malignant neoplasm of skin,C44.199,"Other specified malignant neoplasm of skin of left eyelid, including canthus",0c06f562-a934-5368-962d-744d9800a84c,https://www.icd10data.com//ICD10CM/Codes/C00-D49/C43-C44/C44-/C44.199,Skin Cancer
212,C44,,Other and unspecified malignant neoplasm of skin,C44.1991,"Other specified malignant neoplasm of skin of left upper eyelid, including canthus",a6aeec2b-adaa-5711-b41e-2e668ce27863,https://www.icd10data.com//ICD10CM/Codes/C00-D49/C43-C44/C44-/C44.1991,Skin Cancer
213,C44,,Other and unspecified malignant neoplasm of skin,C44.1992,"Other specified malignant neoplasm of skin of left lower eyelid, including canthus",86cbe6d4-b878-51d5-af5b-77a0c562ef9d,https://www.icd10data.com//ICD10CM/Codes/C00-D49/C43-C44/C44-/C44.1992,Skin Cancer
214,C44,,Other and unspecified malignant neoplasm of skin,C44.2,Other and unspecified malignant neoplasm of skin of ear and external auricular canal,06564930-afdb-5a8a-9d61-13a512739a3e,https://www.icd10data.com//ICD10CM/Codes/C00-D49/C43-C44/C44-/C44.2,Skin Cancer
215,C44,,Other and unspecified malignant neoplasm of skin,C44.20,Unspecified malignant neoplasm of skin of ear and external auricular canal,70220fc5-3411-5a1b-af67-1525d2f0190f,https://www.icd10data.com//ICD10CM/Codes/C00-D49/C43-C44/C44-/C44.20,Skin Cancer
216,C44,,Other and unspecified malignant neoplasm of skin,C44.201,Unspecified malignant neoplasm of skin of unspecified ear and external auricular canal,ae76588a-f3bf-55e5-9dc1-c80e3b129f4e,https://www.icd10data.com//ICD10CM/Codes/C00-D49/C43-C44/C44-/C44.201,Skin Cancer
217,C44,,Other and unspecified malignant neoplasm of skin,C44.202,Unspecified malignant neoplasm of skin of right ear and external auricular canal,f490268b-a784-5b99-a364-79c400bf7eef,https://www.icd10data.com//ICD10CM/Codes/C00-D49/C43-C44/C44-/C44.202,Skin Cancer
218,C44,,Other and unspecified malignant neoplasm of skin,C44.209,Unspecified malignant neoplasm of skin of left ear and external auricular canal,4fd6f87f-d498-57b0-99cd-0bf92a773956,https://www.icd10data.com//ICD10CM/Codes/C00-D49/C43-C44/C44-/C44.209,Skin Cancer
219,C44,,Other and unspecified malignant neoplasm of skin,C44.21,Basal cell carcinoma of skin of ear and external auricular canal,a2f9a163-0ce0-5c90-a9ad-11aa97c0a698,https://www.icd10data.com//ICD10CM/Codes/C00-D49/C43-C44/C44-/C44.21,Skin Cancer
220,C44,,Other and unspecified malignant neoplasm of skin,C44.211,Basal cell carcinoma of skin of unspecified ear and external auricular canal,410eca93-b24a-51a9-ac2a-080a303d7fd7,https://www.icd10data.com//ICD10CM/Codes/C00-D49/C43-C44/C44-/C44.211,Skin Cancer
221,C44,,Other and unspecified malignant neoplasm of skin,C44.212,Basal cell carcinoma of skin of right ear and external auricular canal,9aae1fff-c819-549d-b2da-e00b9808a521,https://www.icd10data.com//ICD10CM/Codes/C00-D49/C43-C44/C44-/C44.212,Skin Cancer
222,C44,,Other and unspecified malignant neoplasm of skin,C44.219,Basal cell carcinoma of skin of left ear and external auricular canal,a5decfe2-450a-5fa9-9075-316e7b89df54,https://www.icd10data.com//ICD10CM/Codes/C00-D49/C43-C44/C44-/C44.219,Skin Cancer
223,C44,,Other and unspecified malignant neoplasm of skin,C44.22,Squamous cell carcinoma of skin of ear and external auricular canal,5ae93c6f-4b16-56f1-a954-4aa32f9fee18,https://www.icd10data.com//ICD10CM/Codes/C00-D49/C43-C44/C44-/C44.22,Skin Cancer
224,C44,,Other and unspecified malignant neoplasm of skin,C44.221,Squamous cell carcinoma of skin of unspecified ear and external auricular canal,550a22df-5366-51c5-94d5-0473d200ff1a,https://www.icd10data.com//ICD10CM/Codes/C00-D49/C43-C44/C44-/C44.221,Skin Cancer
225,C44,,Other and unspecified malignant neoplasm of skin,C44.222,Squamous cell carcinoma of skin of right ear and external auricular canal,df1e5017-d72c-5d0a-aefd-5046c84ba19d,https://www.icd10data.com//ICD10CM/Codes/C00-D49/C43-C44/C44-/C44.222,Skin Cancer
226,C44,,Other and unspecified malignant neoplasm of skin,C44.229,Squamous cell carcinoma of skin of left ear and external auricular canal,6099d9ab-e778-5fc6-bd0c-7cf25825765d,https://www.icd10data.com//ICD10CM/Codes/C00-D49/C43-C44/C44-/C44.229,Skin Cancer
227,C44,,Other and unspecified malignant neoplasm of skin,C44.29,Other specified malignant neoplasm of skin of ear and external auricular canal,bb914566-5a34-5c06-a73f-1b46e33264fa,https://www.icd10data.com//ICD10CM/Codes/C00-D49/C43-C44/C44-/C44.29,Skin Cancer
228,C44,,Other and unspecified malignant neoplasm of skin,C44.291,Other specified malignant neoplasm of skin of unspecified ear and external auricular canal,cf70f72b-5814-5b98-8b65-9adb324f336a,https://www.icd10data.com//ICD10CM/Codes/C00-D49/C43-C44/C44-/C44.291,Skin Cancer
229,C44,,Other and unspecified malignant neoplasm of skin,C44.292,Other specified malignant neoplasm of skin of right ear and external auricular canal,6679e306-a037-5547-9040-cb222e3fd47f,https://www.icd10data.com//ICD10CM/Codes/C00-D49/C43-C44/C44-/C44.292,Skin Cancer
230,C44,,Other and unspecified malignant neoplasm of skin,C44.299,Other specified malignant neoplasm of skin of left ear and external auricular canal,4d104879-be35-5246-9be5-54295effbc13,https://www.icd10data.com//ICD10CM/Codes/C00-D49/C43-C44/C44-/C44.299,Skin Cancer
231,C44,,Other and unspecified malignant neoplasm of skin,C44.3,Other and unspecified malignant neoplasm of skin of other and unspecified parts of face,b93a9a9a-85e7-54f7-98e3-3ed559f1c5a2,https://www.icd10data.com//ICD10CM/Codes/C00-D49/C43-C44/C44-/C44.3,Skin Cancer
232,C44,,Other and unspecified malignant neoplasm of skin,C44.30,Unspecified malignant neoplasm of skin of other and unspecified parts of face,2c6da3e2-58e1-586b-ac56-d1eb7b4ced14,https://www.icd10data.com//ICD10CM/Codes/C00-D49/C43-C44/C44-/C44.30,Skin Cancer
233,C44,,Other and unspecified malignant neoplasm of skin,C44.300,Unspecified malignant neoplasm of skin of unspecified part of face,3b56e5fa-0fb2-574d-a3e7-4f46e7ec8ef8,https://www.icd10data.com//ICD10CM/Codes/C00-D49/C43-C44/C44-/C44.300,Skin Cancer
234,C44,,Other and unspecified malignant neoplasm of skin,C44.301,Unspecified malignant neoplasm of skin of nose,79bf539c-48fd-548f-840b-be63c51db64b,https://www.icd10data.com//ICD10CM/Codes/C00-D49/C43-C44/C44-/C44.301,Skin Cancer
235,C44,,Other and unspecified malignant neoplasm of skin,C44.309,Unspecified malignant neoplasm of skin of other parts of face,8aa10e28-338f-5757-ba47-e4142be8deeb,https://www.icd10data.com//ICD10CM/Codes/C00-D49/C43-C44/C44-/C44.309,Skin Cancer
236,C44,,Other and unspecified malignant neoplasm of skin,C44.31,Basal cell carcinoma of skin of other and unspecified parts of face,21b163cc-5970-552d-b5e6-2908555eb675,https://www.icd10data.com//ICD10CM/Codes/C00-D49/C43-C44/C44-/C44.31,Skin Cancer
237,C44,,Other and unspecified malignant neoplasm of skin,C44.310,Basal cell carcinoma of skin of unspecified parts of face,15acae2b-4f0a-50e6-b72a-9210f676250b,https://www.icd10data.com//ICD10CM/Codes/C00-D49/C43-C44/C44-/C44.310,Skin Cancer
238,C44,,Other and unspecified malignant neoplasm of skin,C44.311,Basal cell carcinoma of skin of nose,7b3e4807-7f02-5938-8877-9edec96d29cb,https://www.icd10data.com//ICD10CM/Codes/C00-D49/C43-C44/C44-/C44.311,Skin Cancer
239,C44,,Other and unspecified malignant neoplasm of skin,C44.319,Basal cell carcinoma of skin of other parts of face,398de4c0-06ab-58f8-a026-caa940df33d7,https://www.icd10data.com//ICD10CM/Codes/C00-D49/C43-C44/C44-/C44.319,Skin Cancer
240,C44,,Other and unspecified malignant neoplasm of skin,C44.32,Squamous cell carcinoma of skin of other and unspecified parts of face,70b03306-5c0f-5d00-957c-6db3d92e0e93,https://www.icd10data.com//ICD10CM/Codes/C00-D49/C43-C44/C44-/C44.32,Skin Cancer
241,C44,,Other and unspecified malignant neoplasm of skin,C44.320,Squamous cell carcinoma of skin of unspecified parts of face,dfdb0ca2-f2c7-5e52-baf3-8dae8ff83106,https://www.icd10data.com//ICD10CM/Codes/C00-D49/C43-C44/C44-/C44.320,Skin Cancer
242,C44,,Other and unspecified malignant neoplasm of skin,C44.321,Squamous cell carcinoma of skin of nose,e3751327-0ba0-5105-a11b-4d33f1e73b0e,https://www.icd10data.com//ICD10CM/Codes/C00-D49/C43-C44/C44-/C44.321,Skin Cancer
243,C44,,Other and unspecified malignant neoplasm of skin,C44.329,Squamous cell carcinoma of skin of other parts of face,b9b67a35-a264-531e-9077-c00e19343f9a,https://www.icd10data.com//ICD10CM/Codes/C00-D49/C43-C44/C44-/C44.329,Skin Cancer
244,C44,,Other and unspecified malignant neoplasm of skin,C44.39,Other specified malignant neoplasm of skin of other and unspecified parts of face,6ecfc16d-4321-5dd0-9f8e-b332994019c2,https://www.icd10data.com//ICD10CM/Codes/C00-D49/C43-C44/C44-/C44.39,Skin Cancer
245,C44,,Other and unspecified malignant neoplasm of skin,C44.390,Other specified malignant neoplasm of skin of unspecified parts of face,e8a19479-e559-5b49-9787-e9fe04a4d259,https://www.icd10data.com//ICD10CM/Codes/C00-D49/C43-C44/C44-/C44.390,Skin Cancer
246,C44,,Other and unspecified malignant neoplasm of skin,C44.391,Other specified malignant neoplasm of skin of nose,3979e7da-dda4-54f2-8e19-28ed8dfdc174,https://www.icd10data.com//ICD10CM/Codes/C00-D49/C43-C44/C44-/C44.391,Skin Cancer
247,C44,,Other and unspecified malignant neoplasm of skin,C44.399,Other specified malignant neoplasm of skin of other parts of face,ab7e9c7f-c5ac-517f-b9e9-199ad9c4acdf,https://www.icd10data.com//ICD10CM/Codes/C00-D49/C43-C44/C44-/C44.399,Skin Cancer
248,C44,,Other and unspecified malignant neoplasm of skin,C44.4,Other and unspecified malignant neoplasm of skin of scalp and neck,b0ae7171-6a70-506e-a5b3-a3027511cf57,https://www.icd10data.com//ICD10CM/Codes/C00-D49/C43-C44/C44-/C44.4,Skin Cancer
249,C44,,Other and unspecified malignant neoplasm of skin,C44.40,Unspecified malignant neoplasm of skin of scalp and neck,45191c68-da26-561b-b8aa-2533780af250,https://www.icd10data.com//ICD10CM/Codes/C00-D49/C43-C44/C44-/C44.40,Skin Cancer
250,C44,,Other and unspecified malignant neoplasm of skin,C44.41,Basal cell carcinoma of skin of scalp and neck,a4816448-8f39-5ad5-802d-fb45f68d4622,https://www.icd10data.com//ICD10CM/Codes/C00-D49/C43-C44/C44-/C44.41,Skin Cancer
251,C44,,Other and unspecified malignant neoplasm of skin,C44.42,Squamous cell carcinoma of skin of scalp and neck,c602e8b2-5d74-5ad6-8d59-4fc8273d8187,https://www.icd10data.com//ICD10CM/Codes/C00-D49/C43-C44/C44-/C44.42,Skin Cancer
252,C44,,Other and unspecified malignant neoplasm of skin,C44.49,Other specified malignant neoplasm of skin of scalp and neck,0ed3502c-c0e5-5ef5-9c41-38bfb15f8b29,https://www.icd10data.com//ICD10CM/Codes/C00-D49/C43-C44/C44-/C44.49,Skin Cancer
253,C44,,Other and unspecified malignant neoplasm of skin,C44.5,Other and unspecified malignant neoplasm of skin of trunk,06ab1ca8-c373-561a-93aa-46307f425622,https://www.icd10data.com//ICD10CM/Codes/C00-D49/C43-C44/C44-/C44.5,Skin Cancer
254,C44,,Other and unspecified malignant neoplasm of skin,C44.50,Unspecified malignant neoplasm of skin of trunk,03dfe205-5584-5e0c-b4c9-20ec161f732a,https://www.icd10data.com//ICD10CM/Codes/C00-D49/C43-C44/C44-/C44.50,Skin Cancer
255,C44,,Other and unspecified malignant neoplasm of skin,C44.500,Unspecified malignant neoplasm of anal skin,1cc8aae3-0150-5686-9bd7-3b93973d85d5,https://www.icd10data.com//ICD10CM/Codes/C00-D49/C43-C44/C44-/C44.500,Skin Cancer
256,C44,,Other and unspecified malignant neoplasm of skin,C44.501,Unspecified malignant neoplasm of skin of breast,2d27c062-7701-5eab-ac0f-e2e21ddfce35,https://www.icd10data.com//ICD10CM/Codes/C00-D49/C43-C44/C44-/C44.501,Skin Cancer
257,C44,,Other and unspecified malignant neoplasm of skin,C44.509,Unspecified malignant neoplasm of skin of other part of trunk,bfeecfe6-6e0f-5506-9a9f-4d09b7a88ca5,https://www.icd10data.com//ICD10CM/Codes/C00-D49/C43-C44/C44-/C44.509,Skin Cancer
258,C44,,Other and unspecified malignant neoplasm of skin,C44.51,Basal cell carcinoma of skin of trunk,89d40849-7fcf-5633-8676-11826906ad2b,https://www.icd10data.com//ICD10CM/Codes/C00-D49/C43-C44/C44-/C44.51,Skin Cancer
259,C44,,Other and unspecified malignant neoplasm of skin,C44.510,Basal cell carcinoma of anal skin,1ea20a3b-9a52-5b8f-8453-8c088fd3e9c8,https://www.icd10data.com//ICD10CM/Codes/C00-D49/C43-C44/C44-/C44.510,Skin Cancer
260,C44,,Other and unspecified malignant neoplasm of skin,C44.511,Basal cell carcinoma of skin of breast,6e5b471f-1526-5558-9325-c8849e24e8e0,https://www.icd10data.com//ICD10CM/Codes/C00-D49/C43-C44/C44-/C44.511,Skin Cancer
261,C44,,Other and unspecified malignant neoplasm of skin,C44.519,Basal cell carcinoma of skin of other part of trunk,91d990e8-5f98-5da7-8db4-33ad2d247ea7,https://www.icd10data.com//ICD10CM/Codes/C00-D49/C43-C44/C44-/C44.519,Skin Cancer
262,C44,,Other and unspecified malignant neoplasm of skin,C44.52,Squamous cell carcinoma of skin of trunk,c6ae5908-b506-5451-a6c1-9641f5e802e3,https://www.icd10data.com//ICD10CM/Codes/C00-D49/C43-C44/C44-/C44.52,Skin Cancer
263,C44,,Other and unspecified malignant neoplasm of skin,C44.520,Squamous cell carcinoma of anal skin,cc1872ae-2b54-5c5d-bbd1-72901ed4ea86,https://www.icd10data.com//ICD10CM/Codes/C00-D49/C43-C44/C44-/C44.520,Skin Cancer
264,C44,,Other and unspecified malignant neoplasm of skin,C44.521,Squamous cell carcinoma of skin of breast,244f1a27-a297-544d-938f-5224ded4a005,https://www.icd10data.com//ICD10CM/Codes/C00-D49/C43-C44/C44-/C44.521,Skin Cancer
265,C44,,Other and unspecified malignant neoplasm of skin,C44.529,Squamous cell carcinoma of skin of other part of trunk,eeb63c43-44a2-520c-9726-edecdad30e61,https://www.icd10data.com//ICD10CM/Codes/C00-D49/C43-C44/C44-/C44.529,Skin Cancer
266,C44,,Other and unspecified malignant neoplasm of skin,C44.59,Other specified malignant neoplasm of skin of trunk,a4e810a6-b300-5339-b7fa-367099059f84,https://www.icd10data.com//ICD10CM/Codes/C00-D49/C43-C44/C44-/C44.59,Skin Cancer
267,C44,,Other and unspecified malignant neoplasm of skin,C44.590,Other specified malignant neoplasm of anal skin,62367ebe-7f3e-5147-b30f-a33e3ec63aa4,https://www.icd10data.com//ICD10CM/Codes/C00-D49/C43-C44/C44-/C44.590,Skin Cancer
268,C44,,Other and unspecified malignant neoplasm of skin,C44.591,Other specified malignant neoplasm of skin of breast,b5c18493-55b3-5cf8-a3cf-22875339a4b5,https://www.icd10data.com//ICD10CM/Codes/C00-D49/C43-C44/C44-/C44.591,Skin Cancer
269,C44,,Other and unspecified malignant neoplasm of skin,C44.599,Other specified malignant neoplasm of skin of other part of trunk,45a9f928-7f18-51f1-8b3b-467df3225b2e,https://www.icd10data.com//ICD10CM/Codes/C00-D49/C43-C44/C44-/C44.599,Skin Cancer
270,C44,,Other and unspecified malignant neoplasm of skin,C44.6,"Other and unspecified malignant neoplasm of skin of upper limb, including shoulder",93448814-618b-59cd-8afb-b24e88f4d5e8,https://www.icd10data.com//ICD10CM/Codes/C00-D49/C43-C44/C44-/C44.6,Skin Cancer
271,C44,,Other and unspecified malignant neoplasm of skin,C44.60,"Unspecified malignant neoplasm of skin of upper limb, including shoulder",b544cf26-1da9-521c-ac22-82a50cea4346,https://www.icd10data.com//ICD10CM/Codes/C00-D49/C43-C44/C44-/C44.60,Skin Cancer
272,C44,,Other and unspecified malignant neoplasm of skin,C44.601,"Unspecified malignant neoplasm of skin of unspecified upper limb, including shoulder",5ca660d4-107e-5040-8f3f-1d07d78ea9cb,https://www.icd10data.com//ICD10CM/Codes/C00-D49/C43-C44/C44-/C44.601,Skin Cancer
273,C44,,Other and unspecified malignant neoplasm of skin,C44.602,"Unspecified malignant neoplasm of skin of right upper limb, including shoulder",95c22040-6178-5bdb-98a4-bf94be90cdbd,https://www.icd10data.com//ICD10CM/Codes/C00-D49/C43-C44/C44-/C44.602,Skin Cancer
274,C44,,Other and unspecified malignant neoplasm of skin,C44.609,"Unspecified malignant neoplasm of skin of left upper limb, including shoulder",2ba7c1c7-872c-53fc-b329-31b326e3caee,https://www.icd10data.com//ICD10CM/Codes/C00-D49/C43-C44/C44-/C44.609,Skin Cancer
275,C44,,Other and unspecified malignant neoplasm of skin,C44.61,"Basal cell carcinoma of skin of upper limb, including shoulder",0d25e3c6-47aa-5aee-942c-9ed911576534,https://www.icd10data.com//ICD10CM/Codes/C00-D49/C43-C44/C44-/C44.61,Skin Cancer
276,C44,,Other and unspecified malignant neoplasm of skin,C44.611,"Basal cell carcinoma of skin of unspecified upper limb, including shoulder",47455d8d-f372-517c-a37d-4fc1a5a99e5d,https://www.icd10data.com//ICD10CM/Codes/C00-D49/C43-C44/C44-/C44.611,Skin Cancer
277,C44,,Other and unspecified malignant neoplasm of skin,C44.612,"Basal cell carcinoma of skin of right upper limb, including shoulder",d7a3ee9e-67f1-5cf9-b7a3-f31c43b49f96,https://www.icd10data.com//ICD10CM/Codes/C00-D49/C43-C44/C44-/C44.612,Skin Cancer
278,C44,,Other and unspecified malignant neoplasm of skin,C44.619,"Basal cell carcinoma of skin of left upper limb, including shoulder",483d9458-e2aa-58dc-8452-035c5cae204f,https://www.icd10data.com//ICD10CM/Codes/C00-D49/C43-C44/C44-/C44.619,Skin Cancer
279,C44,,Other and unspecified malignant neoplasm of skin,C44.62,"Squamous cell carcinoma of skin of upper limb, including shoulder",bc719001-48aa-51d7-8dba-e42704abef59,https://www.icd10data.com//ICD10CM/Codes/C00-D49/C43-C44/C44-/C44.62,Skin Cancer
280,C44,,Other and unspecified malignant neoplasm of skin,C44.621,"Squamous cell carcinoma of skin of unspecified upper limb, including shoulder",932296e4-6f34-597b-a63e-67c2bf1b04ef,https://www.icd10data.com//ICD10CM/Codes/C00-D49/C43-C44/C44-/C44.621,Skin Cancer
281,C44,,Other and unspecified malignant neoplasm of skin,C44.622,"Squamous cell carcinoma of skin of right upper limb, including shoulder",e4cd34ee-82b0-5a3d-9638-98b0d2531635,https://www.icd10data.com//ICD10CM/Codes/C00-D49/C43-C44/C44-/C44.622,Skin Cancer
282,C44,,Other and unspecified malignant neoplasm of skin,C44.629,"Squamous cell carcinoma of skin of left upper limb, including shoulder",681165da-c2df-5ee3-bb8a-46a447d97377,https://www.icd10data.com//ICD10CM/Codes/C00-D49/C43-C44/C44-/C44.629,Skin Cancer
283,C44,,Other and unspecified malignant neoplasm of skin,C44.69,"Other specified malignant neoplasm of skin of upper limb, including shoulder",c981f6b1-5698-573f-933a-462b00014b96,https://www.icd10data.com//ICD10CM/Codes/C00-D49/C43-C44/C44-/C44.69,Skin Cancer
284,C44,,Other and unspecified malignant neoplasm of skin,C44.691,"Other specified malignant neoplasm of skin of unspecified upper limb, including shoulder",3d87c94b-13f9-567a-86fb-c25eab972302,https://www.icd10data.com//ICD10CM/Codes/C00-D49/C43-C44/C44-/C44.691,Skin Cancer
285,C44,,Other and unspecified malignant neoplasm of skin,C44.692,"Other specified malignant neoplasm of skin of right upper limb, including shoulder",b343be84-a357-5ce6-be0f-26be68c9ecbf,https://www.icd10data.com//ICD10CM/Codes/C00-D49/C43-C44/C44-/C44.692,Skin Cancer
286,C44,,Other and unspecified malignant neoplasm of skin,C44.699,"Other specified malignant neoplasm of skin of left upper limb, including shoulder",1527ffbf-dbf7-5d4e-921e-db56419cd03c,https://www.icd10data.com//ICD10CM/Codes/C00-D49/C43-C44/C44-/C44.699,Skin Cancer
287,C44,,Other and unspecified malignant neoplasm of skin,C44.7,"Other and unspecified malignant neoplasm of skin of lower limb, including hip",47576635-781f-5617-b385-bdd47ed7ff6a,https://www.icd10data.com//ICD10CM/Codes/C00-D49/C43-C44/C44-/C44.7,Skin Cancer
288,C44,,Other and unspecified malignant neoplasm of skin,C44.70,"Unspecified malignant neoplasm of skin of lower limb, including hip",19b36427-b8f7-5ea6-b1d6-2f3ed507be8a,https://www.icd10data.com//ICD10CM/Codes/C00-D49/C43-C44/C44-/C44.70,Skin Cancer
289,C44,,Other and unspecified malignant neoplasm of skin,C44.701,"Unspecified malignant neoplasm of skin of unspecified lower limb, including hip",057e4945-9088-5c8b-b5f1-ae873998f3bd,https://www.icd10data.com//ICD10CM/Codes/C00-D49/C43-C44/C44-/C44.701,Skin Cancer
290,C44,,Other and unspecified malignant neoplasm of skin,C44.702,"Unspecified malignant neoplasm of skin of right lower limb, including hip",5be3ae2e-0709-59c4-9831-55d2bd2c205f,https://www.icd10data.com//ICD10CM/Codes/C00-D49/C43-C44/C44-/C44.702,Skin Cancer
291,C44,,Other and unspecified malignant neoplasm of skin,C44.709,"Unspecified malignant neoplasm of skin of left lower limb, including hip",9073015d-615d-53c2-910e-1bf96d394b02,https://www.icd10data.com//ICD10CM/Codes/C00-D49/C43-C44/C44-/C44.709,Skin Cancer
292,C44,,Other and unspecified malignant neoplasm of skin,C44.71,"Basal cell carcinoma of skin of lower limb, including hip",14d7100f-8fc6-5c7b-b1bb-8fa94316168b,https://www.icd10data.com//ICD10CM/Codes/C00-D49/C43-C44/C44-/C44.71,Skin Cancer
293,C44,,Other and unspecified malignant neoplasm of skin,C44.711,"Basal cell carcinoma of skin of unspecified lower limb, including hip",0639fbc3-263e-5440-932e-014bcfa5ac45,https://www.icd10data.com//ICD10CM/Codes/C00-D49/C43-C44/C44-/C44.711,Skin Cancer
294,C44,,Other and unspecified malignant neoplasm of skin,C44.712,"Basal cell carcinoma of skin of right lower limb, including hip",61d84c74-ccb1-5e20-8360-2160ab9d9723,https://www.icd10data.com//ICD10CM/Codes/C00-D49/C43-C44/C44-/C44.712,Skin Cancer
295,C44,,Other and unspecified malignant neoplasm of skin,C44.719,"Basal cell carcinoma of skin of left lower limb, including hip",139d20f1-be5e-551e-9793-5b3e3b172d60,https://www.icd10data.com//ICD10CM/Codes/C00-D49/C43-C44/C44-/C44.719,Skin Cancer
296,C44,,Other and unspecified malignant neoplasm of skin,C44.72,"Squamous cell carcinoma of skin of lower limb, including hip",6aaebf06-ae66-5246-b253-6b6933a5b705,https://www.icd10data.com//ICD10CM/Codes/C00-D49/C43-C44/C44-/C44.72,Skin Cancer
297,C44,,Other and unspecified malignant neoplasm of skin,C44.721,"Squamous cell carcinoma of skin of unspecified lower limb, including hip",a322e845-3071-56f5-8774-925eddd383f7,https://www.icd10data.com//ICD10CM/Codes/C00-D49/C43-C44/C44-/C44.721,Skin Cancer
298,C44,,Other and unspecified malignant neoplasm of skin,C44.722,"Squamous cell carcinoma of skin of right lower limb, including hip",e5657ef7-6cea-5261-bf8e-b639856f38ee,https://www.icd10data.com//ICD10CM/Codes/C00-D49/C43-C44/C44-/C44.722,Skin Cancer
299,C44,,Other and unspecified malignant neoplasm of skin,C44.729,"Squamous cell carcinoma of skin of left lower limb, including hip",09077661-08d2-5186-950d-46cfd6ee8c46,https://www.icd10data.com//ICD10CM/Codes/C00-D49/C43-C44/C44-/C44.729,Skin Cancer
300,C44,,Other and unspecified malignant neoplasm of skin,C44.79,"Other specified malignant neoplasm of skin of lower limb, including hip",4245d7bb-343c-5423-be9d-36b5965aa3d1,https://www.icd10data.com//ICD10CM/Codes/C00-D49/C43-C44/C44-/C44.79,Skin Cancer
301,C44,,Other and unspecified malignant neoplasm of skin,C44.791,"Other specified malignant neoplasm of skin of unspecified lower limb, including hip",9d5292e4-b2b4-5b28-a415-33905a7ce365,https://www.icd10data.com//ICD10CM/Codes/C00-D49/C43-C44/C44-/C44.791,Skin Cancer
302,C44,,Other and unspecified malignant neoplasm of skin,C44.792,"Other specified malignant neoplasm of skin of right lower limb, including hip",3e63b320-0392-5ecb-aa74-d37ce10fcba4,https://www.icd10data.com//ICD10CM/Codes/C00-D49/C43-C44/C44-/C44.792,Skin Cancer
303,C44,,Other and unspecified malignant neoplasm of skin,C44.799,"Other specified malignant neoplasm of skin of left lower limb, including hip",7081bcbf-d45b-5caa-bc79-01aec58f8d25,https://www.icd10data.com//ICD10CM/Codes/C00-D49/C43-C44/C44-/C44.799,Skin Cancer
304,C44,,Other and unspecified malignant neoplasm of skin,C44.8,Other and unspecified malignant neoplasm of overlapping sites of skin,b8e9e1a2-25f6-5082-afe1-09d240a25c36,https://www.icd10data.com//ICD10CM/Codes/C00-D49/C43-C44/C44-/C44.8,Skin Cancer
305,C44,,Other and unspecified malignant neoplasm of skin,C44.80,Unspecified malignant neoplasm of overlapping sites of skin,2b72c943-5a22-5138-b7e1-9ca61df14a51,https://www.icd10data.com//ICD10CM/Codes/C00-D49/C43-C44/C44-/C44.80,Skin Cancer
306,C44,,Other and unspecified malignant neoplasm of skin,C44.81,Basal cell carcinoma of overlapping sites of skin,9adbbcc7-9d12-5492-95dd-c214c79e8c41,https://www.icd10data.com//ICD10CM/Codes/C00-D49/C43-C44/C44-/C44.81,Skin Cancer
307,C44,,Other and unspecified malignant neoplasm of skin,C44.82,Squamous cell carcinoma of overlapping sites of skin,38847c83-1a20-521d-b684-f036d211def1,https://www.icd10data.com//ICD10CM/Codes/C00-D49/C43-C44/C44-/C44.82,Skin Cancer
308,C44,,Other and unspecified malignant neoplasm of skin,C44.89,Other specified malignant neoplasm of overlapping sites of skin,92b86090-1453-593f-9d6f-9d559969be0a,https://www.icd10data.com//ICD10CM/Codes/C00-D49/C43-C44/C44-/C44.89,Skin Cancer
309,C44,,Other and unspecified malignant neoplasm of skin,C44.9,"Other and unspecified malignant neoplasm of skin, unspecified",f7273ecf-467a-5884-a192-09c9e932ceee,https://www.icd10data.com//ICD10CM/Codes/C00-D49/C43-C44/C44-/C44.9,Skin Cancer
310,C44,,Other and unspecified malignant neoplasm of skin,C44.90,"Unspecified malignant neoplasm of skin, unspecified",4579abb3-dfbf-5f9d-b455-b48615d2d62e,https://www.icd10data.com//ICD10CM/Codes/C00-D49/C43-C44/C44-/C44.90,Skin Cancer
311,C44,,Other and unspecified malignant neoplasm of skin,C44.91,"Basal cell carcinoma of skin, unspecified",3913884e-233c-56a7-87fa-bde0b60bda69,https://www.icd10data.com//ICD10CM/Codes/C00-D49/C43-C44/C44-/C44.91,Skin Cancer
312,C44,,Other and unspecified malignant neoplasm of skin,C44.92,"Squamous cell carcinoma of skin, unspecified",79475afd-f2e8-59ca-8edb-fb7466a5a415,https://www.icd10data.com//ICD10CM/Codes/C00-D49/C43-C44/C44-/C44.92,Skin Cancer
313,C44,,Other and unspecified malignant neoplasm of skin,C44.99,"Other specified malignant neoplasm of skin, unspecified",053639be-93fb-5dac-9699-188bb4021f50,https://www.icd10data.com//ICD10CM/Codes/C00-D49/C43-C44/C44-/C44.99,Skin Cancer
314,C4A,,Merkel cell carcinoma,C4A.0,Merkel cell carcinoma of lip,b0f58bb3-d73d-5c8c-bc8a-d40326fff8e6,https://www.icd10data.com//ICD10CM/Codes/C00-D49/C43-C44/C4A-/C4A.0,Merkel Cell Carcinoma
315,C4A,,Merkel cell carcinoma,C4A.1,"Merkel cell carcinoma of eyelid, including canthus",538456f7-1b21-5ace-aff6-0c78de5a3588,https://www.icd10data.com//ICD10CM/Codes/C00-D49/C43-C44/C4A-/C4A.1,Merkel Cell Carcinoma
316,C4A,,Merkel cell carcinoma,C4A.10,"Merkel cell carcinoma of unspecified eyelid, including canthus",fa1ad138-f975-5a20-92aa-ec89aff16811,https://www.icd10data.com//ICD10CM/Codes/C00-D49/C43-C44/C4A-/C4A.10,Merkel Cell Carcinoma
317,C4A,,Merkel cell carcinoma,C4A.11,"Merkel cell carcinoma of right eyelid, including canthus",ed1a43b3-88ff-5012-98ba-8f12981200e2,https://www.icd10data.com//ICD10CM/Codes/C00-D49/C43-C44/C4A-/C4A.11,Merkel Cell Carcinoma
318,C4A,,Merkel cell carcinoma,C4A.111,"Merkel cell carcinoma of right upper eyelid, including canthus",26ad20d4-eefc-5a3f-b0aa-535d5f497058,https://www.icd10data.com//ICD10CM/Codes/C00-D49/C43-C44/C4A-/C4A.111,Merkel Cell Carcinoma
319,C4A,,Merkel cell carcinoma,C4A.112,"Merkel cell carcinoma of right lower eyelid, including canthus",2333523d-0f9b-5749-a71a-0552051c756f,https://www.icd10data.com//ICD10CM/Codes/C00-D49/C43-C44/C4A-/C4A.112,Merkel Cell Carcinoma
320,C4A,,Merkel cell carcinoma,C4A.12,"Merkel cell carcinoma of left eyelid, including canthus",70198c1e-9d3b-51b9-a40e-1248652bcf49,https://www.icd10data.com//ICD10CM/Codes/C00-D49/C43-C44/C4A-/C4A.12,Merkel Cell Carcinoma
321,C4A,,Merkel cell carcinoma,C4A.121,"Merkel cell carcinoma of left upper eyelid, including canthus",ea729ea3-8126-58a8-bbb8-f97817c7ec14,https://www.icd10data.com//ICD10CM/Codes/C00-D49/C43-C44/C4A-/C4A.121,Merkel Cell Carcinoma
322,C4A,,Merkel cell carcinoma,C4A.122,"Merkel cell carcinoma of left lower eyelid, including canthus",a1900e92-57ba-51f3-a960-bc6c35866187,https://www.icd10data.com//ICD10CM/Codes/C00-D49/C43-C44/C4A-/C4A.122,Merkel Cell Carcinoma
323,C4A,,Merkel cell carcinoma,C4A.2,Merkel cell carcinoma of ear and external auricular canal,21894f16-8f1d-54de-8779-e2db326000b9,https://www.icd10data.com//ICD10CM/Codes/C00-D49/C43-C44/C4A-/C4A.2,Merkel Cell Carcinoma
324,C4A,,Merkel cell carcinoma,C4A.20,Merkel cell carcinoma of unspecified ear and external auricular canal,7b3d32cb-2228-51b2-b5ba-47fb95d3df05,https://www.icd10data.com//ICD10CM/Codes/C00-D49/C43-C44/C4A-/C4A.20,Merkel Cell Carcinoma
325,C4A,,Merkel cell carcinoma,C4A.21,Merkel cell carcinoma of right ear and external auricular canal,0f534eed-21ef-5b47-a569-c43ec0569718,https://www.icd10data.com//ICD10CM/Codes/C00-D49/C43-C44/C4A-/C4A.21,Merkel Cell Carcinoma
326,C4A,,Merkel cell carcinoma,C4A.22,Merkel cell carcinoma of left ear and external auricular canal,613cd7f0-c646-566d-83f3-4088520d65db,https://www.icd10data.com//ICD10CM/Codes/C00-D49/C43-C44/C4A-/C4A.22,Merkel Cell Carcinoma
327,C4A,,Merkel cell carcinoma,C4A.3,Merkel cell carcinoma of other and unspecified parts of face,80b9ce49-1d07-58fd-9a5d-a592389fbef5,https://www.icd10data.com//ICD10CM/Codes/C00-D49/C43-C44/C4A-/C4A.3,Merkel Cell Carcinoma
328,C4A,,Merkel cell carcinoma,C4A.30,Merkel cell carcinoma of unspecified part of face,9a9d8300-c23f-572d-b235-6a4d6977c0ad,https://www.icd10data.com//ICD10CM/Codes/C00-D49/C43-C44/C4A-/C4A.30,Merkel Cell Carcinoma
329,C4A,,Merkel cell carcinoma,C4A.31,Merkel cell carcinoma of nose,fe2cc8dd-1505-57a1-af4f-fa31fba29d97,https://www.icd10data.com//ICD10CM/Codes/C00-D49/C43-C44/C4A-/C4A.31,Merkel Cell Carcinoma
330,C4A,,Merkel cell carcinoma,C4A.39,Merkel cell carcinoma of other parts of face,9eea054c-5aeb-577b-8e21-44a5e62cbb59,https://www.icd10data.com//ICD10CM/Codes/C00-D49/C43-C44/C4A-/C4A.39,Merkel Cell Carcinoma
331,C4A,,Merkel cell carcinoma,C4A.4,Merkel cell carcinoma of scalp and neck,541880f3-fccd-55e9-9ea8-e93c1d62a393,https://www.icd10data.com//ICD10CM/Codes/C00-D49/C43-C44/C4A-/C4A.4,Merkel Cell Carcinoma
332,C4A,,Merkel cell carcinoma,C4A.5,Merkel cell carcinoma of trunk,dfb73b00-e987-571b-bb42-12875c1052fd,https://www.icd10data.com//ICD10CM/Codes/C00-D49/C43-C44/C4A-/C4A.5,Merkel Cell Carcinoma
333,C4A,,Merkel cell carcinoma,C4A.51,Merkel cell carcinoma of anal skin,57d6dc45-9a60-5a04-b848-711d3cb29055,https://www.icd10data.com//ICD10CM/Codes/C00-D49/C43-C44/C4A-/C4A.51,Merkel Cell Carcinoma
334,C4A,,Merkel cell carcinoma,C4A.52,Merkel cell carcinoma of skin of breast,4749a752-4aff-55c7-8e13-b65a6201d678,https://www.icd10data.com//ICD10CM/Codes/C00-D49/C43-C44/C4A-/C4A.52,Merkel Cell Carcinoma
335,C4A,,Merkel cell carcinoma,C4A.59,Merkel cell carcinoma of other part of trunk,33aeb527-9e8f-5238-8e67-c8240b6d13e1,https://www.icd10data.com//ICD10CM/Codes/C00-D49/C43-C44/C4A-/C4A.59,Merkel Cell Carcinoma
336,C4A,,Merkel cell carcinoma,C4A.6,"Merkel cell carcinoma of upper limb, including shoulder",b77b9345-7ebf-53f2-a993-7c5082d2bb81,https://www.icd10data.com//ICD10CM/Codes/C00-D49/C43-C44/C4A-/C4A.6,Merkel Cell Carcinoma
337,C4A,,Merkel cell carcinoma,C4A.60,"Merkel cell carcinoma of unspecified upper limb, including shoulder",b7af568e-0c08-5695-93db-3b946ac3a9fc,https://www.icd10data.com//ICD10CM/Codes/C00-D49/C43-C44/C4A-/C4A.60,Merkel Cell Carcinoma
338,C4A,,Merkel cell carcinoma,C4A.61,"Merkel cell carcinoma of right upper limb, including shoulder",b8971373-1e95-544a-9480-7e5749c794cd,https://www.icd10data.com//ICD10CM/Codes/C00-D49/C43-C44/C4A-/C4A.61,Merkel Cell Carcinoma
339,C4A,,Merkel cell carcinoma,C4A.62,"Merkel cell carcinoma of left upper limb, including shoulder",86fdb379-2752-5667-959a-704c2690045d,https://www.icd10data.com//ICD10CM/Codes/C00-D49/C43-C44/C4A-/C4A.62,Merkel Cell Carcinoma
340,C4A,,Merkel cell carcinoma,C4A.7,"Merkel cell carcinoma of lower limb, including hip",bb2837ac-70ef-5fc9-9bef-85a5a6faedf5,https://www.icd10data.com//ICD10CM/Codes/C00-D49/C43-C44/C4A-/C4A.7,Merkel Cell Carcinoma
341,C4A,,Merkel cell carcinoma,C4A.70,"Merkel cell carcinoma of unspecified lower limb, including hip",9cb64c2d-e5cb-5181-a1d3-4f3279dc6b61,https://www.icd10data.com//ICD10CM/Codes/C00-D49/C43-C44/C4A-/C4A.70,Merkel Cell Carcinoma
342,C4A,,Merkel cell carcinoma,C4A.71,"Merkel cell carcinoma of right lower limb, including hip",f784e4bf-7f36-5bc9-9e75-3f8f31483081,https://www.icd10data.com//ICD10CM/Codes/C00-D49/C43-C44/C4A-/C4A.71,Merkel Cell Carcinoma
343,C4A,,Merkel cell carcinoma,C4A.72,"Merkel cell carcinoma of left lower limb, including hip",11a20b82-3ac9-5f6b-883d-cac8cbbb392d,https://www.icd10data.com//ICD10CM/Codes/C00-D49/C43-C44/C4A-/C4A.72,Merkel Cell Carcinoma
344,C4A,,Merkel cell carcinoma,C4A.8,Merkel cell carcinoma of overlapping sites,46030f24-01ba-593b-b6a8-eb675cdf3ede,https://www.icd10data.com//ICD10CM/Codes/C00-D49/C43-C44/C4A-/C4A.8,Merkel Cell Carcinoma
345,C4A,,Merkel cell carcinoma,C4A.9,"Merkel cell carcinoma, unspecified",757094f8-4340-5814-bb99-bee9e6c9e8bd,https://www.icd10data.com//ICD10CM/Codes/C00-D49/C43-C44/C4A-/C4A.9,Merkel Cell Carcinoma
346,C46,,Kaposi's sarcoma,C46.0,Kaposi's sarcoma of skin,b901b017-273c-5e25-ac33-fc183d98229e,https://www.icd10data.com//ICD10CM/Codes/C00-D49/C45-C49/C46-/C46.0,Kaposi's Sarcoma
347,C46,,Kaposi's sarcoma,C46.1,Kaposi's sarcoma of soft tissue,bee1f07f-6eac-50f3-98ef-f4c0a8d85f7d,https://www.icd10data.com//ICD10CM/Codes/C00-D49/C45-C49/C46-/C46.1,Kaposi's Sarcoma
348,C46,,Kaposi's sarcoma,C46.2,Kaposi's sarcoma of palate,4eaf297b-34fd-512a-b5a7-3f40469f8119,https://www.icd10data.com//ICD10CM/Codes/C00-D49/C45-C49/C46-/C46.2,Kaposi's Sarcoma
349,C46,,Kaposi's sarcoma,C46.3,Kaposi's sarcoma of lymph nodes,192fba50-e749-5a54-8227-8511ade8994a,https://www.icd10data.com//ICD10CM/Codes/C00-D49/C45-C49/C46-/C46.3,Kaposi's Sarcoma
350,C46,,Kaposi's sarcoma,C46.4,Kaposi's sarcoma of gastrointestinal sites,06d897c6-671c-5e69-a290-1e0c647e0e6b,https://www.icd10data.com//ICD10CM/Codes/C00-D49/C45-C49/C46-/C46.4,Kaposi's Sarcoma
351,C46,,Kaposi's sarcoma,C46.5,Kaposi's sarcoma of lung,e0b8545f-3f96-5cfb-a52e-94683069cad6,https://www.icd10data.com//ICD10CM/Codes/C00-D49/C45-C49/C46-/C46.5,Kaposi's Sarcoma
352,C46,,Kaposi's sarcoma,C46.50,Kaposi's sarcoma of unspecified lung,36c93617-4e90-570e-a2c8-a70a89eab122,https://www.icd10data.com//ICD10CM/Codes/C00-D49/C45-C49/C46-/C46.50,Kaposi's Sarcoma
353,C46,,Kaposi's sarcoma,C46.51,Kaposi's sarcoma of right lung,76aaa184-5f8a-5ce7-861d-261f8a441e06,https://www.icd10data.com//ICD10CM/Codes/C00-D49/C45-C49/C46-/C46.51,Kaposi's Sarcoma
354,C46,,Kaposi's sarcoma,C46.52,Kaposi's sarcoma of left lung,be3fa485-1e54-580f-b4b3-e6481ee5d517,https://www.icd10data.com//ICD10CM/Codes/C00-D49/C45-C49/C46-/C46.52,Kaposi's Sarcoma
355,C46,,Kaposi's sarcoma,C46.7,Kaposi's sarcoma of other sites,b221a962-37ca-587d-beaf-951f95dd83a3,https://www.icd10data.com//ICD10CM/Codes/C00-D49/C45-C49/C46-/C46.7,Kaposi's Sarcoma
356,C46,,Kaposi's sarcoma,C46.9,"Kaposi's sarcoma, unspecified",c470d59c-1fe4-52e1-8270-d5fa87192ba6,https://www.icd10data.com//ICD10CM/Codes/C00-D49/C45-C49/C46-/C46.9,Kaposi's Sarcoma
357,C47,,Malignant neoplasm of peripheral nerves and autonomic nervous system,C47.0,"Malignant neoplasm of peripheral nerves of head, face and neck",a33c756a-bff5-5d87-a8f4-5477624e22fd,https://www.icd10data.com//ICD10CM/Codes/C00-D49/C45-C49/C47-/C47.0,Peripheral Nerve Cancer
358,C47,,Malignant neoplasm of peripheral nerves and autonomic nervous system,C47.1,"Malignant neoplasm of peripheral nerves of upper limb, including shoulder",97742c58-036d-5ae8-acf0-f33cfbcc718a,https://www.icd10data.com//ICD10CM/Codes/C00-D49/C45-C49/C47-/C47.1,Peripheral Nerve Cancer
359,C47,,Malignant neoplasm of peripheral nerves and autonomic nervous system,C47.10,"Malignant neoplasm of peripheral nerves of unspecified upper limb, including shoulder",a4ec3124-1d17-5fae-8a94-140de7462207,https://www.icd10data.com//ICD10CM/Codes/C00-D49/C45-C49/C47-/C47.10,Peripheral Nerve Cancer
360,C47,,Malignant neoplasm of peripheral nerves and autonomic nervous system,C47.11,"Malignant neoplasm of peripheral nerves of right upper limb, including shoulder",14b6bca3-abe2-5363-9170-3f43a28e92cb,https://www.icd10data.com//ICD10CM/Codes/C00-D49/C45-C49/C47-/C47.11,Peripheral Nerve Cancer
361,C47,,Malignant neoplasm of peripheral nerves and autonomic nervous system,C47.12,"Malignant neoplasm of peripheral nerves of left upper limb, including shoulder",d416e26e-a313-5dfd-83db-0270e012510f,https://www.icd10data.com//ICD10CM/Codes/C00-D49/C45-C49/C47-/C47.12,Peripheral Nerve Cancer
362,C47,,Malignant neoplasm of peripheral nerves and autonomic nervous system,C47.2,"Malignant neoplasm of peripheral nerves of lower limb, including hip",cfe77e91-9672-5998-b575-2aac0b70ba7e,https://www.icd10data.com//ICD10CM/Codes/C00-D49/C45-C49/C47-/C47.2,Peripheral Nerve Cancer
363,C47,,Malignant neoplasm of peripheral nerves and autonomic nervous system,C47.20,"Malignant neoplasm of peripheral nerves of unspecified lower limb, including hip",2f50fe85-0892-5535-b131-d2353f5fa392,https://www.icd10data.com//ICD10CM/Codes/C00-D49/C45-C49/C47-/C47.20,Peripheral Nerve Cancer
364,C47,,Malignant neoplasm of peripheral nerves and autonomic nervous system,C47.21,"Malignant neoplasm of peripheral nerves of right lower limb, including hip",16f4da36-33a7-58a3-9a1c-e59ef147a3fd,https://www.icd10data.com//ICD10CM/Codes/C00-D49/C45-C49/C47-/C47.21,Peripheral Nerve Cancer
578,C70,,Malignant neoplasm of meninges,C70.1,Malignant neoplasm of spinal meninges,0767e596-c5bf-5ccf-a524-8cd688499b21,https://www.icd10data.com//ICD10CM/Codes/C00-D49/C69-C72/C70-/C70.1,Meningeal Cancer
365,C47,,Malignant neoplasm of peripheral nerves and autonomic nervous system,C47.22,"Malignant neoplasm of peripheral nerves of left lower limb, including hip",6f12d6b9-0bfa-5a0a-a499-312f3a4d13a5,https://www.icd10data.com//ICD10CM/Codes/C00-D49/C45-C49/C47-/C47.22,Peripheral Nerve Cancer
366,C47,,Malignant neoplasm of peripheral nerves and autonomic nervous system,C47.3,Malignant neoplasm of peripheral nerves of thorax,a0b722e3-eda7-5a26-aaf3-899c59d9b619,https://www.icd10data.com//ICD10CM/Codes/C00-D49/C45-C49/C47-/C47.3,Peripheral Nerve Cancer
367,C47,,Malignant neoplasm of peripheral nerves and autonomic nervous system,C47.4,Malignant neoplasm of peripheral nerves of abdomen,2984366f-42d6-502c-9081-efce803f6530,https://www.icd10data.com//ICD10CM/Codes/C00-D49/C45-C49/C47-/C47.4,Peripheral Nerve Cancer
368,C47,,Malignant neoplasm of peripheral nerves and autonomic nervous system,C47.5,Malignant neoplasm of peripheral nerves of pelvis,c29a5060-88ff-5a51-a907-8e4dccc7cd09,https://www.icd10data.com//ICD10CM/Codes/C00-D49/C45-C49/C47-/C47.5,Peripheral Nerve Cancer
369,C47,,Malignant neoplasm of peripheral nerves and autonomic nervous system,C47.6,"Malignant neoplasm of peripheral nerves of trunk, unspecified",5f588131-41fd-5296-ba7e-bb990b07506f,https://www.icd10data.com//ICD10CM/Codes/C00-D49/C45-C49/C47-/C47.6,Peripheral Nerve Cancer
370,C47,,Malignant neoplasm of peripheral nerves and autonomic nervous system,C47.8,Malignant neoplasm of overlapping sites of peripheral nerves and autonomic nervous system,cab309dd-649f-5184-9938-e6411f2adb49,https://www.icd10data.com//ICD10CM/Codes/C00-D49/C45-C49/C47-/C47.8,Peripheral Nerve Cancer
371,C47,,Malignant neoplasm of peripheral nerves and autonomic nervous system,C47.9,"Malignant neoplasm of peripheral nerves and autonomic nervous system, unspecified",5f53d3c5-4f5c-5630-a459-bcd471b0478c,https://www.icd10data.com//ICD10CM/Codes/C00-D49/C45-C49/C47-/C47.9,Peripheral Nerve Cancer
372,C48,,Malignant neoplasm of retroperitoneum and peritoneum,C48.0,Malignant neoplasm of retroperitoneum,7aeaa53b-36d2-5a5d-95cb-2af8b84931ef,https://www.icd10data.com//ICD10CM/Codes/C00-D49/C45-C49/C48-/C48.0,Peritoneal Cancer
373,C48,,Malignant neoplasm of retroperitoneum and peritoneum,C48.1,Malignant neoplasm of specified parts of peritoneum,70ca9395-74ef-5d49-805a-ef43d3372d13,https://www.icd10data.com//ICD10CM/Codes/C00-D49/C45-C49/C48-/C48.1,Peritoneal Cancer
374,C48,,Malignant neoplasm of retroperitoneum and peritoneum,C48.2,"Malignant neoplasm of peritoneum, unspecified",ea78e215-ea4b-54d0-80b1-741a1123f859,https://www.icd10data.com//ICD10CM/Codes/C00-D49/C45-C49/C48-/C48.2,Peritoneal Cancer
375,C48,,Malignant neoplasm of retroperitoneum and peritoneum,C48.8,Malignant neoplasm of overlapping sites of retroperitoneum and peritoneum,85dfbc35-d028-5758-a51c-13f43d038aaa,https://www.icd10data.com//ICD10CM/Codes/C00-D49/C45-C49/C48-/C48.8,Peritoneal Cancer
376,C50,,Malignant neoplasm of breast,C50.0,Malignant neoplasm of nipple and areola,a1457f2a-c9b8-5762-a9de-e30c5196a877,https://www.icd10data.com//ICD10CM/Codes/C00-D49/C50-C50/C50-/C50.0,Breast Cancer
377,C50,,Malignant neoplasm of breast,C50.01,"Malignant neoplasm of nipple and areola, female",c35c5eb2-80bc-511f-ba4a-a3ad4a8d2c28,https://www.icd10data.com//ICD10CM/Codes/C00-D49/C50-C50/C50-/C50.01,Breast Cancer
378,C50,,Malignant neoplasm of breast,C50.011,"Malignant neoplasm of nipple and areola, right female breast",45521bfc-7f8b-5fde-b23f-3ecc94c21411,https://www.icd10data.com//ICD10CM/Codes/C00-D49/C50-C50/C50-/C50.011,Breast Cancer
472,C56,,Malignant neoplasm of ovary,C56.1,Malignant neoplasm of right ovary,a4d26e77-528b-582d-8d7a-b6675b28781b,https://www.icd10data.com//ICD10CM/Codes/C00-D49/C51-C58/C56-/C56.1,Ovarian Cancer
379,C50,,Malignant neoplasm of breast,C50.012,"Malignant neoplasm of nipple and areola, left female breast",7590fa00-027f-5e33-8d0e-f1108aec3ad0,https://www.icd10data.com//ICD10CM/Codes/C00-D49/C50-C50/C50-/C50.012,Breast Cancer
380,C50,,Malignant neoplasm of breast,C50.019,"Malignant neoplasm of nipple and areola, unspecified female breast",a99ddce1-eeb5-552e-8f01-cbaa4813d792,https://www.icd10data.com//ICD10CM/Codes/C00-D49/C50-C50/C50-/C50.019,Breast Cancer
381,C50,,Malignant neoplasm of breast,C50.02,"Malignant neoplasm of nipple and areola, male",7fce8034-5335-5108-9d88-05271c1fd0ba,https://www.icd10data.com//ICD10CM/Codes/C00-D49/C50-C50/C50-/C50.02,Breast Cancer
382,C50,,Malignant neoplasm of breast,C50.021,"Malignant neoplasm of nipple and areola, right male breast",f28bbd9f-2b8d-5928-abe6-82e6d916742f,https://www.icd10data.com//ICD10CM/Codes/C00-D49/C50-C50/C50-/C50.021,Breast Cancer
383,C50,,Malignant neoplasm of breast,C50.022,"Malignant neoplasm of nipple and areola, left male breast",cfc1bd29-b23f-51ee-8b03-f372afb73b05,https://www.icd10data.com//ICD10CM/Codes/C00-D49/C50-C50/C50-/C50.022,Breast Cancer
384,C50,,Malignant neoplasm of breast,C50.029,"Malignant neoplasm of nipple and areola, unspecified male breast",e91bae57-58eb-56a1-a31e-965db542b866,https://www.icd10data.com//ICD10CM/Codes/C00-D49/C50-C50/C50-/C50.029,Breast Cancer
385,C50,,Malignant neoplasm of breast,C50.1,Malignant neoplasm of central portion of breast,772ac622-0794-5065-b6f1-73a5033a5923,https://www.icd10data.com//ICD10CM/Codes/C00-D49/C50-C50/C50-/C50.1,Breast Cancer
386,C50,,Malignant neoplasm of breast,C50.11,"Malignant neoplasm of central portion of breast, female",e2bcf7c5-8308-5a55-8d33-d0f3da4c226d,https://www.icd10data.com//ICD10CM/Codes/C00-D49/C50-C50/C50-/C50.11,Breast Cancer
387,C50,,Malignant neoplasm of breast,C50.111,Malignant neoplasm of central portion of right female breast,c0bf76d1-8985-5dc0-9510-24056bcb5c42,https://www.icd10data.com//ICD10CM/Codes/C00-D49/C50-C50/C50-/C50.111,Breast Cancer
388,C50,,Malignant neoplasm of breast,C50.112,Malignant neoplasm of central portion of left female breast,aad2eab6-fbc7-5bbc-b1c1-35283b337ec9,https://www.icd10data.com//ICD10CM/Codes/C00-D49/C50-C50/C50-/C50.112,Breast Cancer
389,C50,,Malignant neoplasm of breast,C50.119,Malignant neoplasm of central portion of unspecified female breast,234bef4c-fad8-5897-ba37-6d155ec3a3a0,https://www.icd10data.com//ICD10CM/Codes/C00-D49/C50-C50/C50-/C50.119,Breast Cancer
473,C56,,Malignant neoplasm of ovary,C56.2,Malignant neoplasm of left ovary,46bd8687-ce40-501b-befc-8e5dd9f2b657,https://www.icd10data.com//ICD10CM/Codes/C00-D49/C51-C58/C56-/C56.2,Ovarian Cancer
390,C50,,Malignant neoplasm of breast,C50.12,"Malignant neoplasm of central portion of breast, male",ebbb5384-82da-59c9-acc2-0bf7fb36b05b,https://www.icd10data.com//ICD10CM/Codes/C00-D49/C50-C50/C50-/C50.12,Breast Cancer
391,C50,,Malignant neoplasm of breast,C50.121,Malignant neoplasm of central portion of right male breast,6abf3a60-4285-561f-9e4a-a5de0d1dd36b,https://www.icd10data.com//ICD10CM/Codes/C00-D49/C50-C50/C50-/C50.121,Breast Cancer
392,C50,,Malignant neoplasm of breast,C50.122,Malignant neoplasm of central portion of left male breast,1738c576-77cc-5c98-a640-adffdb6c160e,https://www.icd10data.com//ICD10CM/Codes/C00-D49/C50-C50/C50-/C50.122,Breast Cancer
393,C50,,Malignant neoplasm of breast,C50.129,Malignant neoplasm of central portion of unspecified male breast,f3afb7c3-c571-5f15-a64a-93583b6e8ff2,https://www.icd10data.com//ICD10CM/Codes/C00-D49/C50-C50/C50-/C50.129,Breast Cancer
394,C50,,Malignant neoplasm of breast,C50.2,Malignant neoplasm of upper-inner quadrant of breast,8bc25c31-4188-5655-8b20-3d3bd9b3f597,https://www.icd10data.com//ICD10CM/Codes/C00-D49/C50-C50/C50-/C50.2,Breast Cancer
395,C50,,Malignant neoplasm of breast,C50.21,"Malignant neoplasm of upper-inner quadrant of breast, female",fdc0795b-9a73-5d01-8985-f0d21603b6bb,https://www.icd10data.com//ICD10CM/Codes/C00-D49/C50-C50/C50-/C50.21,Breast Cancer
396,C50,,Malignant neoplasm of breast,C50.211,Malignant neoplasm of upper-inner quadrant of right female breast,6d19338c-419d-5bf9-90bb-bc152bc2fddc,https://www.icd10data.com//ICD10CM/Codes/C00-D49/C50-C50/C50-/C50.211,Breast Cancer
397,C50,,Malignant neoplasm of breast,C50.212,Malignant neoplasm of upper-inner quadrant of left female breast,afc924d6-bd9c-5b36-83c4-6287907caa7f,https://www.icd10data.com//ICD10CM/Codes/C00-D49/C50-C50/C50-/C50.212,Breast Cancer
398,C50,,Malignant neoplasm of breast,C50.219,Malignant neoplasm of upper-inner quadrant of unspecified female breast,f67d92b5-4c90-569b-aa6d-af5339c9fb65,https://www.icd10data.com//ICD10CM/Codes/C00-D49/C50-C50/C50-/C50.219,Breast Cancer
399,C50,,Malignant neoplasm of breast,C50.22,"Malignant neoplasm of upper-inner quadrant of breast, male",fd9d5d20-51b8-5936-9851-1407e28a25d1,https://www.icd10data.com//ICD10CM/Codes/C00-D49/C50-C50/C50-/C50.22,Breast Cancer
400,C50,,Malignant neoplasm of breast,C50.221,Malignant neoplasm of upper-inner quadrant of right male breast,490e8003-a18f-52a0-bae4-e15ec83824f5,https://www.icd10data.com//ICD10CM/Codes/C00-D49/C50-C50/C50-/C50.221,Breast Cancer
592,C72,,"Malignant neoplasm of spinal cord, cranial nerves and other parts of central nervous system",C72.2,Malignant neoplasm of olfactory nerve,284794f9-c3f4-546a-93c6-df3ba3941093,https://www.icd10data.com//ICD10CM/Codes/C00-D49/C69-C72/C72-/C72.2,Spinal Cord Cancer
401,C50,,Malignant neoplasm of breast,C50.222,Malignant neoplasm of upper-inner quadrant of left male breast,9f54af38-29d4-5f97-b815-926c2b4fe4cf,https://www.icd10data.com//ICD10CM/Codes/C00-D49/C50-C50/C50-/C50.222,Breast Cancer
402,C50,,Malignant neoplasm of breast,C50.229,Malignant neoplasm of upper-inner quadrant of unspecified male breast,6a595816-d5f3-5f00-8591-9311718472ae,https://www.icd10data.com//ICD10CM/Codes/C00-D49/C50-C50/C50-/C50.229,Breast Cancer
403,C50,,Malignant neoplasm of breast,C50.3,Malignant neoplasm of lower-inner quadrant of breast,01550258-e0d7-54d6-8852-08d5e7fb5cd1,https://www.icd10data.com//ICD10CM/Codes/C00-D49/C50-C50/C50-/C50.3,Breast Cancer
404,C50,,Malignant neoplasm of breast,C50.31,"Malignant neoplasm of lower-inner quadrant of breast, female",59ec8c78-4356-5c77-9a98-fde303079c15,https://www.icd10data.com//ICD10CM/Codes/C00-D49/C50-C50/C50-/C50.31,Breast Cancer
405,C50,,Malignant neoplasm of breast,C50.311,Malignant neoplasm of lower-inner quadrant of right female breast,c2b3ce0c-533a-535f-8309-3a5189f21a5e,https://www.icd10data.com//ICD10CM/Codes/C00-D49/C50-C50/C50-/C50.311,Breast Cancer
406,C50,,Malignant neoplasm of breast,C50.312,Malignant neoplasm of lower-inner quadrant of left female breast,958edee3-22ce-5f5d-8839-9f57951174b4,https://www.icd10data.com//ICD10CM/Codes/C00-D49/C50-C50/C50-/C50.312,Breast Cancer
407,C50,,Malignant neoplasm of breast,C50.319,Malignant neoplasm of lower-inner quadrant of unspecified female breast,1a3381f7-3779-5cca-83f5-7ad526a4c743,https://www.icd10data.com//ICD10CM/Codes/C00-D49/C50-C50/C50-/C50.319,Breast Cancer
408,C50,,Malignant neoplasm of breast,C50.32,"Malignant neoplasm of lower-inner quadrant of breast, male",46f82104-239e-5ce3-a429-64a341746f41,https://www.icd10data.com//ICD10CM/Codes/C00-D49/C50-C50/C50-/C50.32,Breast Cancer
409,C50,,Malignant neoplasm of breast,C50.321,Malignant neoplasm of lower-inner quadrant of right male breast,4641b2eb-8f6c-5a98-9cb3-4713b11d164c,https://www.icd10data.com//ICD10CM/Codes/C00-D49/C50-C50/C50-/C50.321,Breast Cancer
410,C50,,Malignant neoplasm of breast,C50.322,Malignant neoplasm of lower-inner quadrant of left male breast,8ce083c4-f483-558a-affb-395de0e8b1f3,https://www.icd10data.com//ICD10CM/Codes/C00-D49/C50-C50/C50-/C50.322,Breast Cancer
411,C50,,Malignant neoplasm of breast,C50.329,Malignant neoplasm of lower-inner quadrant of unspecified male breast,cedd3395-78a8-5010-8abf-cf84c2c88bb4,https://www.icd10data.com//ICD10CM/Codes/C00-D49/C50-C50/C50-/C50.329,Breast Cancer
412,C50,,Malignant neoplasm of breast,C50.4,Malignant neoplasm of upper-outer quadrant of breast,e1c752bb-0fc5-5dad-85c1-b10f598617a0,https://www.icd10data.com//ICD10CM/Codes/C00-D49/C50-C50/C50-/C50.4,Breast Cancer
413,C50,,Malignant neoplasm of breast,C50.41,"Malignant neoplasm of upper-outer quadrant of breast, female",5acaab26-5c18-5c6b-a87e-84e85e8bf664,https://www.icd10data.com//ICD10CM/Codes/C00-D49/C50-C50/C50-/C50.41,Breast Cancer
414,C50,,Malignant neoplasm of breast,C50.411,Malignant neoplasm of upper-outer quadrant of right female breast,4bc61fbb-f470-5d32-97c6-0dd8a4e3d89a,https://www.icd10data.com//ICD10CM/Codes/C00-D49/C50-C50/C50-/C50.411,Breast Cancer
415,C50,,Malignant neoplasm of breast,C50.412,Malignant neoplasm of upper-outer quadrant of left female breast,c4101cc0-3211-57d3-9352-87ece3ad4e27,https://www.icd10data.com//ICD10CM/Codes/C00-D49/C50-C50/C50-/C50.412,Breast Cancer
416,C50,,Malignant neoplasm of breast,C50.419,Malignant neoplasm of upper-outer quadrant of unspecified female breast,d5851aa8-a6c9-5e15-97ae-c361379b02e9,https://www.icd10data.com//ICD10CM/Codes/C00-D49/C50-C50/C50-/C50.419,Breast Cancer
417,C50,,Malignant neoplasm of breast,C50.42,"Malignant neoplasm of upper-outer quadrant of breast, male",8808d126-29d2-5aaa-a0b0-4398ac418353,https://www.icd10data.com//ICD10CM/Codes/C00-D49/C50-C50/C50-/C50.42,Breast Cancer
418,C50,,Malignant neoplasm of breast,C50.421,Malignant neoplasm of upper-outer quadrant of right male breast,ad1dc328-f389-5b78-bed4-7f9a0e5ba9fa,https://www.icd10data.com//ICD10CM/Codes/C00-D49/C50-C50/C50-/C50.421,Breast Cancer
419,C50,,Malignant neoplasm of breast,C50.422,Malignant neoplasm of upper-outer quadrant of left male breast,d7261c20-f178-53e7-b069-11dead5e4a13,https://www.icd10data.com//ICD10CM/Codes/C00-D49/C50-C50/C50-/C50.422,Breast Cancer
420,C50,,Malignant neoplasm of breast,C50.429,Malignant neoplasm of upper-outer quadrant of unspecified male breast,536d4dbf-3b6a-5e26-b617-bbb8977b5bc1,https://www.icd10data.com//ICD10CM/Codes/C00-D49/C50-C50/C50-/C50.429,Breast Cancer
421,C50,,Malignant neoplasm of breast,C50.5,Malignant neoplasm of lower-outer quadrant of breast,84fe9787-7f2e-5219-b123-b4106133df6f,https://www.icd10data.com//ICD10CM/Codes/C00-D49/C50-C50/C50-/C50.5,Breast Cancer
422,C50,,Malignant neoplasm of breast,C50.51,"Malignant neoplasm of lower-outer quadrant of breast, female",a5fabae1-f44d-51bc-ac66-0c9e787f6cd5,https://www.icd10data.com//ICD10CM/Codes/C00-D49/C50-C50/C50-/C50.51,Breast Cancer
593,C72,,"Malignant neoplasm of spinal cord, cranial nerves and other parts of central nervous system",C72.20,Malignant neoplasm of unspecified olfactory nerve,efb12582-673a-5a7d-9fe1-6a973babbaf3,https://www.icd10data.com//ICD10CM/Codes/C00-D49/C69-C72/C72-/C72.20,Spinal Cord Cancer
423,C50,,Malignant neoplasm of breast,C50.511,Malignant neoplasm of lower-outer quadrant of right female breast,50d48017-ff81-50b3-be64-92accf741787,https://www.icd10data.com//ICD10CM/Codes/C00-D49/C50-C50/C50-/C50.511,Breast Cancer
424,C50,,Malignant neoplasm of breast,C50.512,Malignant neoplasm of lower-outer quadrant of left female breast,f443b86e-3770-5276-995a-e14102624a29,https://www.icd10data.com//ICD10CM/Codes/C00-D49/C50-C50/C50-/C50.512,Breast Cancer
425,C50,,Malignant neoplasm of breast,C50.519,Malignant neoplasm of lower-outer quadrant of unspecified female breast,79ed6a18-1a30-56c4-8328-32699cbeb2a9,https://www.icd10data.com//ICD10CM/Codes/C00-D49/C50-C50/C50-/C50.519,Breast Cancer
426,C50,,Malignant neoplasm of breast,C50.52,"Malignant neoplasm of lower-outer quadrant of breast, male",596e165a-6806-5b15-ac3e-a02166f9fe3a,https://www.icd10data.com//ICD10CM/Codes/C00-D49/C50-C50/C50-/C50.52,Breast Cancer
427,C50,,Malignant neoplasm of breast,C50.521,Malignant neoplasm of lower-outer quadrant of right male breast,1a5dfe1c-d435-574b-82d7-50b6b424d3d4,https://www.icd10data.com//ICD10CM/Codes/C00-D49/C50-C50/C50-/C50.521,Breast Cancer
428,C50,,Malignant neoplasm of breast,C50.522,Malignant neoplasm of lower-outer quadrant of left male breast,2d89a5ce-8869-53d2-839a-4def2daa807b,https://www.icd10data.com//ICD10CM/Codes/C00-D49/C50-C50/C50-/C50.522,Breast Cancer
429,C50,,Malignant neoplasm of breast,C50.529,Malignant neoplasm of lower-outer quadrant of unspecified male breast,ab9d9972-b4dc-5dd1-8118-1192a12a4af8,https://www.icd10data.com//ICD10CM/Codes/C00-D49/C50-C50/C50-/C50.529,Breast Cancer
430,C50,,Malignant neoplasm of breast,C50.6,Malignant neoplasm of axillary tail of breast,4d3f0cf2-0da7-5b7e-bc71-09325fc65a3d,https://www.icd10data.com//ICD10CM/Codes/C00-D49/C50-C50/C50-/C50.6,Breast Cancer
431,C50,,Malignant neoplasm of breast,C50.61,"Malignant neoplasm of axillary tail of breast, female",c5ccd097-38cc-51f2-a3ac-88a8cebf47af,https://www.icd10data.com//ICD10CM/Codes/C00-D49/C50-C50/C50-/C50.61,Breast Cancer
432,C50,,Malignant neoplasm of breast,C50.611,Malignant neoplasm of axillary tail of right female breast,8c8d5d2a-eb5e-50f0-96c6-428750d15832,https://www.icd10data.com//ICD10CM/Codes/C00-D49/C50-C50/C50-/C50.611,Breast Cancer
433,C50,,Malignant neoplasm of breast,C50.612,Malignant neoplasm of axillary tail of left female breast,914360d6-813f-5890-8aaf-f390dec2eb66,https://www.icd10data.com//ICD10CM/Codes/C00-D49/C50-C50/C50-/C50.612,Breast Cancer
594,C72,,"Malignant neoplasm of spinal cord, cranial nerves and other parts of central nervous system",C72.21,Malignant neoplasm of right olfactory nerve,318e1a79-26b2-5f45-b6d6-d7a985b669ef,https://www.icd10data.com//ICD10CM/Codes/C00-D49/C69-C72/C72-/C72.21,Spinal Cord Cancer
434,C50,,Malignant neoplasm of breast,C50.619,Malignant neoplasm of axillary tail of unspecified female breast,5f4722c1-214c-587c-b753-e75f9ea479d0,https://www.icd10data.com//ICD10CM/Codes/C00-D49/C50-C50/C50-/C50.619,Breast Cancer
435,C50,,Malignant neoplasm of breast,C50.62,"Malignant neoplasm of axillary tail of breast, male",e6d170a3-9857-52a9-81ee-5f44a4281601,https://www.icd10data.com//ICD10CM/Codes/C00-D49/C50-C50/C50-/C50.62,Breast Cancer
436,C50,,Malignant neoplasm of breast,C50.621,Malignant neoplasm of axillary tail of right male breast,fc046deb-538d-5ae8-bf9c-528705fc6e38,https://www.icd10data.com//ICD10CM/Codes/C00-D49/C50-C50/C50-/C50.621,Breast Cancer
437,C50,,Malignant neoplasm of breast,C50.622,Malignant neoplasm of axillary tail of left male breast,a09ebeea-4399-5b9f-9dc2-abdbe336d934,https://www.icd10data.com//ICD10CM/Codes/C00-D49/C50-C50/C50-/C50.622,Breast Cancer
438,C50,,Malignant neoplasm of breast,C50.629,Malignant neoplasm of axillary tail of unspecified male breast,7b3c2e1c-c19f-51e8-92f1-895fde16bf15,https://www.icd10data.com//ICD10CM/Codes/C00-D49/C50-C50/C50-/C50.629,Breast Cancer
439,C50,,Malignant neoplasm of breast,C50.8,Malignant neoplasm of overlapping sites of breast,e33e3d57-3acb-5f29-adc1-27bb85f74d77,https://www.icd10data.com//ICD10CM/Codes/C00-D49/C50-C50/C50-/C50.8,Breast Cancer
440,C50,,Malignant neoplasm of breast,C50.81,"Malignant neoplasm of overlapping sites of breast, female",0f75cd62-003e-5178-b0b4-d2176bba706b,https://www.icd10data.com//ICD10CM/Codes/C00-D49/C50-C50/C50-/C50.81,Breast Cancer
441,C50,,Malignant neoplasm of breast,C50.811,Malignant neoplasm of overlapping sites of right female breast,c7f5975b-17ce-5ec7-ace5-d2d0cde5ed89,https://www.icd10data.com//ICD10CM/Codes/C00-D49/C50-C50/C50-/C50.811,Breast Cancer
442,C50,,Malignant neoplasm of breast,C50.812,Malignant neoplasm of overlapping sites of left female breast,1498a5ac-2297-54c7-8ff6-b1ae2674ac2a,https://www.icd10data.com//ICD10CM/Codes/C00-D49/C50-C50/C50-/C50.812,Breast Cancer
443,C50,,Malignant neoplasm of breast,C50.819,Malignant neoplasm of overlapping sites of unspecified female breast,860f747c-8272-5f78-9340-63eb427e9c07,https://www.icd10data.com//ICD10CM/Codes/C00-D49/C50-C50/C50-/C50.819,Breast Cancer
444,C50,,Malignant neoplasm of breast,C50.82,"Malignant neoplasm of overlapping sites of breast, male",f836b8a9-7322-542a-8486-024fc94cbca4,https://www.icd10data.com//ICD10CM/Codes/C00-D49/C50-C50/C50-/C50.82,Breast Cancer
474,C56,,Malignant neoplasm of ovary,C56.3,Malignant neoplasm of bilateral ovaries,dcbd26a8-5909-5e49-b33c-b4957e52878d,https://www.icd10data.com//ICD10CM/Codes/C00-D49/C51-C58/C56-/C56.3,Ovarian Cancer
445,C50,,Malignant neoplasm of breast,C50.821,Malignant neoplasm of overlapping sites of right male breast,42464211-ee7d-5518-b898-923fbced81a5,https://www.icd10data.com//ICD10CM/Codes/C00-D49/C50-C50/C50-/C50.821,Breast Cancer
446,C50,,Malignant neoplasm of breast,C50.822,Malignant neoplasm of overlapping sites of left male breast,1b0c9b76-5d64-5355-ae2f-b138cf9d6efe,https://www.icd10data.com//ICD10CM/Codes/C00-D49/C50-C50/C50-/C50.822,Breast Cancer
447,C50,,Malignant neoplasm of breast,C50.829,Malignant neoplasm of overlapping sites of unspecified male breast,5ef97587-879e-5e03-9e16-3f1fab6f8fbc,https://www.icd10data.com//ICD10CM/Codes/C00-D49/C50-C50/C50-/C50.829,Breast Cancer
448,C50,,Malignant neoplasm of breast,C50.9,Malignant neoplasm of breast of unspecified site,3104e052-9c27-5435-ba56-001789952e85,https://www.icd10data.com//ICD10CM/Codes/C00-D49/C50-C50/C50-/C50.9,Breast Cancer
449,C50,,Malignant neoplasm of breast,C50.91,"Malignant neoplasm of breast of unspecified site, female",0c075343-1298-5b22-af6c-7ffdf58bd41d,https://www.icd10data.com//ICD10CM/Codes/C00-D49/C50-C50/C50-/C50.91,Breast Cancer
450,C50,,Malignant neoplasm of breast,C50.911,Malignant neoplasm of unspecified site of right female breast,ee028e92-b343-5105-8146-7a15851e02cc,https://www.icd10data.com//ICD10CM/Codes/C00-D49/C50-C50/C50-/C50.911,Breast Cancer
451,C50,,Malignant neoplasm of breast,C50.912,Malignant neoplasm of unspecified site of left female breast,264aedcb-06f7-5da8-b62d-7df18aabbc4d,https://www.icd10data.com//ICD10CM/Codes/C00-D49/C50-C50/C50-/C50.912,Breast Cancer
452,C50,,Malignant neoplasm of breast,C50.919,Malignant neoplasm of unspecified site of unspecified female breast,a7c690aa-bd2d-5141-aa68-4e4bab12468b,https://www.icd10data.com//ICD10CM/Codes/C00-D49/C50-C50/C50-/C50.919,Breast Cancer
453,C50,,Malignant neoplasm of breast,C50.92,"Malignant neoplasm of breast of unspecified site, male",0c57c8cc-b02d-54c0-9ed1-d0cfe21b4da3,https://www.icd10data.com//ICD10CM/Codes/C00-D49/C50-C50/C50-/C50.92,Breast Cancer
454,C50,,Malignant neoplasm of breast,C50.921,Malignant neoplasm of unspecified site of right male breast,4484456b-6b7d-5a51-a12d-529553f9496b,https://www.icd10data.com//ICD10CM/Codes/C00-D49/C50-C50/C50-/C50.921,Breast Cancer
455,C50,,Malignant neoplasm of breast,C50.922,Malignant neoplasm of unspecified site of left male breast,15256e1d-fe0c-5d23-8e59-c0b540d42395,https://www.icd10data.com//ICD10CM/Codes/C00-D49/C50-C50/C50-/C50.922,Breast Cancer
475,C56,,Malignant neoplasm of ovary,C56.9,Malignant neoplasm of unspecified ovary,765a3890-70e4-5176-a6b4-bde3fed43baf,https://www.icd10data.com//ICD10CM/Codes/C00-D49/C51-C58/C56-/C56.9,Ovarian Cancer
456,C50,,Malignant neoplasm of breast,C50.929,Malignant neoplasm of unspecified site of unspecified male breast,5f97153b-0df9-57a5-80a9-6cb1d476fad1,https://www.icd10data.com//ICD10CM/Codes/C00-D49/C50-C50/C50-/C50.929,Breast Cancer
457,C51,,Malignant neoplasm of vulva,C51.0,Malignant neoplasm of labium majus,8f6cf209-2798-587f-9441-f67b1cfde194,https://www.icd10data.com//ICD10CM/Codes/C00-D49/C51-C58/C51-/C51.0,Vulvar Cancer
458,C51,,Malignant neoplasm of vulva,C51.1,Malignant neoplasm of labium minus,3e856c0a-1f6c-5cd2-8843-12c172818241,https://www.icd10data.com//ICD10CM/Codes/C00-D49/C51-C58/C51-/C51.1,Vulvar Cancer
459,C51,,Malignant neoplasm of vulva,C51.2,Malignant neoplasm of clitoris,3609f835-c6ba-55d9-a279-91033eb62b43,https://www.icd10data.com//ICD10CM/Codes/C00-D49/C51-C58/C51-/C51.2,Vulvar Cancer
460,C51,,Malignant neoplasm of vulva,C51.8,Malignant neoplasm of overlapping sites of vulva,7d7dcf5c-a282-5d47-abd3-dcf7308829c2,https://www.icd10data.com//ICD10CM/Codes/C00-D49/C51-C58/C51-/C51.8,Vulvar Cancer
461,C51,,Malignant neoplasm of vulva,C51.9,"Malignant neoplasm of vulva, unspecified",b527b080-0a9c-50a4-ad32-04b632fee79e,https://www.icd10data.com//ICD10CM/Codes/C00-D49/C51-C58/C51-/C51.9,Vulvar Cancer
462,C53,,Malignant neoplasm of cervix uteri,C53.0,Malignant neoplasm of endocervix,40b3bf73-5b89-532b-a320-ce60d12bf939,https://www.icd10data.com//ICD10CM/Codes/C00-D49/C51-C58/C53-/C53.0,Cervical Cancer
463,C53,,Malignant neoplasm of cervix uteri,C53.1,Malignant neoplasm of exocervix,80bb3ddb-5ea0-5ff3-8b74-7b38dae5b116,https://www.icd10data.com//ICD10CM/Codes/C00-D49/C51-C58/C53-/C53.1,Cervical Cancer
464,C53,,Malignant neoplasm of cervix uteri,C53.8,Malignant neoplasm of overlapping sites of cervix uteri,844c1eb3-a43b-5189-a971-1f76d2e30489,https://www.icd10data.com//ICD10CM/Codes/C00-D49/C51-C58/C53-/C53.8,Cervical Cancer
465,C53,,Malignant neoplasm of cervix uteri,C53.9,"Malignant neoplasm of cervix uteri, unspecified",c53b731a-24c6-57f3-869f-b2ed14dbce37,https://www.icd10data.com//ICD10CM/Codes/C00-D49/C51-C58/C53-/C53.9,Cervical Cancer
466,C54,,Malignant neoplasm of corpus uteri,C54.0,Malignant neoplasm of isthmus uteri,a298cfc1-dd98-52e2-85c9-071ff8e27aa5,https://www.icd10data.com//ICD10CM/Codes/C00-D49/C51-C58/C54-/C54.0,Uterine Cancer
467,C54,,Malignant neoplasm of corpus uteri,C54.1,Malignant neoplasm of endometrium,4a41aac1-6502-59ac-9449-1cbb35cee951,https://www.icd10data.com//ICD10CM/Codes/C00-D49/C51-C58/C54-/C54.1,Uterine Cancer
468,C54,,Malignant neoplasm of corpus uteri,C54.2,Malignant neoplasm of myometrium,2b406d84-211a-53ef-8c64-35f1141ea379,https://www.icd10data.com//ICD10CM/Codes/C00-D49/C51-C58/C54-/C54.2,Uterine Cancer
469,C54,,Malignant neoplasm of corpus uteri,C54.3,Malignant neoplasm of fundus uteri,84959794-94e2-5745-909e-ad0c3c866bde,https://www.icd10data.com//ICD10CM/Codes/C00-D49/C51-C58/C54-/C54.3,Uterine Cancer
470,C54,,Malignant neoplasm of corpus uteri,C54.8,Malignant neoplasm of overlapping sites of corpus uteri,794d991e-ec52-5814-9f9b-6ce9981270c3,https://www.icd10data.com//ICD10CM/Codes/C00-D49/C51-C58/C54-/C54.8,Uterine Cancer
471,C54,,Malignant neoplasm of corpus uteri,C54.9,"Malignant neoplasm of corpus uteri, unspecified",baaf0a45-8d93-594b-b256-52bb868b4f15,https://www.icd10data.com//ICD10CM/Codes/C00-D49/C51-C58/C54-/C54.9,Uterine Cancer
476,C57,,Malignant neoplasm of other and unspecified female genital organs,C57.0,Malignant neoplasm of fallopian tube,36754c48-9dfa-5989-8adb-ebb874fe56c6,https://www.icd10data.com//ICD10CM/Codes/C00-D49/C51-C58/C57-/C57.0,Female Genital Cancer
477,C57,,Malignant neoplasm of other and unspecified female genital organs,C57.00,Malignant neoplasm of unspecified fallopian tube,5da891b7-c4c5-56b6-9287-ed33f705a62c,https://www.icd10data.com//ICD10CM/Codes/C00-D49/C51-C58/C57-/C57.00,Female Genital Cancer
478,C57,,Malignant neoplasm of other and unspecified female genital organs,C57.01,Malignant neoplasm of right fallopian tube,e959e164-fac4-5aae-805a-54053a292a1e,https://www.icd10data.com//ICD10CM/Codes/C00-D49/C51-C58/C57-/C57.01,Female Genital Cancer
479,C57,,Malignant neoplasm of other and unspecified female genital organs,C57.02,Malignant neoplasm of left fallopian tube,603388cf-09ec-5648-815e-310b3a1820c4,https://www.icd10data.com//ICD10CM/Codes/C00-D49/C51-C58/C57-/C57.02,Female Genital Cancer
480,C57,,Malignant neoplasm of other and unspecified female genital organs,C57.1,Malignant neoplasm of broad ligament,a9d46f7e-27b0-50b9-b368-1797e20058ae,https://www.icd10data.com//ICD10CM/Codes/C00-D49/C51-C58/C57-/C57.1,Female Genital Cancer
481,C57,,Malignant neoplasm of other and unspecified female genital organs,C57.10,Malignant neoplasm of unspecified broad ligament,5924ea14-55b3-5d02-bc04-380eea9accd4,https://www.icd10data.com//ICD10CM/Codes/C00-D49/C51-C58/C57-/C57.10,Female Genital Cancer
482,C57,,Malignant neoplasm of other and unspecified female genital organs,C57.11,Malignant neoplasm of right broad ligament,2f8d2fdc-d0ca-599c-90fb-c59932009634,https://www.icd10data.com//ICD10CM/Codes/C00-D49/C51-C58/C57-/C57.11,Female Genital Cancer
483,C57,,Malignant neoplasm of other and unspecified female genital organs,C57.12,Malignant neoplasm of left broad ligament,b3c96426-2db3-51d7-8a5d-e2122fac03a7,https://www.icd10data.com//ICD10CM/Codes/C00-D49/C51-C58/C57-/C57.12,Female Genital Cancer
484,C57,,Malignant neoplasm of other and unspecified female genital organs,C57.2,Malignant neoplasm of round ligament,75aed8ce-053c-5667-bcfa-7cd2d2fa7be6,https://www.icd10data.com//ICD10CM/Codes/C00-D49/C51-C58/C57-/C57.2,Female Genital Cancer
485,C57,,Malignant neoplasm of other and unspecified female genital organs,C57.20,Malignant neoplasm of unspecified round ligament,d3527439-7111-5f5a-b1c8-08b6c444de57,https://www.icd10data.com//ICD10CM/Codes/C00-D49/C51-C58/C57-/C57.20,Female Genital Cancer
486,C57,,Malignant neoplasm of other and unspecified female genital organs,C57.21,Malignant neoplasm of right round ligament,c3adbd6c-b3c2-5139-911c-de898051f263,https://www.icd10data.com//ICD10CM/Codes/C00-D49/C51-C58/C57-/C57.21,Female Genital Cancer
487,C57,,Malignant neoplasm of other and unspecified female genital organs,C57.22,Malignant neoplasm of left round ligament,519f1783-0115-5836-a9aa-188a7f806e78,https://www.icd10data.com//ICD10CM/Codes/C00-D49/C51-C58/C57-/C57.22,Female Genital Cancer
488,C57,,Malignant neoplasm of other and unspecified female genital organs,C57.3,Malignant neoplasm of parametrium,d6683bb3-d6de-5541-95dc-89d8a149eb02,https://www.icd10data.com//ICD10CM/Codes/C00-D49/C51-C58/C57-/C57.3,Female Genital Cancer
489,C57,,Malignant neoplasm of other and unspecified female genital organs,C57.4,"Malignant neoplasm of uterine adnexa, unspecified",9d49157d-55b5-574c-93b7-c7fae753ae62,https://www.icd10data.com//ICD10CM/Codes/C00-D49/C51-C58/C57-/C57.4,Female Genital Cancer
490,C57,,Malignant neoplasm of other and unspecified female genital organs,C57.7,Malignant neoplasm of other specified female genital organs,c7ba4ab7-cac1-5f5f-a07a-52cd3e8f234a,https://www.icd10data.com//ICD10CM/Codes/C00-D49/C51-C58/C57-/C57.7,Female Genital Cancer
491,C57,,Malignant neoplasm of other and unspecified female genital organs,C57.8,Malignant neoplasm of overlapping sites of female genital organs,6c905ccc-e645-56a1-9438-cb1108988366,https://www.icd10data.com//ICD10CM/Codes/C00-D49/C51-C58/C57-/C57.8,Female Genital Cancer
492,C57,,Malignant neoplasm of other and unspecified female genital organs,C57.9,"Malignant neoplasm of female genital organ, unspecified",558e20e0-0424-56cd-8ccf-b32cd65333c0,https://www.icd10data.com//ICD10CM/Codes/C00-D49/C51-C58/C57-/C57.9,Female Genital Cancer
493,C60,,Malignant neoplasm of penis,C60.0,Malignant neoplasm of prepuce,d8986d20-881b-503d-834e-19f80e96c6e5,https://www.icd10data.com//ICD10CM/Codes/C00-D49/C60-C63/C60-/C60.0,Penile Cancer
494,C60,,Malignant neoplasm of penis,C60.1,Malignant neoplasm of glans penis,da81c12f-c641-5598-a447-c5555ba709e4,https://www.icd10data.com//ICD10CM/Codes/C00-D49/C60-C63/C60-/C60.1,Penile Cancer
495,C60,,Malignant neoplasm of penis,C60.2,Malignant neoplasm of body of penis,ce409200-d644-5885-a4b0-6d83e7c363c9,https://www.icd10data.com//ICD10CM/Codes/C00-D49/C60-C63/C60-/C60.2,Penile Cancer
496,C60,,Malignant neoplasm of penis,C60.8,Malignant neoplasm of overlapping sites of penis,a0a11a49-1e8b-551d-8e58-c0ff1ebcc380,https://www.icd10data.com//ICD10CM/Codes/C00-D49/C60-C63/C60-/C60.8,Penile Cancer
497,C60,,Malignant neoplasm of penis,C60.9,"Malignant neoplasm of penis, unspecified",fb7b3e51-943a-5806-b82d-df3879bd7729,https://www.icd10data.com//ICD10CM/Codes/C00-D49/C60-C63/C60-/C60.9,Penile Cancer
498,C62,,Malignant neoplasm of testis,C62.0,Malignant neoplasm of undescended testis,104e4096-6134-59fa-97cc-413fb326d605,https://www.icd10data.com//ICD10CM/Codes/C00-D49/C60-C63/C62-/C62.0,Testicular Cancer
499,C62,,Malignant neoplasm of testis,C62.00,Malignant neoplasm of unspecified undescended testis,af673fe6-69c6-5c64-a86f-3c068c5483c2,https://www.icd10data.com//ICD10CM/Codes/C00-D49/C60-C63/C62-/C62.00,Testicular Cancer
549,C69,,Malignant neoplasm of eye and adnexa,C69.2,Malignant neoplasm of retina,3cf3435a-187d-5594-83a2-266ddd896be4,https://www.icd10data.com//ICD10CM/Codes/C00-D49/C69-C72/C69-/C69.2,Eye Cancer
500,C62,,Malignant neoplasm of testis,C62.01,Malignant neoplasm of undescended right testis,f800da9f-e4c2-5619-99c5-52d7eac174d8,https://www.icd10data.com//ICD10CM/Codes/C00-D49/C60-C63/C62-/C62.01,Testicular Cancer
501,C62,,Malignant neoplasm of testis,C62.02,Malignant neoplasm of undescended left testis,35de4b42-7c6d-52c7-a83c-918a6a7c20bb,https://www.icd10data.com//ICD10CM/Codes/C00-D49/C60-C63/C62-/C62.02,Testicular Cancer
502,C62,,Malignant neoplasm of testis,C62.1,Malignant neoplasm of descended testis,5699e551-8a62-5944-9b80-8ba4a36abe29,https://www.icd10data.com//ICD10CM/Codes/C00-D49/C60-C63/C62-/C62.1,Testicular Cancer
503,C62,,Malignant neoplasm of testis,C62.10,Malignant neoplasm of unspecified descended testis,d880b7ed-7b9d-5648-8837-927da4d38453,https://www.icd10data.com//ICD10CM/Codes/C00-D49/C60-C63/C62-/C62.10,Testicular Cancer
504,C62,,Malignant neoplasm of testis,C62.11,Malignant neoplasm of descended right testis,75bdd4e8-bc4f-58a0-9a9a-e304400324db,https://www.icd10data.com//ICD10CM/Codes/C00-D49/C60-C63/C62-/C62.11,Testicular Cancer
505,C62,,Malignant neoplasm of testis,C62.12,Malignant neoplasm of descended left testis,50e62a4a-866c-54cd-bf75-58e9d2360716,https://www.icd10data.com//ICD10CM/Codes/C00-D49/C60-C63/C62-/C62.12,Testicular Cancer
506,C62,,Malignant neoplasm of testis,C62.9,"Malignant neoplasm of testis, unspecified whether descended or undescended",67be674d-217a-5b04-b2a9-76fcb6363e24,https://www.icd10data.com//ICD10CM/Codes/C00-D49/C60-C63/C62-/C62.9,Testicular Cancer
507,C62,,Malignant neoplasm of testis,C62.90,"Malignant neoplasm of unspecified testis, unspecified whether descended or undescended",77b33137-1987-56e5-85d5-efc68690049d,https://www.icd10data.com//ICD10CM/Codes/C00-D49/C60-C63/C62-/C62.90,Testicular Cancer
508,C62,,Malignant neoplasm of testis,C62.91,"Malignant neoplasm of right testis, unspecified whether descended or undescended",84dc2ffa-26fd-5329-a4a7-e653e6ae797e,https://www.icd10data.com//ICD10CM/Codes/C00-D49/C60-C63/C62-/C62.91,Testicular Cancer
535,C67,,Malignant neoplasm of bladder,C67.4,Malignant neoplasm of anterior wall of bladder,ad023a63-e2b9-54e8-8915-6c4238ee562f,https://www.icd10data.com//ICD10CM/Codes/C00-D49/C64-C68/C67-/C67.4,Bladder Cancer
509,C62,,Malignant neoplasm of testis,C62.92,"Malignant neoplasm of left testis, unspecified whether descended or undescended",38bff1aa-fb5d-59b2-929b-fae4762ed7fa,https://www.icd10data.com//ICD10CM/Codes/C00-D49/C60-C63/C62-/C62.92,Testicular Cancer
510,C63,,Malignant neoplasm of other and unspecified male genital organs,C63.0,Malignant neoplasm of epididymis,08d1496e-595f-59a1-b79f-c5c70d968b09,https://www.icd10data.com//ICD10CM/Codes/C00-D49/C60-C63/C63-/C63.0,Male Genital Cancer
511,C63,,Malignant neoplasm of other and unspecified male genital organs,C63.00,Malignant neoplasm of unspecified epididymis,fdd4d43a-843e-5d6c-b3dd-e99ed0f9aac4,https://www.icd10data.com//ICD10CM/Codes/C00-D49/C60-C63/C63-/C63.00,Male Genital Cancer
512,C63,,Malignant neoplasm of other and unspecified male genital organs,C63.01,Malignant neoplasm of right epididymis,f667de88-3f9f-553a-a612-2eee85911023,https://www.icd10data.com//ICD10CM/Codes/C00-D49/C60-C63/C63-/C63.01,Male Genital Cancer
513,C63,,Malignant neoplasm of other and unspecified male genital organs,C63.02,Malignant neoplasm of left epididymis,bb19bcb5-5c52-5aeb-ab69-a73c164cf152,https://www.icd10data.com//ICD10CM/Codes/C00-D49/C60-C63/C63-/C63.02,Male Genital Cancer
514,C63,,Malignant neoplasm of other and unspecified male genital organs,C63.1,Malignant neoplasm of spermatic cord,42f86c4d-77a9-5a66-a362-8acf58c8dd29,https://www.icd10data.com//ICD10CM/Codes/C00-D49/C60-C63/C63-/C63.1,Male Genital Cancer
515,C63,,Malignant neoplasm of other and unspecified male genital organs,C63.10,Malignant neoplasm of unspecified spermatic cord,450794ad-c9ff-5af1-9d28-e5c3dea5d8e7,https://www.icd10data.com//ICD10CM/Codes/C00-D49/C60-C63/C63-/C63.10,Male Genital Cancer
516,C63,,Malignant neoplasm of other and unspecified male genital organs,C63.11,Malignant neoplasm of right spermatic cord,0cd9d6ac-0b0d-59d5-9667-5ea819edc3ff,https://www.icd10data.com//ICD10CM/Codes/C00-D49/C60-C63/C63-/C63.11,Male Genital Cancer
517,C63,,Malignant neoplasm of other and unspecified male genital organs,C63.12,Malignant neoplasm of left spermatic cord,207eea07-c668-52c7-8f71-fb719e40619e,https://www.icd10data.com//ICD10CM/Codes/C00-D49/C60-C63/C63-/C63.12,Male Genital Cancer
518,C63,,Malignant neoplasm of other and unspecified male genital organs,C63.2,Malignant neoplasm of scrotum,dad222c8-d1e6-566a-bc5d-b016b7cbefc4,https://www.icd10data.com//ICD10CM/Codes/C00-D49/C60-C63/C63-/C63.2,Male Genital Cancer
519,C63,,Malignant neoplasm of other and unspecified male genital organs,C63.7,Malignant neoplasm of other specified male genital organs,82a7c31b-760a-52ee-86ec-cae35a4ebd2b,https://www.icd10data.com//ICD10CM/Codes/C00-D49/C60-C63/C63-/C63.7,Male Genital Cancer
520,C63,,Malignant neoplasm of other and unspecified male genital organs,C63.8,Malignant neoplasm of overlapping sites of male genital organs,a2f42cd5-f889-56a3-9553-0ba4a8b25d8b,https://www.icd10data.com//ICD10CM/Codes/C00-D49/C60-C63/C63-/C63.8,Male Genital Cancer
521,C63,,Malignant neoplasm of other and unspecified male genital organs,C63.9,"Malignant neoplasm of male genital organ, unspecified",52d0d655-100a-5589-8ee0-3af848fb4e86,https://www.icd10data.com//ICD10CM/Codes/C00-D49/C60-C63/C63-/C63.9,Male Genital Cancer
522,C64,,"Malignant neoplasm of kidney, except renal pelvis",C64.1,"Malignant neoplasm of right kidney, except renal pelvis",e7ab3212-d5dd-50e5-9044-f0b5d8651561,https://www.icd10data.com//ICD10CM/Codes/C00-D49/C64-C68/C64-/C64.1,Kidney Cancer
523,C64,,"Malignant neoplasm of kidney, except renal pelvis",C64.2,"Malignant neoplasm of left kidney, except renal pelvis",9f2c1a04-853b-5e81-b322-19f78ed91081,https://www.icd10data.com//ICD10CM/Codes/C00-D49/C64-C68/C64-/C64.2,Kidney Cancer
524,C64,,"Malignant neoplasm of kidney, except renal pelvis",C64.9,"Malignant neoplasm of unspecified kidney, except renal pelvis",f410b4b0-11b2-577e-b7a7-cf97f96df88e,https://www.icd10data.com//ICD10CM/Codes/C00-D49/C64-C68/C64-/C64.9,Kidney Cancer
525,C65,,Malignant neoplasm of renal pelvis,C65.1,Malignant neoplasm of right renal pelvis,92f7c9d7-1c02-5a6e-84c9-e0d952d22069,https://www.icd10data.com//ICD10CM/Codes/C00-D49/C64-C68/C65-/C65.1,Renal Pelvis Cancer
526,C65,,Malignant neoplasm of renal pelvis,C65.2,Malignant neoplasm of left renal pelvis,49effb50-8a4a-54f0-b56d-4d465335a0a7,https://www.icd10data.com//ICD10CM/Codes/C00-D49/C64-C68/C65-/C65.2,Renal Pelvis Cancer
527,C65,,Malignant neoplasm of renal pelvis,C65.9,Malignant neoplasm of unspecified renal pelvis,766e70cf-64b4-5449-973e-0a3d058156a9,https://www.icd10data.com//ICD10CM/Codes/C00-D49/C64-C68/C65-/C65.9,Renal Pelvis Cancer
528,C66,,Malignant neoplasm of ureter,C66.1,Malignant neoplasm of right ureter,0623b824-de7f-5ea5-b6f7-3ce8515a94b9,https://www.icd10data.com//ICD10CM/Codes/C00-D49/C64-C68/C66-/C66.1,Ureter Cancer
529,C66,,Malignant neoplasm of ureter,C66.2,Malignant neoplasm of left ureter,eecd31c2-d001-50ca-893a-2b3135426e03,https://www.icd10data.com//ICD10CM/Codes/C00-D49/C64-C68/C66-/C66.2,Ureter Cancer
530,C66,,Malignant neoplasm of ureter,C66.9,Malignant neoplasm of unspecified ureter,ba494585-c816-5cb9-8a27-ee97b63121f7,https://www.icd10data.com//ICD10CM/Codes/C00-D49/C64-C68/C66-/C66.9,Ureter Cancer
531,C67,,Malignant neoplasm of bladder,C67.0,Malignant neoplasm of trigone of bladder,d8a36bdc-6ca1-5815-83f2-4941a4e2b155,https://www.icd10data.com//ICD10CM/Codes/C00-D49/C64-C68/C67-/C67.0,Bladder Cancer
532,C67,,Malignant neoplasm of bladder,C67.1,Malignant neoplasm of dome of bladder,be2132cf-0dd8-58e2-b780-b152c3761dc5,https://www.icd10data.com//ICD10CM/Codes/C00-D49/C64-C68/C67-/C67.1,Bladder Cancer
533,C67,,Malignant neoplasm of bladder,C67.2,Malignant neoplasm of lateral wall of bladder,ca30b324-c389-5449-8804-3674611ba587,https://www.icd10data.com//ICD10CM/Codes/C00-D49/C64-C68/C67-/C67.2,Bladder Cancer
534,C67,,Malignant neoplasm of bladder,C67.3,Malignant neoplasm of anterior wall of bladder,6eea9bcf-b594-5050-be29-313cfaa619f2,https://www.icd10data.com//ICD10CM/Codes/C00-D49/C64-C68/C67-/C67.3,Bladder Cancer
536,C67,,Malignant neoplasm of bladder,C67.5,Malignant neoplasm of bladder neck,2b5a9740-4aa1-57df-8181-28540f93f477,https://www.icd10data.com//ICD10CM/Codes/C00-D49/C64-C68/C67-/C67.5,Bladder Cancer
537,C67,,Malignant neoplasm of bladder,C67.6,Malignant neoplasm of ureteric orifice,d7feec54-419e-541d-98c7-51f49eeff1b4,https://www.icd10data.com//ICD10CM/Codes/C00-D49/C64-C68/C67-/C67.6,Bladder Cancer
538,C67,,Malignant neoplasm of bladder,C67.7,Malignant neoplasm of urachus,43d682ce-3b49-5d3e-ba8c-4e102e019d9d,https://www.icd10data.com//ICD10CM/Codes/C00-D49/C64-C68/C67-/C67.7,Bladder Cancer
539,C67,,Malignant neoplasm of bladder,C67.8,Malignant neoplasm of overlapping sites of bladder,d9410a10-a164-5692-8de3-d42f4f507fef,https://www.icd10data.com//ICD10CM/Codes/C00-D49/C64-C68/C67-/C67.8,Bladder Cancer
540,C67,,Malignant neoplasm of bladder,C67.9,"Malignant neoplasm of bladder, unspecified",e7eff44c-db36-52b1-86f8-0c4b8b67aa60,https://www.icd10data.com//ICD10CM/Codes/C00-D49/C64-C68/C67-/C67.9,Bladder Cancer
541,C69,,Malignant neoplasm of eye and adnexa,C69.0,Malignant neoplasm of conjunctiva,3450874d-9976-556b-8d1f-52107bc753c3,https://www.icd10data.com//ICD10CM/Codes/C00-D49/C69-C72/C69-/C69.0,Eye Cancer
542,C69,,Malignant neoplasm of eye and adnexa,C69.00,Malignant neoplasm of unspecified conjunctiva,ac4644b3-ad63-54e1-9221-b4c014ad5d1c,https://www.icd10data.com//ICD10CM/Codes/C00-D49/C69-C72/C69-/C69.00,Eye Cancer
543,C69,,Malignant neoplasm of eye and adnexa,C69.01,Malignant neoplasm of right conjunctiva,e2fc0e5f-0594-5c61-a66e-684f4c711c36,https://www.icd10data.com//ICD10CM/Codes/C00-D49/C69-C72/C69-/C69.01,Eye Cancer
544,C69,,Malignant neoplasm of eye and adnexa,C69.02,Malignant neoplasm of left conjunctiva,2dbe8789-9467-5069-8797-b704ad644a7e,https://www.icd10data.com//ICD10CM/Codes/C00-D49/C69-C72/C69-/C69.02,Eye Cancer
545,C69,,Malignant neoplasm of eye and adnexa,C69.1,Malignant neoplasm of cornea,baa3e8e3-8505-5f77-b0da-de4a919be36f,https://www.icd10data.com//ICD10CM/Codes/C00-D49/C69-C72/C69-/C69.1,Eye Cancer
546,C69,,Malignant neoplasm of eye and adnexa,C69.10,Malignant neoplasm of unspecified cornea,e8807c3c-3752-579c-bc82-d0397c367193,https://www.icd10data.com//ICD10CM/Codes/C00-D49/C69-C72/C69-/C69.10,Eye Cancer
547,C69,,Malignant neoplasm of eye and adnexa,C69.11,Malignant neoplasm of right cornea,4816ab1c-1bfe-523d-91a5-8463201c9f64,https://www.icd10data.com//ICD10CM/Codes/C00-D49/C69-C72/C69-/C69.11,Eye Cancer
548,C69,,Malignant neoplasm of eye and adnexa,C69.12,Malignant neoplasm of left cornea,28bea636-3748-585c-9d55-f88e67d17a19,https://www.icd10data.com//ICD10CM/Codes/C00-D49/C69-C72/C69-/C69.12,Eye Cancer
550,C69,,Malignant neoplasm of eye and adnexa,C69.20,Malignant neoplasm of unspecified retina,d589098b-5d44-57e6-b5bf-698bb0f3e8e7,https://www.icd10data.com//ICD10CM/Codes/C00-D49/C69-C72/C69-/C69.20,Eye Cancer
551,C69,,Malignant neoplasm of eye and adnexa,C69.21,Malignant neoplasm of right retina,76b5189f-47dd-5854-b796-c8468eff985b,https://www.icd10data.com//ICD10CM/Codes/C00-D49/C69-C72/C69-/C69.21,Eye Cancer
552,C69,,Malignant neoplasm of eye and adnexa,C69.22,Malignant neoplasm of left retina,5aa8cfaf-0c48-5071-a464-6dee08861bc8,https://www.icd10data.com//ICD10CM/Codes/C00-D49/C69-C72/C69-/C69.22,Eye Cancer
553,C69,,Malignant neoplasm of eye and adnexa,C69.3,Malignant neoplasm of choroid,0b4e0647-1dcb-538a-b50d-2c8dfa77fa38,https://www.icd10data.com//ICD10CM/Codes/C00-D49/C69-C72/C69-/C69.3,Eye Cancer
554,C69,,Malignant neoplasm of eye and adnexa,C69.30,Malignant neoplasm of unspecified choroid,7ff20be5-ecde-5973-ad6c-72ef39b4ba4c,https://www.icd10data.com//ICD10CM/Codes/C00-D49/C69-C72/C69-/C69.30,Eye Cancer
555,C69,,Malignant neoplasm of eye and adnexa,C69.31,Malignant neoplasm of right choroid,1ca62655-e262-5be2-9a2b-4bfe504a041c,https://www.icd10data.com//ICD10CM/Codes/C00-D49/C69-C72/C69-/C69.31,Eye Cancer
556,C69,,Malignant neoplasm of eye and adnexa,C69.32,Malignant neoplasm of left choroid,22b80de2-fb6e-5963-ade8-431130bbf029,https://www.icd10data.com//ICD10CM/Codes/C00-D49/C69-C72/C69-/C69.32,Eye Cancer
557,C69,,Malignant neoplasm of eye and adnexa,C69.4,Malignant neoplasm of ciliary body,add0b964-9b8c-5529-9980-8f62b5480093,https://www.icd10data.com//ICD10CM/Codes/C00-D49/C69-C72/C69-/C69.4,Eye Cancer
558,C69,,Malignant neoplasm of eye and adnexa,C69.40,Malignant neoplasm of unspecified ciliary body,ebf33645-cfce-5ad6-ba33-7f586ccc60a6,https://www.icd10data.com//ICD10CM/Codes/C00-D49/C69-C72/C69-/C69.40,Eye Cancer
559,C69,,Malignant neoplasm of eye and adnexa,C69.41,Malignant neoplasm of right ciliary body,860d9f95-3950-55c6-b1fc-2f6d674209dd,https://www.icd10data.com//ICD10CM/Codes/C00-D49/C69-C72/C69-/C69.41,Eye Cancer
560,C69,,Malignant neoplasm of eye and adnexa,C69.42,Malignant neoplasm of left ciliary body,6169c6f8-084a-55b6-b275-4459a09c1b0c,https://www.icd10data.com//ICD10CM/Codes/C00-D49/C69-C72/C69-/C69.42,Eye Cancer
561,C69,,Malignant neoplasm of eye and adnexa,C69.5,Malignant neoplasm of lacrimal gland and duct,0ee29354-a05b-5424-a1e4-78a36638185d,https://www.icd10data.com//ICD10CM/Codes/C00-D49/C69-C72/C69-/C69.5,Eye Cancer
562,C69,,Malignant neoplasm of eye and adnexa,C69.50,Malignant neoplasm of unspecified lacrimal gland and duct,631353f4-3af2-529b-8f42-ddc038c21949,https://www.icd10data.com//ICD10CM/Codes/C00-D49/C69-C72/C69-/C69.50,Eye Cancer
563,C69,,Malignant neoplasm of eye and adnexa,C69.51,Malignant neoplasm of right lacrimal gland and duct,14d83abd-6bd5-5867-9035-4ffdd4cfe560,https://www.icd10data.com//ICD10CM/Codes/C00-D49/C69-C72/C69-/C69.51,Eye Cancer
564,C69,,Malignant neoplasm of eye and adnexa,C69.52,Malignant neoplasm of left lacrimal gland and duct,9dbe08af-c199-5f3d-907f-575e717f5631,https://www.icd10data.com//ICD10CM/Codes/C00-D49/C69-C72/C69-/C69.52,Eye Cancer
565,C69,,Malignant neoplasm of eye and adnexa,C69.6,Malignant neoplasm of orbit,e9518608-619f-5043-abb7-8889968a912f,https://www.icd10data.com//ICD10CM/Codes/C00-D49/C69-C72/C69-/C69.6,Eye Cancer
566,C69,,Malignant neoplasm of eye and adnexa,C69.60,Malignant neoplasm of unspecified orbit,2a115b8b-1992-5a29-a2f4-73440a18efd2,https://www.icd10data.com//ICD10CM/Codes/C00-D49/C69-C72/C69-/C69.60,Eye Cancer
567,C69,,Malignant neoplasm of eye and adnexa,C69.61,Malignant neoplasm of right orbit,5350d6e7-8ace-5257-8310-d381d0590a20,https://www.icd10data.com//ICD10CM/Codes/C00-D49/C69-C72/C69-/C69.61,Eye Cancer
568,C69,,Malignant neoplasm of eye and adnexa,C69.62,Malignant neoplasm of left orbit,6f816eb3-4c7e-5af4-865b-6981083f19a6,https://www.icd10data.com//ICD10CM/Codes/C00-D49/C69-C72/C69-/C69.62,Eye Cancer
569,C69,,Malignant neoplasm of eye and adnexa,C69.8,Malignant neoplasm of overlapping sites of eye and adnexa,d8fdf3a2-5be3-5afc-b87e-1b56b9d317df,https://www.icd10data.com//ICD10CM/Codes/C00-D49/C69-C72/C69-/C69.8,Eye Cancer
570,C69,,Malignant neoplasm of eye and adnexa,C69.80,Malignant neoplasm of overlapping sites of unspecified eye and adnexa,9ec795af-45dc-51ec-ba66-3d38c4d5c9b7,https://www.icd10data.com//ICD10CM/Codes/C00-D49/C69-C72/C69-/C69.80,Eye Cancer
571,C69,,Malignant neoplasm of eye and adnexa,C69.81,Malignant neoplasm of overlapping sites of right eye and adnexa,c7d52dfa-3595-5d70-8345-4e82a9f34ea4,https://www.icd10data.com//ICD10CM/Codes/C00-D49/C69-C72/C69-/C69.81,Eye Cancer
572,C69,,Malignant neoplasm of eye and adnexa,C69.82,Malignant neoplasm of overlapping sites of left eye and adnexa,04720f64-88ff-54f0-ae90-0175479c564a,https://www.icd10data.com//ICD10CM/Codes/C00-D49/C69-C72/C69-/C69.82,Eye Cancer
573,C69,,Malignant neoplasm of eye and adnexa,C69.9,Malignant neoplasm of unspecified site of eye,79ed130b-1861-5850-aa9c-6283a544ae27,https://www.icd10data.com//ICD10CM/Codes/C00-D49/C69-C72/C69-/C69.9,Eye Cancer
574,C69,,Malignant neoplasm of eye and adnexa,C69.90,Malignant neoplasm of unspecified site of unspecified eye,7929baf7-07cd-5032-87f3-7db3fc15e67e,https://www.icd10data.com//ICD10CM/Codes/C00-D49/C69-C72/C69-/C69.90,Eye Cancer
575,C69,,Malignant neoplasm of eye and adnexa,C69.91,Malignant neoplasm of unspecified site of right eye,8cc5e98d-e2f4-53ee-abda-37f22b6ec17e,https://www.icd10data.com//ICD10CM/Codes/C00-D49/C69-C72/C69-/C69.91,Eye Cancer
576,C69,,Malignant neoplasm of eye and adnexa,C69.92,Malignant neoplasm of unspecified site of left eye,ada987b6-3906-599e-a2f7-06a12a82b44d,https://www.icd10data.com//ICD10CM/Codes/C00-D49/C69-C72/C69-/C69.92,Eye Cancer
577,C70,,Malignant neoplasm of meninges,C70.0,Malignant neoplasm of cerebral meninges,93aef870-1138-5e51-8443-27de7a90b405,https://www.icd10data.com//ICD10CM/Codes/C00-D49/C69-C72/C70-/C70.0,Meningeal Cancer
579,C70,,Malignant neoplasm of meninges,C70.9,"Malignant neoplasm of meninges, unspecified",43e42a0d-687b-5ba5-a0cd-b202f043acb8,https://www.icd10data.com//ICD10CM/Codes/C00-D49/C69-C72/C70-/C70.9,Meningeal Cancer
580,C71,,Malignant neoplasm of brain,C71.0,"Malignant neoplasm of cerebrum, except lobes and ventricles",26bffaa5-d43b-51f8-aa2c-fa9caab99249,https://www.icd10data.com//ICD10CM/Codes/C00-D49/C69-C72/C71-/C71.0,Brain Cancer
581,C71,,Malignant neoplasm of brain,C71.1,Malignant neoplasm of frontal lobe,7a559d81-9b11-58de-ad8b-ff7adc184a8b,https://www.icd10data.com//ICD10CM/Codes/C00-D49/C69-C72/C71-/C71.1,Brain Cancer
582,C71,,Malignant neoplasm of brain,C71.2,Malignant neoplasm of temporal lobe,9aba6982-252c-51f9-8e4d-c741baa834c1,https://www.icd10data.com//ICD10CM/Codes/C00-D49/C69-C72/C71-/C71.2,Brain Cancer
583,C71,,Malignant neoplasm of brain,C71.3,Malignant neoplasm of parietal lobe,a5585b91-2e73-55d7-a556-3848ac869630,https://www.icd10data.com//ICD10CM/Codes/C00-D49/C69-C72/C71-/C71.3,Brain Cancer
584,C71,,Malignant neoplasm of brain,C71.4,Malignant neoplasm of occipital lobe,e6fa33fa-858c-5ce3-bcd4-34b3e3b2568e,https://www.icd10data.com//ICD10CM/Codes/C00-D49/C69-C72/C71-/C71.4,Brain Cancer
585,C71,,Malignant neoplasm of brain,C71.5,Malignant neoplasm of cerebral ventricle,6de2ad9c-9ba5-5998-904b-8b2bc2aa4100,https://www.icd10data.com//ICD10CM/Codes/C00-D49/C69-C72/C71-/C71.5,Brain Cancer
586,C71,,Malignant neoplasm of brain,C71.6,Malignant neoplasm of cerebellum,37f8f366-2f08-5415-9454-fff55bd1f9ff,https://www.icd10data.com//ICD10CM/Codes/C00-D49/C69-C72/C71-/C71.6,Brain Cancer
587,C71,,Malignant neoplasm of brain,C71.7,Malignant neoplasm of brain stem,3a3dffde-4417-5bac-a773-8ea07a46e17a,https://www.icd10data.com//ICD10CM/Codes/C00-D49/C69-C72/C71-/C71.7,Brain Cancer
588,C71,,Malignant neoplasm of brain,C71.8,Malignant neoplasm of overlapping sites of brain,96005e21-73e0-5578-83d3-b95ec0278e76,https://www.icd10data.com//ICD10CM/Codes/C00-D49/C69-C72/C71-/C71.8,Brain Cancer
589,C71,,Malignant neoplasm of brain,C71.9,"Malignant neoplasm of brain, unspecified",dfb650a5-3df1-5e98-a599-463866fee357,https://www.icd10data.com//ICD10CM/Codes/C00-D49/C69-C72/C71-/C71.9,Brain Cancer
590,C72,,"Malignant neoplasm of spinal cord, cranial nerves and other parts of central nervous system",C72.0,Malignant neoplasm of spinal cord,e4a88e4e-9f9e-5a63-9724-9cf3f6490d61,https://www.icd10data.com//ICD10CM/Codes/C00-D49/C69-C72/C72-/C72.0,Spinal Cord Cancer
591,C72,,"Malignant neoplasm of spinal cord, cranial nerves and other parts of central nervous system",C72.1,Malignant neoplasm of cauda equina,57e46ee2-3155-5db8-bc4e-0146087a403f,https://www.icd10data.com//ICD10CM/Codes/C00-D49/C69-C72/C72-/C72.1,Spinal Cord Cancer
595,C72,,"Malignant neoplasm of spinal cord, cranial nerves and other parts of central nervous system",C72.22,Malignant neoplasm of left olfactory nerve,8db9d07f-5e4e-517a-b479-b7ecc5f60726,https://www.icd10data.com//ICD10CM/Codes/C00-D49/C69-C72/C72-/C72.22,Spinal Cord Cancer
596,C72,,"Malignant neoplasm of spinal cord, cranial nerves and other parts of central nervous system",C72.3,Malignant neoplasm of optic nerve,0475f85a-6ea9-5182-a295-52656a1e9747,https://www.icd10data.com//ICD10CM/Codes/C00-D49/C69-C72/C72-/C72.3,Spinal Cord Cancer
597,C72,,"Malignant neoplasm of spinal cord, cranial nerves and other parts of central nervous system",C72.30,Malignant neoplasm of unspecified optic nerve,f74f881c-aadd-517f-be0d-337fbf8fe4c8,https://www.icd10data.com//ICD10CM/Codes/C00-D49/C69-C72/C72-/C72.30,Spinal Cord Cancer
598,C72,,"Malignant neoplasm of spinal cord, cranial nerves and other parts of central nervous system",C72.31,Malignant neoplasm of right optic nerve,5f64bfe5-946a-510a-ae2f-eee3e6d8d748,https://www.icd10data.com//ICD10CM/Codes/C00-D49/C69-C72/C72-/C72.31,Spinal Cord Cancer
599,C72,,"Malignant neoplasm of spinal cord, cranial nerves and other parts of central nervous system",C72.32,Malignant neoplasm of left optic nerve,2979727c-4711-5909-ab77-b8f8d30841b6,https://www.icd10data.com//ICD10CM/Codes/C00-D49/C69-C72/C72-/C72.32,Spinal Cord Cancer
600,C72,,"Malignant neoplasm of spinal cord, cranial nerves and other parts of central nervous system",C72.4,Malignant neoplasm of acoustic nerve,096c9c5b-0855-55cb-80d0-a03b9540d7bd,https://www.icd10data.com//ICD10CM/Codes/C00-D49/C69-C72/C72-/C72.4,Spinal Cord Cancer
601,C72,,"Malignant neoplasm of spinal cord, cranial nerves and other parts of central nervous system",C72.40,Malignant neoplasm of unspecified acoustic nerve,12803b0d-61fe-5fd1-9e73-059eb64e282a,https://www.icd10data.com//ICD10CM/Codes/C00-D49/C69-C72/C72-/C72.40,Spinal Cord Cancer
602,C72,,"Malignant neoplasm of spinal cord, cranial nerves and other parts of central nervous system",C72.41,Malignant neoplasm of right acoustic nerve,ed61bcc0-3014-54cf-9364-50fe2aee5435,https://www.icd10data.com//ICD10CM/Codes/C00-D49/C69-C72/C72-/C72.41,Spinal Cord Cancer
603,C72,,"Malignant neoplasm of spinal cord, cranial nerves and other parts of central nervous system",C72.42,Malignant neoplasm of left acoustic nerve,04f7dd0a-60a3-54f0-b9e6-8e0736cba305,https://www.icd10data.com//ICD10CM/Codes/C00-D49/C69-C72/C72-/C72.42,Spinal Cord Cancer
604,C72,,"Malignant neoplasm of spinal cord, cranial nerves and other parts of central nervous system",C72.5,Malignant neoplasm of other and unspecified cranial nerves,5d52dcd3-ff71-5e40-acee-4fdded8cdf09,https://www.icd10data.com//ICD10CM/Codes/C00-D49/C69-C72/C72-/C72.5,Spinal Cord Cancer
605,C72,,"Malignant neoplasm of spinal cord, cranial nerves and other parts of central nervous system",C72.50,Malignant neoplasm of unspecified cranial nerve,23de0694-0c1b-589f-8a0c-2329ec4e1ffa,https://www.icd10data.com//ICD10CM/Codes/C00-D49/C69-C72/C72-/C72.50,Spinal Cord Cancer
606,C72,,"Malignant neoplasm of spinal cord, cranial nerves and other parts of central nervous system",C72.59,Malignant neoplasm of other cranial nerves,4c6a070f-dfc1-51cc-b7bf-aeeb87a94f3e,https://www.icd10data.com//ICD10CM/Codes/C00-D49/C69-C72/C72-/C72.59,Spinal Cord Cancer
607,C72,,"Malignant neoplasm of spinal cord, cranial nerves and other parts of central nervous system",C72.9,"Malignant neoplasm of central nervous system, unspecified",4190a5f9-e265-5190-8ef9-2c47920f5f1a,https://www.icd10data.com//ICD10CM/Codes/C00-D49/C69-C72/C72-/C72.9,Spinal Cord Cancer
608,C74,,Malignant neoplasm of adrenal gland,C74.0,Malignant neoplasm of cortex of adrenal gland,7619f6de-63dc-5b6d-940b-70a67a05e650,https://www.icd10data.com//ICD10CM/Codes/C00-D49/C73-C75/C74-/C74.0,Adrenal Cancer
609,C74,,Malignant neoplasm of adrenal gland,C74.00,Malignant neoplasm of cortex of unspecified adrenal gland,dfe3f0df-047e-585f-8d1a-54a3f6d04b11,https://www.icd10data.com//ICD10CM/Codes/C00-D49/C73-C75/C74-/C74.00,Adrenal Cancer
610,C74,,Malignant neoplasm of adrenal gland,C74.01,Malignant neoplasm of cortex of right adrenal gland,27d34c4c-c7b2-5dce-85f5-8465c19a74e8,https://www.icd10data.com//ICD10CM/Codes/C00-D49/C73-C75/C74-/C74.01,Adrenal Cancer
611,C74,,Malignant neoplasm of adrenal gland,C74.02,Malignant neoplasm of cortex of left adrenal gland,82307085-edc0-541c-a994-32484e856d7a,https://www.icd10data.com//ICD10CM/Codes/C00-D49/C73-C75/C74-/C74.02,Adrenal Cancer
612,C74,,Malignant neoplasm of adrenal gland,C74.1,Malignant neoplasm of medulla of adrenal gland,a038b326-1a42-5e02-9477-fbcedee362f4,https://www.icd10data.com//ICD10CM/Codes/C00-D49/C73-C75/C74-/C74.1,Adrenal Cancer
613,C74,,Malignant neoplasm of adrenal gland,C74.10,Malignant neoplasm of medulla of unspecified adrenal gland,714b0259-3c02-53bb-9dd0-4cbd5870e7c1,https://www.icd10data.com//ICD10CM/Codes/C00-D49/C73-C75/C74-/C74.10,Adrenal Cancer
614,C74,,Malignant neoplasm of adrenal gland,C74.11,Malignant neoplasm of medulla of right adrenal gland,2cfa2210-19cd-539a-af3f-54a20a4cf2aa,https://www.icd10data.com//ICD10CM/Codes/C00-D49/C73-C75/C74-/C74.11,Adrenal Cancer
615,C74,,Malignant neoplasm of adrenal gland,C74.12,Malignant neoplasm of medulla of left adrenal gland,7a790535-c0e9-5af8-804c-56b6bc54f42e,https://www.icd10data.com//ICD10CM/Codes/C00-D49/C73-C75/C74-/C74.12,Adrenal Cancer
616,C74,,Malignant neoplasm of adrenal gland,C74.9,Malignant neoplasm of unspecified part of adrenal gland,4e37f623-7fc9-592b-9104-9e4f5f052f1e,https://www.icd10data.com//ICD10CM/Codes/C00-D49/C73-C75/C74-/C74.9,Adrenal Cancer
617,C74,,Malignant neoplasm of adrenal gland,C74.90,Malignant neoplasm of unspecified part of unspecified adrenal gland,7253f3b3-f8c4-5689-8f5d-a2a25f455965,https://www.icd10data.com//ICD10CM/Codes/C00-D49/C73-C75/C74-/C74.90,Adrenal Cancer
618,C74,,Malignant neoplasm of adrenal gland,C74.91,Malignant neoplasm of unspecified part of right adrenal gland,a29e7d29-6787-5c41-afcb-4de4e78eeac8,https://www.icd10data.com//ICD10CM/Codes/C00-D49/C73-C75/C74-/C74.91,Adrenal Cancer
619,C74,,Malignant neoplasm of adrenal gland,C74.92,Malignant neoplasm of unspecified part of left adrenal gland,60a00026-d5c0-5766-99b2-3edd76686f7d,https://www.icd10data.com//ICD10CM/Codes/C00-D49/C73-C75/C74-/C74.92,Adrenal Cancer
620,C75,,Malignant neoplasm of other endocrine glands and related structures,C75.0,Malignant neoplasm of parathyroid gland,fc580665-abb1-5315-b3ce-2492642ef59b,https://www.icd10data.com//ICD10CM/Codes/C00-D49/C73-C75/C75-/C75.0,Endocrine Gland Cancer
621,C75,,Malignant neoplasm of other endocrine glands and related structures,C75.1,Malignant neoplasm of pituitary gland,cef60c82-cc02-5269-9dcc-4e4bafb8eaed,https://www.icd10data.com//ICD10CM/Codes/C00-D49/C73-C75/C75-/C75.1,Endocrine Gland Cancer
622,C75,,Malignant neoplasm of other endocrine glands and related structures,C75.2,Malignant neoplasm of craniopharyngeal duct,3690df7b-ba8c-5dfa-90c3-7bdf9fb3eb8e,https://www.icd10data.com//ICD10CM/Codes/C00-D49/C73-C75/C75-/C75.2,Endocrine Gland Cancer
623,C75,,Malignant neoplasm of other endocrine glands and related structures,C75.3,Malignant neoplasm of pineal gland,541c908a-102e-5abc-8ac8-9c9760c7cdd3,https://www.icd10data.com//ICD10CM/Codes/C00-D49/C73-C75/C75-/C75.3,Endocrine Gland Cancer
624,C75,,Malignant neoplasm of other endocrine glands and related structures,C75.4,Malignant neoplasm of carotid body,d6f05abe-fde5-541d-a95d-34eef5178e2e,https://www.icd10data.com//ICD10CM/Codes/C00-D49/C73-C75/C75-/C75.4,Endocrine Gland Cancer
625,C75,,Malignant neoplasm of other endocrine glands and related structures,C75.5,Malignant neoplasm of aortic body and other paraganglia,c7a8596a-d6fe-5461-aa4e-d4b5ee92b98e,https://www.icd10data.com//ICD10CM/Codes/C00-D49/C73-C75/C75-/C75.5,Endocrine Gland Cancer
1013,C85,,Other specified and unspecified types of non-Hodgkin lymphoma,C85.11,"Unspecified B-cell lymphoma lymph nodes of head, face, and neck",9aca9a06-4f12-53e6-bff9-54a0cb2a1b43,https://www.icd10data.com//ICD10CM/Codes/C00-D49/C81-C96/C85-/C85.11,Lymphoma
626,C75,,Malignant neoplasm of other endocrine glands and related structures,C75.8,"Malignant neoplasm with pluriglandular involvement, unspecified",34420e87-7fef-50f9-b535-161e6ff0b50a,https://www.icd10data.com//ICD10CM/Codes/C00-D49/C73-C75/C75-/C75.8,Endocrine Gland Cancer
627,C75,,Malignant neoplasm of other endocrine glands and related structures,C75.9,"Malignant neoplasm of endocrine gland, unspecified",893806d9-ea75-585b-82ca-257b5b9e24c1,https://www.icd10data.com//ICD10CM/Codes/C00-D49/C73-C75/C75-/C75.9,Endocrine Gland Cancer
628,C77,,Secondary and unspecified malignant neoplasm of lymph nodes,C77.0,"Secondary and unspecified malignant neoplasm of lymph nodes of head, face and neck",8a3d9799-7879-5e76-b0ce-669fbd063fc9,https://www.icd10data.com//ICD10CM/Codes/C00-D49/C76-C80/C77-/C77.0,Lymph Node Cancer
629,C77,,Secondary and unspecified malignant neoplasm of lymph nodes,C77.1,Secondary and unspecified malignant neoplasm of intrathoracic lymph nodes,58c41def-717b-544a-8ea5-972b646bbb17,https://www.icd10data.com//ICD10CM/Codes/C00-D49/C76-C80/C77-/C77.1,Lymph Node Cancer
630,C77,,Secondary and unspecified malignant neoplasm of lymph nodes,C77.2,Secondary and unspecified malignant neoplasm of intra-abdominal lymph nodes,4e49f887-4ff3-5c58-b479-ac4a7d958276,https://www.icd10data.com//ICD10CM/Codes/C00-D49/C76-C80/C77-/C77.2,Lymph Node Cancer
631,C77,,Secondary and unspecified malignant neoplasm of lymph nodes,C77.3,Secondary and unspecified malignant neoplasm of axilla and upper limb lymph nodes,66e97cc1-c254-5feb-bb7c-5e8a6cc4cb4a,https://www.icd10data.com//ICD10CM/Codes/C00-D49/C76-C80/C77-/C77.3,Lymph Node Cancer
632,C77,,Secondary and unspecified malignant neoplasm of lymph nodes,C77.4,Secondary and unspecified malignant neoplasm of inguinal and lower limb lymph nodes,ed36f4c9-6b01-5d23-b037-921b3ea97023,https://www.icd10data.com//ICD10CM/Codes/C00-D49/C76-C80/C77-/C77.4,Lymph Node Cancer
633,C77,,Secondary and unspecified malignant neoplasm of lymph nodes,C77.5,Secondary and unspecified malignant neoplasm of intrapelvic lymph nodes,be265eb1-3867-5ca2-9b42-8bec1990db1f,https://www.icd10data.com//ICD10CM/Codes/C00-D49/C76-C80/C77-/C77.5,Lymph Node Cancer
634,C77,,Secondary and unspecified malignant neoplasm of lymph nodes,C77.8,Secondary and unspecified malignant neoplasm of lymph nodes of multiple regions,1914a0f4-631f-568c-8ef9-a25349251469,https://www.icd10data.com//ICD10CM/Codes/C00-D49/C76-C80/C77-/C77.8,Lymph Node Cancer
635,C77,,Secondary and unspecified malignant neoplasm of lymph nodes,C77.9,"Secondary and unspecified malignant neoplasm of lymph node, unspecified",cc9e4548-a740-5dde-b8d3-a95cd5c234fd,https://www.icd10data.com//ICD10CM/Codes/C00-D49/C76-C80/C77-/C77.9,Lymph Node Cancer
636,C81,,Hodgkin lymphoma,C81.0,Nodular lymphocyte predominant Hodgkin lymphoma,4aee0f4d-792e-5550-a41d-5e0a34907ef4,https://www.icd10data.com//ICD10CM/Codes/C00-D49/C81-C96/C81-/C81.0,Hodgkin Lymphoma
637,C81,,Hodgkin lymphoma,C81.00,Nodular lymphocyte predominant Hodgkin lymphoma unspecified site,411ad9f8-f4b2-5542-98cd-525525ce5ab7,https://www.icd10data.com//ICD10CM/Codes/C00-D49/C81-C96/C81-/C81.00,Hodgkin Lymphoma
921,C84,,Mature T/NK-cell lymphomas,C84.06,Mycosis fungoides intrapelvic lymph nodes,541143a8-bced-5729-b830-26cc296555e9,https://www.icd10data.com//ICD10CM/Codes/C00-D49/C81-C96/C84-/C84.06,T/NK-Cell Lymphoma
638,C81,,Hodgkin lymphoma,C81.01,"Nodular lymphocyte predominant Hodgkin lymphoma lymph nodes of head, face, and neck",685148b6-d30c-5243-91c7-c35002962e5c,https://www.icd10data.com//ICD10CM/Codes/C00-D49/C81-C96/C81-/C81.01,Hodgkin Lymphoma
639,C81,,Hodgkin lymphoma,C81.02,Nodular lymphocyte predominant Hodgkin lymphoma intrathoracic lymph nodes,89b0295e-bd3f-50b9-a3a6-d44974db244d,https://www.icd10data.com//ICD10CM/Codes/C00-D49/C81-C96/C81-/C81.02,Hodgkin Lymphoma
640,C81,,Hodgkin lymphoma,C81.03,Nodular lymphocyte predominant Hodgkin lymphoma intra-abdominal lymph nodes,ce567fb2-8b73-5f75-940f-5aef52c5fa02,https://www.icd10data.com//ICD10CM/Codes/C00-D49/C81-C96/C81-/C81.03,Hodgkin Lymphoma
641,C81,,Hodgkin lymphoma,C81.04,Nodular lymphocyte predominant Hodgkin lymphoma lymph nodes of axilla and upper limb,f62101c7-bbea-54f1-85d6-874c3c3c12c6,https://www.icd10data.com//ICD10CM/Codes/C00-D49/C81-C96/C81-/C81.04,Hodgkin Lymphoma
642,C81,,Hodgkin lymphoma,C81.05,Nodular lymphocyte predominant Hodgkin lymphoma lymph nodes of inguinal region and lower limb,44b20bd7-02a7-5ae1-9398-27d8e3dee0be,https://www.icd10data.com//ICD10CM/Codes/C00-D49/C81-C96/C81-/C81.05,Hodgkin Lymphoma
643,C81,,Hodgkin lymphoma,C81.06,Nodular lymphocyte predominant Hodgkin lymphoma intrapelvic lymph nodes,b1b180d9-04b8-562d-9c7b-6943582912a9,https://www.icd10data.com//ICD10CM/Codes/C00-D49/C81-C96/C81-/C81.06,Hodgkin Lymphoma
644,C81,,Hodgkin lymphoma,C81.07,Nodular lymphocyte predominant Hodgkin lymphoma spleen,b8834282-dd96-5bd6-b6d8-ce34a5c8f451,https://www.icd10data.com//ICD10CM/Codes/C00-D49/C81-C96/C81-/C81.07,Hodgkin Lymphoma
1229,C94,,Other leukemias of specified cell type,C94.81,Other specified leukemias in remission,3d021313-660f-57b9-bad0-67b991aebf57,https://www.icd10data.com//ICD10CM/Codes/C00-D49/C81-C96/C94-/C94.81,Leukemia
645,C81,,Hodgkin lymphoma,C81.08,Nodular lymphocyte predominant Hodgkin lymphoma lymph nodes of multiple sites,55f1508e-86b2-57b2-b6fe-98c5c5117290,https://www.icd10data.com//ICD10CM/Codes/C00-D49/C81-C96/C81-/C81.08,Hodgkin Lymphoma
646,C81,,Hodgkin lymphoma,C81.09,Nodular lymphocyte predominant Hodgkin lymphoma extranodal and solid organ sites,71a26e8e-f422-561d-b31e-08adc3695ccc,https://www.icd10data.com//ICD10CM/Codes/C00-D49/C81-C96/C81-/C81.09,Hodgkin Lymphoma
647,C81,,Hodgkin lymphoma,C81.0A,Nodular lymphocyte predominant Hodgkin lymphoma in remission,b775ed54-2e9d-5b27-9167-d912b1c8a8b4,https://www.icd10data.com//ICD10CM/Codes/C00-D49/C81-C96/C81-/C81.0A,Hodgkin Lymphoma
648,C81,,Hodgkin lymphoma,C81.1,Nodular sclerosis Hodgkin lymphoma,c1bf3278-0c66-5f8f-989d-81186f944127,https://www.icd10data.com//ICD10CM/Codes/C00-D49/C81-C96/C81-/C81.1,Hodgkin Lymphoma
649,C81,,Hodgkin lymphoma,C81.10,Nodular sclerosis Hodgkin lymphoma unspecified site,55dc3992-7f8e-553b-8df2-93b857c406ea,https://www.icd10data.com//ICD10CM/Codes/C00-D49/C81-C96/C81-/C81.10,Hodgkin Lymphoma
650,C81,,Hodgkin lymphoma,C81.11,"Nodular sclerosis Hodgkin lymphoma lymph nodes of head, face, and neck",2830ead4-ec65-5a27-968e-8f8e14f67846,https://www.icd10data.com//ICD10CM/Codes/C00-D49/C81-C96/C81-/C81.11,Hodgkin Lymphoma
651,C81,,Hodgkin lymphoma,C81.12,Nodular sclerosis Hodgkin lymphoma intrathoracic lymph nodes,0e2f4d82-2bbd-53b6-a8c7-8ba99d6510da,https://www.icd10data.com//ICD10CM/Codes/C00-D49/C81-C96/C81-/C81.12,Hodgkin Lymphoma
922,C84,,Mature T/NK-cell lymphomas,C84.07,Mycosis fungoides spleen,05c7aadd-2438-5127-8724-ab6aad7939cf,https://www.icd10data.com//ICD10CM/Codes/C00-D49/C81-C96/C84-/C84.07,T/NK-Cell Lymphoma
652,C81,,Hodgkin lymphoma,C81.13,Nodular sclerosis Hodgkin lymphoma intra-abdominal lymph nodes,ad25e45b-563a-550d-b265-20e6b9eaa16f,https://www.icd10data.com//ICD10CM/Codes/C00-D49/C81-C96/C81-/C81.13,Hodgkin Lymphoma
653,C81,,Hodgkin lymphoma,C81.14,Nodular sclerosis Hodgkin lymphoma lymph nodes of axilla and upper limb,9d8231a8-5d7e-56b7-a061-bc062996d528,https://www.icd10data.com//ICD10CM/Codes/C00-D49/C81-C96/C81-/C81.14,Hodgkin Lymphoma
654,C81,,Hodgkin lymphoma,C81.15,Nodular sclerosis Hodgkin lymphoma lymph nodes of inguinal region and lower limb,8e0f007f-de60-52ad-8f67-687618958531,https://www.icd10data.com//ICD10CM/Codes/C00-D49/C81-C96/C81-/C81.15,Hodgkin Lymphoma
655,C81,,Hodgkin lymphoma,C81.16,Nodular sclerosis Hodgkin lymphoma intrapelvic lymph nodes,37141af8-3254-53d4-b5ba-45b52e979d51,https://www.icd10data.com//ICD10CM/Codes/C00-D49/C81-C96/C81-/C81.16,Hodgkin Lymphoma
656,C81,,Hodgkin lymphoma,C81.17,Nodular sclerosis Hodgkin lymphoma spleen,a8a7a78b-9e35-5b08-a0d9-c3a4fc7e1a6c,https://www.icd10data.com//ICD10CM/Codes/C00-D49/C81-C96/C81-/C81.17,Hodgkin Lymphoma
657,C81,,Hodgkin lymphoma,C81.18,Nodular sclerosis Hodgkin lymphoma lymph nodes of multiple sites,92892aaf-b23a-5196-9969-2c5516352490,https://www.icd10data.com//ICD10CM/Codes/C00-D49/C81-C96/C81-/C81.18,Hodgkin Lymphoma
658,C81,,Hodgkin lymphoma,C81.19,Nodular sclerosis Hodgkin lymphoma extranodal and solid organ sites,5a3af35b-06a5-57d6-84dd-313776fd519d,https://www.icd10data.com//ICD10CM/Codes/C00-D49/C81-C96/C81-/C81.19,Hodgkin Lymphoma
1014,C85,,Other specified and unspecified types of non-Hodgkin lymphoma,C85.12,Unspecified B-cell lymphoma intrathoracic lymph nodes,4d206513-45e0-5dd8-aa5f-4e711525d36b,https://www.icd10data.com//ICD10CM/Codes/C00-D49/C81-C96/C85-/C85.12,Lymphoma
659,C81,,Hodgkin lymphoma,C81.1A,Nodular sclerosis Hodgkin lymphoma in remission,2a5cf0af-1e9d-5501-9ca7-629ff5cfc96a,https://www.icd10data.com//ICD10CM/Codes/C00-D49/C81-C96/C81-/C81.1A,Hodgkin Lymphoma
660,C81,,Hodgkin lymphoma,C81.2,Mixed cellularity Hodgkin lymphoma,69a19d31-3bc2-54f7-bcd4-8dc3218ff908,https://www.icd10data.com//ICD10CM/Codes/C00-D49/C81-C96/C81-/C81.2,Hodgkin Lymphoma
661,C81,,Hodgkin lymphoma,C81.20,Mixed cellularity Hodgkin lymphoma unspecified site,3a8215a8-ff73-5b26-8a68-f59d09db1d63,https://www.icd10data.com//ICD10CM/Codes/C00-D49/C81-C96/C81-/C81.20,Hodgkin Lymphoma
662,C81,,Hodgkin lymphoma,C81.21,"Mixed cellularity Hodgkin lymphoma lymph nodes of head, face, and neck",739d9845-91ab-5e8b-9d75-21007d23e7ee,https://www.icd10data.com//ICD10CM/Codes/C00-D49/C81-C96/C81-/C81.21,Hodgkin Lymphoma
663,C81,,Hodgkin lymphoma,C81.22,Mixed cellularity Hodgkin lymphoma intrathoracic lymph nodes,f92cb88f-5475-5925-b2c1-12e1fbff5d21,https://www.icd10data.com//ICD10CM/Codes/C00-D49/C81-C96/C81-/C81.22,Hodgkin Lymphoma
664,C81,,Hodgkin lymphoma,C81.23,Mixed cellularity Hodgkin lymphoma intra-abdominal lymph nodes,cc1c4bdf-ecd7-5620-a086-86eef13688b4,https://www.icd10data.com//ICD10CM/Codes/C00-D49/C81-C96/C81-/C81.23,Hodgkin Lymphoma
665,C81,,Hodgkin lymphoma,C81.24,Mixed cellularity Hodgkin lymphoma lymph nodes of axilla and upper limb,29fb7fad-aa9f-5227-95fa-76d30ca000b5,https://www.icd10data.com//ICD10CM/Codes/C00-D49/C81-C96/C81-/C81.24,Hodgkin Lymphoma
923,C84,,Mature T/NK-cell lymphomas,C84.08,Mycosis fungoides lymph nodes of multiple sites,2c65aa9a-1ab9-5f0c-a61c-a2bf9beb4ed1,https://www.icd10data.com//ICD10CM/Codes/C00-D49/C81-C96/C84-/C84.08,T/NK-Cell Lymphoma
666,C81,,Hodgkin lymphoma,C81.25,Mixed cellularity Hodgkin lymphoma lymph nodes of inguinal region and lower limb,476571fd-46ad-52da-b4d4-8251b4c3c897,https://www.icd10data.com//ICD10CM/Codes/C00-D49/C81-C96/C81-/C81.25,Hodgkin Lymphoma
667,C81,,Hodgkin lymphoma,C81.26,Mixed cellularity Hodgkin lymphoma intrapelvic lymph nodes,8f20496c-8990-55c4-9f53-669105a291b4,https://www.icd10data.com//ICD10CM/Codes/C00-D49/C81-C96/C81-/C81.26,Hodgkin Lymphoma
668,C81,,Hodgkin lymphoma,C81.27,Mixed cellularity Hodgkin lymphoma spleen,921c60f6-23c3-5ea3-a2e0-649c78647f8d,https://www.icd10data.com//ICD10CM/Codes/C00-D49/C81-C96/C81-/C81.27,Hodgkin Lymphoma
669,C81,,Hodgkin lymphoma,C81.28,Mixed cellularity Hodgkin lymphoma lymph nodes of multiple sites,ef42126c-da66-584d-a0dc-b52aee14e5f3,https://www.icd10data.com//ICD10CM/Codes/C00-D49/C81-C96/C81-/C81.28,Hodgkin Lymphoma
670,C81,,Hodgkin lymphoma,C81.29,Mixed cellularity Hodgkin lymphoma extranodal and solid organ sites,0789534f-4f64-562a-bbbf-d5553951c246,https://www.icd10data.com//ICD10CM/Codes/C00-D49/C81-C96/C81-/C81.29,Hodgkin Lymphoma
671,C81,,Hodgkin lymphoma,C81.2A,Mixed cellularity Hodgkin lymphoma in remission,6f9581f0-696c-5570-b0f5-3b39bfb54ade,https://www.icd10data.com//ICD10CM/Codes/C00-D49/C81-C96/C81-/C81.2A,Hodgkin Lymphoma
672,C81,,Hodgkin lymphoma,C81.3,Lymphocyte depleted Hodgkin lymphoma,245b3609-58f7-5a9a-95e3-1961e6b14293,https://www.icd10data.com//ICD10CM/Codes/C00-D49/C81-C96/C81-/C81.3,Hodgkin Lymphoma
924,C84,,Mature T/NK-cell lymphomas,C84.09,Mycosis fungoides extranodal and solid organ sites,9acf9b86-0214-5326-85c8-cdd009431467,https://www.icd10data.com//ICD10CM/Codes/C00-D49/C81-C96/C84-/C84.09,T/NK-Cell Lymphoma
673,C81,,Hodgkin lymphoma,C81.30,Lymphocyte depleted Hodgkin lymphoma unspecified site,39a80111-d40c-5da7-b03d-930d055fa5ec,https://www.icd10data.com//ICD10CM/Codes/C00-D49/C81-C96/C81-/C81.30,Hodgkin Lymphoma
674,C81,,Hodgkin lymphoma,C81.31,"Lymphocyte depleted Hodgkin lymphoma lymph nodes of head, face, and neck",a4e8fe04-5b3e-5c06-a6ed-5f838f986208,https://www.icd10data.com//ICD10CM/Codes/C00-D49/C81-C96/C81-/C81.31,Hodgkin Lymphoma
675,C81,,Hodgkin lymphoma,C81.32,Lymphocyte depleted Hodgkin lymphoma intrathoracic lymph nodes,1176b55a-c0f7-5c48-a0b6-170c3b59d457,https://www.icd10data.com//ICD10CM/Codes/C00-D49/C81-C96/C81-/C81.32,Hodgkin Lymphoma
676,C81,,Hodgkin lymphoma,C81.33,Lymphocyte depleted Hodgkin lymphoma intra-abdominal lymph nodes,e84f9256-94da-55ee-aba5-3702aea738f6,https://www.icd10data.com//ICD10CM/Codes/C00-D49/C81-C96/C81-/C81.33,Hodgkin Lymphoma
677,C81,,Hodgkin lymphoma,C81.34,Lymphocyte depleted Hodgkin lymphoma lymph nodes of axilla and upper limb,c735d54d-ff4d-5099-ab7e-79d6fe02d513,https://www.icd10data.com//ICD10CM/Codes/C00-D49/C81-C96/C81-/C81.34,Hodgkin Lymphoma
678,C81,,Hodgkin lymphoma,C81.35,Lymphocyte depleted Hodgkin lymphoma lymph nodes of inguinal region and lower limb,da6400ac-e669-5952-885c-6885c0bfbebe,https://www.icd10data.com//ICD10CM/Codes/C00-D49/C81-C96/C81-/C81.35,Hodgkin Lymphoma
679,C81,,Hodgkin lymphoma,C81.36,Lymphocyte depleted Hodgkin lymphoma intrapelvic lymph nodes,9c798f1b-1248-5075-97a4-72a1d2d6d4c7,https://www.icd10data.com//ICD10CM/Codes/C00-D49/C81-C96/C81-/C81.36,Hodgkin Lymphoma
1015,C85,,Other specified and unspecified types of non-Hodgkin lymphoma,C85.13,Unspecified B-cell lymphoma intra-abdominal lymph nodes,62547f6d-e523-509a-b306-84288c90f41b,https://www.icd10data.com//ICD10CM/Codes/C00-D49/C81-C96/C85-/C85.13,Lymphoma
680,C81,,Hodgkin lymphoma,C81.37,Lymphocyte depleted Hodgkin lymphoma spleen,e853c710-062e-5843-b717-5ae557b39686,https://www.icd10data.com//ICD10CM/Codes/C00-D49/C81-C96/C81-/C81.37,Hodgkin Lymphoma
681,C81,,Hodgkin lymphoma,C81.38,Lymphocyte depleted Hodgkin lymphoma lymph nodes of multiple sites,c921eacf-eaba-512d-8694-1b0c55b565fd,https://www.icd10data.com//ICD10CM/Codes/C00-D49/C81-C96/C81-/C81.38,Hodgkin Lymphoma
682,C81,,Hodgkin lymphoma,C81.39,Lymphocyte depleted Hodgkin lymphoma extranodal and solid organ sites,13c7e500-6915-5fef-b121-b1316d2fa626,https://www.icd10data.com//ICD10CM/Codes/C00-D49/C81-C96/C81-/C81.39,Hodgkin Lymphoma
683,C81,,Hodgkin lymphoma,C81.3A,Lymphocyte depleted Hodgkin lymphoma in remission,0aee9ffa-632d-5cf9-bf57-e300fc4e7a95,https://www.icd10data.com//ICD10CM/Codes/C00-D49/C81-C96/C81-/C81.3A,Hodgkin Lymphoma
684,C81,,Hodgkin lymphoma,C81.4,Lymphocyte-rich Hodgkin lymphoma,a9c2e59d-b212-5bd1-a857-be8a0bf3608c,https://www.icd10data.com//ICD10CM/Codes/C00-D49/C81-C96/C81-/C81.4,Hodgkin Lymphoma
685,C81,,Hodgkin lymphoma,C81.40,Lymphocyte-rich Hodgkin lymphoma unspecified site,ee71b5b1-0ce4-5688-80b2-4565ce175377,https://www.icd10data.com//ICD10CM/Codes/C00-D49/C81-C96/C81-/C81.40,Hodgkin Lymphoma
686,C81,,Hodgkin lymphoma,C81.41,"Lymphocyte-rich Hodgkin lymphoma lymph nodes of head, face, and neck",2dcf9dc8-357f-57fd-9ff3-7ecf0cb8fd72,https://www.icd10data.com//ICD10CM/Codes/C00-D49/C81-C96/C81-/C81.41,Hodgkin Lymphoma
925,C84,,Mature T/NK-cell lymphomas,C84.0A,Mycosis fungoides in remission,281657fc-254a-5a55-a4b2-95fae15f5b0e,https://www.icd10data.com//ICD10CM/Codes/C00-D49/C81-C96/C84-/C84.0A,T/NK-Cell Lymphoma
687,C81,,Hodgkin lymphoma,C81.42,Lymphocyte-rich Hodgkin lymphoma intrathoracic lymph nodes,bc8bfa4e-61f5-5f17-8ac8-5ee6ebbd98f8,https://www.icd10data.com//ICD10CM/Codes/C00-D49/C81-C96/C81-/C81.42,Hodgkin Lymphoma
688,C81,,Hodgkin lymphoma,C81.43,Lymphocyte-rich Hodgkin lymphoma intra-abdominal lymph nodes,5296a7d4-f94b-5bbc-9dfa-9ad1f4baf2ca,https://www.icd10data.com//ICD10CM/Codes/C00-D49/C81-C96/C81-/C81.43,Hodgkin Lymphoma
689,C81,,Hodgkin lymphoma,C81.44,Lymphocyte-rich Hodgkin lymphoma lymph nodes of axilla and upper limb,9c2fa8d4-75db-5fba-b3ed-a8aa770b58ea,https://www.icd10data.com//ICD10CM/Codes/C00-D49/C81-C96/C81-/C81.44,Hodgkin Lymphoma
690,C81,,Hodgkin lymphoma,C81.45,Lymphocyte-rich Hodgkin lymphoma lymph nodes of inguinal region and lower limb,5b4a2eb4-7a6e-5cb9-b268-d0eb5111ccab,https://www.icd10data.com//ICD10CM/Codes/C00-D49/C81-C96/C81-/C81.45,Hodgkin Lymphoma
691,C81,,Hodgkin lymphoma,C81.46,Lymphocyte-rich Hodgkin lymphoma intrapelvic lymph nodes,cf245327-4e55-52b8-a13c-d9110ff6e154,https://www.icd10data.com//ICD10CM/Codes/C00-D49/C81-C96/C81-/C81.46,Hodgkin Lymphoma
692,C81,,Hodgkin lymphoma,C81.47,Lymphocyte-rich Hodgkin lymphoma spleen,5c25b8e0-0fff-50bc-a713-1b6d3c11b723,https://www.icd10data.com//ICD10CM/Codes/C00-D49/C81-C96/C81-/C81.47,Hodgkin Lymphoma
693,C81,,Hodgkin lymphoma,C81.48,Lymphocyte-rich Hodgkin lymphoma lymph nodes of multiple sites,4775f4d9-3f2a-5687-99a0-ee9c1f508b56,https://www.icd10data.com//ICD10CM/Codes/C00-D49/C81-C96/C81-/C81.48,Hodgkin Lymphoma
926,C84,,Mature T/NK-cell lymphomas,C84.1,SÃ©zary disease,19f1fa55-d4ed-5a58-b942-4aadf2941b20,https://www.icd10data.com//ICD10CM/Codes/C00-D49/C81-C96/C84-/C84.1,T/NK-Cell Lymphoma
694,C81,,Hodgkin lymphoma,C81.49,Lymphocyte-rich Hodgkin lymphoma extranodal and solid organ sites,790653a7-2eb7-53a8-ac3e-2a0c51c85558,https://www.icd10data.com//ICD10CM/Codes/C00-D49/C81-C96/C81-/C81.49,Hodgkin Lymphoma
695,C81,,Hodgkin lymphoma,C81.4A,Lymphocyte-rich Hodgkin lymphoma in remission,340406d0-591c-58ac-ad9b-8ab1ca23ddbc,https://www.icd10data.com//ICD10CM/Codes/C00-D49/C81-C96/C81-/C81.4A,Hodgkin Lymphoma
696,C81,,Hodgkin lymphoma,C81.7,Other Hodgkin lymphoma,41bb6049-c22f-5e66-8796-9326f2f1bb7b,https://www.icd10data.com//ICD10CM/Codes/C00-D49/C81-C96/C81-/C81.7,Hodgkin Lymphoma
697,C81,,Hodgkin lymphoma,C81.70,Other Hodgkin lymphoma unspecified site,86aadb51-393a-53c0-a002-30a2d64858b6,https://www.icd10data.com//ICD10CM/Codes/C00-D49/C81-C96/C81-/C81.70,Hodgkin Lymphoma
698,C81,,Hodgkin lymphoma,C81.71,"Other Hodgkin lymphoma lymph nodes of head, face, and neck",a3b313c2-f080-5208-805e-77d400c2c2c6,https://www.icd10data.com//ICD10CM/Codes/C00-D49/C81-C96/C81-/C81.71,Hodgkin Lymphoma
699,C81,,Hodgkin lymphoma,C81.72,Other Hodgkin lymphoma intrathoracic lymph nodes,2e63e213-eb2d-5e4d-b1a9-6919489c12a6,https://www.icd10data.com//ICD10CM/Codes/C00-D49/C81-C96/C81-/C81.72,Hodgkin Lymphoma
700,C81,,Hodgkin lymphoma,C81.73,Other Hodgkin lymphoma intra-abdominal lymph nodes,c2a0e286-19c1-5846-a7b9-ebbdd02c7237,https://www.icd10data.com//ICD10CM/Codes/C00-D49/C81-C96/C81-/C81.73,Hodgkin Lymphoma
927,C84,,Mature T/NK-cell lymphomas,C84.10,SÃ©zary disease unspecified site,7745501e-b48e-5825-ad1d-bb0929c38997,https://www.icd10data.com//ICD10CM/Codes/C00-D49/C81-C96/C84-/C84.10,T/NK-Cell Lymphoma
701,C81,,Hodgkin lymphoma,C81.74,Other Hodgkin lymphoma lymph nodes of axilla and upper limb,80d7b7a8-73f3-565a-9a0b-b5abb23ac639,https://www.icd10data.com//ICD10CM/Codes/C00-D49/C81-C96/C81-/C81.74,Hodgkin Lymphoma
702,C81,,Hodgkin lymphoma,C81.75,Other Hodgkin lymphoma lymph nodes of inguinal region and lower limb,54a8ccfd-2e1d-593f-ad27-c1e38ef99230,https://www.icd10data.com//ICD10CM/Codes/C00-D49/C81-C96/C81-/C81.75,Hodgkin Lymphoma
703,C81,,Hodgkin lymphoma,C81.76,Other Hodgkin lymphoma intrapelvic lymph nodes,7988f053-8a08-518e-b4e2-d3eeba2f0348,https://www.icd10data.com//ICD10CM/Codes/C00-D49/C81-C96/C81-/C81.76,Hodgkin Lymphoma
704,C81,,Hodgkin lymphoma,C81.77,Other Hodgkin lymphoma spleen,0557b9fb-8bdf-5dd1-81fe-56aa4260a8cc,https://www.icd10data.com//ICD10CM/Codes/C00-D49/C81-C96/C81-/C81.77,Hodgkin Lymphoma
705,C81,,Hodgkin lymphoma,C81.78,Other Hodgkin lymphoma lymph nodes of multiple sites,60488782-c21f-5c47-b784-aa93c383f1b1,https://www.icd10data.com//ICD10CM/Codes/C00-D49/C81-C96/C81-/C81.78,Hodgkin Lymphoma
706,C81,,Hodgkin lymphoma,C81.79,Other Hodgkin lymphoma extranodal and solid organ sites,5de4232c-e24b-5ba8-822e-ba39c1bd3e4a,https://www.icd10data.com//ICD10CM/Codes/C00-D49/C81-C96/C81-/C81.79,Hodgkin Lymphoma
707,C81,,Hodgkin lymphoma,C81.7A,Other Hodgkin lymphoma in remission,3caea6e3-b94f-52c9-9871-fd1dfcede129,https://www.icd10data.com//ICD10CM/Codes/C00-D49/C81-C96/C81-/C81.7A,Hodgkin Lymphoma
928,C84,,Mature T/NK-cell lymphomas,C84.11,"SÃ©zary disease lymph nodes of head, face, and neck",121aa758-173b-5ce9-a2d3-c824cd9c5b61,https://www.icd10data.com//ICD10CM/Codes/C00-D49/C81-C96/C84-/C84.11,T/NK-Cell Lymphoma
708,C81,,Hodgkin lymphoma,C81.9,"Hodgkin lymphoma, unspecified",d9fd5898-3cd6-513f-9df0-909dde1012bf,https://www.icd10data.com//ICD10CM/Codes/C00-D49/C81-C96/C81-/C81.9,Hodgkin Lymphoma
709,C81,,Hodgkin lymphoma,C81.90,"Hodgkin lymphoma, unspecified unspecified site",0348ec1b-1609-5c26-8242-97f8166992a8,https://www.icd10data.com//ICD10CM/Codes/C00-D49/C81-C96/C81-/C81.90,Hodgkin Lymphoma
710,C81,,Hodgkin lymphoma,C81.91,"Hodgkin lymphoma, unspecified lymph nodes of head, face, and neck",e68dd3ba-2dc6-5910-a310-818d3ca8f35d,https://www.icd10data.com//ICD10CM/Codes/C00-D49/C81-C96/C81-/C81.91,Hodgkin Lymphoma
711,C81,,Hodgkin lymphoma,C81.92,"Hodgkin lymphoma, unspecified intrathoracic lymph nodes",c0d98e80-fab9-5658-9a1f-49724d0ee09d,https://www.icd10data.com//ICD10CM/Codes/C00-D49/C81-C96/C81-/C81.92,Hodgkin Lymphoma
712,C81,,Hodgkin lymphoma,C81.93,"Hodgkin lymphoma, unspecified intra-abdominal lymph nodes",43388e88-1e81-5b5b-8c30-5c5905ff997e,https://www.icd10data.com//ICD10CM/Codes/C00-D49/C81-C96/C81-/C81.93,Hodgkin Lymphoma
713,C81,,Hodgkin lymphoma,C81.94,"Hodgkin lymphoma, unspecified lymph nodes of axilla and upper limb",51fb1848-5857-5989-ba6c-8bf95d3d5e42,https://www.icd10data.com//ICD10CM/Codes/C00-D49/C81-C96/C81-/C81.94,Hodgkin Lymphoma
714,C81,,Hodgkin lymphoma,C81.95,"Hodgkin lymphoma, unspecified lymph nodes of inguinal region and lower limb",31b05e1a-db22-57f2-b8ba-fc907580c25b,https://www.icd10data.com//ICD10CM/Codes/C00-D49/C81-C96/C81-/C81.95,Hodgkin Lymphoma
929,C84,,Mature T/NK-cell lymphomas,C84.12,SÃ©zary disease intrathoracic lymph nodes,ddff8dc7-d5a2-507f-bdbc-707ac3d8be22,https://www.icd10data.com//ICD10CM/Codes/C00-D49/C81-C96/C84-/C84.12,T/NK-Cell Lymphoma
715,C81,,Hodgkin lymphoma,C81.96,"Hodgkin lymphoma, unspecified intrapelvic lymph nodes",c8bfcaba-6bd9-5c79-9c06-60e8a17f0678,https://www.icd10data.com//ICD10CM/Codes/C00-D49/C81-C96/C81-/C81.96,Hodgkin Lymphoma
716,C81,,Hodgkin lymphoma,C81.97,"Hodgkin lymphoma, unspecified spleen",547daacd-d4ba-5142-b7ed-52613aa9c3dd,https://www.icd10data.com//ICD10CM/Codes/C00-D49/C81-C96/C81-/C81.97,Hodgkin Lymphoma
717,C81,,Hodgkin lymphoma,C81.98,"Hodgkin lymphoma, unspecified lymph nodes of multiple sites",f9ef22ff-8bf1-51ac-b3f0-7e0c108e307a,https://www.icd10data.com//ICD10CM/Codes/C00-D49/C81-C96/C81-/C81.98,Hodgkin Lymphoma
718,C81,,Hodgkin lymphoma,C81.99,"Hodgkin lymphoma, unspecified extranodal and solid organ sites",529e7511-1f79-5dca-9be9-9c27a36de073,https://www.icd10data.com//ICD10CM/Codes/C00-D49/C81-C96/C81-/C81.99,Hodgkin Lymphoma
719,C81,,Hodgkin lymphoma,C81.9A,"Hodgkin lymphoma, unspecified in remission",5e71df46-366b-5a82-87d2-20f5ef829444,https://www.icd10data.com//ICD10CM/Codes/C00-D49/C81-C96/C81-/C81.9A,Hodgkin Lymphoma
720,C82,,Follicular lymphoma,C82.0,Follicular lymphoma grade I,cf627d6b-362e-53da-9eb3-11da6d36b516,https://www.icd10data.com//ICD10CM/Codes/C00-D49/C81-C96/C82-/C82.0,Lymphoma
721,C82,,Follicular lymphoma,C82.00,Follicular lymphoma grade I unspecified site,a936774d-573f-5b94-8006-5d6127254396,https://www.icd10data.com//ICD10CM/Codes/C00-D49/C81-C96/C82-/C82.00,Lymphoma
722,C82,,Follicular lymphoma,C82.01,"Follicular lymphoma grade I lymph nodes of head, face, and neck",8d6e7e93-c090-5b8f-a933-3a00be8a3384,https://www.icd10data.com//ICD10CM/Codes/C00-D49/C81-C96/C82-/C82.01,Lymphoma
723,C82,,Follicular lymphoma,C82.02,Follicular lymphoma grade I intrathoracic lymph nodes,d41f8c33-aff2-5b16-92a9-554f37b04010,https://www.icd10data.com//ICD10CM/Codes/C00-D49/C81-C96/C82-/C82.02,Lymphoma
724,C82,,Follicular lymphoma,C82.03,Follicular lymphoma grade I intra-abdominal lymph nodes,3d25c05b-aca6-5e45-ac2e-50b1007d9826,https://www.icd10data.com//ICD10CM/Codes/C00-D49/C81-C96/C82-/C82.03,Lymphoma
725,C82,,Follicular lymphoma,C82.04,Follicular lymphoma grade I lymph nodes of axilla and upper limb,9d599200-dd68-5c23-9ffd-8aeb415afa4f,https://www.icd10data.com//ICD10CM/Codes/C00-D49/C81-C96/C82-/C82.04,Lymphoma
726,C82,,Follicular lymphoma,C82.05,Follicular lymphoma grade I lymph nodes of inguinal region and lower limb,7ef89a9b-bbf0-51a3-a9ed-d29ec929cc13,https://www.icd10data.com//ICD10CM/Codes/C00-D49/C81-C96/C82-/C82.05,Lymphoma
727,C82,,Follicular lymphoma,C82.06,Follicular lymphoma grade I intrapelvic lymph nodes,5b688f51-bbec-5a5d-b348-dc0707b90f49,https://www.icd10data.com//ICD10CM/Codes/C00-D49/C81-C96/C82-/C82.06,Lymphoma
728,C82,,Follicular lymphoma,C82.07,Follicular lymphoma grade I spleen,2191a0fe-af2a-53f9-ae98-4578db4ca871,https://www.icd10data.com//ICD10CM/Codes/C00-D49/C81-C96/C82-/C82.07,Lymphoma
729,C82,,Follicular lymphoma,C82.08,Follicular lymphoma grade I lymph nodes of multiple sites,e69c3941-b22e-54d0-8e52-68318917c672,https://www.icd10data.com//ICD10CM/Codes/C00-D49/C81-C96/C82-/C82.08,Lymphoma
730,C82,,Follicular lymphoma,C82.09,Follicular lymphoma grade I extranodal and solid organ sites,df02e6a4-7585-5806-91df-01d9d7ea42dd,https://www.icd10data.com//ICD10CM/Codes/C00-D49/C81-C96/C82-/C82.09,Lymphoma
930,C84,,Mature T/NK-cell lymphomas,C84.13,SÃ©zary disease intra-abdominal lymph nodes,e9233bb2-692a-57a7-a9fb-5b917c0d03a7,https://www.icd10data.com//ICD10CM/Codes/C00-D49/C81-C96/C84-/C84.13,T/NK-Cell Lymphoma
731,C82,,Follicular lymphoma,C82.0A,Follicular lymphoma grade I in remission,91021406-435e-5294-9556-1a4ee4c6784d,https://www.icd10data.com//ICD10CM/Codes/C00-D49/C81-C96/C82-/C82.0A,Lymphoma
732,C82,,Follicular lymphoma,C82.1,Follicular lymphoma grade II,08b575ef-2489-5b56-a666-4f0d782b9597,https://www.icd10data.com//ICD10CM/Codes/C00-D49/C81-C96/C82-/C82.1,Lymphoma
733,C82,,Follicular lymphoma,C82.10,Follicular lymphoma grade II unspecified site,e92f157f-c813-5dbf-9e96-9385cd26b8aa,https://www.icd10data.com//ICD10CM/Codes/C00-D49/C81-C96/C82-/C82.10,Lymphoma
734,C82,,Follicular lymphoma,C82.11,"Follicular lymphoma grade II lymph nodes of head, face, and neck",54586f5a-0eb0-5b02-a451-613763bd9065,https://www.icd10data.com//ICD10CM/Codes/C00-D49/C81-C96/C82-/C82.11,Lymphoma
735,C82,,Follicular lymphoma,C82.12,Follicular lymphoma grade II intrathoracic lymph nodes,c5ad38b7-0b6d-5237-a488-d7472a1508fb,https://www.icd10data.com//ICD10CM/Codes/C00-D49/C81-C96/C82-/C82.12,Lymphoma
736,C82,,Follicular lymphoma,C82.13,Follicular lymphoma grade II intra-abdominal lymph nodes,42389712-9d81-5cd5-ab60-0059f61a5fa9,https://www.icd10data.com//ICD10CM/Codes/C00-D49/C81-C96/C82-/C82.13,Lymphoma
737,C82,,Follicular lymphoma,C82.14,Follicular lymphoma grade II lymph nodes of axilla and upper limb,a2a2d013-b3fc-5b11-b3f1-d25649f4725e,https://www.icd10data.com//ICD10CM/Codes/C00-D49/C81-C96/C82-/C82.14,Lymphoma
738,C82,,Follicular lymphoma,C82.15,Follicular lymphoma grade II lymph nodes of inguinal region and lower limb,d1a87683-5b58-5b31-84d0-1d3526a575b5,https://www.icd10data.com//ICD10CM/Codes/C00-D49/C81-C96/C82-/C82.15,Lymphoma
865,C83,,Non-Follicular Lymphoma,C83.3A,Diffuse large B-cell lymphoma in remission,ab5fec2e-2921-5e8b-bcec-0b437bce90df,https://www.icd10data.com//ICD10CM/Codes/C00-D49/C81-C96/C83-/C83.3A,Lymphoma
739,C82,,Follicular lymphoma,C82.16,Follicular lymphoma grade II intrapelvic lymph nodes,dad322a5-bbc1-50da-a21d-e92a0d8cf5ea,https://www.icd10data.com//ICD10CM/Codes/C00-D49/C81-C96/C82-/C82.16,Lymphoma
740,C82,,Follicular lymphoma,C82.17,Follicular lymphoma grade II spleen,bdc73cd4-6ff6-5c94-a1d6-bcdbfa8bb2b0,https://www.icd10data.com//ICD10CM/Codes/C00-D49/C81-C96/C82-/C82.17,Lymphoma
741,C82,,Follicular lymphoma,C82.18,Follicular lymphoma grade II lymph nodes of multiple sites,34c4055f-0fc4-5e76-8e07-d3497cde0e1e,https://www.icd10data.com//ICD10CM/Codes/C00-D49/C81-C96/C82-/C82.18,Lymphoma
742,C82,,Follicular lymphoma,C82.19,Follicular lymphoma grade II extranodal and solid organ sites,6a9d03f9-324e-54c7-a137-bf0508050415,https://www.icd10data.com//ICD10CM/Codes/C00-D49/C81-C96/C82-/C82.19,Lymphoma
743,C82,,Follicular lymphoma,C82.1A,Follicular lymphoma grade II in remission,45e41530-3115-5334-8dd6-17bb8fd78e33,https://www.icd10data.com//ICD10CM/Codes/C00-D49/C81-C96/C82-/C82.1A,Lymphoma
744,C82,,Follicular lymphoma,C82.2,"Follicular lymphoma grade III, unspecified",025f1ebe-b02e-51bd-b375-a3a6eafcc2de,https://www.icd10data.com//ICD10CM/Codes/C00-D49/C81-C96/C82-/C82.2,Lymphoma
745,C82,,Follicular lymphoma,C82.20,"Follicular lymphoma grade III, unspecified unspecified site",962a51a9-dd03-50d6-b6ba-48804d33d1a1,https://www.icd10data.com//ICD10CM/Codes/C00-D49/C81-C96/C82-/C82.20,Lymphoma
746,C82,,Follicular lymphoma,C82.21,"Follicular lymphoma grade III, unspecified lymph nodes of head, face, and neck",2fe888ff-3815-513b-9a2d-5ab894ceffa7,https://www.icd10data.com//ICD10CM/Codes/C00-D49/C81-C96/C82-/C82.21,Lymphoma
866,C83,,Non-Follicular Lymphoma,C83.5,Lymphoblastic (diffuse) lymphoma,53891181-a551-52f1-a33d-b3266868b7da,https://www.icd10data.com//ICD10CM/Codes/C00-D49/C81-C96/C83-/C83.5,Lymphoma
747,C82,,Follicular lymphoma,C82.22,"Follicular lymphoma grade III, unspecified intrathoracic lymph nodes",46997eaa-a815-5f9f-ab0d-3d14ff4f04d7,https://www.icd10data.com//ICD10CM/Codes/C00-D49/C81-C96/C82-/C82.22,Lymphoma
748,C82,,Follicular lymphoma,C82.23,"Follicular lymphoma grade III, unspecified intra-abdominal lymph nodes",0549e576-7143-55a1-a298-5cb6df4ebc2a,https://www.icd10data.com//ICD10CM/Codes/C00-D49/C81-C96/C82-/C82.23,Lymphoma
749,C82,,Follicular lymphoma,C82.24,"Follicular lymphoma grade III, unspecified lymph nodes of axilla and upper limb",472f1882-1044-581f-b5bf-ee3c0b2f0701,https://www.icd10data.com//ICD10CM/Codes/C00-D49/C81-C96/C82-/C82.24,Lymphoma
750,C82,,Follicular lymphoma,C82.25,"Follicular lymphoma grade III, unspecified lymph nodes of inguinal region and lower limb",1de3fc6d-10bb-595f-a576-9088fcfbafdf,https://www.icd10data.com//ICD10CM/Codes/C00-D49/C81-C96/C82-/C82.25,Lymphoma
751,C82,,Follicular lymphoma,C82.26,"Follicular lymphoma grade III, unspecified intrapelvic lymph nodes",b1b0c136-dc6f-559a-b68c-35a3580c5174,https://www.icd10data.com//ICD10CM/Codes/C00-D49/C81-C96/C82-/C82.26,Lymphoma
752,C82,,Follicular lymphoma,C82.27,"Follicular lymphoma grade III, unspecified spleen",a70715a9-5664-5718-a4b1-6c844dbcefb7,https://www.icd10data.com//ICD10CM/Codes/C00-D49/C81-C96/C82-/C82.27,Lymphoma
753,C82,,Follicular lymphoma,C82.28,"Follicular lymphoma grade III, unspecified lymph nodes of multiple sites",dde3de47-b822-5fec-ba78-5c139b316f38,https://www.icd10data.com//ICD10CM/Codes/C00-D49/C81-C96/C82-/C82.28,Lymphoma
754,C82,,Follicular lymphoma,C82.29,"Follicular lymphoma grade III, unspecified extranodal and solid organ sites",29e255d3-3709-5a7f-af45-13c83e32fccf,https://www.icd10data.com//ICD10CM/Codes/C00-D49/C81-C96/C82-/C82.29,Lymphoma
914,C84,,Mature T/NK-cell lymphomas,C84.0,Mycosis fungoides,62e8a9fb-47b0-52c1-8737-29e9750012d2,https://www.icd10data.com//ICD10CM/Codes/C00-D49/C81-C96/C84-/C84.0,T/NK-Cell Lymphoma
755,C82,,Follicular lymphoma,C82.2A,"Follicular lymphoma grade III, unspecified in remission",8c454912-3016-5db7-a7f5-a6a9f2cbc39d,https://www.icd10data.com//ICD10CM/Codes/C00-D49/C81-C96/C82-/C82.2A,Lymphoma
756,C82,,Follicular lymphoma,C82.3,Follicular lymphoma grade IIIa,42ff4a01-a590-58b4-b8ee-1bf6f45f5822,https://www.icd10data.com//ICD10CM/Codes/C00-D49/C81-C96/C82-/C82.3,Lymphoma
757,C82,,Follicular lymphoma,C82.30,Follicular lymphoma grade IIIa unspecified site,c2fba299-daf6-52c9-afde-0820b66735cb,https://www.icd10data.com//ICD10CM/Codes/C00-D49/C81-C96/C82-/C82.30,Lymphoma
758,C82,,Follicular lymphoma,C82.31,"Follicular lymphoma grade IIIa lymph nodes of head, face, and neck",0d301efa-00b3-5e76-83fd-c83aca4fdee8,https://www.icd10data.com//ICD10CM/Codes/C00-D49/C81-C96/C82-/C82.31,Lymphoma
759,C82,,Follicular lymphoma,C82.32,Follicular lymphoma grade IIIa intrathoracic lymph nodes,4b26785a-9d95-512d-9d0b-3d602eb821fe,https://www.icd10data.com//ICD10CM/Codes/C00-D49/C81-C96/C82-/C82.32,Lymphoma
760,C82,,Follicular lymphoma,C82.33,Follicular lymphoma grade IIIa intra-abdominal lymph nodes,86ffb68a-574c-5df6-83d1-895cc6dc7d66,https://www.icd10data.com//ICD10CM/Codes/C00-D49/C81-C96/C82-/C82.33,Lymphoma
761,C82,,Follicular lymphoma,C82.34,Follicular lymphoma grade IIIa lymph nodes of axilla and upper limb,62e3827e-4264-5498-b2d7-1739a94077e4,https://www.icd10data.com//ICD10CM/Codes/C00-D49/C81-C96/C82-/C82.34,Lymphoma
762,C82,,Follicular lymphoma,C82.35,Follicular lymphoma grade IIIa lymph nodes of inguinal region and lower limb,4f60fdd1-d8f6-5ea6-b528-07e65c95ec80,https://www.icd10data.com//ICD10CM/Codes/C00-D49/C81-C96/C82-/C82.35,Lymphoma
915,C84,,Mature T/NK-cell lymphomas,C84.00,Mycosis fungoides unspecified site,503fc3e0-6eeb-5b30-a7a1-1210b8d9e484,https://www.icd10data.com//ICD10CM/Codes/C00-D49/C81-C96/C84-/C84.00,T/NK-Cell Lymphoma
763,C82,,Follicular lymphoma,C82.36,Follicular lymphoma grade IIIa intrapelvic lymph nodes,8eb0eebd-9fa3-5ad3-b345-509bb0146983,https://www.icd10data.com//ICD10CM/Codes/C00-D49/C81-C96/C82-/C82.36,Lymphoma
764,C82,,Follicular lymphoma,C82.37,Follicular lymphoma grade IIIa spleen,6cffbf79-eaa6-5077-a61f-f0dd2a99e139,https://www.icd10data.com//ICD10CM/Codes/C00-D49/C81-C96/C82-/C82.37,Lymphoma
765,C82,,Follicular lymphoma,C82.38,Follicular lymphoma grade IIIa lymph nodes of multiple sites,f8bcad97-5965-5a0d-a97f-03a9d2b44b3e,https://www.icd10data.com//ICD10CM/Codes/C00-D49/C81-C96/C82-/C82.38,Lymphoma
766,C82,,Follicular lymphoma,C82.39,Follicular lymphoma grade IIIa extranodal and solid organ sites,9a098da5-582f-546a-b971-74ada2213c0f,https://www.icd10data.com//ICD10CM/Codes/C00-D49/C81-C96/C82-/C82.39,Lymphoma
767,C82,,Follicular lymphoma,C82.3A,Follicular lymphoma grade IIIa in remission,2ad954b1-035a-56c1-b9ed-9fda2457767d,https://www.icd10data.com//ICD10CM/Codes/C00-D49/C81-C96/C82-/C82.3A,Lymphoma
768,C82,,Follicular lymphoma,C82.4,Follicular lymphoma grade IIIb,b3ad9502-02ec-5c5f-9457-bc0a05c5f42c,https://www.icd10data.com//ICD10CM/Codes/C00-D49/C81-C96/C82-/C82.4,Lymphoma
769,C82,,Follicular lymphoma,C82.40,Follicular lymphoma grade IIIb unspecified site,211f4aac-3719-5546-bf02-ed895510cef8,https://www.icd10data.com//ICD10CM/Codes/C00-D49/C81-C96/C82-/C82.40,Lymphoma
770,C82,,Follicular lymphoma,C82.41,"Follicular lymphoma grade IIIb lymph nodes of head, face, and neck",00b9845f-5a82-58bf-ae90-9ead462da8fc,https://www.icd10data.com//ICD10CM/Codes/C00-D49/C81-C96/C82-/C82.41,Lymphoma
838,C83,,Non-Follicular Lymphoma,C83.09,Small cell B-cell lymphoma extranodal and solid organ sites,fcdec305-a672-56b5-87e3-b5726fe45bc2,https://www.icd10data.com//ICD10CM/Codes/C00-D49/C81-C96/C83-/C83.09,Lymphoma
771,C82,,Follicular lymphoma,C82.42,Follicular lymphoma grade IIIb intrathoracic lymph nodes,1cd66d45-be11-56ea-9771-d1f377e8cb48,https://www.icd10data.com//ICD10CM/Codes/C00-D49/C81-C96/C82-/C82.42,Lymphoma
772,C82,,Follicular lymphoma,C82.43,Follicular lymphoma grade IIIb intra-abdominal lymph nodes,e26f1305-42a3-55d3-bbf0-0263a6d58897,https://www.icd10data.com//ICD10CM/Codes/C00-D49/C81-C96/C82-/C82.43,Lymphoma
773,C82,,Follicular lymphoma,C82.44,Follicular lymphoma grade IIIb lymph nodes of axilla and upper limb,02868256-8af8-501d-b511-db0e86d681ed,https://www.icd10data.com//ICD10CM/Codes/C00-D49/C81-C96/C82-/C82.44,Lymphoma
774,C82,,Follicular lymphoma,C82.45,Follicular lymphoma grade IIIb lymph nodes of inguinal region and lower limb,aabf5a56-d921-560c-abe9-6bccba16076c,https://www.icd10data.com//ICD10CM/Codes/C00-D49/C81-C96/C82-/C82.45,Lymphoma
775,C82,,Follicular lymphoma,C82.46,Follicular lymphoma grade IIIb intrapelvic lymph nodes,9f1909b3-1aa1-52fe-a69e-bb5a061b7dd5,https://www.icd10data.com//ICD10CM/Codes/C00-D49/C81-C96/C82-/C82.46,Lymphoma
776,C82,,Follicular lymphoma,C82.47,Follicular lymphoma grade IIIb spleen,d3d27b38-3e20-5c52-ab12-7b41f5de1278,https://www.icd10data.com//ICD10CM/Codes/C00-D49/C81-C96/C82-/C82.47,Lymphoma
777,C82,,Follicular lymphoma,C82.48,Follicular lymphoma grade IIIb lymph nodes of multiple sites,5465c317-2439-58fb-bf1f-11092f7c7b89,https://www.icd10data.com//ICD10CM/Codes/C00-D49/C81-C96/C82-/C82.48,Lymphoma
778,C82,,Follicular lymphoma,C82.49,Follicular lymphoma grade IIIb extranodal and solid organ sites,02382b1e-8905-5601-a872-9421a8d733ed,https://www.icd10data.com//ICD10CM/Codes/C00-D49/C81-C96/C82-/C82.49,Lymphoma
916,C84,,Mature T/NK-cell lymphomas,C84.01,"Mycosis fungoides lymph nodes of head, face, and neck",bff0855a-2938-53cd-86d5-17d6eb6f2823,https://www.icd10data.com//ICD10CM/Codes/C00-D49/C81-C96/C84-/C84.01,T/NK-Cell Lymphoma
779,C82,,Follicular lymphoma,C82.4A,Follicular lymphoma grade IIIb in remission,88a95d35-4136-5493-b3c3-ca77ef4eda17,https://www.icd10data.com//ICD10CM/Codes/C00-D49/C81-C96/C82-/C82.4A,Lymphoma
780,C82,,Follicular lymphoma,C82.5,Diffuse follicle center lymphoma,a9b07a5a-abd2-5bd6-b830-d0c4a3fb329e,https://www.icd10data.com//ICD10CM/Codes/C00-D49/C81-C96/C82-/C82.5,Lymphoma
781,C82,,Follicular lymphoma,C82.50,Diffuse follicle center lymphoma unspecified site,1ea5d738-1a98-532b-9fad-9149e571c62b,https://www.icd10data.com//ICD10CM/Codes/C00-D49/C81-C96/C82-/C82.50,Lymphoma
782,C82,,Follicular lymphoma,C82.51,"Diffuse follicle center lymphoma lymph nodes of head, face, and neck",bb124f31-c04c-5456-836d-bbd55efc8860,https://www.icd10data.com//ICD10CM/Codes/C00-D49/C81-C96/C82-/C82.51,Lymphoma
783,C82,,Follicular lymphoma,C82.52,Diffuse follicle center lymphoma intrathoracic lymph nodes,d44f89bf-69fa-5ec5-810b-30d9be7302d1,https://www.icd10data.com//ICD10CM/Codes/C00-D49/C81-C96/C82-/C82.52,Lymphoma
784,C82,,Follicular lymphoma,C82.53,Diffuse follicle center lymphoma intra-abdominal lymph nodes,66835527-ccd5-597f-9b60-7a86d71e0a84,https://www.icd10data.com//ICD10CM/Codes/C00-D49/C81-C96/C82-/C82.53,Lymphoma
785,C82,,Follicular lymphoma,C82.54,Diffuse follicle center lymphoma lymph nodes of axilla and upper limb,b578948c-4801-5fde-b3dc-833a4c6c4628,https://www.icd10data.com//ICD10CM/Codes/C00-D49/C81-C96/C82-/C82.54,Lymphoma
786,C82,,Follicular lymphoma,C82.55,Diffuse follicle center lymphoma lymph nodes of inguinal region and lower limb,09d9d712-3d40-5aeb-9490-25a42ad0f8f9,https://www.icd10data.com//ICD10CM/Codes/C00-D49/C81-C96/C82-/C82.55,Lymphoma
917,C84,,Mature T/NK-cell lymphomas,C84.02,Mycosis fungoides intrathoracic lymph nodes,605c07f2-3ccb-545a-b3f2-f244e14682ce,https://www.icd10data.com//ICD10CM/Codes/C00-D49/C81-C96/C84-/C84.02,T/NK-Cell Lymphoma
787,C82,,Follicular lymphoma,C82.56,Diffuse follicle center lymphoma intrapelvic lymph nodes,d2c1d852-74c8-5810-8235-82042cb34711,https://www.icd10data.com//ICD10CM/Codes/C00-D49/C81-C96/C82-/C82.56,Lymphoma
788,C82,,Follicular lymphoma,C82.57,Diffuse follicle center lymphoma spleen,381804b0-b75b-5a59-90fb-1a12031e7637,https://www.icd10data.com//ICD10CM/Codes/C00-D49/C81-C96/C82-/C82.57,Lymphoma
789,C82,,Follicular lymphoma,C82.58,Diffuse follicle center lymphoma lymph nodes of multiple sites,61f493aa-ecc6-5c75-95c3-4a9d75ba2642,https://www.icd10data.com//ICD10CM/Codes/C00-D49/C81-C96/C82-/C82.58,Lymphoma
790,C82,,Follicular lymphoma,C82.59,Diffuse follicle center lymphoma extranodal and solid organ sites,ae94f54b-9b64-590d-97cb-c10f758a32f6,https://www.icd10data.com//ICD10CM/Codes/C00-D49/C81-C96/C82-/C82.59,Lymphoma
791,C82,,Follicular lymphoma,C82.5A,Diffuse follicle center lymphoma in remission,13e3a2fb-f19c-57f4-b0f0-c69c3f1e5c18,https://www.icd10data.com//ICD10CM/Codes/C00-D49/C81-C96/C82-/C82.5A,Lymphoma
792,C82,,Follicular lymphoma,C82.6,Cutaneous follicle center lymphoma,f17e2217-fd37-5b9b-b863-37f1400c7bc5,https://www.icd10data.com//ICD10CM/Codes/C00-D49/C81-C96/C82-/C82.6,Lymphoma
793,C82,,Follicular lymphoma,C82.60,Cutaneous follicle center lymphoma unspecified site,07c8bed2-6761-5fc1-b4ef-9fda8ea286bf,https://www.icd10data.com//ICD10CM/Codes/C00-D49/C81-C96/C82-/C82.60,Lymphoma
794,C82,,Follicular lymphoma,C82.61,"Cutaneous follicle center lymphoma lymph nodes of head, face, and neck",719194ab-6aa3-5e07-b9b4-c570ab47d8b7,https://www.icd10data.com//ICD10CM/Codes/C00-D49/C81-C96/C82-/C82.61,Lymphoma
839,C83,,Non-Follicular Lymphoma,C83.0A,Small cell B-cell lymphoma in remission,a9e6cd36-aa67-5834-b332-d516f1cf4d59,https://www.icd10data.com//ICD10CM/Codes/C00-D49/C81-C96/C83-/C83.0A,Lymphoma
795,C82,,Follicular lymphoma,C82.62,Cutaneous follicle center lymphoma intrathoracic lymph nodes,6296bf04-37dc-5fe7-92cf-29c722de0b4b,https://www.icd10data.com//ICD10CM/Codes/C00-D49/C81-C96/C82-/C82.62,Lymphoma
796,C82,,Follicular lymphoma,C82.63,Cutaneous follicle center lymphoma intra-abdominal lymph nodes,59e5d818-cf91-5748-8471-307a0856bd57,https://www.icd10data.com//ICD10CM/Codes/C00-D49/C81-C96/C82-/C82.63,Lymphoma
797,C82,,Follicular lymphoma,C82.64,Cutaneous follicle center lymphoma lymph nodes of axilla and upper limb,cb6d792a-bdfc-5550-94aa-e246b434967f,https://www.icd10data.com//ICD10CM/Codes/C00-D49/C81-C96/C82-/C82.64,Lymphoma
798,C82,,Follicular lymphoma,C82.65,Cutaneous follicle center lymphoma lymph nodes of inguinal region and lower limb,55820021-5e2d-55ae-92b6-5ac54a041975,https://www.icd10data.com//ICD10CM/Codes/C00-D49/C81-C96/C82-/C82.65,Lymphoma
799,C82,,Follicular lymphoma,C82.66,Cutaneous follicle center lymphoma intrapelvic lymph nodes,561a1510-bb48-5d6a-913b-0c3cc6193785,https://www.icd10data.com//ICD10CM/Codes/C00-D49/C81-C96/C82-/C82.66,Lymphoma
800,C82,,Follicular lymphoma,C82.67,Cutaneous follicle center lymphoma spleen,56f01d43-d370-58c7-b49d-ff3076b23ada,https://www.icd10data.com//ICD10CM/Codes/C00-D49/C81-C96/C82-/C82.67,Lymphoma
801,C82,,Follicular lymphoma,C82.68,Cutaneous follicle center lymphoma lymph nodes of multiple sites,f2678cf1-870f-52d0-b9f3-34738c7b650b,https://www.icd10data.com//ICD10CM/Codes/C00-D49/C81-C96/C82-/C82.68,Lymphoma
802,C82,,Follicular lymphoma,C82.69,Cutaneous follicle center lymphoma extranodal and solid organ sites,5c34c889-edc6-5eed-9dd2-96a882d90cd4,https://www.icd10data.com//ICD10CM/Codes/C00-D49/C81-C96/C82-/C82.69,Lymphoma
918,C84,,Mature T/NK-cell lymphomas,C84.03,Mycosis fungoides intra-abdominal lymph nodes,d3e96890-7cc9-5f7e-8b78-f400b9b7fca6,https://www.icd10data.com//ICD10CM/Codes/C00-D49/C81-C96/C84-/C84.03,T/NK-Cell Lymphoma
803,C82,,Follicular lymphoma,C82.6A,Cutaneous follicle center lymphoma in remission,431daaa6-d62c-598e-b4f1-936d06979ab8,https://www.icd10data.com//ICD10CM/Codes/C00-D49/C81-C96/C82-/C82.6A,Lymphoma
804,C82,,Follicular lymphoma,C82.8,Other types of follicular lymphoma,76f0e394-231c-53aa-9e6d-57a12384c5f0,https://www.icd10data.com//ICD10CM/Codes/C00-D49/C81-C96/C82-/C82.8,Lymphoma
805,C82,,Follicular lymphoma,C82.80,Other types of follicular lymphoma unspecified site,b34d4c24-4db4-5fc1-aa8e-2d810da15729,https://www.icd10data.com//ICD10CM/Codes/C00-D49/C81-C96/C82-/C82.80,Lymphoma
806,C82,,Follicular lymphoma,C82.81,"Other types of follicular lymphoma lymph nodes of head, face, and neck",cbf53161-2c25-53b8-807a-1b9c138be004,https://www.icd10data.com//ICD10CM/Codes/C00-D49/C81-C96/C82-/C82.81,Lymphoma
807,C82,,Follicular lymphoma,C82.82,Other types of follicular lymphoma intrathoracic lymph nodes,276f0a31-5899-562e-b5db-71e49d7b25e5,https://www.icd10data.com//ICD10CM/Codes/C00-D49/C81-C96/C82-/C82.82,Lymphoma
808,C82,,Follicular lymphoma,C82.83,Other types of follicular lymphoma intra-abdominal lymph nodes,0060d4be-63c6-5906-873f-3c643d005196,https://www.icd10data.com//ICD10CM/Codes/C00-D49/C81-C96/C82-/C82.83,Lymphoma
809,C82,,Follicular lymphoma,C82.84,Other types of follicular lymphoma lymph nodes of axilla and upper limb,f57b4487-6071-5bd7-863c-c6d8f1d9b108,https://www.icd10data.com//ICD10CM/Codes/C00-D49/C81-C96/C82-/C82.84,Lymphoma
810,C82,,Follicular lymphoma,C82.85,Other types of follicular lymphoma lymph nodes of inguinal region and lower limb,feb6d66e-690d-5432-ad9a-56804d8dee96,https://www.icd10data.com//ICD10CM/Codes/C00-D49/C81-C96/C82-/C82.85,Lymphoma
840,C83,,Non-Follicular Lymphoma,C83.1,Mantle cell lymphoma,cba180d0-8d4c-5929-9493-9028ad428478,https://www.icd10data.com//ICD10CM/Codes/C00-D49/C81-C96/C83-/C83.1,Lymphoma
811,C82,,Follicular lymphoma,C82.86,Other types of follicular lymphoma intrapelvic lymph nodes,b4f04462-a4f6-5199-ad1c-94cf10a6a4d3,https://www.icd10data.com//ICD10CM/Codes/C00-D49/C81-C96/C82-/C82.86,Lymphoma
812,C82,,Follicular lymphoma,C82.87,Other types of follicular lymphoma spleen,d51de2c7-5268-5bac-bdf8-76ca674f73ec,https://www.icd10data.com//ICD10CM/Codes/C00-D49/C81-C96/C82-/C82.87,Lymphoma
813,C82,,Follicular lymphoma,C82.88,Other types of follicular lymphoma lymph nodes of multiple sites,c3045a35-d586-55fb-8430-9d8c7c49531d,https://www.icd10data.com//ICD10CM/Codes/C00-D49/C81-C96/C82-/C82.88,Lymphoma
814,C82,,Follicular lymphoma,C82.89,Other types of follicular lymphoma extranodal and solid organ sites,d7abc262-2fd1-5600-be78-cf5bf2a36a10,https://www.icd10data.com//ICD10CM/Codes/C00-D49/C81-C96/C82-/C82.89,Lymphoma
815,C82,,Follicular lymphoma,C82.8A,Other types of follicular lymphoma in remission,cc677aa3-3470-5f8e-8082-417ab0431a96,https://www.icd10data.com//ICD10CM/Codes/C00-D49/C81-C96/C82-/C82.8A,Lymphoma
816,C82,,Follicular lymphoma,C82.9,"Follicular lymphoma, unspecified",7cbe2536-439e-5824-b0ff-78791a555b0b,https://www.icd10data.com//ICD10CM/Codes/C00-D49/C81-C96/C82-/C82.9,Lymphoma
817,C82,,Follicular lymphoma,C82.90,"Follicular lymphoma, unspecified unspecified site",a160cb87-9f3f-5946-861d-a7d3b5ec8bdb,https://www.icd10data.com//ICD10CM/Codes/C00-D49/C81-C96/C82-/C82.90,Lymphoma
818,C82,,Follicular lymphoma,C82.91,"Follicular lymphoma, unspecified lymph nodes of head, face, and neck",1e9fb5d3-e9c5-5221-a872-b0b928a9dd39,https://www.icd10data.com//ICD10CM/Codes/C00-D49/C81-C96/C82-/C82.91,Lymphoma
841,C83,,Non-Follicular Lymphoma,C83.10,Mantle cell lymphoma unspecified site,4e610d31-fd36-5ede-a7e1-366756bb7a6d,https://www.icd10data.com//ICD10CM/Codes/C00-D49/C81-C96/C83-/C83.10,Lymphoma
819,C82,,Follicular lymphoma,C82.92,"Follicular lymphoma, unspecified intrathoracic lymph nodes",e7c323ea-6366-5fba-ae82-bdb3f27b09b3,https://www.icd10data.com//ICD10CM/Codes/C00-D49/C81-C96/C82-/C82.92,Lymphoma
820,C82,,Follicular lymphoma,C82.93,"Follicular lymphoma, unspecified intra-abdominal lymph nodes",a6e1608e-d34e-534b-81d4-cd51b31c6000,https://www.icd10data.com//ICD10CM/Codes/C00-D49/C81-C96/C82-/C82.93,Lymphoma
821,C82,,Follicular lymphoma,C82.94,"Follicular lymphoma, unspecified lymph nodes of axilla and upper limb",2598181b-e61c-5199-948e-cb331ad0e461,https://www.icd10data.com//ICD10CM/Codes/C00-D49/C81-C96/C82-/C82.94,Lymphoma
822,C82,,Follicular lymphoma,C82.95,"Follicular lymphoma, unspecified lymph nodes of inguinal region and lower limb",1ad4c191-aa91-5d61-8bde-20561a17091a,https://www.icd10data.com//ICD10CM/Codes/C00-D49/C81-C96/C82-/C82.95,Lymphoma
823,C82,,Follicular lymphoma,C82.96,"Follicular lymphoma, unspecified intrapelvic lymph nodes",a1b69e02-3a8f-5f88-920e-caf6a304a617,https://www.icd10data.com//ICD10CM/Codes/C00-D49/C81-C96/C82-/C82.96,Lymphoma
824,C82,,Follicular lymphoma,C82.97,"Follicular lymphoma, unspecified spleen",89d268df-4ba6-5c70-9b96-231f23e5caa2,https://www.icd10data.com//ICD10CM/Codes/C00-D49/C81-C96/C82-/C82.97,Lymphoma
825,C82,,Follicular lymphoma,C82.98,"Follicular lymphoma, unspecified lymph nodes of multiple sites",7a323ebd-cc90-52f4-b072-07a193b0f8c6,https://www.icd10data.com//ICD10CM/Codes/C00-D49/C81-C96/C82-/C82.98,Lymphoma
826,C82,,Follicular lymphoma,C82.99,"Follicular lymphoma, unspecified extranodal and solid organ sites",4fb5a89a-50e8-5451-9b07-c990a725c8e1,https://www.icd10data.com//ICD10CM/Codes/C00-D49/C81-C96/C82-/C82.99,Lymphoma
919,C84,,Mature T/NK-cell lymphomas,C84.04,Mycosis fungoides lymph nodes of axilla and upper limb,77910def-b448-53d6-9bae-2a210f89078e,https://www.icd10data.com//ICD10CM/Codes/C00-D49/C81-C96/C84-/C84.04,T/NK-Cell Lymphoma
827,C82,,Follicular lymphoma,C82.9A,"Follicular lymphoma, unspecified in remission",13453a27-756a-5da6-ade5-268f13b9d21d,https://www.icd10data.com//ICD10CM/Codes/C00-D49/C81-C96/C82-/C82.9A,Lymphoma
828,C83,,Non-Follicular Lymphoma,C83.0,Small cell B-cell lymphoma,76c7e27d-bf0e-50f8-8bf2-374a06ffcfa6,https://www.icd10data.com//ICD10CM/Codes/C00-D49/C81-C96/C83-/C83.0,Lymphoma
829,C83,,Non-Follicular Lymphoma,C83.00,Small cell B-cell lymphoma unspecified site,0eb67d9d-f05a-5404-93d8-1d87b4da1cbc,https://www.icd10data.com//ICD10CM/Codes/C00-D49/C81-C96/C83-/C83.00,Lymphoma
830,C83,,Non-Follicular Lymphoma,C83.01,"Small cell B-cell lymphoma lymph nodes of head, face, and neck",3669997d-7d73-52ce-8e23-30859c88d24d,https://www.icd10data.com//ICD10CM/Codes/C00-D49/C81-C96/C83-/C83.01,Lymphoma
831,C83,,Non-Follicular Lymphoma,C83.02,Small cell B-cell lymphoma intrathoracic lymph nodes,e187b500-5337-52c2-bfc7-e98c61540ed3,https://www.icd10data.com//ICD10CM/Codes/C00-D49/C81-C96/C83-/C83.02,Lymphoma
832,C83,,Non-Follicular Lymphoma,C83.03,Small cell B-cell lymphoma intra-abdominal lymph nodes,df35126d-0784-5a4d-bf6f-ae4dab0f0ce2,https://www.icd10data.com//ICD10CM/Codes/C00-D49/C81-C96/C83-/C83.03,Lymphoma
833,C83,,Non-Follicular Lymphoma,C83.04,Small cell B-cell lymphoma lymph nodes of axilla and upper limb,c19d52eb-d4ad-571f-8969-8fbadf492de6,https://www.icd10data.com//ICD10CM/Codes/C00-D49/C81-C96/C83-/C83.04,Lymphoma
834,C83,,Non-Follicular Lymphoma,C83.05,Small cell B-cell lymphoma lymph nodes of inguinal region and lower limb,70342683-8d2a-5cf0-a4cf-95c742d510ed,https://www.icd10data.com//ICD10CM/Codes/C00-D49/C81-C96/C83-/C83.05,Lymphoma
835,C83,,Non-Follicular Lymphoma,C83.06,Small cell B-cell lymphoma intrapelvic lymph nodes,d416e9ea-bc70-5dc8-81eb-6c5cffb76695,https://www.icd10data.com//ICD10CM/Codes/C00-D49/C81-C96/C83-/C83.06,Lymphoma
836,C83,,Non-Follicular Lymphoma,C83.07,Small cell B-cell lymphoma spleen,cd517e36-7088-5ca6-81a8-c30012eda883,https://www.icd10data.com//ICD10CM/Codes/C00-D49/C81-C96/C83-/C83.07,Lymphoma
837,C83,,Non-Follicular Lymphoma,C83.08,Small cell B-cell lymphoma lymph nodes of multiple sites,90f09c0a-9d60-5d00-b658-7cc7e969f539,https://www.icd10data.com//ICD10CM/Codes/C00-D49/C81-C96/C83-/C83.08,Lymphoma
1016,C85,,Other specified and unspecified types of non-Hodgkin lymphoma,C85.14,Unspecified B-cell lymphoma lymph nodes of axilla and upper limb,f0db7428-367c-52ae-9b3d-47f41b066c2f,https://www.icd10data.com//ICD10CM/Codes/C00-D49/C81-C96/C85-/C85.14,Lymphoma
842,C83,,Non-Follicular Lymphoma,C83.11,"Mantle cell lymphoma lymph nodes of head, face, and neck",2189206e-451a-5ee7-89d5-5c4b50a6b94b,https://www.icd10data.com//ICD10CM/Codes/C00-D49/C81-C96/C83-/C83.11,Lymphoma
843,C83,,Non-Follicular Lymphoma,C83.12,Mantle cell lymphoma intrathoracic lymph nodes,f8529e60-6bb0-573b-87f2-625874df689e,https://www.icd10data.com//ICD10CM/Codes/C00-D49/C81-C96/C83-/C83.12,Lymphoma
844,C83,,Non-Follicular Lymphoma,C83.13,Mantle cell lymphoma intra-abdominal lymph nodes,117cd094-1d84-5199-86d8-e4153d0fc59f,https://www.icd10data.com//ICD10CM/Codes/C00-D49/C81-C96/C83-/C83.13,Lymphoma
845,C83,,Non-Follicular Lymphoma,C83.14,Mantle cell lymphoma lymph nodes of axilla and upper limb,69c61c0d-9873-5e19-8673-f34471e0fed2,https://www.icd10data.com//ICD10CM/Codes/C00-D49/C81-C96/C83-/C83.14,Lymphoma
846,C83,,Non-Follicular Lymphoma,C83.15,Mantle cell lymphoma lymph nodes of inguinal region and lower limb,29551534-aa09-5a52-805d-9c5871ee3cbe,https://www.icd10data.com//ICD10CM/Codes/C00-D49/C81-C96/C83-/C83.15,Lymphoma
847,C83,,Non-Follicular Lymphoma,C83.16,Mantle cell lymphoma intrapelvic lymph nodes,a9d96b24-5d08-5729-bf50-98e24f75c4cf,https://www.icd10data.com//ICD10CM/Codes/C00-D49/C81-C96/C83-/C83.16,Lymphoma
848,C83,,Non-Follicular Lymphoma,C83.17,Mantle cell lymphoma spleen,0daab498-06d0-5389-a0b5-57da643469a6,https://www.icd10data.com//ICD10CM/Codes/C00-D49/C81-C96/C83-/C83.17,Lymphoma
849,C83,,Non-Follicular Lymphoma,C83.18,Mantle cell lymphoma lymph nodes of multiple sites,72787cc5-7284-53bb-935c-0ae1fcf416a0,https://www.icd10data.com//ICD10CM/Codes/C00-D49/C81-C96/C83-/C83.18,Lymphoma
850,C83,,Non-Follicular Lymphoma,C83.19,Mantle cell lymphoma extranodal and solid organ sites,0cf42436-aad0-5bb4-83a3-66f64806d07b,https://www.icd10data.com//ICD10CM/Codes/C00-D49/C81-C96/C83-/C83.19,Lymphoma
851,C83,,Non-Follicular Lymphoma,C83.1A,Mantle cell lymphoma in remission,69c96f8f-0214-5781-83cd-ad81a918ae9f,https://www.icd10data.com//ICD10CM/Codes/C00-D49/C81-C96/C83-/C83.1A,Lymphoma
852,C83,,Non-Follicular Lymphoma,C83.3,Diffuse large B-cell lymphoma,e1afd406-7036-501b-8e8d-90d945a77ed8,https://www.icd10data.com//ICD10CM/Codes/C00-D49/C81-C96/C83-/C83.3,Lymphoma
853,C83,,Non-Follicular Lymphoma,C83.30,Diffuse large B-cell lymphoma unspecified site,daf0037e-f367-5d81-9bd7-dd63afd3272e,https://www.icd10data.com//ICD10CM/Codes/C00-D49/C81-C96/C83-/C83.30,Lymphoma
854,C83,,Non-Follicular Lymphoma,C83.31,"Diffuse large B-cell lymphoma lymph nodes of head, face, and neck",189cb706-c645-5d44-93b8-2ff77fe47da2,https://www.icd10data.com//ICD10CM/Codes/C00-D49/C81-C96/C83-/C83.31,Lymphoma
855,C83,,Non-Follicular Lymphoma,C83.32,Diffuse large B-cell lymphoma intrathoracic lymph nodes,01b4aa41-1e41-5ce8-8e07-ebd766e09be6,https://www.icd10data.com//ICD10CM/Codes/C00-D49/C81-C96/C83-/C83.32,Lymphoma
856,C83,,Non-Follicular Lymphoma,C83.33,Diffuse large B-cell lymphoma intra-abdominal lymph nodes,9c1691b0-6764-59f0-bb5d-c285c06747fe,https://www.icd10data.com//ICD10CM/Codes/C00-D49/C81-C96/C83-/C83.33,Lymphoma
857,C83,,Non-Follicular Lymphoma,C83.34,Diffuse large B-cell lymphoma lymph nodes of axilla and upper limb,9b642eb3-1460-5fa1-b10e-b827079ab249,https://www.icd10data.com//ICD10CM/Codes/C00-D49/C81-C96/C83-/C83.34,Lymphoma
858,C83,,Non-Follicular Lymphoma,C83.35,Diffuse large B-cell lymphoma lymph nodes of inguinal region and lower limb,08447bdf-8fc3-5eb6-87a8-4ac46746155d,https://www.icd10data.com//ICD10CM/Codes/C00-D49/C81-C96/C83-/C83.35,Lymphoma
859,C83,,Non-Follicular Lymphoma,C83.36,Diffuse large B-cell lymphoma intrapelvic lymph nodes,2ff5d665-f0f4-59b6-8832-d6ce01a3c356,https://www.icd10data.com//ICD10CM/Codes/C00-D49/C81-C96/C83-/C83.36,Lymphoma
860,C83,,Non-Follicular Lymphoma,C83.37,Diffuse large B-cell lymphoma spleen,0da52678-9d59-5f8f-88ec-a55bc4bfd6da,https://www.icd10data.com//ICD10CM/Codes/C00-D49/C81-C96/C83-/C83.37,Lymphoma
861,C83,,Non-Follicular Lymphoma,C83.38,Diffuse large B-cell lymphoma lymph nodes of multiple sites,2aae7667-7cd1-5a0c-81de-2ef3d0c6b4dc,https://www.icd10data.com//ICD10CM/Codes/C00-D49/C81-C96/C83-/C83.38,Lymphoma
862,C83,,Non-Follicular Lymphoma,C83.39,"Diffuse large B-cell lymphoma, extranodal and solid organ sites",907229a5-4061-59b4-9566-09f5c8cacd0d,https://www.icd10data.com//ICD10CM/Codes/C00-D49/C81-C96/C83-/C83.39,Lymphoma
863,C83,,Non-Follicular Lymphoma,C83.390,Primary central nervous system lymphoma,d15bfb78-1350-58a3-a90a-999f409d9d0b,https://www.icd10data.com//ICD10CM/Codes/C00-D49/C81-C96/C83-/C83.390,Lymphoma
864,C83,,Non-Follicular Lymphoma,C83.398,Diffuse large B-cell lymphoma of other extranodal and solid organ sites,0092aaf4-1eb6-5895-b37b-3ada10371eda,https://www.icd10data.com//ICD10CM/Codes/C00-D49/C81-C96/C83-/C83.398,Lymphoma
920,C84,,Mature T/NK-cell lymphomas,C84.05,Mycosis fungoides lymph nodes of inguinal region and lower limb,50fd3b5b-c6ad-523f-ae9f-87acfe8fd589,https://www.icd10data.com//ICD10CM/Codes/C00-D49/C81-C96/C84-/C84.05,T/NK-Cell Lymphoma
867,C83,,Non-Follicular Lymphoma,C83.50,Lymphoblastic (diffuse) lymphoma unspecified site,11dc5ed9-5c94-5647-9919-66b4d369972c,https://www.icd10data.com//ICD10CM/Codes/C00-D49/C81-C96/C83-/C83.50,Lymphoma
868,C83,,Non-Follicular Lymphoma,C83.51,"Lymphoblastic (diffuse) lymphoma lymph nodes of head, face, and neck",2343d164-abf3-57c7-8fc6-0fb535c0b464,https://www.icd10data.com//ICD10CM/Codes/C00-D49/C81-C96/C83-/C83.51,Lymphoma
869,C83,,Non-Follicular Lymphoma,C83.52,Lymphoblastic (diffuse) lymphoma intrathoracic lymph nodes,165ae22a-7c7b-5bbc-b723-c357f0e4272f,https://www.icd10data.com//ICD10CM/Codes/C00-D49/C81-C96/C83-/C83.52,Lymphoma
870,C83,,Non-Follicular Lymphoma,C83.53,Lymphoblastic (diffuse) lymphoma intra-abdominal lymph nodes,24dcdaa8-52f5-515c-b564-eb65c5c6b61d,https://www.icd10data.com//ICD10CM/Codes/C00-D49/C81-C96/C83-/C83.53,Lymphoma
871,C83,,Non-Follicular Lymphoma,C83.54,Lymphoblastic (diffuse) lymphoma lymph nodes of axilla and upper limb,2201f603-96ca-5f3e-b651-5f9b014a1190,https://www.icd10data.com//ICD10CM/Codes/C00-D49/C81-C96/C83-/C83.54,Lymphoma
872,C83,,Non-Follicular Lymphoma,C83.55,Lymphoblastic (diffuse) lymphoma lymph nodes of inguinal region and lower limb,c0664741-cac1-5909-991d-956739308efc,https://www.icd10data.com//ICD10CM/Codes/C00-D49/C81-C96/C83-/C83.55,Lymphoma
873,C83,,Non-Follicular Lymphoma,C83.56,Lymphoblastic (diffuse) lymphoma intrapelvic lymph nodes,ce18893a-49f3-5fa8-90c2-0e07f7af1431,https://www.icd10data.com//ICD10CM/Codes/C00-D49/C81-C96/C83-/C83.56,Lymphoma
874,C83,,Non-Follicular Lymphoma,C83.57,Lymphoblastic (diffuse) lymphoma spleen,b7600704-58f4-54f3-9cea-d6895752fbf4,https://www.icd10data.com//ICD10CM/Codes/C00-D49/C81-C96/C83-/C83.57,Lymphoma
875,C83,,Non-Follicular Lymphoma,C83.58,Lymphoblastic (diffuse) lymphoma lymph nodes of multiple sites,2c8d4bcd-63ac-5688-84cd-0ed6f2718a9a,https://www.icd10data.com//ICD10CM/Codes/C00-D49/C81-C96/C83-/C83.58,Lymphoma
876,C83,,Non-Follicular Lymphoma,C83.59,Lymphoblastic (diffuse) lymphoma extranodal and solid organ sites,cd2268e9-2aa5-5a8d-8356-c5e6564166c7,https://www.icd10data.com//ICD10CM/Codes/C00-D49/C81-C96/C83-/C83.59,Lymphoma
877,C83,,Non-Follicular Lymphoma,C83.5A,Lymphoblastic (diffuse) lymphoma in remission,718ae90d-d3fc-59d2-aad6-2bdec5f1505e,https://www.icd10data.com//ICD10CM/Codes/C00-D49/C81-C96/C83-/C83.5A,Lymphoma
878,C83,,Non-Follicular Lymphoma,C83.7,Burkitt lymphoma,b98a53a1-e44f-5922-af1e-8a44d15fe476,https://www.icd10data.com//ICD10CM/Codes/C00-D49/C81-C96/C83-/C83.7,Lymphoma
879,C83,,Non-Follicular Lymphoma,C83.70,Burkitt lymphoma unspecified site,c6820c22-44e0-5369-a685-b42be41892c7,https://www.icd10data.com//ICD10CM/Codes/C00-D49/C81-C96/C83-/C83.70,Lymphoma
880,C83,,Non-Follicular Lymphoma,C83.71,"Burkitt lymphoma lymph nodes of head, face, and neck",4c0ca732-40e8-59f6-80b0-db68960a4c35,https://www.icd10data.com//ICD10CM/Codes/C00-D49/C81-C96/C83-/C83.71,Lymphoma
881,C83,,Non-Follicular Lymphoma,C83.72,Burkitt lymphoma intrathoracic lymph nodes,bef7edf7-6fc3-572d-8d16-23df84e0f147,https://www.icd10data.com//ICD10CM/Codes/C00-D49/C81-C96/C83-/C83.72,Lymphoma
882,C83,,Non-Follicular Lymphoma,C83.73,Burkitt lymphoma intra-abdominal lymph nodes,68f2e29e-4ac1-5c68-9b89-e85c3cbeca9d,https://www.icd10data.com//ICD10CM/Codes/C00-D49/C81-C96/C83-/C83.73,Lymphoma
883,C83,,Non-Follicular Lymphoma,C83.74,Burkitt lymphoma lymph nodes of axilla and upper limb,763873c0-5f9c-5796-a4b9-0a290f1e87c9,https://www.icd10data.com//ICD10CM/Codes/C00-D49/C81-C96/C83-/C83.74,Lymphoma
884,C83,,Non-Follicular Lymphoma,C83.75,Burkitt lymphoma lymph nodes of inguinal region and lower limb,45805d08-e1a1-5789-8a45-93debdff027e,https://www.icd10data.com//ICD10CM/Codes/C00-D49/C81-C96/C83-/C83.75,Lymphoma
885,C83,,Non-Follicular Lymphoma,C83.76,Burkitt lymphoma intrapelvic lymph nodes,8dd4f880-9c85-55a5-ab24-74423cd9eaab,https://www.icd10data.com//ICD10CM/Codes/C00-D49/C81-C96/C83-/C83.76,Lymphoma
886,C83,,Non-Follicular Lymphoma,C83.77,Burkitt lymphoma spleen,9d28d79c-591d-521c-a1be-18709b7c0002,https://www.icd10data.com//ICD10CM/Codes/C00-D49/C81-C96/C83-/C83.77,Lymphoma
887,C83,,Non-Follicular Lymphoma,C83.78,Burkitt lymphoma lymph nodes of multiple sites,ff9ed042-cb9a-5580-806b-4baef15ff0e1,https://www.icd10data.com//ICD10CM/Codes/C00-D49/C81-C96/C83-/C83.78,Lymphoma
888,C83,,Non-Follicular Lymphoma,C83.79,Burkitt lymphoma extranodal and solid organ sites,07d64277-db66-5040-bd5f-92e512199233,https://www.icd10data.com//ICD10CM/Codes/C00-D49/C81-C96/C83-/C83.79,Lymphoma
889,C83,,Non-Follicular Lymphoma,C83.7A,Burkitt lymphoma in remission,de981b2d-7889-5a4c-800d-09b34a8d3217,https://www.icd10data.com//ICD10CM/Codes/C00-D49/C81-C96/C83-/C83.7A,Lymphoma
890,C83,,Non-Follicular Lymphoma,C83.8,Other non-follicular lymphoma,c73548d9-f1ea-5d13-a1c6-cc1d9a81c4ef,https://www.icd10data.com//ICD10CM/Codes/C00-D49/C81-C96/C83-/C83.8,Lymphoma
891,C83,,Non-Follicular Lymphoma,C83.80,Other non-follicular lymphoma unspecified site,32575bdb-ebe5-5482-8bd8-5942ee1aec9b,https://www.icd10data.com//ICD10CM/Codes/C00-D49/C81-C96/C83-/C83.80,Lymphoma
892,C83,,Non-Follicular Lymphoma,C83.81,"Other non-follicular lymphoma lymph nodes of head, face, and neck",c8e10a2a-33c7-544e-b8fc-379067b6d69b,https://www.icd10data.com//ICD10CM/Codes/C00-D49/C81-C96/C83-/C83.81,Lymphoma
893,C83,,Non-Follicular Lymphoma,C83.82,Other non-follicular lymphoma intrathoracic lymph nodes,a58d9b99-1197-58aa-9d05-5e1984005299,https://www.icd10data.com//ICD10CM/Codes/C00-D49/C81-C96/C83-/C83.82,Lymphoma
894,C83,,Non-Follicular Lymphoma,C83.83,Other non-follicular lymphoma intra-abdominal lymph nodes,c4227bbe-bbe8-5c22-889d-8c28b7024aee,https://www.icd10data.com//ICD10CM/Codes/C00-D49/C81-C96/C83-/C83.83,Lymphoma
895,C83,,Non-Follicular Lymphoma,C83.84,Other non-follicular lymphoma lymph nodes of axilla and upper limb,79637073-2381-57aa-b760-59b5ee61c216,https://www.icd10data.com//ICD10CM/Codes/C00-D49/C81-C96/C83-/C83.84,Lymphoma
896,C83,,Non-Follicular Lymphoma,C83.85,Other non-follicular lymphoma lymph nodes of inguinal region and lower limb,676c1539-9d5d-50e5-adc9-f360a3767e61,https://www.icd10data.com//ICD10CM/Codes/C00-D49/C81-C96/C83-/C83.85,Lymphoma
897,C83,,Non-Follicular Lymphoma,C83.86,Other non-follicular lymphoma intrapelvic lymph nodes,e6e07efc-7230-52e3-8ec7-96232f552054,https://www.icd10data.com//ICD10CM/Codes/C00-D49/C81-C96/C83-/C83.86,Lymphoma
898,C83,,Non-Follicular Lymphoma,C83.87,Other non-follicular lymphoma spleen,b8ade591-91ec-5e8a-9cbe-11c6ab4fef7b,https://www.icd10data.com//ICD10CM/Codes/C00-D49/C81-C96/C83-/C83.87,Lymphoma
899,C83,,Non-Follicular Lymphoma,C83.88,Other non-follicular lymphoma lymph nodes of multiple sites,8d0890a4-a440-5987-9d6e-a95b26fd7e03,https://www.icd10data.com//ICD10CM/Codes/C00-D49/C81-C96/C83-/C83.88,Lymphoma
900,C83,,Non-Follicular Lymphoma,C83.89,Other non-follicular lymphoma extranodal and solid organ sites,d7c0ea15-58a1-5b5e-b961-4df6e2804d70,https://www.icd10data.com//ICD10CM/Codes/C00-D49/C81-C96/C83-/C83.89,Lymphoma
901,C83,,Non-Follicular Lymphoma,C83.8A,Other non-follicular lymphoma in remission,0bf937e5-e03e-52d8-8972-867b4fbb5349,https://www.icd10data.com//ICD10CM/Codes/C00-D49/C81-C96/C83-/C83.8A,Lymphoma
902,C83,,Non-Follicular Lymphoma,C83.9,"Non-follicular (diffuse) lymphoma, unspecified",6fc61e23-ff1e-50a9-b51b-cb028c4c1324,https://www.icd10data.com//ICD10CM/Codes/C00-D49/C81-C96/C83-/C83.9,Lymphoma
903,C83,,Non-Follicular Lymphoma,C83.90,"Non-follicular (diffuse) lymphoma, unspecified unspecified site",ea7df5eb-b96a-5246-91e9-a19bf7591a37,https://www.icd10data.com//ICD10CM/Codes/C00-D49/C81-C96/C83-/C83.90,Lymphoma
904,C83,,Non-Follicular Lymphoma,C83.91,"Non-follicular (diffuse) lymphoma, unspecified lymph nodes of head, face, and neck",a50480fe-5ebc-5021-8bd5-5304cd161dd9,https://www.icd10data.com//ICD10CM/Codes/C00-D49/C81-C96/C83-/C83.91,Lymphoma
905,C83,,Non-Follicular Lymphoma,C83.92,"Non-follicular (diffuse) lymphoma, unspecified intrathoracic lymph nodes",ea37d0e1-989f-5173-b98a-ca920ee5f043,https://www.icd10data.com//ICD10CM/Codes/C00-D49/C81-C96/C83-/C83.92,Lymphoma
906,C83,,Non-Follicular Lymphoma,C83.93,"Non-follicular (diffuse) lymphoma, unspecified intra-abdominal lymph nodes",22ffc435-2403-561a-8bf7-6328a4f62429,https://www.icd10data.com//ICD10CM/Codes/C00-D49/C81-C96/C83-/C83.93,Lymphoma
907,C83,,Non-Follicular Lymphoma,C83.94,"Non-follicular (diffuse) lymphoma, unspecified lymph nodes of axilla and upper limb",fc02dcd9-726d-506b-be01-33f2fd59d4f3,https://www.icd10data.com//ICD10CM/Codes/C00-D49/C81-C96/C83-/C83.94,Lymphoma
908,C83,,Non-Follicular Lymphoma,C83.95,"Non-follicular (diffuse) lymphoma, unspecified lymph nodes of inguinal region and lower limb",176bc298-148f-5acf-97cd-a807bd86151f,https://www.icd10data.com//ICD10CM/Codes/C00-D49/C81-C96/C83-/C83.95,Lymphoma
909,C83,,Non-Follicular Lymphoma,C83.96,"Non-follicular (diffuse) lymphoma, unspecified intrapelvic lymph nodes",528b48da-1dfe-5fd2-bd0d-8cad404f7964,https://www.icd10data.com//ICD10CM/Codes/C00-D49/C81-C96/C83-/C83.96,Lymphoma
910,C83,,Non-Follicular Lymphoma,C83.97,"Non-follicular (diffuse) lymphoma, unspecified spleen",5608ac10-a056-5e60-a287-9ea5d42484f4,https://www.icd10data.com//ICD10CM/Codes/C00-D49/C81-C96/C83-/C83.97,Lymphoma
911,C83,,Non-Follicular Lymphoma,C83.98,"Non-follicular (diffuse) lymphoma, unspecified lymph nodes of multiple sites",4d099ec1-8e26-5e5f-bac1-9ccffcbec2b5,https://www.icd10data.com//ICD10CM/Codes/C00-D49/C81-C96/C83-/C83.98,Lymphoma
912,C83,,Non-Follicular Lymphoma,C83.99,"Non-follicular (diffuse) lymphoma, unspecified extranodal and solid organ sites",e8db3670-4d34-5441-9e8b-a28182efa1bb,https://www.icd10data.com//ICD10CM/Codes/C00-D49/C81-C96/C83-/C83.99,Lymphoma
913,C83,,Non-Follicular Lymphoma,C83.9A,"Non-follicular (diffuse) lymphoma, unspecified in remission",c7d39633-9427-5045-a354-85c48a06adf0,https://www.icd10data.com//ICD10CM/Codes/C00-D49/C81-C96/C83-/C83.9A,Lymphoma
1110,C90,,Multiple myeloma and malignant plasma cell neoplasms,C90.3,Solitary plasmacytoma,b7bfd44a-cb2a-5d98-b55d-e64f21f8d552,https://www.icd10data.com//ICD10CM/Codes/C00-D49/C81-C96/C90-/C90.3,Multiple Myeloma
931,C84,,Mature T/NK-cell lymphomas,C84.14,SÃ©zary disease lymph nodes of axilla and upper limb,ddfe02f1-a81c-5d0b-a19a-b39168d99d7b,https://www.icd10data.com//ICD10CM/Codes/C00-D49/C81-C96/C84-/C84.14,T/NK-Cell Lymphoma
932,C84,,Mature T/NK-cell lymphomas,C84.15,SÃ©zary disease lymph nodes of inguinal region and lower limb,32d9a86e-be3c-595b-b900-d6de02d892ce,https://www.icd10data.com//ICD10CM/Codes/C00-D49/C81-C96/C84-/C84.15,T/NK-Cell Lymphoma
933,C84,,Mature T/NK-cell lymphomas,C84.16,SÃ©zary disease intrapelvic lymph nodes,3ed7d6c4-0afb-5dda-9af9-aa1099e62748,https://www.icd10data.com//ICD10CM/Codes/C00-D49/C81-C96/C84-/C84.16,T/NK-Cell Lymphoma
934,C84,,Mature T/NK-cell lymphomas,C84.17,SÃ©zary disease spleen,f5f5c590-108a-5e62-be7c-7657169d3514,https://www.icd10data.com//ICD10CM/Codes/C00-D49/C81-C96/C84-/C84.17,T/NK-Cell Lymphoma
935,C84,,Mature T/NK-cell lymphomas,C84.18,SÃ©zary disease lymph nodes of multiple sites,cb9b2f82-bd8b-50a7-833a-7749bb29f01f,https://www.icd10data.com//ICD10CM/Codes/C00-D49/C81-C96/C84-/C84.18,T/NK-Cell Lymphoma
936,C84,,Mature T/NK-cell lymphomas,C84.19,SÃ©zary disease extranodal and solid organ sites,d1b8fc4a-4bc3-5aea-b9f2-69987aa9cbfc,https://www.icd10data.com//ICD10CM/Codes/C00-D49/C81-C96/C84-/C84.19,T/NK-Cell Lymphoma
937,C84,,Mature T/NK-cell lymphomas,C84.1A,SÃ©zary disease in remission,004c66a9-157d-5965-ae63-bac9b5738a12,https://www.icd10data.com//ICD10CM/Codes/C00-D49/C81-C96/C84-/C84.1A,T/NK-Cell Lymphoma
938,C84,,Mature T/NK-cell lymphomas,C84.4,"Peripheral T-cell lymphoma, not elsewhere classified",773716cd-c60f-5513-aba1-eca464a7d244,https://www.icd10data.com//ICD10CM/Codes/C00-D49/C81-C96/C84-/C84.4,T/NK-Cell Lymphoma
939,C84,,Mature T/NK-cell lymphomas,C84.40,"Peripheral T-cell lymphoma, not elsewhere classified unspecified site",28412dc1-7427-57d6-879c-1bfa68c46ecb,https://www.icd10data.com//ICD10CM/Codes/C00-D49/C81-C96/C84-/C84.40,T/NK-Cell Lymphoma
940,C84,,Mature T/NK-cell lymphomas,C84.41,"Peripheral T-cell lymphoma, not elsewhere classified lymph nodes of head, face, and neck",11ce4698-d6c8-5dbc-8097-ea30c26b3e7c,https://www.icd10data.com//ICD10CM/Codes/C00-D49/C81-C96/C84-/C84.41,T/NK-Cell Lymphoma
941,C84,,Mature T/NK-cell lymphomas,C84.42,"Peripheral T-cell lymphoma, not elsewhere classified intrathoracic lymph nodes",3e23dab2-81ba-58a2-94c5-51ae8bd2c7d3,https://www.icd10data.com//ICD10CM/Codes/C00-D49/C81-C96/C84-/C84.42,T/NK-Cell Lymphoma
942,C84,,Mature T/NK-cell lymphomas,C84.43,"Peripheral T-cell lymphoma, not elsewhere classified intra-abdominal lymph nodes",485ea91b-5dd6-5ffd-9785-b12e582c4e0f,https://www.icd10data.com//ICD10CM/Codes/C00-D49/C81-C96/C84-/C84.43,T/NK-Cell Lymphoma
943,C84,,Mature T/NK-cell lymphomas,C84.44,"Peripheral T-cell lymphoma, not elsewhere classified lymph nodes of axilla and upper limb",658d47a7-41f9-5626-96e6-28f59782f0fd,https://www.icd10data.com//ICD10CM/Codes/C00-D49/C81-C96/C84-/C84.44,T/NK-Cell Lymphoma
970,C84,,Mature T/NK-cell lymphomas,C84.77,"Anaplastic large cell lymphoma, ALK-negative spleen",ad090eb5-936e-5e17-a51f-7351de0b33ca,https://www.icd10data.com//ICD10CM/Codes/C00-D49/C81-C96/C84-/C84.77,T/NK-Cell Lymphoma
944,C84,,Mature T/NK-cell lymphomas,C84.45,"Peripheral T-cell lymphoma, not elsewhere classified lymph nodes of inguinal region and lower limb",bd74a6f0-616f-5b5b-ac6b-5c3ed6376079,https://www.icd10data.com//ICD10CM/Codes/C00-D49/C81-C96/C84-/C84.45,T/NK-Cell Lymphoma
945,C84,,Mature T/NK-cell lymphomas,C84.46,"Peripheral T-cell lymphoma, not elsewhere classified intrapelvic lymph nodes",c07fe5a4-adc0-5ed8-8277-ba5bd005ce4c,https://www.icd10data.com//ICD10CM/Codes/C00-D49/C81-C96/C84-/C84.46,T/NK-Cell Lymphoma
946,C84,,Mature T/NK-cell lymphomas,C84.47,"Peripheral T-cell lymphoma, not elsewhere classified spleen",3cd0b415-d474-5962-ac0a-52397d0ee43b,https://www.icd10data.com//ICD10CM/Codes/C00-D49/C81-C96/C84-/C84.47,T/NK-Cell Lymphoma
947,C84,,Mature T/NK-cell lymphomas,C84.48,"Peripheral T-cell lymphoma, not elsewhere classified lymph nodes of multiple sites",7b6c5545-de46-5e3a-b45c-c003450baacb,https://www.icd10data.com//ICD10CM/Codes/C00-D49/C81-C96/C84-/C84.48,T/NK-Cell Lymphoma
948,C84,,Mature T/NK-cell lymphomas,C84.49,"Peripheral T-cell lymphoma, not elsewhere classified extranodal and solid organ sites",88afc82a-05a0-511b-8b66-1124b47479b2,https://www.icd10data.com//ICD10CM/Codes/C00-D49/C81-C96/C84-/C84.49,T/NK-Cell Lymphoma
949,C84,,Mature T/NK-cell lymphomas,C84.4A,"Peripheral T-cell lymphoma, not elsewhere classified in remission",793f2d6a-f799-5601-96dd-397efa0d83e9,https://www.icd10data.com//ICD10CM/Codes/C00-D49/C81-C96/C84-/C84.4A,T/NK-Cell Lymphoma
950,C84,,Mature T/NK-cell lymphomas,C84.6,"Anaplastic large cell lymphoma, ALK-positive",f9adbea1-5f3f-508e-9bf1-bcc41795fb8a,https://www.icd10data.com//ICD10CM/Codes/C00-D49/C81-C96/C84-/C84.6,T/NK-Cell Lymphoma
951,C84,,Mature T/NK-cell lymphomas,C84.60,"Anaplastic large cell lymphoma, ALK-positive unspecified site",acf60f1b-83b8-581d-b685-fb847f57561c,https://www.icd10data.com//ICD10CM/Codes/C00-D49/C81-C96/C84-/C84.60,T/NK-Cell Lymphoma
952,C84,,Mature T/NK-cell lymphomas,C84.61,"Anaplastic large cell lymphoma, ALK-positive lymph nodes of head, face, and neck",ffa9000e-1954-5d55-ba83-95b46f715ca5,https://www.icd10data.com//ICD10CM/Codes/C00-D49/C81-C96/C84-/C84.61,T/NK-Cell Lymphoma
953,C84,,Mature T/NK-cell lymphomas,C84.62,"Anaplastic large cell lymphoma, ALK-positive intrathoracic lymph nodes",785c3263-9004-554a-b1fc-e3706dada4d9,https://www.icd10data.com//ICD10CM/Codes/C00-D49/C81-C96/C84-/C84.62,T/NK-Cell Lymphoma
954,C84,,Mature T/NK-cell lymphomas,C84.63,"Anaplastic large cell lymphoma, ALK-positive intra-abdominal lymph nodes",8654e98c-c184-5152-8b92-bc4fc59b3cf5,https://www.icd10data.com//ICD10CM/Codes/C00-D49/C81-C96/C84-/C84.63,T/NK-Cell Lymphoma
955,C84,,Mature T/NK-cell lymphomas,C84.64,"Anaplastic large cell lymphoma, ALK-positive lymph nodes of axilla and upper limb",e180658d-0de3-556b-a736-6079cce75bf1,https://www.icd10data.com//ICD10CM/Codes/C00-D49/C81-C96/C84-/C84.64,T/NK-Cell Lymphoma
956,C84,,Mature T/NK-cell lymphomas,C84.65,"Anaplastic large cell lymphoma, ALK-positive lymph nodes of inguinal region and lower limb",3e9b00e2-256f-5b14-967e-600cf1be5a2b,https://www.icd10data.com//ICD10CM/Codes/C00-D49/C81-C96/C84-/C84.65,T/NK-Cell Lymphoma
957,C84,,Mature T/NK-cell lymphomas,C84.66,"Anaplastic large cell lymphoma, ALK-positive intrapelvic lymph nodes",afd5220d-9fd9-5d80-9698-21880cfc827b,https://www.icd10data.com//ICD10CM/Codes/C00-D49/C81-C96/C84-/C84.66,T/NK-Cell Lymphoma
958,C84,,Mature T/NK-cell lymphomas,C84.67,"Anaplastic large cell lymphoma, ALK-positive spleen",8d5de2ad-588c-5639-abfe-1051dc07aef9,https://www.icd10data.com//ICD10CM/Codes/C00-D49/C81-C96/C84-/C84.67,T/NK-Cell Lymphoma
959,C84,,Mature T/NK-cell lymphomas,C84.68,"Anaplastic large cell lymphoma, ALK-positive lymph nodes of multiple sites",07fbb517-3237-50ce-8e14-38471ac67fea,https://www.icd10data.com//ICD10CM/Codes/C00-D49/C81-C96/C84-/C84.68,T/NK-Cell Lymphoma
960,C84,,Mature T/NK-cell lymphomas,C84.69,"Anaplastic large cell lymphoma, ALK-positive extranodal and solid organ sites",942211f4-71d0-5951-ad67-17e5105b0179,https://www.icd10data.com//ICD10CM/Codes/C00-D49/C81-C96/C84-/C84.69,T/NK-Cell Lymphoma
961,C84,,Mature T/NK-cell lymphomas,C84.6A,"Anaplastic large cell lymphoma, ALK-positive in remission",981c36b3-7a2f-5124-952b-136218964aeb,https://www.icd10data.com//ICD10CM/Codes/C00-D49/C81-C96/C84-/C84.6A,T/NK-Cell Lymphoma
962,C84,,Mature T/NK-cell lymphomas,C84.7,"Anaplastic large cell lymphoma, ALK-negative",709429ba-d1c9-5cc4-82e1-54f976f4add1,https://www.icd10data.com//ICD10CM/Codes/C00-D49/C81-C96/C84-/C84.7,T/NK-Cell Lymphoma
963,C84,,Mature T/NK-cell lymphomas,C84.70,"Anaplastic large cell lymphoma, ALK-negative unspecified site",bbd1faed-f87b-57c5-ad0f-43fa1f441c99,https://www.icd10data.com//ICD10CM/Codes/C00-D49/C81-C96/C84-/C84.70,T/NK-Cell Lymphoma
964,C84,,Mature T/NK-cell lymphomas,C84.71,"Anaplastic large cell lymphoma, ALK-negative lymph nodes of head, face, and neck",43d8cd8e-ee77-5d5f-8158-3966acea638f,https://www.icd10data.com//ICD10CM/Codes/C00-D49/C81-C96/C84-/C84.71,T/NK-Cell Lymphoma
965,C84,,Mature T/NK-cell lymphomas,C84.72,"Anaplastic large cell lymphoma, ALK-negative intrathoracic lymph nodes",1781e66b-4c26-5ec0-b480-9eb57168b25e,https://www.icd10data.com//ICD10CM/Codes/C00-D49/C81-C96/C84-/C84.72,T/NK-Cell Lymphoma
966,C84,,Mature T/NK-cell lymphomas,C84.73,"Anaplastic large cell lymphoma, ALK-negative intra-abdominal lymph nodes",f572ba9e-4b9b-5170-aa5d-4625d589d9d2,https://www.icd10data.com//ICD10CM/Codes/C00-D49/C81-C96/C84-/C84.73,T/NK-Cell Lymphoma
967,C84,,Mature T/NK-cell lymphomas,C84.74,"Anaplastic large cell lymphoma, ALK-negative lymph nodes of axilla and upper limb",5484a113-c382-51da-8f54-e9a08097d16e,https://www.icd10data.com//ICD10CM/Codes/C00-D49/C81-C96/C84-/C84.74,T/NK-Cell Lymphoma
968,C84,,Mature T/NK-cell lymphomas,C84.75,"Anaplastic large cell lymphoma, ALK-negative lymph nodes of inguinal region and lower limb",2c92c3e4-fe99-58e0-8708-832aa73cab1c,https://www.icd10data.com//ICD10CM/Codes/C00-D49/C81-C96/C84-/C84.75,T/NK-Cell Lymphoma
969,C84,,Mature T/NK-cell lymphomas,C84.76,"Anaplastic large cell lymphoma, ALK-negative intrapelvic lymph nodes",cd300cdf-114d-5677-a877-a88737dea88c,https://www.icd10data.com//ICD10CM/Codes/C00-D49/C81-C96/C84-/C84.76,T/NK-Cell Lymphoma
1111,C90,,Multiple myeloma and malignant plasma cell neoplasms,C90.30,Solitary plasmacytoma not having achieved remission,2ed78d33-e495-5ae5-8f81-1b543a8cca73,https://www.icd10data.com//ICD10CM/Codes/C00-D49/C81-C96/C90-/C90.30,Multiple Myeloma
971,C84,,Mature T/NK-cell lymphomas,C84.78,"Anaplastic large cell lymphoma, ALK-negative lymph nodes of multiple sites",b2b7958c-bc3b-513a-9935-9e5c81e4f544,https://www.icd10data.com//ICD10CM/Codes/C00-D49/C81-C96/C84-/C84.78,T/NK-Cell Lymphoma
972,C84,,Mature T/NK-cell lymphomas,C84.79,"Anaplastic large cell lymphoma, ALK-negative extranodal and solid organ sites",740bc525-122f-5c06-9af4-7d8719343496,https://www.icd10data.com//ICD10CM/Codes/C00-D49/C81-C96/C84-/C84.79,T/NK-Cell Lymphoma
973,C84,,Mature T/NK-cell lymphomas,C84.7A,"Anaplastic large cell lymphoma, ALK-negative breast",d748f3de-8642-5725-8634-b02e66256122,https://www.icd10data.com//ICD10CM/Codes/C00-D49/C81-C96/C84-/C84.7A,T/NK-Cell Lymphoma
974,C84,,Mature T/NK-cell lymphomas,C84.7B,"Anaplastic large cell lymphoma, ALK-negative in remission",18de05cc-2477-5b3e-9eb3-f402e57d012d,https://www.icd10data.com//ICD10CM/Codes/C00-D49/C81-C96/C84-/C84.7B,T/NK-Cell Lymphoma
975,C84,,Mature T/NK-cell lymphomas,C84.A,"Cutaneous T-cell lymphoma, unspecified",1534e9ac-29e7-5564-b3f6-15eab6fbdbca,https://www.icd10data.com//ICD10CM/Codes/C00-D49/C81-C96/C84-/C84.A,T/NK-Cell Lymphoma
976,C84,,Mature T/NK-cell lymphomas,C84.A0,"Cutaneous T-cell lymphoma, unspecified unspecified site",3e0d5250-b9a2-5038-a747-a0df638440b9,https://www.icd10data.com//ICD10CM/Codes/C00-D49/C81-C96/C84-/C84.A0,T/NK-Cell Lymphoma
977,C84,,Mature T/NK-cell lymphomas,C84.A1,"Cutaneous T-cell lymphoma, unspecified lymph nodes of head, face, and neck",2cbb80ae-0582-50ae-a34c-e1f6f0adcf15,https://www.icd10data.com//ICD10CM/Codes/C00-D49/C81-C96/C84-/C84.A1,T/NK-Cell Lymphoma
978,C84,,Mature T/NK-cell lymphomas,C84.A2,"Cutaneous T-cell lymphoma, unspecified intrathoracic lymph nodes",02ef2711-4347-55dd-94d4-52ce01341304,https://www.icd10data.com//ICD10CM/Codes/C00-D49/C81-C96/C84-/C84.A2,T/NK-Cell Lymphoma
979,C84,,Mature T/NK-cell lymphomas,C84.A3,"Cutaneous T-cell lymphoma, unspecified intra-abdominal lymph nodes",de4f02c3-8931-549e-a6ee-036eb221b6c9,https://www.icd10data.com//ICD10CM/Codes/C00-D49/C81-C96/C84-/C84.A3,T/NK-Cell Lymphoma
980,C84,,Mature T/NK-cell lymphomas,C84.A4,"Cutaneous T-cell lymphoma, unspecified lymph nodes of axilla and upper limb",76d13e4b-9d6f-5c71-82e2-b52074acdbf4,https://www.icd10data.com//ICD10CM/Codes/C00-D49/C81-C96/C84-/C84.A4,T/NK-Cell Lymphoma
981,C84,,Mature T/NK-cell lymphomas,C84.A5,"Cutaneous T-cell lymphoma, unspecified lymph nodes of inguinal region and lower limb",e389a6a8-0e1c-5288-bdd9-c397073bc53d,https://www.icd10data.com//ICD10CM/Codes/C00-D49/C81-C96/C84-/C84.A5,T/NK-Cell Lymphoma
982,C84,,Mature T/NK-cell lymphomas,C84.A6,"Cutaneous T-cell lymphoma, unspecified intrapelvic lymph nodes",089a2c8f-1649-5dc2-a701-3bb4defc426d,https://www.icd10data.com//ICD10CM/Codes/C00-D49/C81-C96/C84-/C84.A6,T/NK-Cell Lymphoma
983,C84,,Mature T/NK-cell lymphomas,C84.A7,"Cutaneous T-cell lymphoma, unspecified spleen",fda7ed66-b361-54fa-b6cc-d7fb4b2324c9,https://www.icd10data.com//ICD10CM/Codes/C00-D49/C81-C96/C84-/C84.A7,T/NK-Cell Lymphoma
1012,C85,,Other specified and unspecified types of non-Hodgkin lymphoma,C85.10,Unspecified B-cell lymphoma unspecified site,2469f7f2-efa7-5a7f-a002-50c1b7f5dcdd,https://www.icd10data.com//ICD10CM/Codes/C00-D49/C81-C96/C85-/C85.10,Lymphoma
984,C84,,Mature T/NK-cell lymphomas,C84.A8,"Cutaneous T-cell lymphoma, unspecified lymph nodes of multiple sites",9e4bb02d-5508-5d3c-a3d0-6128a8f35adf,https://www.icd10data.com//ICD10CM/Codes/C00-D49/C81-C96/C84-/C84.A8,T/NK-Cell Lymphoma
985,C84,,Mature T/NK-cell lymphomas,C84.A9,"Cutaneous T-cell lymphoma, unspecified extranodal and solid organ sites",164aecf0-71fd-5ab2-a1c8-a27ea81096ae,https://www.icd10data.com//ICD10CM/Codes/C00-D49/C81-C96/C84-/C84.A9,T/NK-Cell Lymphoma
986,C84,,Mature T/NK-cell lymphomas,C84.AA,"Cutaneous T-cell lymphoma, unspecified in remission",b9aac31a-bdc9-564d-9d18-9769c828f3ff,https://www.icd10data.com//ICD10CM/Codes/C00-D49/C81-C96/C84-/C84.AA,T/NK-Cell Lymphoma
987,C84,,Mature T/NK-cell lymphomas,C84.Z,Other mature T/NK-cell lymphomas,21a364ab-b7cc-57af-bcba-ba72f30a81d7,https://www.icd10data.com//ICD10CM/Codes/C00-D49/C81-C96/C84-/C84.Z,T/NK-Cell Lymphoma
988,C84,,Mature T/NK-cell lymphomas,C84.Z0,Other mature T/NK-cell lymphomas unspecified site,9738aded-0f35-5e72-a642-7014fefcf8ac,https://www.icd10data.com//ICD10CM/Codes/C00-D49/C81-C96/C84-/C84.Z0,T/NK-Cell Lymphoma
989,C84,,Mature T/NK-cell lymphomas,C84.Z1,"Other mature T/NK-cell lymphomas lymph nodes of head, face, and neck",804b66d0-b94f-5b62-b2e8-c80cae03ef6d,https://www.icd10data.com//ICD10CM/Codes/C00-D49/C81-C96/C84-/C84.Z1,T/NK-Cell Lymphoma
990,C84,,Mature T/NK-cell lymphomas,C84.Z2,Other mature T/NK-cell lymphomas intrathoracic lymph nodes,8e454f17-aef7-57aa-8edd-0ada01b6058f,https://www.icd10data.com//ICD10CM/Codes/C00-D49/C81-C96/C84-/C84.Z2,T/NK-Cell Lymphoma
991,C84,,Mature T/NK-cell lymphomas,C84.Z3,Other mature T/NK-cell lymphomas intra-abdominal lymph nodes,e8206409-0618-5b35-a30e-14188493ce52,https://www.icd10data.com//ICD10CM/Codes/C00-D49/C81-C96/C84-/C84.Z3,T/NK-Cell Lymphoma
992,C84,,Mature T/NK-cell lymphomas,C84.Z4,Other mature T/NK-cell lymphomas lymph nodes of axilla and upper limb,d737e6f2-6d8b-5cc8-a279-955e62945406,https://www.icd10data.com//ICD10CM/Codes/C00-D49/C81-C96/C84-/C84.Z4,T/NK-Cell Lymphoma
993,C84,,Mature T/NK-cell lymphomas,C84.Z5,Other mature T/NK-cell lymphomas lymph nodes of inguinal region and lower limb,5693212e-c160-54ed-b3b1-bec0ac03f7af,https://www.icd10data.com//ICD10CM/Codes/C00-D49/C81-C96/C84-/C84.Z5,T/NK-Cell Lymphoma
994,C84,,Mature T/NK-cell lymphomas,C84.Z6,Other mature T/NK-cell lymphomas intrapelvic lymph nodes,82445e77-f2b5-54e8-a252-fbd6813d9ffa,https://www.icd10data.com//ICD10CM/Codes/C00-D49/C81-C96/C84-/C84.Z6,T/NK-Cell Lymphoma
995,C84,,Mature T/NK-cell lymphomas,C84.Z7,Other mature T/NK-cell lymphomas spleen,e23bc61e-e8c3-5ec8-9ce8-34fc4273ea62,https://www.icd10data.com//ICD10CM/Codes/C00-D49/C81-C96/C84-/C84.Z7,T/NK-Cell Lymphoma
996,C84,,Mature T/NK-cell lymphomas,C84.Z8,Other mature T/NK-cell lymphomas lymph nodes of multiple sites,01453aa7-1f0e-5fb4-8a76-1822a8fe36fd,https://www.icd10data.com//ICD10CM/Codes/C00-D49/C81-C96/C84-/C84.Z8,T/NK-Cell Lymphoma
997,C84,,Mature T/NK-cell lymphomas,C84.Z9,Other mature T/NK-cell lymphomas extranodal and solid organ sites,9473b745-8765-5184-9e6b-929095a0f30a,https://www.icd10data.com//ICD10CM/Codes/C00-D49/C81-C96/C84-/C84.Z9,T/NK-Cell Lymphoma
998,C84,,Mature T/NK-cell lymphomas,C84.ZA,Other mature T/NK-cell lymphomas in remission,db2d2c21-8cbb-5efb-beea-19a3d5cca705,https://www.icd10data.com//ICD10CM/Codes/C00-D49/C81-C96/C84-/C84.ZA,T/NK-Cell Lymphoma
999,C84,,Mature T/NK-cell lymphomas,C84.9,"Mature T/NK-cell lymphomas, unspecified",ff3a06ca-4041-5ffc-84dd-8e3216346c9c,https://www.icd10data.com//ICD10CM/Codes/C00-D49/C81-C96/C84-/C84.9,T/NK-Cell Lymphoma
1000,C84,,Mature T/NK-cell lymphomas,C84.90,"Mature T/NK-cell lymphomas, unspecified unspecified site",854bda3c-048d-5f37-8361-7931450734de,https://www.icd10data.com//ICD10CM/Codes/C00-D49/C81-C96/C84-/C84.90,T/NK-Cell Lymphoma
1001,C84,,Mature T/NK-cell lymphomas,C84.91,"Mature T/NK-cell lymphomas, unspecified lymph nodes of head, face, and neck",63be0706-e210-510c-91af-f08efb4d3406,https://www.icd10data.com//ICD10CM/Codes/C00-D49/C81-C96/C84-/C84.91,T/NK-Cell Lymphoma
1002,C84,,Mature T/NK-cell lymphomas,C84.92,"Mature T/NK-cell lymphomas, unspecified intrathoracic lymph nodes",06538964-2680-5a5b-a9b9-fb852eb4a52e,https://www.icd10data.com//ICD10CM/Codes/C00-D49/C81-C96/C84-/C84.92,T/NK-Cell Lymphoma
1003,C84,,Mature T/NK-cell lymphomas,C84.93,"Mature T/NK-cell lymphomas, unspecified intra-abdominal lymph nodes",90d9d74d-21f2-5d79-8035-137338c6830d,https://www.icd10data.com//ICD10CM/Codes/C00-D49/C81-C96/C84-/C84.93,T/NK-Cell Lymphoma
1004,C84,,Mature T/NK-cell lymphomas,C84.94,"Mature T/NK-cell lymphomas, unspecified lymph nodes of axilla and upper limb",bfd70ed5-b79d-5395-ba3e-3c3cd525f967,https://www.icd10data.com//ICD10CM/Codes/C00-D49/C81-C96/C84-/C84.94,T/NK-Cell Lymphoma
1005,C84,,Mature T/NK-cell lymphomas,C84.95,"Mature T/NK-cell lymphomas, unspecified lymph nodes of inguinal region and lower limb",3b6dbb3f-2471-5b66-9a9a-14d8e1603181,https://www.icd10data.com//ICD10CM/Codes/C00-D49/C81-C96/C84-/C84.95,T/NK-Cell Lymphoma
1006,C84,,Mature T/NK-cell lymphomas,C84.96,"Mature T/NK-cell lymphomas, unspecified intrapelvic lymph nodes",90b083ab-1df9-59fb-927e-670e0755831b,https://www.icd10data.com//ICD10CM/Codes/C00-D49/C81-C96/C84-/C84.96,T/NK-Cell Lymphoma
1007,C84,,Mature T/NK-cell lymphomas,C84.97,"Mature T/NK-cell lymphomas, unspecified spleen",c37fc6db-7a45-57b6-a990-aa0a4ab9bc62,https://www.icd10data.com//ICD10CM/Codes/C00-D49/C81-C96/C84-/C84.97,T/NK-Cell Lymphoma
1008,C84,,Mature T/NK-cell lymphomas,C84.98,"Mature T/NK-cell lymphomas, unspecified lymph nodes of multiple sites",8f212ac1-0e08-5360-a6b8-1debecf76c63,https://www.icd10data.com//ICD10CM/Codes/C00-D49/C81-C96/C84-/C84.98,T/NK-Cell Lymphoma
1009,C84,,Mature T/NK-cell lymphomas,C84.99,"Mature T/NK-cell lymphomas, unspecified extranodal and solid organ sites",d1011b95-cce4-5f5a-bbe8-721a0f0bb695,https://www.icd10data.com//ICD10CM/Codes/C00-D49/C81-C96/C84-/C84.99,T/NK-Cell Lymphoma
1010,C84,,Mature T/NK-cell lymphomas,C84.9A,"Mature T/NK-cell lymphomas, unspecified in remission",b175f96e-7748-5180-84f8-bbabf2d80f67,https://www.icd10data.com//ICD10CM/Codes/C00-D49/C81-C96/C84-/C84.9A,T/NK-Cell Lymphoma
1011,C85,,Other specified and unspecified types of non-Hodgkin lymphoma,C85.1,Unspecified B-cell lymphoma,9a541735-27cc-52dc-90b4-7b84b41ce224,https://www.icd10data.com//ICD10CM/Codes/C00-D49/C81-C96/C85-/C85.1,Lymphoma
1017,C85,,Other specified and unspecified types of non-Hodgkin lymphoma,C85.15,Unspecified B-cell lymphoma lymph nodes of inguinal region and lower limb,393e5f26-c880-566a-8c1c-7108f24576b0,https://www.icd10data.com//ICD10CM/Codes/C00-D49/C81-C96/C85-/C85.15,Lymphoma
1018,C85,,Other specified and unspecified types of non-Hodgkin lymphoma,C85.16,Unspecified B-cell lymphoma intrapelvic lymph nodes,7b4485ca-df76-5d1a-af43-dc64ac170860,https://www.icd10data.com//ICD10CM/Codes/C00-D49/C81-C96/C85-/C85.16,Lymphoma
1019,C85,,Other specified and unspecified types of non-Hodgkin lymphoma,C85.17,Unspecified B-cell lymphoma spleen,81e991f2-574e-5df1-9da0-102dbb020479,https://www.icd10data.com//ICD10CM/Codes/C00-D49/C81-C96/C85-/C85.17,Lymphoma
1020,C85,,Other specified and unspecified types of non-Hodgkin lymphoma,C85.18,Unspecified B-cell lymphoma lymph nodes of multiple sites,ac1a70f7-d8a8-52ce-b644-5dcb8ef9de6a,https://www.icd10data.com//ICD10CM/Codes/C00-D49/C81-C96/C85-/C85.18,Lymphoma
1021,C85,,Other specified and unspecified types of non-Hodgkin lymphoma,C85.19,Unspecified B-cell lymphoma extranodal and solid organ sites,356e3e3f-a1da-5590-a279-7abc93953543,https://www.icd10data.com//ICD10CM/Codes/C00-D49/C81-C96/C85-/C85.19,Lymphoma
1022,C85,,Other specified and unspecified types of non-Hodgkin lymphoma,C85.1A,Unspecified B-cell lymphoma in remission,84468754-50b5-52d3-9b4d-672c2f07df9d,https://www.icd10data.com//ICD10CM/Codes/C00-D49/C81-C96/C85-/C85.1A,Lymphoma
1023,C85,,Other specified and unspecified types of non-Hodgkin lymphoma,C85.2,Mediastinal (thymic) large B-cell lymphoma,133c1e02-74f5-5178-9199-f34ee7c66651,https://www.icd10data.com//ICD10CM/Codes/C00-D49/C81-C96/C85-/C85.2,Lymphoma
1024,C85,,Other specified and unspecified types of non-Hodgkin lymphoma,C85.20,Mediastinal (thymic) large B-cell lymphoma unspecified site,d48433b0-112b-5bbc-9401-717c134671fe,https://www.icd10data.com//ICD10CM/Codes/C00-D49/C81-C96/C85-/C85.20,Lymphoma
1025,C85,,Other specified and unspecified types of non-Hodgkin lymphoma,C85.21,"Mediastinal (thymic) large B-cell lymphoma lymph nodes of head, face, and neck",3d7c4a28-1acb-525f-b9fd-ef5188ed44bb,https://www.icd10data.com//ICD10CM/Codes/C00-D49/C81-C96/C85-/C85.21,Lymphoma
1026,C85,,Other specified and unspecified types of non-Hodgkin lymphoma,C85.22,Mediastinal (thymic) large B-cell lymphoma intrathoracic lymph nodes,6044c64a-2e66-5aea-832b-29482e8498a1,https://www.icd10data.com//ICD10CM/Codes/C00-D49/C81-C96/C85-/C85.22,Lymphoma
1027,C85,,Other specified and unspecified types of non-Hodgkin lymphoma,C85.23,Mediastinal (thymic) large B-cell lymphoma intra-abdominal lymph nodes,fd0985f9-9924-5be5-9166-82ec862ae2ec,https://www.icd10data.com//ICD10CM/Codes/C00-D49/C81-C96/C85-/C85.23,Lymphoma
1028,C85,,Other specified and unspecified types of non-Hodgkin lymphoma,C85.24,Mediastinal (thymic) large B-cell lymphoma lymph nodes of axilla and upper limb,1547761b-3caa-53de-95e9-47b7c705fa87,https://www.icd10data.com//ICD10CM/Codes/C00-D49/C81-C96/C85-/C85.24,Lymphoma
1029,C85,,Other specified and unspecified types of non-Hodgkin lymphoma,C85.25,Mediastinal (thymic) large B-cell lymphoma lymph nodes of inguinal region and lower limb,2bf39a6f-476c-5cb4-bcaa-101770ee8813,https://www.icd10data.com//ICD10CM/Codes/C00-D49/C81-C96/C85-/C85.25,Lymphoma
1030,C85,,Other specified and unspecified types of non-Hodgkin lymphoma,C85.26,Mediastinal (thymic) large B-cell lymphoma intrapelvic lymph nodes,61c01302-6b30-5baa-8022-0adfa412a42f,https://www.icd10data.com//ICD10CM/Codes/C00-D49/C81-C96/C85-/C85.26,Lymphoma
1031,C85,,Other specified and unspecified types of non-Hodgkin lymphoma,C85.27,Mediastinal (thymic) large B-cell lymphoma spleen,b21e9001-5733-55bc-b2d9-db50b7ad491b,https://www.icd10data.com//ICD10CM/Codes/C00-D49/C81-C96/C85-/C85.27,Lymphoma
1032,C85,,Other specified and unspecified types of non-Hodgkin lymphoma,C85.28,Mediastinal (thymic) large B-cell lymphoma lymph nodes of multiple sites,a25b48cf-5804-59d5-abd0-726622d58f2c,https://www.icd10data.com//ICD10CM/Codes/C00-D49/C81-C96/C85-/C85.28,Lymphoma
1112,C90,,Multiple myeloma and malignant plasma cell neoplasms,C90.31,Solitary plasmacytoma in remission,0b6d520d-18d1-5002-b94e-19137be1fff2,https://www.icd10data.com//ICD10CM/Codes/C00-D49/C81-C96/C90-/C90.31,Multiple Myeloma
1033,C85,,Other specified and unspecified types of non-Hodgkin lymphoma,C85.29,Mediastinal (thymic) large B-cell lymphoma extranodal and solid organ sites,d49ac47c-77a8-50cb-a4aa-2e8d7a0d2bdb,https://www.icd10data.com//ICD10CM/Codes/C00-D49/C81-C96/C85-/C85.29,Lymphoma
1034,C85,,Other specified and unspecified types of non-Hodgkin lymphoma,C85.2A,Mediastinal (thymic) large B-cell lymphoma in remission,72b2d2f8-ebfe-5f91-8b7f-403d1b42a5d2,https://www.icd10data.com//ICD10CM/Codes/C00-D49/C81-C96/C85-/C85.2A,Lymphoma
1035,C85,,Other specified and unspecified types of non-Hodgkin lymphoma,C85.8,Other specified types of non-Hodgkin lymphoma,d059cd3c-1b6f-5945-98cb-2910b6ad8ab1,https://www.icd10data.com//ICD10CM/Codes/C00-D49/C81-C96/C85-/C85.8,Lymphoma
1036,C85,,Other specified and unspecified types of non-Hodgkin lymphoma,C85.80,Other specified types of non-Hodgkin lymphoma unspecified site,3eaa3154-19e1-56b7-bf7d-716b768a482b,https://www.icd10data.com//ICD10CM/Codes/C00-D49/C81-C96/C85-/C85.80,Lymphoma
1037,C85,,Other specified and unspecified types of non-Hodgkin lymphoma,C85.81,"Other specified types of non-Hodgkin lymphoma lymph nodes of head, face, and neck",116f8bbf-860a-5d0b-9f75-a3a0a82a57ea,https://www.icd10data.com//ICD10CM/Codes/C00-D49/C81-C96/C85-/C85.81,Lymphoma
1038,C85,,Other specified and unspecified types of non-Hodgkin lymphoma,C85.82,Other specified types of non-Hodgkin lymphoma intrathoracic lymph nodes,812591db-ad10-556f-a4da-125da1d0764e,https://www.icd10data.com//ICD10CM/Codes/C00-D49/C81-C96/C85-/C85.82,Lymphoma
1039,C85,,Other specified and unspecified types of non-Hodgkin lymphoma,C85.83,Other specified types of non-Hodgkin lymphoma intra-abdominal lymph nodes,91ca9f4f-935c-5022-b634-1491f3292e7b,https://www.icd10data.com//ICD10CM/Codes/C00-D49/C81-C96/C85-/C85.83,Lymphoma
1040,C85,,Other specified and unspecified types of non-Hodgkin lymphoma,C85.84,Other specified types of non-Hodgkin lymphoma lymph nodes of axilla and upper limb,8c16d4eb-1559-58b6-ad83-81986ddab06a,https://www.icd10data.com//ICD10CM/Codes/C00-D49/C81-C96/C85-/C85.84,Lymphoma
1041,C85,,Other specified and unspecified types of non-Hodgkin lymphoma,C85.85,Other specified types of non-Hodgkin lymphoma lymph nodes of inguinal region and lower limb,686c8367-e0fb-513d-9961-0118661b7161,https://www.icd10data.com//ICD10CM/Codes/C00-D49/C81-C96/C85-/C85.85,Lymphoma
1042,C85,,Other specified and unspecified types of non-Hodgkin lymphoma,C85.86,Other specified types of non-Hodgkin lymphoma intrapelvic lymph nodes,960a8dab-f9df-5b32-954b-3b36da84ef16,https://www.icd10data.com//ICD10CM/Codes/C00-D49/C81-C96/C85-/C85.86,Lymphoma
1043,C85,,Other specified and unspecified types of non-Hodgkin lymphoma,C85.87,Other specified types of non-Hodgkin lymphoma spleen,ee7a5c72-4e00-5bd0-b33a-cc283f07bfbd,https://www.icd10data.com//ICD10CM/Codes/C00-D49/C81-C96/C85-/C85.87,Lymphoma
1044,C85,,Other specified and unspecified types of non-Hodgkin lymphoma,C85.88,Other specified types of non-Hodgkin lymphoma lymph nodes of multiple sites,8bcdc86a-a425-54e1-a4f2-79981b955bdd,https://www.icd10data.com//ICD10CM/Codes/C00-D49/C81-C96/C85-/C85.88,Lymphoma
1045,C85,,Other specified and unspecified types of non-Hodgkin lymphoma,C85.89,Other specified types of non-Hodgkin lymphoma extranodal and solid organ sites,5fa58859-336f-5915-8a72-895cc77b2593,https://www.icd10data.com//ICD10CM/Codes/C00-D49/C81-C96/C85-/C85.89,Lymphoma
1046,C85,,Other specified and unspecified types of non-Hodgkin lymphoma,C85.8A,Other specified types of non-Hodgkin lymphoma in remission,df6b05b5-d947-58f1-8ad6-76f6bac5665a,https://www.icd10data.com//ICD10CM/Codes/C00-D49/C81-C96/C85-/C85.8A,Lymphoma
1047,C85,,Other specified and unspecified types of non-Hodgkin lymphoma,C85.9,"Non-Hodgkin lymphoma, unspecified",24d28b64-0911-5646-aa48-f3e4360bb9a9,https://www.icd10data.com//ICD10CM/Codes/C00-D49/C81-C96/C85-/C85.9,Lymphoma
1048,C85,,Other specified and unspecified types of non-Hodgkin lymphoma,C85.90,"Non-Hodgkin lymphoma, unspecified unspecified site",311de3bf-3c1b-59cf-b279-b2d2ffc20de0,https://www.icd10data.com//ICD10CM/Codes/C00-D49/C81-C96/C85-/C85.90,Lymphoma
1049,C85,,Other specified and unspecified types of non-Hodgkin lymphoma,C85.91,"Non-Hodgkin lymphoma, unspecified lymph nodes of head, face, and neck",1725a28d-64e0-5631-bb57-8af5083889c7,https://www.icd10data.com//ICD10CM/Codes/C00-D49/C81-C96/C85-/C85.91,Lymphoma
1050,C85,,Other specified and unspecified types of non-Hodgkin lymphoma,C85.92,"Non-Hodgkin lymphoma, unspecified intrathoracic lymph nodes",25183f5d-9f8e-55cb-8d41-0a0783d93f47,https://www.icd10data.com//ICD10CM/Codes/C00-D49/C81-C96/C85-/C85.92,Lymphoma
1051,C85,,Other specified and unspecified types of non-Hodgkin lymphoma,C85.93,"Non-Hodgkin lymphoma, unspecified intra-abdominal lymph nodes",75f9a203-423c-5b84-b71c-f5ac6f7aa15d,https://www.icd10data.com//ICD10CM/Codes/C00-D49/C81-C96/C85-/C85.93,Lymphoma
1052,C85,,Other specified and unspecified types of non-Hodgkin lymphoma,C85.94,"Non-Hodgkin lymphoma, unspecified lymph nodes of axilla and upper limb",16fdd857-3e45-5bc6-836d-9f8f9f51b51c,https://www.icd10data.com//ICD10CM/Codes/C00-D49/C81-C96/C85-/C85.94,Lymphoma
1053,C85,,Other specified and unspecified types of non-Hodgkin lymphoma,C85.95,"Non-Hodgkin lymphoma, unspecified lymph nodes of inguinal region and lower limb",c3e6cbcb-f697-5645-82bc-8aa8c298c127,https://www.icd10data.com//ICD10CM/Codes/C00-D49/C81-C96/C85-/C85.95,Lymphoma
1054,C85,,Other specified and unspecified types of non-Hodgkin lymphoma,C85.96,"Non-Hodgkin lymphoma, unspecified intrapelvic lymph nodes",a47ce4ba-ac0d-553b-ad00-c67fe1662f1e,https://www.icd10data.com//ICD10CM/Codes/C00-D49/C81-C96/C85-/C85.96,Lymphoma
1055,C85,,Other specified and unspecified types of non-Hodgkin lymphoma,C85.97,"Non-Hodgkin lymphoma, unspecified spleen",ed2ddcea-0db9-5b22-b493-40022fdc68c4,https://www.icd10data.com//ICD10CM/Codes/C00-D49/C81-C96/C85-/C85.97,Lymphoma
1056,C85,,Other specified and unspecified types of non-Hodgkin lymphoma,C85.98,"Non-Hodgkin lymphoma, unspecified lymph nodes of multiple sites",44dd0e9f-082c-504c-9ca3-3db6c3f378ce,https://www.icd10data.com//ICD10CM/Codes/C00-D49/C81-C96/C85-/C85.98,Lymphoma
1057,C85,,Other specified and unspecified types of non-Hodgkin lymphoma,C85.99,"Non-Hodgkin lymphoma, unspecified extranodal and solid organ sites",91c0212e-7c28-516b-9fd7-edad1884e974,https://www.icd10data.com//ICD10CM/Codes/C00-D49/C81-C96/C85-/C85.99,Lymphoma
1058,C85,,Other specified and unspecified types of non-Hodgkin lymphoma,C85.9A,"Non-Hodgkin lymphoma, unspecified in remission",0cd4a21a-b8e7-5ac5-971c-4b2cdce90cef,https://www.icd10data.com//ICD10CM/Codes/C00-D49/C81-C96/C85-/C85.9A,Lymphoma
1059,C86,,Other specified types of T/NK-cell lymphoma,C86.0,"Extranodal NK/T-cell lymphoma, nasal type",8ec17c43-a28f-5672-a707-f2b661d3e131,https://www.icd10data.com//ICD10CM/Codes/C00-D49/C81-C96/C86-/C86.0,T/NK-Cell Lymphoma
1060,C86,,Other specified types of T/NK-cell lymphoma,C86.00,"Extranodal NK/T-cell lymphoma, nasal type not having achieved remission",1cdf8857-77f0-56ae-b3ab-00414f225dfe,https://www.icd10data.com//ICD10CM/Codes/C00-D49/C81-C96/C86-/C86.00,T/NK-Cell Lymphoma
1061,C86,,Other specified types of T/NK-cell lymphoma,C86.01,"Extranodal NK/T-cell lymphoma, nasal type in remission",20f0be78-cbac-5fa4-af95-7aa127dc1e29,https://www.icd10data.com//ICD10CM/Codes/C00-D49/C81-C96/C86-/C86.01,T/NK-Cell Lymphoma
1062,C86,,Other specified types of T/NK-cell lymphoma,C86.1,Hepatosplenic T-cell lymphoma,8627141a-5e1e-5fe4-bb99-97134fba3603,https://www.icd10data.com//ICD10CM/Codes/C00-D49/C81-C96/C86-/C86.1,T/NK-Cell Lymphoma
1063,C86,,Other specified types of T/NK-cell lymphoma,C86.10,Hepatosplenic T-cell lymphoma not having achieved remission,14dccbae-9820-52df-88fc-0b5ace8130b2,https://www.icd10data.com//ICD10CM/Codes/C00-D49/C81-C96/C86-/C86.10,T/NK-Cell Lymphoma
1113,C90,,Multiple myeloma and malignant plasma cell neoplasms,C90.32,Solitary plasmacytoma in relapse,593b0234-6911-58f3-be25-4bc9c86b41d8,https://www.icd10data.com//ICD10CM/Codes/C00-D49/C81-C96/C90-/C90.32,Multiple Myeloma
1064,C86,,Other specified types of T/NK-cell lymphoma,C86.11,Hepatosplenic T-cell lymphoma in remission,281d4e02-df6b-5d9c-8d45-c4fbad5b6590,https://www.icd10data.com//ICD10CM/Codes/C00-D49/C81-C96/C86-/C86.11,T/NK-Cell Lymphoma
1065,C86,,Other specified types of T/NK-cell lymphoma,C86.2,Enteropathy-type (intestinal) T-cell lymphoma,95649fba-43b0-5a68-8304-5ce572d528f1,https://www.icd10data.com//ICD10CM/Codes/C00-D49/C81-C96/C86-/C86.2,T/NK-Cell Lymphoma
1066,C86,,Other specified types of T/NK-cell lymphoma,C86.20,Enteropathy-type (intestinal) T-cell lymphoma not having achieved remission,dc567c4b-3166-5211-8d47-7215b4231035,https://www.icd10data.com//ICD10CM/Codes/C00-D49/C81-C96/C86-/C86.20,T/NK-Cell Lymphoma
1067,C86,,Other specified types of T/NK-cell lymphoma,C86.21,Enteropathy-type (intestinal) T-cell lymphoma in remission,de931115-4125-5e97-80d7-8b745cd2fb0e,https://www.icd10data.com//ICD10CM/Codes/C00-D49/C81-C96/C86-/C86.21,T/NK-Cell Lymphoma
1068,C86,,Other specified types of T/NK-cell lymphoma,C86.3,Subcutaneous panniculitis-like T-cell lymphoma,d0cb45f2-756d-56f8-8080-d0d19a91ab98,https://www.icd10data.com//ICD10CM/Codes/C00-D49/C81-C96/C86-/C86.3,T/NK-Cell Lymphoma
1069,C86,,Other specified types of T/NK-cell lymphoma,C86.30,Subcutaneous panniculitis-like T-cell lymphoma not having achieved remission,d78946a6-d8c1-5331-970e-d60766f60695,https://www.icd10data.com//ICD10CM/Codes/C00-D49/C81-C96/C86-/C86.30,T/NK-Cell Lymphoma
1070,C86,,Other specified types of T/NK-cell lymphoma,C86.31,Subcutaneous panniculitis-like T-cell lymphoma in remission,fe956274-8e55-58fb-b5a2-95a76ee0694b,https://www.icd10data.com//ICD10CM/Codes/C00-D49/C81-C96/C86-/C86.31,T/NK-Cell Lymphoma
1071,C86,,Other specified types of T/NK-cell lymphoma,C86.4,Blastic NK-cell lymphoma,12087486-f503-5d7d-bb15-28d8cba90ecc,https://www.icd10data.com//ICD10CM/Codes/C00-D49/C81-C96/C86-/C86.4,T/NK-Cell Lymphoma
1072,C86,,Other specified types of T/NK-cell lymphoma,C86.40,Blastic NK-cell lymphoma not having achieved remission,079633fb-e152-5eb9-9f73-fd72fd1e3f43,https://www.icd10data.com//ICD10CM/Codes/C00-D49/C81-C96/C86-/C86.40,T/NK-Cell Lymphoma
1073,C86,,Other specified types of T/NK-cell lymphoma,C86.41,Blastic NK-cell lymphoma in remission,7aff6c49-9f76-5a7d-9b5d-dae932effeae,https://www.icd10data.com//ICD10CM/Codes/C00-D49/C81-C96/C86-/C86.41,T/NK-Cell Lymphoma
1074,C86,,Other specified types of T/NK-cell lymphoma,C86.5,Angioimmunoblastic T-cell lymphoma,dc670533-f067-5bee-b082-c6061ae8cd61,https://www.icd10data.com//ICD10CM/Codes/C00-D49/C81-C96/C86-/C86.5,T/NK-Cell Lymphoma
1075,C86,,Other specified types of T/NK-cell lymphoma,C86.50,Angioimmunoblastic T-cell lymphoma not having achieved remission,6d11ae85-7e64-5692-b338-caacbee7d46e,https://www.icd10data.com//ICD10CM/Codes/C00-D49/C81-C96/C86-/C86.50,T/NK-Cell Lymphoma
1076,C86,,Other specified types of T/NK-cell lymphoma,C86.51,Angioimmunoblastic T-cell lymphoma in remission,0617b10f-13e1-5543-af50-57c03e1502a7,https://www.icd10data.com//ICD10CM/Codes/C00-D49/C81-C96/C86-/C86.51,T/NK-Cell Lymphoma
1077,C86,,Other specified types of T/NK-cell lymphoma,C86.6,Primary cutaneous CD30-positive T-cell proliferations,8759c359-13b6-5bfa-8077-80239a57ea85,https://www.icd10data.com//ICD10CM/Codes/C00-D49/C81-C96/C86-/C86.6,T/NK-Cell Lymphoma
1078,C86,,Other specified types of T/NK-cell lymphoma,C86.60,Primary cutaneous CD30-positive T-cell proliferations not having achieved remission,98fcfb5d-a8d2-5508-aa3d-997db1a2d391,https://www.icd10data.com//ICD10CM/Codes/C00-D49/C81-C96/C86-/C86.60,T/NK-Cell Lymphoma
1079,C86,,Other specified types of T/NK-cell lymphoma,C86.61,Primary cutaneous CD30-positive T-cell proliferations in remission,efcfc19e-5579-5a84-9525-82b30f508ef8,https://www.icd10data.com//ICD10CM/Codes/C00-D49/C81-C96/C86-/C86.61,T/NK-Cell Lymphoma
1080,C88,,Malignant immunoproliferative diseases and certain other B-cell lymphomas,C88.0,WaldenstrÃ¶m macroglobulinemia,3bc9b924-2eb2-53de-a343-2a53a3764afe,https://www.icd10data.com//ICD10CM/Codes/C00-D49/C81-C96/C88-/C88.0,Lymphoma
1081,C88,,Malignant immunoproliferative diseases and certain other B-cell lymphomas,C88.00,WaldenstrÃ¶m macroglobulinemia not having achieved remission,e0eadd6c-51ec-503d-9a5c-25cc3990b6af,https://www.icd10data.com//ICD10CM/Codes/C00-D49/C81-C96/C88-/C88.00,Lymphoma
1082,C88,,Malignant immunoproliferative diseases and certain other B-cell lymphomas,C88.01,WaldenstrÃ¶m macroglobulinemia in remission,dcd3886a-4a3d-5193-9bb2-d8fb0cbdfa21,https://www.icd10data.com//ICD10CM/Codes/C00-D49/C81-C96/C88-/C88.01,Lymphoma
1083,C88,,Malignant immunoproliferative diseases and certain other B-cell lymphomas,C88.2,Heavy chain disease,3be523d6-6c50-5cd9-bdb0-9dac04d1bfab,https://www.icd10data.com//ICD10CM/Codes/C00-D49/C81-C96/C88-/C88.2,Lymphoma
1084,C88,,Malignant immunoproliferative diseases and certain other B-cell lymphomas,C88.20,Heavy chain disease not having achieved remission,0a9c97c5-b531-5058-b36c-3dfdaba912e2,https://www.icd10data.com//ICD10CM/Codes/C00-D49/C81-C96/C88-/C88.20,Lymphoma
1085,C88,,Malignant immunoproliferative diseases and certain other B-cell lymphomas,C88.21,Heavy chain disease in remission,efeda0c7-06f2-5607-b54a-8029fc2f8e2d,https://www.icd10data.com//ICD10CM/Codes/C00-D49/C81-C96/C88-/C88.21,Lymphoma
1086,C88,,Malignant immunoproliferative diseases and certain other B-cell lymphomas,C88.3,Immunoproliferative small intestinal disease,3aa8fb66-3ae2-5078-9295-ac0ceb7db227,https://www.icd10data.com//ICD10CM/Codes/C00-D49/C81-C96/C88-/C88.3,Lymphoma
1087,C88,,Malignant immunoproliferative diseases and certain other B-cell lymphomas,C88.30,Immunoproliferative small intestinal disease not having achieved remission,eb7c9e16-e056-559b-92d1-bccf41879075,https://www.icd10data.com//ICD10CM/Codes/C00-D49/C81-C96/C88-/C88.30,Lymphoma
1088,C88,,Malignant immunoproliferative diseases and certain other B-cell lymphomas,C88.31,Immunoproliferative small intestinal disease in remission,2f1d6510-0b3f-5025-bd81-358c31ac511a,https://www.icd10data.com//ICD10CM/Codes/C00-D49/C81-C96/C88-/C88.31,Lymphoma
1089,C88,,Malignant immunoproliferative diseases and certain other B-cell lymphomas,C88.4,Extranodal marginal zone B-cell lymphoma of mucosa-associated lymphoid tissue [MALT-lymphoma],2f052440-8451-5790-9525-38c58fff89cb,https://www.icd10data.com//ICD10CM/Codes/C00-D49/C81-C96/C88-/C88.4,Lymphoma
1090,C88,,Malignant immunoproliferative diseases and certain other B-cell lymphomas,C88.40,Extranodal marginal zone B-cell lymphoma of mucosa-associated lymphoid tissue [MALT-lymphoma] not having achieved remission,c8f19a32-48ab-5b47-9e5c-f1db6b445837,https://www.icd10data.com//ICD10CM/Codes/C00-D49/C81-C96/C88-/C88.40,Lymphoma
1091,C88,,Malignant immunoproliferative diseases and certain other B-cell lymphomas,C88.41,Extranodal marginal zone B-cell lymphoma of mucosa-associated lymphoid tissue [MALT-lymphoma] in remission,ffd5fdf6-1329-506b-a4c9-cb437434bb0e,https://www.icd10data.com//ICD10CM/Codes/C00-D49/C81-C96/C88-/C88.41,Lymphoma
1092,C88,,Malignant immunoproliferative diseases and certain other B-cell lymphomas,C88.8,Other malignant immunoproliferative diseases,9beca6f9-478d-54e1-997a-713d58fb9d5c,https://www.icd10data.com//ICD10CM/Codes/C00-D49/C81-C96/C88-/C88.8,Lymphoma
1093,C88,,Malignant immunoproliferative diseases and certain other B-cell lymphomas,C88.80,Other malignant immunoproliferative diseases not having achieved remission,b69eaac3-3e74-50df-8c4c-6e9b177a3cb0,https://www.icd10data.com//ICD10CM/Codes/C00-D49/C81-C96/C88-/C88.80,Lymphoma
1094,C88,,Malignant immunoproliferative diseases and certain other B-cell lymphomas,C88.81,Other malignant immunoproliferative diseases in remission,2631c0e7-cd99-5265-9b5f-768222cf5e75,https://www.icd10data.com//ICD10CM/Codes/C00-D49/C81-C96/C88-/C88.81,Lymphoma
1095,C88,,Malignant immunoproliferative diseases and certain other B-cell lymphomas,C88.9,"Malignant immunoproliferative disease, unspecified",b57d523b-9ef8-5135-aa7b-4bceb40efde5,https://www.icd10data.com//ICD10CM/Codes/C00-D49/C81-C96/C88-/C88.9,Lymphoma
1096,C88,,Malignant immunoproliferative diseases and certain other B-cell lymphomas,C88.90,"Malignant immunoproliferative disease, unspecified not having achieved remission",a06a41af-ff1d-5054-b979-080e1ba9651a,https://www.icd10data.com//ICD10CM/Codes/C00-D49/C81-C96/C88-/C88.90,Lymphoma
1097,C88,,Malignant immunoproliferative diseases and certain other B-cell lymphomas,C88.91,"Malignant immunoproliferative disease, unspecified in remission",3cd35e9f-41f7-5d2b-9636-37b249f36d45,https://www.icd10data.com//ICD10CM/Codes/C00-D49/C81-C96/C88-/C88.91,Lymphoma
1098,C90,,Multiple myeloma and malignant plasma cell neoplasms,C90.0,Multiple myeloma,e4c777f5-f7c9-506b-8a4a-3b5364a05f73,https://www.icd10data.com//ICD10CM/Codes/C00-D49/C81-C96/C90-/C90.0,Multiple Myeloma
1099,C90,,Multiple myeloma and malignant plasma cell neoplasms,C90.00,Multiple myeloma not having achieved remission,236316dc-3574-5273-b900-6091423f56bc,https://www.icd10data.com//ICD10CM/Codes/C00-D49/C81-C96/C90-/C90.00,Multiple Myeloma
1100,C90,,Multiple myeloma and malignant plasma cell neoplasms,C90.01,Multiple myeloma in remission,24f4ae58-848f-5461-9a55-a8f590175c1d,https://www.icd10data.com//ICD10CM/Codes/C00-D49/C81-C96/C90-/C90.01,Multiple Myeloma
1101,C90,,Multiple myeloma and malignant plasma cell neoplasms,C90.02,Multiple myeloma in relapse,69990eff-b5a6-57fc-9e67-a0ee5834aa41,https://www.icd10data.com//ICD10CM/Codes/C00-D49/C81-C96/C90-/C90.02,Multiple Myeloma
1102,C90,,Multiple myeloma and malignant plasma cell neoplasms,C90.1,Plasma cell leukemia,8f85f92d-61d7-563c-9a94-e164c8383396,https://www.icd10data.com//ICD10CM/Codes/C00-D49/C81-C96/C90-/C90.1,Multiple Myeloma
1103,C90,,Multiple myeloma and malignant plasma cell neoplasms,C90.10,Plasma cell leukemia not having achieved remission,2aa1a56c-e9ee-5e61-b1c5-e936c2d29f45,https://www.icd10data.com//ICD10CM/Codes/C00-D49/C81-C96/C90-/C90.10,Multiple Myeloma
1104,C90,,Multiple myeloma and malignant plasma cell neoplasms,C90.11,Plasma cell leukemia in remission,6105a694-de14-504f-a64a-44534fd8d9e5,https://www.icd10data.com//ICD10CM/Codes/C00-D49/C81-C96/C90-/C90.11,Multiple Myeloma
1105,C90,,Multiple myeloma and malignant plasma cell neoplasms,C90.12,Plasma cell leukemia in relapse,3fcefb1c-d139-59b0-9921-9411c45da5dc,https://www.icd10data.com//ICD10CM/Codes/C00-D49/C81-C96/C90-/C90.12,Multiple Myeloma
1106,C90,,Multiple myeloma and malignant plasma cell neoplasms,C90.2,Extramedullary plasmacytoma,ece5a057-d929-5dd9-817f-2db354c37701,https://www.icd10data.com//ICD10CM/Codes/C00-D49/C81-C96/C90-/C90.2,Multiple Myeloma
1107,C90,,Multiple myeloma and malignant plasma cell neoplasms,C90.20,Extramedullary plasmacytoma not having achieved remission,4b4470c4-a40e-51f9-9f9c-9698a623f740,https://www.icd10data.com//ICD10CM/Codes/C00-D49/C81-C96/C90-/C90.20,Multiple Myeloma
1108,C90,,Multiple myeloma and malignant plasma cell neoplasms,C90.21,Extramedullary plasmacytoma in remission,d2258427-7cf0-539b-892b-96b7cd2ceaf8,https://www.icd10data.com//ICD10CM/Codes/C00-D49/C81-C96/C90-/C90.21,Multiple Myeloma
1109,C90,,Multiple myeloma and malignant plasma cell neoplasms,C90.22,Extramedullary plasmacytoma in relapse,64e1d1cd-2d91-54f5-be26-b83e76066696,https://www.icd10data.com//ICD10CM/Codes/C00-D49/C81-C96/C90-/C90.22,Multiple Myeloma
1114,C91,,Lymphoid Leukemia,C91.0,Acute lymphoblastic leukemia [ALL],b006fdd8-72eb-59d1-a9e0-3ec26f0a0c7b,https://www.icd10data.com//ICD10CM/Codes/C00-D49/C81-C96/C91-/C91.0,Leukemia
1115,C91,,Lymphoid Leukemia,C91.00,Acute lymphoblastic leukemia not having achieved remission,bb063f70-a856-5314-ae4f-ce10fe50ecba,https://www.icd10data.com//ICD10CM/Codes/C00-D49/C81-C96/C91-/C91.00,Leukemia
1116,C91,,Lymphoid Leukemia,C91.01,"Acute lymphoblastic leukemia, in remission",b71a9e74-6b38-53f0-9dda-fcc3e802cbed,https://www.icd10data.com//ICD10CM/Codes/C00-D49/C81-C96/C91-/C91.01,Leukemia
1117,C91,,Lymphoid Leukemia,C91.02,"Acute lymphoblastic leukemia, in relapse",3241c40c-8a96-5fc6-ad4a-5acdfb515953,https://www.icd10data.com//ICD10CM/Codes/C00-D49/C81-C96/C91-/C91.02,Leukemia
1118,C91,,Lymphoid Leukemia,C91.1,Chronic lymphocytic leukemia of B-cell type,1a29ad46-cf80-52c7-ae86-eba428dbe520,https://www.icd10data.com//ICD10CM/Codes/C00-D49/C81-C96/C91-/C91.1,Leukemia
1119,C91,,Lymphoid Leukemia,C91.10,Chronic lymphocytic leukemia of B-cell type not having achieved remission,bddc8895-6ee3-5c2d-be51-0e031a53105c,https://www.icd10data.com//ICD10CM/Codes/C00-D49/C81-C96/C91-/C91.10,Leukemia
1120,C91,,Lymphoid Leukemia,C91.11,Chronic lymphocytic leukemia of B-cell type in remission,97ab262e-0032-5450-a220-f70e498d2d67,https://www.icd10data.com//ICD10CM/Codes/C00-D49/C81-C96/C91-/C91.11,Leukemia
1162,C92,,Myeloid Leukemia ,C92.3,Myeloid sarcoma,a38ede0f-1442-556a-90ea-66c8016fe62e,https://www.icd10data.com//ICD10CM/Codes/C00-D49/C81-C96/C92-/C92.3,Leukemia
1121,C91,,Lymphoid Leukemia,C91.12,Chronic lymphocytic leukemia of B-cell type in relapse,f7fc0b57-91e1-575b-a85e-12d65dc23b78,https://www.icd10data.com//ICD10CM/Codes/C00-D49/C81-C96/C91-/C91.12,Leukemia
1122,C91,,Lymphoid Leukemia,C91.3,Prolymphocytic leukemia of B-cell type,576afcb8-7fc9-5496-9cc4-550d0d4fd377,https://www.icd10data.com//ICD10CM/Codes/C00-D49/C81-C96/C91-/C91.3,Leukemia
1123,C91,,Lymphoid Leukemia,C91.30,Prolymphocytic leukemia of B-cell type not having achieved remission,a7234779-cdaf-540e-9343-8e716176c1a7,https://www.icd10data.com//ICD10CM/Codes/C00-D49/C81-C96/C91-/C91.30,Leukemia
1124,C91,,Lymphoid Leukemia,C91.31,Prolymphocytic leukemia of B-cell type in remission,c5194dcd-355e-5f5f-840f-55af3f1f9845,https://www.icd10data.com//ICD10CM/Codes/C00-D49/C81-C96/C91-/C91.31,Leukemia
1125,C91,,Lymphoid Leukemia,C91.32,Prolymphocytic leukemia of B-cell type in relapse,8b5b9fbb-dbdd-5e2d-8f83-675d233b667f,https://www.icd10data.com//ICD10CM/Codes/C00-D49/C81-C96/C91-/C91.32,Leukemia
1126,C91,,Lymphoid Leukemia,C91.4,Hairy cell leukemia,34e6646c-22a1-5db0-a515-f37fc13b9321,https://www.icd10data.com//ICD10CM/Codes/C00-D49/C81-C96/C91-/C91.4,Leukemia
1127,C91,,Lymphoid Leukemia,C91.40,Hairy cell leukemia not having achieved remission,7b0fa73a-9a58-5d34-9b81-930e2a2dfff7,https://www.icd10data.com//ICD10CM/Codes/C00-D49/C81-C96/C91-/C91.40,Leukemia
1163,C92,,Myeloid Leukemia ,C92.30,Myeloid sarcoma not having achieved remission,15dafbf7-3524-59c9-ae76-32a2d0954762,https://www.icd10data.com//ICD10CM/Codes/C00-D49/C81-C96/C92-/C92.30,Leukemia
1128,C91,,Lymphoid Leukemia,C91.41,Hairy cell leukemia in remission,31770d1f-07bc-50b8-a4b5-b55a4fbe587a,https://www.icd10data.com//ICD10CM/Codes/C00-D49/C81-C96/C91-/C91.41,Leukemia
1129,C91,,Lymphoid Leukemia,C91.42,Hairy cell leukemia in relapse,d6609428-2fd7-5969-925a-f6d2b03f9d19,https://www.icd10data.com//ICD10CM/Codes/C00-D49/C81-C96/C91-/C91.42,Leukemia
1130,C91,,Lymphoid Leukemia,C91.5,Adult T-cell lymphoma/leukemia (HTLV-1-associated),34fbd187-6cf3-58b3-b58f-fe6d48a01f7c,https://www.icd10data.com//ICD10CM/Codes/C00-D49/C81-C96/C91-/C91.5,Leukemia
1131,C91,,Lymphoid Leukemia,C91.50,Adult T-cell lymphoma/leukemia (HTLV-1-associated) not having achieved remission,e8dbf615-253c-5bf9-a93b-c872c0c6f2ed,https://www.icd10data.com//ICD10CM/Codes/C00-D49/C81-C96/C91-/C91.50,Leukemia
1132,C91,,Lymphoid Leukemia,C91.51,Adult T-cell lymphoma/leukemia (HTLV-1-associated) in remission,2fc68e12-50ab-5df3-abd6-6f1cd7eda0bb,https://www.icd10data.com//ICD10CM/Codes/C00-D49/C81-C96/C91-/C91.51,Leukemia
1133,C91,,Lymphoid Leukemia,C91.52,Adult T-cell lymphoma/leukemia (HTLV-1-associated) in relapse,4c806636-aecf-5613-b67e-afafadc0cac4,https://www.icd10data.com//ICD10CM/Codes/C00-D49/C81-C96/C91-/C91.52,Leukemia
1134,C91,,Lymphoid Leukemia,C91.6,Prolymphocytic leukemia of T-cell type,13660ce9-3205-50b9-8005-ba9f0b56a3c4,https://www.icd10data.com//ICD10CM/Codes/C00-D49/C81-C96/C91-/C91.6,Leukemia
1164,C92,,Myeloid Leukemia ,C92.31,Myeloid sarcoma in remission,a7bcceb8-f7b7-5750-8033-10f7c71ef0ba,https://www.icd10data.com//ICD10CM/Codes/C00-D49/C81-C96/C92-/C92.31,Leukemia
1135,C91,,Lymphoid Leukemia,C91.60,Prolymphocytic leukemia of T-cell type not having achieved remission,ee148d89-eb59-5374-ab61-e29202ee902d,https://www.icd10data.com//ICD10CM/Codes/C00-D49/C81-C96/C91-/C91.60,Leukemia
1136,C91,,Lymphoid Leukemia,C91.61,Prolymphocytic leukemia of T-cell type in remission,a721e5f7-e1d3-5c94-aed6-cd79fb214944,https://www.icd10data.com//ICD10CM/Codes/C00-D49/C81-C96/C91-/C91.61,Leukemia
1137,C91,,Lymphoid Leukemia,C91.62,Prolymphocytic leukemia of T-cell type in relapse,b0110f66-af77-55ac-a0a5-679c32f8b3d0,https://www.icd10data.com//ICD10CM/Codes/C00-D49/C81-C96/C91-/C91.62,Leukemia
1138,C91,,Lymphoid Leukemia,C91.A,Mature B-cell leukemia Burkitt-type,529944f3-83e7-56bb-acfc-178768685761,https://www.icd10data.com//ICD10CM/Codes/C00-D49/C81-C96/C91-/C91.A,Leukemia
1139,C91,,Lymphoid Leukemia,C91.A0,Mature B-cell leukemia Burkitt-type not having achieved remission,e5adf8ef-696d-52f6-a28a-962751930c01,https://www.icd10data.com//ICD10CM/Codes/C00-D49/C81-C96/C91-/C91.A0,Leukemia
1140,C91,,Lymphoid Leukemia,C91.A1,Mature B-cell leukemia Burkitt-type in remission,5a88ca3c-7841-5808-aee7-50c69315e4e4,https://www.icd10data.com//ICD10CM/Codes/C00-D49/C81-C96/C91-/C91.A1,Leukemia
3,E78,,Disorders of lipoprotein metabolism and other lipidemias,E78.01,Familial hypercholesterolemia,de87119c-e39c-5a24-b459-368f1f91bb79,https://www.icd10data.com//ICD10CM/Codes/E00-E89/E70-E88/E78-/E78.01,Lipid Disorder
4,E78,,Disorders of lipoprotein metabolism and other lipidemias,E78.1,Pure hyperglyceridemia,db2a54a5-fb30-5dcd-877a-18c8c2fcd3b2,https://www.icd10data.com//ICD10CM/Codes/E00-E89/E70-E88/E78-/E78.1,Lipid Disorder
1141,C91,,Lymphoid Leukemia,C91.A2,Mature B-cell leukemia Burkitt-type in relapse,9b7f2b06-7656-5a97-8633-7d42fe28384d,https://www.icd10data.com//ICD10CM/Codes/C00-D49/C81-C96/C91-/C91.A2,Leukemia
1165,C92,,Myeloid Leukemia ,C92.32,Myeloid sarcoma in relapse,48ff27f2-30e7-514c-9750-418ec228e40d,https://www.icd10data.com//ICD10CM/Codes/C00-D49/C81-C96/C92-/C92.32,Leukemia
1142,C91,,Lymphoid Leukemia,C91.Z,Other lymphoid leukemia,adb3c0ea-40f7-58bc-a6d6-b294beeac68e,https://www.icd10data.com//ICD10CM/Codes/C00-D49/C81-C96/C91-/C91.Z,Leukemia
1143,C91,,Lymphoid Leukemia,C91.Z0,Other lymphoid leukemia not having achieved remission,11d4b947-a78a-5ba0-a68b-5427645747b2,https://www.icd10data.com//ICD10CM/Codes/C00-D49/C81-C96/C91-/C91.Z0,Leukemia
1144,C91,,Lymphoid Leukemia,C91.Z1,Other lymphoid leukemia in remission,300c0883-55df-539d-8e08-cc80e0bfc6f9,https://www.icd10data.com//ICD10CM/Codes/C00-D49/C81-C96/C91-/C91.Z1,Leukemia
1145,C91,,Lymphoid Leukemia,C91.Z2,Other lymphoid leukemia in relapse,db9c48a0-5b68-526b-9139-b20e79d45534,https://www.icd10data.com//ICD10CM/Codes/C00-D49/C81-C96/C91-/C91.Z2,Leukemia
1146,C91,,Lymphoid Leukemia,C91.9,"Lymphoid Leukemia, unspecified",eb05d763-8b99-597e-9beb-eb263265e72a,https://www.icd10data.com//ICD10CM/Codes/C00-D49/C81-C96/C91-/C91.9,Leukemia
1147,C91,,Lymphoid Leukemia,C91.90,"Lymphoid Leukemia, unspecified not having achieved remission",845f7108-a0d8-5f96-9b6f-81029bde5776,https://www.icd10data.com//ICD10CM/Codes/C00-D49/C81-C96/C91-/C91.90,Leukemia
1148,C91,,Lymphoid Leukemia,C91.91,"Lymphoid Leukemia, unspecified in remission",cc65b0c5-f378-5bfb-b35f-8021d5efd5b5,https://www.icd10data.com//ICD10CM/Codes/C00-D49/C81-C96/C91-/C91.91,Leukemia
1166,C92,,Myeloid Leukemia ,C92.4,Acute promyelocytic leukemia,d03de25b-ffd6-58f8-8a25-ab5088181951,https://www.icd10data.com//ICD10CM/Codes/C00-D49/C81-C96/C92-/C92.4,Leukemia
1149,C91,,Lymphoid Leukemia,C91.92,"Lymphoid Leukemia, unspecified in relapse",0c87b661-bf2a-563d-931b-414228ad4e50,https://www.icd10data.com//ICD10CM/Codes/C00-D49/C81-C96/C91-/C91.92,Leukemia
1150,C92,,Myeloid Leukemia ,C92.0,Acute myeloblastic leukemia,f88bcea9-60de-543e-bb82-685d40e9eb83,https://www.icd10data.com//ICD10CM/Codes/C00-D49/C81-C96/C92-/C92.0,Leukemia
1151,C92,,Myeloid Leukemia ,C92.00,Acute myeloblastic leukemia not having achieved remission,0c8eab3b-bcef-5b67-95ed-0daf5dda25f6,https://www.icd10data.com//ICD10CM/Codes/C00-D49/C81-C96/C92-/C92.00,Leukemia
1152,C92,,Myeloid Leukemia ,C92.01,Acute myeloblastic leukemia in remission,8f79c18d-1dca-5e5d-80d1-ee7e6160132a,https://www.icd10data.com//ICD10CM/Codes/C00-D49/C81-C96/C92-/C92.01,Leukemia
1153,C92,,Myeloid Leukemia ,C92.02,Acute myeloblastic leukemia in relapse,75836212-39b7-5135-9a59-82f19d1c0b33,https://www.icd10data.com//ICD10CM/Codes/C00-D49/C81-C96/C92-/C92.02,Leukemia
1154,C92,,Myeloid Leukemia ,C92.1,"Chronic myeloid leukemia, BCR/ABL-positive",b7c2c238-12b0-5d10-b53e-5067a140a8ce,https://www.icd10data.com//ICD10CM/Codes/C00-D49/C81-C96/C92-/C92.1,Leukemia
1155,C92,,Myeloid Leukemia ,C92.10,"Chronic myeloid leukemia, BCR/ABL-positive not having achieved remission",c686cdfa-1725-536d-92c2-3de4f013dac6,https://www.icd10data.com//ICD10CM/Codes/C00-D49/C81-C96/C92-/C92.10,Leukemia
1156,C92,,Myeloid Leukemia ,C92.11,"Chronic myeloid leukemia, BCR/ABL-positive in remission",bea21a39-ed73-5e3e-9a2d-aac93262488c,https://www.icd10data.com//ICD10CM/Codes/C00-D49/C81-C96/C92-/C92.11,Leukemia
1157,C92,,Myeloid Leukemia ,C92.12,"Chronic myeloid leukemia, BCR/ABL-positive in relapse",0f9260c0-13a2-5b7d-9470-1b708794823e,https://www.icd10data.com//ICD10CM/Codes/C00-D49/C81-C96/C92-/C92.12,Leukemia
1158,C92,,Myeloid Leukemia ,C92.2,"Atypical chronic myeloid leukemia, BCR/ABL-negative",7c505917-96a6-5d3a-9e36-e62827f6edb5,https://www.icd10data.com//ICD10CM/Codes/C00-D49/C81-C96/C92-/C92.2,Leukemia
1159,C92,,Myeloid Leukemia ,C92.20,"Atypical chronic myeloid leukemia, BCR/ABL-negative not having achieved remission",0f066fd3-c9da-5dd5-a409-e40d9b5461f3,https://www.icd10data.com//ICD10CM/Codes/C00-D49/C81-C96/C92-/C92.20,Leukemia
1160,C92,,Myeloid Leukemia ,C92.21,"Atypical chronic myeloid leukemia, BCR/ABL-negative in remission",150b5e46-cca3-5ecd-b205-1099ae499a70,https://www.icd10data.com//ICD10CM/Codes/C00-D49/C81-C96/C92-/C92.21,Leukemia
1161,C92,,Myeloid Leukemia ,C92.22,"Atypical chronic myeloid leukemia, BCR/ABL-negative in relapse",79a57f8a-7b8f-578f-a193-457dd7ec1898,https://www.icd10data.com//ICD10CM/Codes/C00-D49/C81-C96/C92-/C92.22,Leukemia
1167,C92,,Myeloid Leukemia ,C92.40,Acute promyelocytic leukemia not having achieved remission,fd0288c7-3544-576e-891b-ad10dc93ce0a,https://www.icd10data.com//ICD10CM/Codes/C00-D49/C81-C96/C92-/C92.40,Leukemia
1168,C92,,Myeloid Leukemia ,C92.41,Acute promyelocytic leukemia in remission,ab8f0e56-dd26-55eb-9301-dab07773c70f,https://www.icd10data.com//ICD10CM/Codes/C00-D49/C81-C96/C92-/C92.41,Leukemia
1169,C92,,Myeloid Leukemia ,C92.42,Acute promyelocytic leukemia in relapse,62137024-319b-5ae7-872d-2655a1fb797c,https://www.icd10data.com//ICD10CM/Codes/C00-D49/C81-C96/C92-/C92.42,Leukemia
1170,C92,,Myeloid Leukemia ,C92.5,Acute myelomonocytic leukemia,fecc1777-bdf8-5857-9df4-2da4f2936ed7,https://www.icd10data.com//ICD10CM/Codes/C00-D49/C81-C96/C92-/C92.5,Leukemia
1171,C92,,Myeloid Leukemia ,C92.50,Acute myelomonocytic leukemia not having achieved remission,54d26241-a481-593c-8ba6-afc186fb2824,https://www.icd10data.com//ICD10CM/Codes/C00-D49/C81-C96/C92-/C92.50,Leukemia
1172,C92,,Myeloid Leukemia ,C92.51,Acute myelomonocytic leukemia in remission,4726d8c0-ec5c-5d77-bd90-9c01d660bc38,https://www.icd10data.com//ICD10CM/Codes/C00-D49/C81-C96/C92-/C92.51,Leukemia
1173,C92,,Myeloid Leukemia ,C92.52,Acute myelomonocytic leukemia in relapse,18711e39-fed7-5a10-9bd0-c78e306375ab,https://www.icd10data.com//ICD10CM/Codes/C00-D49/C81-C96/C92-/C92.52,Leukemia
1174,C92,,Myeloid Leukemia ,C92.6,Acute myeloid leukemia with 11q23-abnormality,240330cb-c029-5904-bafc-cb37ca98136f,https://www.icd10data.com//ICD10CM/Codes/C00-D49/C81-C96/C92-/C92.6,Leukemia
1175,C92,,Myeloid Leukemia ,C92.60,Acute myeloid leukemia with 11q23-abnormality not having achieved remission,b22c4505-258b-5a02-89f2-fd1ba8a3a00b,https://www.icd10data.com//ICD10CM/Codes/C00-D49/C81-C96/C92-/C92.60,Leukemia
1176,C92,,Myeloid Leukemia ,C92.61,Acute myeloid leukemia with 11q23-abnormality in remission,55d31666-9c3a-5215-83d3-774934624770,https://www.icd10data.com//ICD10CM/Codes/C00-D49/C81-C96/C92-/C92.61,Leukemia
1177,C92,,Myeloid Leukemia ,C92.62,Acute myeloid leukemia with 11q23-abnormality in relapse,865902fa-11f8-5128-91f7-4700034476b4,https://www.icd10data.com//ICD10CM/Codes/C00-D49/C81-C96/C92-/C92.62,Leukemia
1178,C92,,Myeloid Leukemia ,C92.A,Acute myeloid leukemia with multilineage dysplasia,acf42c78-da6e-5db1-900a-eff684683a6a,https://www.icd10data.com//ICD10CM/Codes/C00-D49/C81-C96/C92-/C92.A,Leukemia
1179,C92,,Myeloid Leukemia ,C92.A0,Acute myeloid leukemia with multilineage dysplasia not having achieved remission,7b3f45b4-64a5-5a02-b4d8-4da23cb8b739,https://www.icd10data.com//ICD10CM/Codes/C00-D49/C81-C96/C92-/C92.A0,Leukemia
1180,C92,,Myeloid Leukemia ,C92.A1,Acute myeloid leukemia with multilineage dysplasia in remission,d351781a-1fd1-5704-a6a3-fe349fd47e64,https://www.icd10data.com//ICD10CM/Codes/C00-D49/C81-C96/C92-/C92.A1,Leukemia
1181,C92,,Myeloid Leukemia ,C92.A2,Acute myeloid leukemia with multilineage dysplasia in relapse,1668cb86-69cd-53ac-9a4d-8f51487a3304,https://www.icd10data.com//ICD10CM/Codes/C00-D49/C81-C96/C92-/C92.A2,Leukemia
1182,C92,,Myeloid Leukemia ,C92.Z,Other myeloid leukemia,ea87deea-aa9b-52b4-af63-602962cb9af7,https://www.icd10data.com//ICD10CM/Codes/C00-D49/C81-C96/C92-/C92.Z,Leukemia
1183,C92,,Myeloid Leukemia ,C92.Z0,Other myeloid leukemia not having achieved remission,83739ba3-85ac-53b3-9edf-0d61c70f020b,https://www.icd10data.com//ICD10CM/Codes/C00-D49/C81-C96/C92-/C92.Z0,Leukemia
1184,C92,,Myeloid Leukemia ,C92.Z1,Other myeloid leukemia in remission,c8602f20-bb6c-584e-a2c9-dbd3793881a2,https://www.icd10data.com//ICD10CM/Codes/C00-D49/C81-C96/C92-/C92.Z1,Leukemia
1185,C92,,Myeloid Leukemia ,C92.Z2,Other myeloid leukemia in relapse,4e140a07-3252-5984-9954-09cb69b70aef,https://www.icd10data.com//ICD10CM/Codes/C00-D49/C81-C96/C92-/C92.Z2,Leukemia
1186,C92,,Myeloid Leukemia ,C92.9,"Myeloid leukemia, unspecified",2bd79e8f-608b-5707-8507-6ffc010aca5e,https://www.icd10data.com//ICD10CM/Codes/C00-D49/C81-C96/C92-/C92.9,Leukemia
1187,C92,,Myeloid Leukemia ,C92.90,"Myeloid leukemia, unspecified not having achieved remission",d737ee03-53ad-59bf-98f6-402953dc2ae7,https://www.icd10data.com//ICD10CM/Codes/C00-D49/C81-C96/C92-/C92.90,Leukemia
1188,C92,,Myeloid Leukemia ,C92.91,"Myeloid leukemia, unspecified in remission",1855731c-a662-5cb6-8eaf-2245dd506933,https://www.icd10data.com//ICD10CM/Codes/C00-D49/C81-C96/C92-/C92.91,Leukemia
1189,C92,,Myeloid Leukemia ,C92.92,"Myeloid leukemia, unspecified in relapse",4fd219ee-bb8a-54e3-a0a9-2d96b5c90ca3,https://www.icd10data.com//ICD10CM/Codes/C00-D49/C81-C96/C92-/C92.92,Leukemia
1190,C93,,Monocytic leukemia,C93.0,Acute monoblastic/monocytic leukemia,d32d07a8-57af-5598-b744-3fbfcb100c6a,https://www.icd10data.com//ICD10CM/Codes/C00-D49/C81-C96/C93-/C93.0,Leukemia
1191,C93,,Monocytic leukemia,C93.00,Acute monoblastic/monocytic leukemia not having achieved remission,5dbcf00f-87b6-56c9-8a85-a4a0cd823009,https://www.icd10data.com//ICD10CM/Codes/C00-D49/C81-C96/C93-/C93.00,Leukemia
1192,C93,,Monocytic leukemia,C93.01,Acute monoblastic/monocytic leukemia in remission,4d1999aa-c88b-5b6a-be14-ac617d9bf9f8,https://www.icd10data.com//ICD10CM/Codes/C00-D49/C81-C96/C93-/C93.01,Leukemia
1193,C93,,Monocytic leukemia,C93.02,Acute monoblastic/monocytic leukemia in relapse,3b76f7b9-c131-5f92-bf86-21d416023d88,https://www.icd10data.com//ICD10CM/Codes/C00-D49/C81-C96/C93-/C93.02,Leukemia
1194,C93,,Monocytic leukemia,C93.1,Chronic myelomonocytic leukemia,e3678638-ce69-5d9c-9f94-a66c6ee5016b,https://www.icd10data.com//ICD10CM/Codes/C00-D49/C81-C96/C93-/C93.1,Leukemia
1210,C94,,Other leukemias of specified cell type,C94.0,Acute erythroid leukemia,ec0bd446-29b0-505e-9383-945079e91bf1,https://www.icd10data.com//ICD10CM/Codes/C00-D49/C81-C96/C94-/C94.0,Leukemia
1195,C93,,Monocytic leukemia,C93.10,Chronic myelomonocytic leukemia not having achieved remission,769283f0-6c91-5d9f-8453-03f26070aa7b,https://www.icd10data.com//ICD10CM/Codes/C00-D49/C81-C96/C93-/C93.10,Leukemia
1196,C93,,Monocytic leukemia,C93.11,Chronic myelomonocytic leukemia in remission,9f0a514d-b11e-5a02-bf4c-1f4747bb1643,https://www.icd10data.com//ICD10CM/Codes/C00-D49/C81-C96/C93-/C93.11,Leukemia
1197,C93,,Monocytic leukemia,C93.12,Chronic myelomonocytic leukemia in relapse,e5b1592f-d69c-5e7b-8f5a-776b9a8c9047,https://www.icd10data.com//ICD10CM/Codes/C00-D49/C81-C96/C93-/C93.12,Leukemia
1198,C93,,Monocytic leukemia,C93.3,Juvenile myelomonocytic leukemia,c1ac8346-3ee0-53ec-bd7c-fac49700b493,https://www.icd10data.com//ICD10CM/Codes/C00-D49/C81-C96/C93-/C93.3,Leukemia
1199,C93,,Monocytic leukemia,C93.30,Juvenile myelomonocytic leukemia not having achieved remission,33e0728c-6de0-57ac-a7a6-5a9d707e6769,https://www.icd10data.com//ICD10CM/Codes/C00-D49/C81-C96/C93-/C93.30,Leukemia
1200,C93,,Monocytic leukemia,C93.31,Juvenile myelomonocytic leukemia in remission,f35e9dca-cf96-5068-bdff-5d9e38574e1b,https://www.icd10data.com//ICD10CM/Codes/C00-D49/C81-C96/C93-/C93.31,Leukemia
1201,C93,,Monocytic leukemia,C93.32,Juvenile myelomonocytic leukemia in relapse,64aad70c-717f-5de6-8a63-b8e23510f147,https://www.icd10data.com//ICD10CM/Codes/C00-D49/C81-C96/C93-/C93.32,Leukemia
5,E78,,Disorders of lipoprotein metabolism and other lipidemias,E78.2,Mixed hyperlipidemia,c38570e9-a3d1-5cce-bd2a-fec85caad268,https://www.icd10data.com//ICD10CM/Codes/E00-E89/E70-E88/E78-/E78.2,Lipid Disorder
1202,C93,,Monocytic leukemia,C93.Z,Other monocytic leukemia,fa8ee143-0040-5dad-8767-c0be17e3cc14,https://www.icd10data.com//ICD10CM/Codes/C00-D49/C81-C96/C93-/C93.Z,Leukemia
1203,C93,,Monocytic leukemia,C93.Z0,Other monocytic leukemia not having achieved remission,2c76eab3-92ef-5ea7-bc9f-58d83a09e771,https://www.icd10data.com//ICD10CM/Codes/C00-D49/C81-C96/C93-/C93.Z0,Leukemia
1204,C93,,Monocytic leukemia,C93.Z1,Other monocytic leukemia in remission,58a8d50f-d6b5-595d-82af-6227e7351494,https://www.icd10data.com//ICD10CM/Codes/C00-D49/C81-C96/C93-/C93.Z1,Leukemia
1205,C93,,Monocytic leukemia,C93.Z2,Other monocytic leukemia in relapse,e043c1e4-7e4a-58a1-bec5-cb6bc68482b0,https://www.icd10data.com//ICD10CM/Codes/C00-D49/C81-C96/C93-/C93.Z2,Leukemia
1206,C93,,Monocytic leukemia,C93.9,"Monocytic leukemia, unspecified",da307666-2743-556c-ba6f-411cffa8af5b,https://www.icd10data.com//ICD10CM/Codes/C00-D49/C81-C96/C93-/C93.9,Leukemia
1207,C93,,Monocytic leukemia,C93.90,"Monocytic leukemia, unspecified not having achieved remission",cb98e3a2-6edb-54eb-a3d2-1044fb3e6b2f,https://www.icd10data.com//ICD10CM/Codes/C00-D49/C81-C96/C93-/C93.90,Leukemia
1208,C93,,Monocytic leukemia,C93.91,"Monocytic leukemia, unspecified in remission",9e6ef549-6a80-5369-8bc2-ff1036e592e0,https://www.icd10data.com//ICD10CM/Codes/C00-D49/C81-C96/C93-/C93.91,Leukemia
1209,C93,,Monocytic leukemia,C93.92,"Monocytic leukemia, unspecified in relapse",a604bbb5-d53d-5839-98c3-b45fb15e8719,https://www.icd10data.com//ICD10CM/Codes/C00-D49/C81-C96/C93-/C93.92,Leukemia
1211,C94,,Other leukemias of specified cell type,C94.00,Acute erythroid leukemia not having achieved remission,e33b073e-5da4-561a-ac44-e8d6aaca86dd,https://www.icd10data.com//ICD10CM/Codes/C00-D49/C81-C96/C94-/C94.00,Leukemia
1212,C94,,Other leukemias of specified cell type,C94.01,Acute erythroid leukemia in remission,a95f1fd6-a6bf-596a-a13c-31671633aa1a,https://www.icd10data.com//ICD10CM/Codes/C00-D49/C81-C96/C94-/C94.01,Leukemia
1213,C94,,Other leukemias of specified cell type,C94.02,Acute erythroid leukemia in relapse,0546f5d0-8d83-58b0-9d25-1d4faaee6bd9,https://www.icd10data.com//ICD10CM/Codes/C00-D49/C81-C96/C94-/C94.02,Leukemia
1214,C94,,Other leukemias of specified cell type,C94.2,Acute megakaryoblastic leukemia,df006cdf-a25b-5e28-b474-df6fa4548b56,https://www.icd10data.com//ICD10CM/Codes/C00-D49/C81-C96/C94-/C94.2,Leukemia
1215,C94,,Other leukemias of specified cell type,C94.20,Acute megakaryoblastic leukemia not having achieved remission,d3b500f6-c2c0-5164-8e6a-380a40fc1da2,https://www.icd10data.com//ICD10CM/Codes/C00-D49/C81-C96/C94-/C94.20,Leukemia
1216,C94,,Other leukemias of specified cell type,C94.21,Acute megakaryoblastic leukemia in remission,28c45891-ffa5-5724-9d96-6bd298778f0e,https://www.icd10data.com//ICD10CM/Codes/C00-D49/C81-C96/C94-/C94.21,Leukemia
1217,C94,,Other leukemias of specified cell type,C94.22,Acute megakaryoblastic leukemia in relapse,e537530f-44d1-50c6-ae09-65531b905b92,https://www.icd10data.com//ICD10CM/Codes/C00-D49/C81-C96/C94-/C94.22,Leukemia
1218,C94,,Other leukemias of specified cell type,C94.3,Mast cell leukemia,9912be47-c31f-554f-94e2-893e932aebdd,https://www.icd10data.com//ICD10CM/Codes/C00-D49/C81-C96/C94-/C94.3,Leukemia
1219,C94,,Other leukemias of specified cell type,C94.30,Mast cell leukemia not having achieved remission,2c96f8f7-6bf8-5295-ab40-b1fcd41e92c4,https://www.icd10data.com//ICD10CM/Codes/C00-D49/C81-C96/C94-/C94.30,Leukemia
1220,C94,,Other leukemias of specified cell type,C94.31,Mast cell leukemia in remission,b03748dc-daa5-5d49-9813-a9901e74a43a,https://www.icd10data.com//ICD10CM/Codes/C00-D49/C81-C96/C94-/C94.31,Leukemia
1221,C94,,Other leukemias of specified cell type,C94.32,Mast cell leukemia in relapse,128e89cf-b0c9-5557-a765-61a4cec57bf4,https://www.icd10data.com//ICD10CM/Codes/C00-D49/C81-C96/C94-/C94.32,Leukemia
1222,C94,,Other leukemias of specified cell type,C94.4,Acute panmyelosis with myelofibrosis,e3896e43-42c7-5380-acb2-2b33b4d01f5a,https://www.icd10data.com//ICD10CM/Codes/C00-D49/C81-C96/C94-/C94.4,Leukemia
1223,C94,,Other leukemias of specified cell type,C94.40,Acute panmyelosis with myelofibrosis not having achieved remission,3da83b1f-770f-543d-9dc0-b2ea90ed8b6c,https://www.icd10data.com//ICD10CM/Codes/C00-D49/C81-C96/C94-/C94.40,Leukemia
1224,C94,,Other leukemias of specified cell type,C94.41,Acute panmyelosis with myelofibrosis in remission,66ad46f4-e62c-5fca-80ca-bb05234126e3,https://www.icd10data.com//ICD10CM/Codes/C00-D49/C81-C96/C94-/C94.41,Leukemia
1225,C94,,Other leukemias of specified cell type,C94.42,Acute panmyelosis with myelofibrosis in relapse,c754e66f-fe7d-5a12-a5e2-4d5d141e636f,https://www.icd10data.com//ICD10CM/Codes/C00-D49/C81-C96/C94-/C94.42,Leukemia
1226,C94,,Other leukemias of specified cell type,C94.6,"Myelodysplastic disease, not elsewhere classified",8518f441-3ff8-51aa-92ac-5bd8cfea638c,https://www.icd10data.com//ICD10CM/Codes/C00-D49/C81-C96/C94-/C94.6,Leukemia
1227,C94,,Other leukemias of specified cell type,C94.8,Other specified leukemias,5662be6a-1eb2-5153-88bf-a27d35af8996,https://www.icd10data.com//ICD10CM/Codes/C00-D49/C81-C96/C94-/C94.8,Leukemia
1228,C94,,Other leukemias of specified cell type,C94.80,Other specified leukemias not having achieved remission,e74d0468-ec27-5b7b-92f2-7c7d9d12eaa1,https://www.icd10data.com//ICD10CM/Codes/C00-D49/C81-C96/C94-/C94.80,Leukemia
1230,C94,,Other leukemias of specified cell type,C94.82,Other specified leukemias in relapse,d10b135e-a900-5497-8948-ff785faa5f05,https://www.icd10data.com//ICD10CM/Codes/C00-D49/C81-C96/C94-/C94.82,Leukemia
1231,C95,,Leukemia of unspecified cell type,C95.0,Acute Leukemia of unspecified cell type,63018c22-2080-55e0-b679-3b5de2a6a687,https://www.icd10data.com//ICD10CM/Codes/C00-D49/C81-C96/C95-/C95.0,Leukemia
1232,C95,,Leukemia of unspecified cell type,C95.00,Acute Leukemia of unspecified cell type not having achieved remission,0f35705e-87b0-5d00-9e1f-30a71d0b9ca5,https://www.icd10data.com//ICD10CM/Codes/C00-D49/C81-C96/C95-/C95.00,Leukemia
1233,C95,,Leukemia of unspecified cell type,C95.01,Acute Leukemia of unspecified cell type in remission,3e243c39-b7f5-5d95-9e53-4981e34c34eb,https://www.icd10data.com//ICD10CM/Codes/C00-D49/C81-C96/C95-/C95.01,Leukemia
1234,C95,,Leukemia of unspecified cell type,C95.02,Acute Leukemia of unspecified cell type in relapse,8f02450f-92f8-5f18-81e5-6d40a8c4ae50,https://www.icd10data.com//ICD10CM/Codes/C00-D49/C81-C96/C95-/C95.02,Leukemia
1235,C95,,Leukemia of unspecified cell type,C95.1,Chronic Leukemia of unspecified cell type,c3f3b161-e41e-5fd8-aaf7-e1db91253f9b,https://www.icd10data.com//ICD10CM/Codes/C00-D49/C81-C96/C95-/C95.1,Leukemia
1236,C95,,Leukemia of unspecified cell type,C95.10,Chronic Leukemia of unspecified cell type not having achieved remission,609de3a6-ec4e-5297-af76-bd7aadb49bc6,https://www.icd10data.com//ICD10CM/Codes/C00-D49/C81-C96/C95-/C95.10,Leukemia
1237,C95,,Leukemia of unspecified cell type,C95.11,Chronic Leukemia of unspecified cell type in remission,a249e855-90df-5c49-a1a8-c99f70c93d80,https://www.icd10data.com//ICD10CM/Codes/C00-D49/C81-C96/C95-/C95.11,Leukemia
1238,C95,,Leukemia of unspecified cell type,C95.12,Chronic Leukemia of unspecified cell type in relapse,0b3d0155-3e1a-5c0a-a555-ac04d0dd1fb9,https://www.icd10data.com//ICD10CM/Codes/C00-D49/C81-C96/C95-/C95.12,Leukemia
1239,C95,,Leukemia of unspecified cell type,C95.9,"Leukemia, unspecified",90385d96-5ff0-5380-8c22-3b35124b1d86,https://www.icd10data.com//ICD10CM/Codes/C00-D49/C81-C96/C95-/C95.9,Leukemia
1240,C95,,Leukemia of unspecified cell type,C95.90,"Leukemia, unspecified not having achieved remission",3401d83a-d19c-5ea0-9828-ff9f4974429c,https://www.icd10data.com//ICD10CM/Codes/C00-D49/C81-C96/C95-/C95.90,Leukemia
1241,C95,,Leukemia of unspecified cell type,C95.91,"Leukemia, unspecified in remission",380aba9d-2aa0-5109-9b29-2f1317afcc12,https://www.icd10data.com//ICD10CM/Codes/C00-D49/C81-C96/C95-/C95.91,Leukemia
1242,C95,,Leukemia of unspecified cell type,C95.92,"Leukemia, unspecified in relapse",fdd7befd-ae86-5742-a126-2cfb77f465b9,https://www.icd10data.com//ICD10CM/Codes/C00-D49/C81-C96/C95-/C95.92,Leukemia
1243,C96,,"Other and unspecified malignant neoplasms of lymphoid, hematopoietic and related tissue",C96.0,Multifocal and multisystemic (disseminated) Langerhans-cell histiocytosis,e82b8d99-a29b-55d6-b288-9862a0ae7724,https://www.icd10data.com//ICD10CM/Codes/C00-D49/C81-C96/C96-/C96.0,Lymphoid Cancer
1244,C96,,"Other and unspecified malignant neoplasms of lymphoid, hematopoietic and related tissue",C96.2,Malignant mast cell neoplasm,d3c7d99c-9f0d-5c0f-a0c7-47f7448d3425,https://www.icd10data.com//ICD10CM/Codes/C00-D49/C81-C96/C96-/C96.2,Lymphoid Cancer
1245,C96,,"Other and unspecified malignant neoplasms of lymphoid, hematopoietic and related tissue",C96.20,Malignant mast cell neoplasm unspecified,42f95003-8920-51f1-aeec-02c1c88df69b,https://www.icd10data.com//ICD10CM/Codes/C00-D49/C81-C96/C96-/C96.20,Lymphoid Cancer
1246,C96,,"Other and unspecified malignant neoplasms of lymphoid, hematopoietic and related tissue",C96.21,Aggressive systemic mastocytosis,960b274d-e60b-5f20-895d-b15c5ad9ce53,https://www.icd10data.com//ICD10CM/Codes/C00-D49/C81-C96/C96-/C96.21,Lymphoid Cancer
1247,C96,,"Other and unspecified malignant neoplasms of lymphoid, hematopoietic and related tissue",C96.22,Mast cell sarcoma,db34f4dc-8c33-507e-a0af-1f95f51f7819,https://www.icd10data.com//ICD10CM/Codes/C00-D49/C81-C96/C96-/C96.22,Lymphoid Cancer
1248,C96,,"Other and unspecified malignant neoplasms of lymphoid, hematopoietic and related tissue",C96.29,Other malignant mast cell neoplasm,48ca8fc9-2788-5cf7-b246-b91f23c99a60,https://www.icd10data.com//ICD10CM/Codes/C00-D49/C81-C96/C96-/C96.29,Lymphoid Cancer
1249,C96,,"Other and unspecified malignant neoplasms of lymphoid, hematopoietic and related tissue",C96.4,Sarcoma of dendritic cells (accessory cells),b72c3ead-b2de-58e6-99da-987915924439,https://www.icd10data.com//ICD10CM/Codes/C00-D49/C81-C96/C96-/C96.4,Lymphoid Cancer
1250,C96,,"Other and unspecified malignant neoplasms of lymphoid, hematopoietic and related tissue",C96.5,Multifocal and unisystemic Langerhans-cell histiocytosis,5393ff1c-3b15-547d-bba5-d3be97de9820,https://www.icd10data.com//ICD10CM/Codes/C00-D49/C81-C96/C96-/C96.5,Lymphoid Cancer
1251,C96,,"Other and unspecified malignant neoplasms of lymphoid, hematopoietic and related tissue",C96.6,Unifocal Langerhans-cell histiocytosis,0607697b-f6a3-5e56-b252-aebbf362e4d6,https://www.icd10data.com//ICD10CM/Codes/C00-D49/C81-C96/C96-/C96.6,Lymphoid Cancer
1252,C96,,"Other and unspecified malignant neoplasms of lymphoid, hematopoietic and related tissue",C96.A,Histiocytic sarcoma,15fc7a03-2fc2-54a9-a418-ce8ed31b7f65,https://www.icd10data.com//ICD10CM/Codes/C00-D49/C81-C96/C96-/C96.A,Lymphoid Cancer
1253,C96,,"Other and unspecified malignant neoplasms of lymphoid, hematopoietic and related tissue",C96.Z,"Other specified malignant neoplasms of lymphoid, hematopoietic and related tissue",ffe2ef2c-e947-5d86-a4f4-00fff9bb2352,https://www.icd10data.com//ICD10CM/Codes/C00-D49/C81-C96/C96-/C96.Z,Lymphoid Cancer
1254,C96,,"Other and unspecified malignant neoplasms of lymphoid, hematopoietic and related tissue",C96.9,"Malignant neoplasm of lymphoid, hematopoietic and related tissue, unspecified",39fb720b-af03-5dda-b6e4-3b76e8f68590,https://www.icd10data.com//ICD10CM/Codes/C00-D49/C81-C96/C96-/C96.9,Lymphoid Cancer
9,E78,,Disorders of lipoprotein metabolism and other lipidemias,E78.49,Other hyperlipidemia,327547c6-3a89-50e1-983a-3bdcaa99e9d1,,Lipid Disorder
6,E78,,Disorders of lipoprotein metabolism and other lipidemias,E78.3,Hyperchylomicronemia,85fc2fbf-68e7-5e4d-bc20-498aec9e00ee,https://www.icd10data.com//ICD10CM/Codes/E00-E89/E70-E88/E78-/E78.3,Lipid Disorder
8,E78,,Disorders of lipoprotein metabolism and other lipidemias,E78.41,Elevated Lipoprotein(a),32d2cf6d-4ce4-5616-8e8d-4fa60c27d7ec,https://www.icd10data.com//ICD10CM/Codes/E00-E89/E70-E88/E78-/E78.41,Lipid Disorder
10,E78,,Disorders of lipoprotein metabolism and other lipidemias,E78.5,"Hyperlipidemia, unspecified",cc0b4b14-1838-595e-b921-e31e65168746,https://www.icd10data.com//ICD10CM/Codes/E00-E89/E70-E88/E78-/E78.5,Lipid Disorder
11,E78,,Disorders of lipoprotein metabolism and other lipidemias,E78.6,Lipoprotein deficiency,6e5dd9e1-864d-56e5-bf78-4ad03e2152f5,https://www.icd10data.com//ICD10CM/Codes/E00-E89/E70-E88/E78-/E78.6,Lipid Disorder
12,E78,,Disorders of lipoprotein metabolism and other lipidemias,E78.7,Disorders of bile acid and cholesterol metabolism,bc4818fb-a112-55d6-8654-4a9177e684c6,https://www.icd10data.com//ICD10CM/Codes/E00-E89/E70-E88/E78-/E78.7,Lipid Disorder
13,E78,,Disorders of lipoprotein metabolism and other lipidemias,E78.70,"Disorder of bile acid and cholesterol metabolism, unspecified",fe0b744b-1cb2-523c-b128-614346719b98,https://www.icd10data.com//ICD10CM/Codes/E00-E89/E70-E88/E78-/E78.70,Lipid Disorder
14,E78,,Disorders of lipoprotein metabolism and other lipidemias,E78.71,Barth syndrome,b8ba2380-9726-52cb-8377-7a0484faa507,https://www.icd10data.com//ICD10CM/Codes/E00-E89/E70-E88/E78-/E78.71,Lipid Disorder
17,E78,,Disorders of lipoprotein metabolism and other lipidemias,E78.8,Other disorders of lipoprotein metabolism,eede79c3-3bff-55dd-bbfa-3a6e7b4ad08d,https://www.icd10data.com//ICD10CM/Codes/E00-E89/E70-E88/E78-/E78.8,Lipid Disorder
19,E78,,Disorders of lipoprotein metabolism and other lipidemias,E78.89,Other lipoprotein metabolism disorders,642f7232-52a2-590d-ac1d-3f98a041ade0,https://www.icd10data.com//ICD10CM/Codes/E00-E89/E70-E88/E78-/E78.89,Lipid Disorder
20,E78,,Disorders of lipoprotein metabolism and other lipidemias,E78.9,"Disorder of lipoprotein metabolism, unspecified",590356ab-eef1-5626-963d-812cd95f53f0,https://www.icd10data.com//ICD10CM/Codes/E00-E89/E70-E88/E78-/E78.9,Lipid Disorder
21,I20,,Angina pectoris,,,d43697d8-d115-55d2-a844-9ad61e374aa0,https://www.icd10data.com//ICD10CM/Codes/I00-I99/I20-I25/I20-/I20,Angina
22,I20,,Angina pectoris,I20.0,Unstable angina,a9f2b769-60ed-5599-8ad6-6442fa659dd1,https://www.icd10data.com//ICD10CM/Codes/I00-I99/I20-I25/I20-/I20.0,Angina
23,I20,,Angina pectoris,I20.1,Angina pectoris with documented spasm,8a08ffb3-662f-5c3f-b958-0ae81c6806fc,https://www.icd10data.com//ICD10CM/Codes/I00-I99/I20-I25/I20-/I20.1,Angina
24,I20,,Angina pectoris,I20.2,Refractory angina pectoris,5a057f05-1f12-5fce-901e-4379627c7fc2,https://www.icd10data.com//ICD10CM/Codes/I00-I99/I20-I25/I20-/I20.2,Angina
25,I20,,Angina pectoris,I20.8,Other forms of angina pectoris,6fd5ea1e-75b9-55f1-8c14-7da5c61d4def,https://www.icd10data.com//ICD10CM/Codes/I00-I99/I20-I25/I20-/I20.8,Angina
26,I20,,Angina pectoris,I20.81,Angina pectoris with coronary microvascular dysfunction,12d5091b-36f1-590a-a83d-3ae6b97f1ef7,https://www.icd10data.com//ICD10CM/Codes/I00-I99/I20-I25/I20-/I20.81,Angina
27,I20,,Angina pectoris,I20.89,Other forms of angina pectoris,db5639f4-2e03-5b07-97a1-c60143859f21,https://www.icd10data.com//ICD10CM/Codes/I00-I99/I20-I25/I20-/I20.89,Angina
28,I20,,Angina pectoris,I20.9,"Angina pectoris, unspecified",27418024-4c54-5d42-b97b-814369718418,https://www.icd10data.com//ICD10CM/Codes/I00-I99/I20-I25/I20-/I20.9,Angina
43,I21,,Acute myocardial infarction,I21.A,Other type of myocardial infarction,efaaf2f1-ca64-54d5-bd62-b1423c27fc3d,https://www.icd10data.com//ICD10CM/Codes/I00-I99/I20-I25/I21-/I21.A,Myocardial Infarction
44,I21,,Acute myocardial infarction,I21.A1,Myocardial infarction type 2,5fca5ee3-cb22-5858-8543-97682054f8de,https://www.icd10data.com//ICD10CM/Codes/I00-I99/I20-I25/I21-/I21.A1,Myocardial Infarction
45,I21,,Acute myocardial infarction,I21.A9,Other myocardial infarction type,22c11f71-c1c0-56f2-ae34-7b87318a3b5a,https://www.icd10data.com//ICD10CM/Codes/I00-I99/I20-I25/I21-/I21.A9,Myocardial Infarction
46,I21,,Acute myocardial infarction,I21.B,Myocardial infarction with coronary microvascular dysfunction,b0ef7b4a-4d8b-5355-8fcb-dc83d5f24ce8,https://www.icd10data.com//ICD10CM/Codes/I00-I99/I20-I25/I21-/I21.B,Myocardial Infarction
47,I70,,Atherosclerosis,,,11386a0a-1236-51a3-b4ee-ffea791e19ee,https://www.icd10data.com//ICD10CM/Codes/I00-I99/I70-I79/I70-/I70,Atherosclerosis
49,I70,,Atherosclerosis,I70.1,Atherosclerosis of renal artery,7225191c-e18e-5d79-b7dd-fe836acfa4db,https://www.icd10data.com//ICD10CM/Codes/I00-I99/I70-I79/I70-/I70.1,Atherosclerosis
57,I70,,Atherosclerosis,I70.21,Atherosclerosis of native arteries of extremities with intermittent claudication,da3abd94-f1a1-541b-a27e-a4569f980959,https://www.icd10data.com//ICD10CM/Codes/I00-I99/I70-I79/I70-/I70.21,Atherosclerosis
58,I70,,Atherosclerosis,I70.211,Atherosclerosis of native arteries of extremities with intermittent claudication right leg,0ce30195-c215-5423-809e-a2f629b85d1e,https://www.icd10data.com//ICD10CM/Codes/I00-I99/I70-I79/I70-/I70.211,Atherosclerosis
59,I70,,Atherosclerosis,I70.212,Atherosclerosis of native arteries of extremities with intermittent claudication left leg,aab48ab9-d403-5819-aee0-4e6f0bbabedc,https://www.icd10data.com//ICD10CM/Codes/I00-I99/I70-I79/I70-/I70.212,Atherosclerosis
60,I70,,Atherosclerosis,I70.213,Atherosclerosis of native arteries of extremities with intermittent claudication bilateral legs,79829967-149f-5094-b20d-8f770ca5e208,https://www.icd10data.com//ICD10CM/Codes/I00-I99/I70-I79/I70-/I70.213,Atherosclerosis
61,I70,,Atherosclerosis,I70.218,Atherosclerosis of native arteries of extremities with intermittent claudication other extremity,70ac524c-6dd1-5205-9613-c7f94cf585b6,https://www.icd10data.com//ICD10CM/Codes/I00-I99/I70-I79/I70-/I70.218,Atherosclerosis
62,I70,,Atherosclerosis,I70.219,Atherosclerosis of native arteries of extremities with intermittent claudication unspecified extremity,f2cc9287-edfa-518b-a8de-f267c2995b97,https://www.icd10data.com//ICD10CM/Codes/I00-I99/I70-I79/I70-/I70.219,Atherosclerosis
86,I70,,Atherosclerosis,I70.26,Atherosclerosis of native arteries of extremities with gangrene,71215d32-a737-5ec4-a883-0b89e9479c4d,https://www.icd10data.com//ICD10CM/Codes/I00-I99/I70-I79/I70-/I70.26,Atherosclerosis
87,I70,,Atherosclerosis,I70.261,Atherosclerosis of native arteries of extremities with gangrene right leg,4b2f999b-5584-5536-8692-0de51698a518,https://www.icd10data.com//ICD10CM/Codes/I00-I99/I70-I79/I70-/I70.261,Atherosclerosis
88,I70,,Atherosclerosis,I70.262,Atherosclerosis of native arteries of extremities with gangrene left leg,f2acfe70-7804-585d-83e1-004f902414a8,https://www.icd10data.com//ICD10CM/Codes/I00-I99/I70-I79/I70-/I70.262,Atherosclerosis
89,I70,,Atherosclerosis,I70.263,Atherosclerosis of native arteries of extremities with gangrene bilateral legs,b5cdd71d-61b7-5b88-acc4-03a962ba4f08,https://www.icd10data.com//ICD10CM/Codes/I00-I99/I70-I79/I70-/I70.263,Atherosclerosis
90,I70,,Atherosclerosis,I70.268,Atherosclerosis of native arteries of extremities with gangrene other extremity,c91202b3-9b98-59bd-816a-ebacbf189420,https://www.icd10data.com//ICD10CM/Codes/I00-I99/I70-I79/I70-/I70.268,Atherosclerosis
91,I70,,Atherosclerosis,I70.269,Atherosclerosis of native arteries of extremities with gangrene unspecified extremity,101eb605-4fca-56db-b6e1-f4836c759305,https://www.icd10data.com//ICD10CM/Codes/I00-I99/I70-I79/I70-/I70.269,Atherosclerosis
105,I70,,Atherosclerosis,I70.31,Atherosclerosis of unspecified type of bypass graft(s) of the extremities with intermittent claudication,72b30471-0ffa-518b-a6b2-bf6fbcf094bd,https://www.icd10data.com//ICD10CM/Codes/I00-I99/I70-I79/I70-/I70.31,Atherosclerosis
106,I70,,Atherosclerosis,I70.311,Atherosclerosis of unspecified type of bypass graft(s) of the extremities with intermittent claudication right leg,91f84130-4ee3-5868-a242-1875f9b1de96,https://www.icd10data.com//ICD10CM/Codes/I00-I99/I70-I79/I70-/I70.311,Atherosclerosis
107,I70,,Atherosclerosis,I70.312,Atherosclerosis of unspecified type of bypass graft(s) of the extremities with intermittent claudication left leg,b6830187-473e-5fd1-9d45-ef6d8e65f6cb,https://www.icd10data.com//ICD10CM/Codes/I00-I99/I70-I79/I70-/I70.312,Atherosclerosis
108,I70,,Atherosclerosis,I70.313,Atherosclerosis of unspecified type of bypass graft(s) of the extremities with intermittent claudication bilateral legs,61a67fa4-3987-5923-a298-4db5cbc751d2,https://www.icd10data.com//ICD10CM/Codes/I00-I99/I70-I79/I70-/I70.313,Atherosclerosis
109,I70,,Atherosclerosis,I70.318,Atherosclerosis of unspecified type of bypass graft(s) of the extremities with intermittent claudication other extremity,7df48d38-3620-5da7-9a05-d1e3c93e5538,https://www.icd10data.com//ICD10CM/Codes/I00-I99/I70-I79/I70-/I70.318,Atherosclerosis
110,I70,,Atherosclerosis,I70.319,Atherosclerosis of unspecified type of bypass graft(s) of the extremities with intermittent claudication unspecified extremity,f432ec56-b9df-5719-a58e-3b93acb51f39,https://www.icd10data.com//ICD10CM/Codes/I00-I99/I70-I79/I70-/I70.319,Atherosclerosis
111,I70,,Atherosclerosis,I70.32,Atherosclerosis of unspecified type of bypass graft(s) of the extremities with rest pain,2c35699f-4997-57bb-afed-814350bf2b05,https://www.icd10data.com//ICD10CM/Codes/I00-I99/I70-I79/I70-/I70.32,Atherosclerosis
112,I70,,Atherosclerosis,I70.321,Atherosclerosis of unspecified type of bypass graft(s) of the extremities with rest pain right leg,d38c4954-86e8-57d2-9b06-63d76800627c,https://www.icd10data.com//ICD10CM/Codes/I00-I99/I70-I79/I70-/I70.321,Atherosclerosis
113,I70,,Atherosclerosis,I70.322,Atherosclerosis of unspecified type of bypass graft(s) of the extremities with rest pain left leg,db6c30b8-166d-5500-a200-6196584e39de,https://www.icd10data.com//ICD10CM/Codes/I00-I99/I70-I79/I70-/I70.322,Atherosclerosis
114,I70,,Atherosclerosis,I70.323,Atherosclerosis of unspecified type of bypass graft(s) of the extremities with rest pain bilateral legs,e96dc2e8-499e-5751-b7b8-d68051c05ab7,https://www.icd10data.com//ICD10CM/Codes/I00-I99/I70-I79/I70-/I70.323,Atherosclerosis
115,I70,,Atherosclerosis,I70.328,Atherosclerosis of unspecified type of bypass graft(s) of the extremities with rest pain other extremity,43dd3083-dfac-58b4-aa66-56012efdee37,https://www.icd10data.com//ICD10CM/Codes/I00-I99/I70-I79/I70-/I70.328,Atherosclerosis
116,I70,,Atherosclerosis,I70.329,Atherosclerosis of unspecified type of bypass graft(s) of the extremities with rest pain unspecified extremity,d20f2447-8b8e-5e9a-be7b-0ed8c54b0e01,https://www.icd10data.com//ICD10CM/Codes/I00-I99/I70-I79/I70-/I70.329,Atherosclerosis
147,I70,,Atherosclerosis,I70.40,Unspecified atherosclerosis of autologous vein bypass graft(s) of the extremities,8ec4e6bc-1b3e-5b64-ac74-d1df79c84a66,https://www.icd10data.com//ICD10CM/Codes/I00-I99/I70-I79/I70-/I70.40,Atherosclerosis
148,I70,,Atherosclerosis,I70.401,Unspecified atherosclerosis of autologous vein bypass graft(s) of the extremities right leg,b090c21f-a314-5ee4-afa7-cd04df9b820f,https://www.icd10data.com//ICD10CM/Codes/I00-I99/I70-I79/I70-/I70.401,Atherosclerosis
149,I70,,Atherosclerosis,I70.402,Unspecified atherosclerosis of autologous vein bypass graft(s) of the extremities left leg,d1056c8b-fa81-5a53-aa30-877d2ec0149c,https://www.icd10data.com//ICD10CM/Codes/I00-I99/I70-I79/I70-/I70.402,Atherosclerosis
150,I70,,Atherosclerosis,I70.403,Unspecified atherosclerosis of autologous vein bypass graft(s) of the extremities bilateral legs,8b8d5e2e-21bf-5fe0-a026-cfc83622aeeb,https://www.icd10data.com//ICD10CM/Codes/I00-I99/I70-I79/I70-/I70.403,Atherosclerosis
151,I70,,Atherosclerosis,I70.408,Unspecified atherosclerosis of autologous vein bypass graft(s) of the extremities other extremity,e8365c87-7df9-5f05-bb82-4696f2e2dbd6,https://www.icd10data.com//ICD10CM/Codes/I00-I99/I70-I79/I70-/I70.408,Atherosclerosis
152,I70,,Atherosclerosis,I70.409,Unspecified atherosclerosis of autologous vein bypass graft(s) of the extremities unspecified extremity,515aefa7-8738-5dbc-8d09-17881ceed3c5,https://www.icd10data.com//ICD10CM/Codes/I00-I99/I70-I79/I70-/I70.409,Atherosclerosis
153,I70,,Atherosclerosis,I70.41,Atherosclerosis of autologous vein bypass graft(s) of the extremities with intermittent claudication,bfe63b92-095f-5ab2-861b-15885c52312a,https://www.icd10data.com//ICD10CM/Codes/I00-I99/I70-I79/I70-/I70.41,Atherosclerosis
154,I70,,Atherosclerosis,I70.411,Atherosclerosis of autologous vein bypass graft(s) of the extremities with intermittent claudication right leg,f825d0e6-34e9-5643-9688-ada0401d7660,https://www.icd10data.com//ICD10CM/Codes/I00-I99/I70-I79/I70-/I70.411,Atherosclerosis
155,I70,,Atherosclerosis,I70.412,Atherosclerosis of autologous vein bypass graft(s) of the extremities with intermittent claudication left leg,f2f7e5fd-c2a8-5220-b06d-f38e63d8ba64,https://www.icd10data.com//ICD10CM/Codes/I00-I99/I70-I79/I70-/I70.412,Atherosclerosis
156,I70,,Atherosclerosis,I70.413,Atherosclerosis of autologous vein bypass graft(s) of the extremities with intermittent claudication bilateral legs,6ea244e8-f990-5d6b-b221-d3e46466dc80,https://www.icd10data.com//ICD10CM/Codes/I00-I99/I70-I79/I70-/I70.413,Atherosclerosis
157,I70,,Atherosclerosis,I70.418,Atherosclerosis of autologous vein bypass graft(s) of the extremities with intermittent claudication other extremity,8ec1b3ff-2d72-504a-9ee9-be71dacec609,https://www.icd10data.com//ICD10CM/Codes/I00-I99/I70-I79/I70-/I70.418,Atherosclerosis
158,I70,,Atherosclerosis,I70.419,Atherosclerosis of autologous vein bypass graft(s) of the extremities with intermittent claudication unspecified extremity,afe2a214-53fd-5269-a3e0-8eb7eb64ef61,https://www.icd10data.com//ICD10CM/Codes/I00-I99/I70-I79/I70-/I70.419,Atherosclerosis
165,I70,,Atherosclerosis,I70.43,Atherosclerosis of autologous vein bypass graft(s) of the right leg with ulceration,74fd1b6d-0e31-5a86-859c-430ceabf4b30,https://www.icd10data.com//ICD10CM/Codes/I00-I99/I70-I79/I70-/I70.43,Atherosclerosis
166,I70,,Atherosclerosis,I70.431,Atherosclerosis of autologous vein bypass graft(s) of the right leg with ulceration of thigh,0042b317-60a4-5994-bb01-c122db521d1b,https://www.icd10data.com//ICD10CM/Codes/I00-I99/I70-I79/I70-/I70.431,Atherosclerosis
167,I70,,Atherosclerosis,I70.432,Atherosclerosis of autologous vein bypass graft(s) of the right leg with ulceration of calf,838d8996-70f7-5f62-b87c-860dd0b3309e,https://www.icd10data.com//ICD10CM/Codes/I00-I99/I70-I79/I70-/I70.432,Atherosclerosis
168,I70,,Atherosclerosis,I70.433,Atherosclerosis of autologous vein bypass graft(s) of the right leg with ulceration of ankle,62d37ac0-c0ea-5abf-a943-dca3d57b9ac4,https://www.icd10data.com//ICD10CM/Codes/I00-I99/I70-I79/I70-/I70.433,Atherosclerosis
169,I70,,Atherosclerosis,I70.434,Atherosclerosis of autologous vein bypass graft(s) of the right leg with ulceration of heel and midfoot,3b1056b1-1fe2-5e13-b69e-b4c8f3dc30d5,https://www.icd10data.com//ICD10CM/Codes/I00-I99/I70-I79/I70-/I70.434,Atherosclerosis
170,I70,,Atherosclerosis,I70.435,Atherosclerosis of autologous vein bypass graft(s) of the right leg with ulceration of other part of foot,5cdf72ed-03ec-5175-8099-a80f6b0b28a5,https://www.icd10data.com//ICD10CM/Codes/I00-I99/I70-I79/I70-/I70.435,Atherosclerosis
171,I70,,Atherosclerosis,I70.438,Atherosclerosis of autologous vein bypass graft(s) of the right leg with ulceration of other part of lower leg,ff6d8339-946e-597c-bed0-e315d1f348d5,https://www.icd10data.com//ICD10CM/Codes/I00-I99/I70-I79/I70-/I70.438,Atherosclerosis
172,I70,,Atherosclerosis,I70.439,Atherosclerosis of autologous vein bypass graft(s) of the right leg with ulceration of unspecified site,b64f6b2d-8e98-5ac9-9474-6e8098ec5476,https://www.icd10data.com//ICD10CM/Codes/I00-I99/I70-I79/I70-/I70.439,Atherosclerosis
173,I70,,Atherosclerosis,I70.44,Atherosclerosis of autologous vein bypass graft(s) of the left leg with ulceration,735d07c1-103c-53fa-9836-e287bb9c1dd2,https://www.icd10data.com//ICD10CM/Codes/I00-I99/I70-I79/I70-/I70.44,Atherosclerosis
174,I70,,Atherosclerosis,I70.441,Atherosclerosis of autologous vein bypass graft(s) of the left leg with ulceration of thigh,21e5e8ff-e4e5-59b3-aae5-3b8e5f0237ca,https://www.icd10data.com//ICD10CM/Codes/I00-I99/I70-I79/I70-/I70.441,Atherosclerosis
175,I70,,Atherosclerosis,I70.442,Atherosclerosis of autologous vein bypass graft(s) of the left leg with ulceration of calf,661185a7-a325-5fee-8b15-8433940a5c08,https://www.icd10data.com//ICD10CM/Codes/I00-I99/I70-I79/I70-/I70.442,Atherosclerosis
176,I70,,Atherosclerosis,I70.443,Atherosclerosis of autologous vein bypass graft(s) of the left leg with ulceration of ankle,907f47f4-e6dd-5b69-89ef-76fb28aff9ee,https://www.icd10data.com//ICD10CM/Codes/I00-I99/I70-I79/I70-/I70.443,Atherosclerosis
177,I70,,Atherosclerosis,I70.444,Atherosclerosis of autologous vein bypass graft(s) of the left leg with ulceration of heel and midfoot,6c66308a-57ff-5670-b010-76e25477270e,https://www.icd10data.com//ICD10CM/Codes/I00-I99/I70-I79/I70-/I70.444,Atherosclerosis
178,I70,,Atherosclerosis,I70.445,Atherosclerosis of autologous vein bypass graft(s) of the left leg with ulceration of other part of foot,c96828f8-38d8-5a42-9521-e7e9b7fad162,https://www.icd10data.com//ICD10CM/Codes/I00-I99/I70-I79/I70-/I70.445,Atherosclerosis
179,I70,,Atherosclerosis,I70.448,Atherosclerosis of autologous vein bypass graft(s) of the left leg with ulceration of other part of lower leg,6ecf8674-3f8b-5f7e-b336-0caccb07bd2f,https://www.icd10data.com//ICD10CM/Codes/I00-I99/I70-I79/I70-/I70.448,Atherosclerosis
180,I70,,Atherosclerosis,I70.449,Atherosclerosis of autologous vein bypass graft(s) of the left leg with ulceration of unspecified site,6fd4a053-61f9-5177-b609-765c88adead7,https://www.icd10data.com//ICD10CM/Codes/I00-I99/I70-I79/I70-/I70.449,Atherosclerosis
181,I70,,Atherosclerosis,I70.45,Atherosclerosis of autologous vein bypass graft(s) of other extremity with ulceration,045f0bcf-ae0a-59fb-a86b-6c53d07ef9ba,https://www.icd10data.com//ICD10CM/Codes/I00-I99/I70-I79/I70-/I70.45,Atherosclerosis
182,I70,,Atherosclerosis,I70.46,Atherosclerosis of autologous vein bypass graft(s) of the extremities with gangrene,f07a0190-fc66-5103-b8c0-44b1ecea3876,https://www.icd10data.com//ICD10CM/Codes/I00-I99/I70-I79/I70-/I70.46,Atherosclerosis
183,I70,,Atherosclerosis,I70.461,Atherosclerosis of autologous vein bypass graft(s) of the extremities with gangrene right leg,d5f06217-367c-521f-8b49-0e0a6b8dc90d,https://www.icd10data.com//ICD10CM/Codes/I00-I99/I70-I79/I70-/I70.461,Atherosclerosis
184,I70,,Atherosclerosis,I70.462,Atherosclerosis of autologous vein bypass graft(s) of the extremities with gangrene left leg,36fafa97-d87b-5d20-ac90-7a0203ca5524,https://www.icd10data.com//ICD10CM/Codes/I00-I99/I70-I79/I70-/I70.462,Atherosclerosis
185,I70,,Atherosclerosis,I70.463,Atherosclerosis of autologous vein bypass graft(s) of the extremities with gangrene bilateral legs,5fa7e89f-ea44-5f89-8af3-d757b96ad0e6,https://www.icd10data.com//ICD10CM/Codes/I00-I99/I70-I79/I70-/I70.463,Atherosclerosis
186,I70,,Atherosclerosis,I70.468,Atherosclerosis of autologous vein bypass graft(s) of the extremities with gangrene other extremity,2c91aa6d-092d-5b86-b35f-1e1293592867,https://www.icd10data.com//ICD10CM/Codes/I00-I99/I70-I79/I70-/I70.468,Atherosclerosis
187,I70,,Atherosclerosis,I70.469,Atherosclerosis of autologous vein bypass graft(s) of the extremities with gangrene unspecified extremity,4a620546-9cb4-5416-8677-7de3ab8d242e,https://www.icd10data.com//ICD10CM/Codes/I00-I99/I70-I79/I70-/I70.469,Atherosclerosis
188,I70,,Atherosclerosis,I70.49,Other atherosclerosis of autologous vein bypass graft(s) of the extremities,1f40b619-4602-535c-8523-a708075ccd27,https://www.icd10data.com//ICD10CM/Codes/I00-I99/I70-I79/I70-/I70.49,Atherosclerosis
189,I70,,Atherosclerosis,I70.491,Other atherosclerosis of autologous vein bypass graft(s) of the extremities right leg,58afe292-25af-586a-ba8f-c51ae252ec14,https://www.icd10data.com//ICD10CM/Codes/I00-I99/I70-I79/I70-/I70.491,Atherosclerosis
190,I70,,Atherosclerosis,I70.492,Other atherosclerosis of autologous vein bypass graft(s) of the extremities left leg,0b7f2c17-a40c-5a88-a07e-4b1931f629f7,https://www.icd10data.com//ICD10CM/Codes/I00-I99/I70-I79/I70-/I70.492,Atherosclerosis
191,I70,,Atherosclerosis,I70.493,Other atherosclerosis of autologous vein bypass graft(s) of the extremities bilateral legs,4bebafc5-6439-5d59-aefc-9203af8bc687,https://www.icd10data.com//ICD10CM/Codes/I00-I99/I70-I79/I70-/I70.493,Atherosclerosis
192,I70,,Atherosclerosis,I70.498,Other atherosclerosis of autologous vein bypass graft(s) of the extremities other extremity,e2f04933-091b-595d-bf4e-b1e57eacabb4,https://www.icd10data.com//ICD10CM/Codes/I00-I99/I70-I79/I70-/I70.498,Atherosclerosis
193,I70,,Atherosclerosis,I70.499,Other atherosclerosis of autologous vein bypass graft(s) of the extremities unspecified extremity,e6f84b49-70e9-5a08-99fc-814ad5c258fe,https://www.icd10data.com//ICD10CM/Codes/I00-I99/I70-I79/I70-/I70.499,Atherosclerosis
194,I70,,Atherosclerosis,I70.5,Atherosclerosis of nonautologous biological bypass graft(s) of the extremities,10168d5f-f6ff-530a-9a76-e0099f0feb52,https://www.icd10data.com//ICD10CM/Codes/I00-I99/I70-I79/I70-/I70.5,Atherosclerosis
195,I70,,Atherosclerosis,I70.50,Unspecified atherosclerosis of nonautologous biological bypass graft(s) of the extremities,35685b2d-cb17-5bd1-87cf-0331c22389f0,https://www.icd10data.com//ICD10CM/Codes/I00-I99/I70-I79/I70-/I70.50,Atherosclerosis
196,I70,,Atherosclerosis,I70.501,Unspecified atherosclerosis of nonautologous biological bypass graft(s) of the extremities right leg,51d7d862-e89c-5121-80fb-306ac77f5ec4,https://www.icd10data.com//ICD10CM/Codes/I00-I99/I70-I79/I70-/I70.501,Atherosclerosis
197,I70,,Atherosclerosis,I70.502,Unspecified atherosclerosis of nonautologous biological bypass graft(s) of the extremities left leg,599b75f2-f10d-5006-9c56-b9edb88a6760,https://www.icd10data.com//ICD10CM/Codes/I00-I99/I70-I79/I70-/I70.502,Atherosclerosis
198,I70,,Atherosclerosis,I70.503,Unspecified atherosclerosis of nonautologous biological bypass graft(s) of the extremities bilateral legs,660ce663-b8f1-57e9-9e2d-aed049575b67,https://www.icd10data.com//ICD10CM/Codes/I00-I99/I70-I79/I70-/I70.503,Atherosclerosis
199,I70,,Atherosclerosis,I70.508,Unspecified atherosclerosis of nonautologous biological bypass graft(s) of the extremities other extremity,59190650-4a24-5790-a15a-a26479c125e8,https://www.icd10data.com//ICD10CM/Codes/I00-I99/I70-I79/I70-/I70.508,Atherosclerosis
200,I70,,Atherosclerosis,I70.509,Unspecified atherosclerosis of nonautologous biological bypass graft(s) of the extremities unspecified extremity,95f910ad-47e1-5807-927b-742e14af0b36,https://www.icd10data.com//ICD10CM/Codes/I00-I99/I70-I79/I70-/I70.509,Atherosclerosis
201,I70,,Atherosclerosis,I70.51,Atherosclerosis of nonautologous biological bypass graft(s) of the extremities intermittent claudication,e85c8476-6a0e-5a1e-a04a-a7e05fcfa687,https://www.icd10data.com//ICD10CM/Codes/I00-I99/I70-I79/I70-/I70.51,Atherosclerosis
202,I70,,Atherosclerosis,I70.511,"Atherosclerosis of nonautologous biological bypass graft(s) of the extremities with intermittent claudication, right leg",111cc43c-11a7-5a4e-b3ab-1e3c8d8213d1,https://www.icd10data.com//ICD10CM/Codes/I00-I99/I70-I79/I70-/I70.511,Atherosclerosis
203,I70,,Atherosclerosis,I70.512,"Atherosclerosis of nonautologous biological bypass graft(s) of the extremities with intermittent claudication, left leg",f52b98b6-e605-50f6-98bd-1ab37f0f095e,https://www.icd10data.com//ICD10CM/Codes/I00-I99/I70-I79/I70-/I70.512,Atherosclerosis
204,I70,,Atherosclerosis,I70.513,"Atherosclerosis of nonautologous biological bypass graft(s) of the extremities with intermittent claudication, bilateral legs",67881df0-74bc-5405-8dec-9c1919441e82,https://www.icd10data.com//ICD10CM/Codes/I00-I99/I70-I79/I70-/I70.513,Atherosclerosis
205,I70,,Atherosclerosis,I70.518,"Atherosclerosis of nonautologous biological bypass graft(s) of the extremities with intermittent claudication, other extremity",051ab2f5-5f85-5302-bfd7-3ba539315248,https://www.icd10data.com//ICD10CM/Codes/I00-I99/I70-I79/I70-/I70.518,Atherosclerosis
206,I70,,Atherosclerosis,I70.519,"Atherosclerosis of nonautologous biological bypass graft(s) of the extremities with intermittent claudication, unspecified extremity",9b2fe644-4d25-573e-a1a1-9a3911af089a,https://www.icd10data.com//ICD10CM/Codes/I00-I99/I70-I79/I70-/I70.519,Atherosclerosis
213,I70,,Atherosclerosis,I70.53,Atherosclerosis of nonautologous biological bypass graft(s) of the right leg with ulceration,f3ce8448-2a94-5e75-b2af-a453d1de8cb8,https://www.icd10data.com//ICD10CM/Codes/I00-I99/I70-I79/I70-/I70.53,Atherosclerosis
214,I70,,Atherosclerosis,I70.531,Atherosclerosis of nonautologous biological bypass graft(s) of the right leg with ulceration of thigh,d101097f-bd6e-5883-9b95-26bdf9f6cabf,https://www.icd10data.com//ICD10CM/Codes/I00-I99/I70-I79/I70-/I70.531,Atherosclerosis
215,I70,,Atherosclerosis,I70.532,Atherosclerosis of nonautologous biological bypass graft(s) of the right leg with ulceration of calf,2c5396ea-9243-58b2-b4fb-320623908c14,https://www.icd10data.com//ICD10CM/Codes/I00-I99/I70-I79/I70-/I70.532,Atherosclerosis
216,I70,,Atherosclerosis,I70.533,Atherosclerosis of nonautologous biological bypass graft(s) of the right leg with ulceration of ankle,1ae46241-6723-5bba-9597-3c462d6e5c98,https://www.icd10data.com//ICD10CM/Codes/I00-I99/I70-I79/I70-/I70.533,Atherosclerosis
217,I70,,Atherosclerosis,I70.534,Atherosclerosis of nonautologous biological bypass graft(s) of the right leg with ulceration of heel and midfoot,c3a5b858-793d-5405-80cd-ccb6f7f5a922,https://www.icd10data.com//ICD10CM/Codes/I00-I99/I70-I79/I70-/I70.534,Atherosclerosis
218,I70,,Atherosclerosis,I70.535,Atherosclerosis of nonautologous biological bypass graft(s) of the right leg with ulceration of other part of foot,5d680a99-8309-5886-99fa-be38ae4420f3,https://www.icd10data.com//ICD10CM/Codes/I00-I99/I70-I79/I70-/I70.535,Atherosclerosis
219,I70,,Atherosclerosis,I70.538,Atherosclerosis of nonautologous biological bypass graft(s) of the right leg with ulceration of other part of lower leg,f98f7823-5f82-5157-8b25-dd3a05ad158d,https://www.icd10data.com//ICD10CM/Codes/I00-I99/I70-I79/I70-/I70.538,Atherosclerosis
220,I70,,Atherosclerosis,I70.539,Atherosclerosis of nonautologous biological bypass graft(s) of the right leg with ulceration of unspecified site,ceca801f-863f-5c0f-a883-2ccc7a4ff45a,https://www.icd10data.com//ICD10CM/Codes/I00-I99/I70-I79/I70-/I70.539,Atherosclerosis
221,I70,,Atherosclerosis,I70.54,Atherosclerosis of nonautologous biological bypass graft(s) of the left leg with ulceration,b1b3991f-62d9-51d6-9394-ab2ef042af64,https://www.icd10data.com//ICD10CM/Codes/I00-I99/I70-I79/I70-/I70.54,Atherosclerosis
222,I70,,Atherosclerosis,I70.541,Atherosclerosis of nonautologous biological bypass graft(s) of the left leg with ulceration of thigh,6a249b59-5bb1-575b-8f4d-6afc0ad71a6f,https://www.icd10data.com//ICD10CM/Codes/I00-I99/I70-I79/I70-/I70.541,Atherosclerosis
223,I70,,Atherosclerosis,I70.542,Atherosclerosis of nonautologous biological bypass graft(s) of the left leg with ulceration of calf,8c76e376-f1a5-538f-b3e9-2b5fb4bf5427,https://www.icd10data.com//ICD10CM/Codes/I00-I99/I70-I79/I70-/I70.542,Atherosclerosis
224,I70,,Atherosclerosis,I70.543,Atherosclerosis of nonautologous biological bypass graft(s) of the left leg with ulceration of ankle,6610175f-f5b8-5559-9941-f846f7b9089a,https://www.icd10data.com//ICD10CM/Codes/I00-I99/I70-I79/I70-/I70.543,Atherosclerosis
225,I70,,Atherosclerosis,I70.544,Atherosclerosis of nonautologous biological bypass graft(s) of the left leg with ulceration of heel and midfoot,b5d315ab-1638-5f21-ad48-a58238e8fae3,https://www.icd10data.com//ICD10CM/Codes/I00-I99/I70-I79/I70-/I70.544,Atherosclerosis
226,I70,,Atherosclerosis,I70.545,Atherosclerosis of nonautologous biological bypass graft(s) of the left leg with ulceration of other part of foot,e075b018-83c0-5b2a-b1d8-595d8ce6f669,https://www.icd10data.com//ICD10CM/Codes/I00-I99/I70-I79/I70-/I70.545,Atherosclerosis
227,I70,,Atherosclerosis,I70.548,Atherosclerosis of nonautologous biological bypass graft(s) of the left leg with ulceration of other part of lower leg,d96732e2-4154-5a8d-b27e-47de769f39c5,https://www.icd10data.com//ICD10CM/Codes/I00-I99/I70-I79/I70-/I70.548,Atherosclerosis
228,I70,,Atherosclerosis,I70.549,Atherosclerosis of nonautologous biological bypass graft(s) of the left leg with ulceration of unspecified site,37e70a7c-6dd4-5d2a-b138-d1f4029390c7,https://www.icd10data.com//ICD10CM/Codes/I00-I99/I70-I79/I70-/I70.549,Atherosclerosis
229,I70,,Atherosclerosis,I70.55,Atherosclerosis of nonautologous biological bypass graft(s) of other extremity with ulceration,ecb096fa-9200-5f14-8947-c18c8f1e0fb1,https://www.icd10data.com//ICD10CM/Codes/I00-I99/I70-I79/I70-/I70.55,Atherosclerosis
230,I70,,Atherosclerosis,I70.56,Atherosclerosis of nonautologous biological bypass graft(s) of the extremities with gangrene,b3549978-6558-5608-ac88-566cceaaffe2,https://www.icd10data.com//ICD10CM/Codes/I00-I99/I70-I79/I70-/I70.56,Atherosclerosis
231,I70,,Atherosclerosis,I70.561,Atherosclerosis of nonautologous biological bypass graft(s) of the extremities with gangrene right leg,16a31ba8-2e02-522d-ba93-84c8b3bf8fd6,https://www.icd10data.com//ICD10CM/Codes/I00-I99/I70-I79/I70-/I70.561,Atherosclerosis
232,I70,,Atherosclerosis,I70.562,Atherosclerosis of nonautologous biological bypass graft(s) of the extremities with gangrene left leg,178607f5-d5a9-5777-8fd0-ea4fb2e08e35,https://www.icd10data.com//ICD10CM/Codes/I00-I99/I70-I79/I70-/I70.562,Atherosclerosis
233,I70,,Atherosclerosis,I70.563,Atherosclerosis of nonautologous biological bypass graft(s) of the extremities with gangrene bilateral legs,be64df47-8078-57aa-ab69-3167a0a3162f,https://www.icd10data.com//ICD10CM/Codes/I00-I99/I70-I79/I70-/I70.563,Atherosclerosis
234,I70,,Atherosclerosis,I70.568,Atherosclerosis of nonautologous biological bypass graft(s) of the extremities with gangrene other extremity,0cb24a20-a0b5-57dd-9f20-ab881a56f029,https://www.icd10data.com//ICD10CM/Codes/I00-I99/I70-I79/I70-/I70.568,Atherosclerosis
235,I70,,Atherosclerosis,I70.569,Atherosclerosis of nonautologous biological bypass graft(s) of the extremities with gangrene unspecified extremity,c0af4ee6-fe4a-5bdd-b89b-decb65c6dd41,https://www.icd10data.com//ICD10CM/Codes/I00-I99/I70-I79/I70-/I70.569,Atherosclerosis
236,I70,,Atherosclerosis,I70.59,Other atherosclerosis of nonautologous biological bypass graft(s) of the extremities,95725522-7ffb-5155-9e98-d7a0ffebe357,https://www.icd10data.com//ICD10CM/Codes/I00-I99/I70-I79/I70-/I70.59,Atherosclerosis
237,I70,,Atherosclerosis,I70.591,Other atherosclerosis of nonautologous biological bypass graft(s) of the extremities right leg,81f0d3cf-6cfc-54fe-b174-4b16e8cad859,https://www.icd10data.com//ICD10CM/Codes/I00-I99/I70-I79/I70-/I70.591,Atherosclerosis
238,I70,,Atherosclerosis,I70.592,Other atherosclerosis of nonautologous biological bypass graft(s) of the extremities left leg,d5c50f2e-7bf7-56e1-8bb3-7077247540c1,https://www.icd10data.com//ICD10CM/Codes/I00-I99/I70-I79/I70-/I70.592,Atherosclerosis
239,I70,,Atherosclerosis,I70.593,Other atherosclerosis of nonautologous biological bypass graft(s) of the extremities bilateral legs,c8f6be2c-4fff-5e4b-9e6a-951a19dd46f9,https://www.icd10data.com//ICD10CM/Codes/I00-I99/I70-I79/I70-/I70.593,Atherosclerosis
240,I70,,Atherosclerosis,I70.598,Other atherosclerosis of nonautologous biological bypass graft(s) of the extremities other extremity,3370b3e9-8285-5b08-a4c6-6f2712f00329,https://www.icd10data.com//ICD10CM/Codes/I00-I99/I70-I79/I70-/I70.598,Atherosclerosis
241,I70,,Atherosclerosis,I70.599,Other atherosclerosis of nonautologous biological bypass graft(s) of the extremities unspecified extremity,4ab4740a-3e99-595d-bfad-591afe1379b3,https://www.icd10data.com//ICD10CM/Codes/I00-I99/I70-I79/I70-/I70.599,Atherosclerosis
242,I70,,Atherosclerosis,I70.6,Atherosclerosis of nonbiological bypass graft(s) of the extremities,62890d52-e798-54a8-b009-16e4c9944e7c,https://www.icd10data.com//ICD10CM/Codes/I00-I99/I70-I79/I70-/I70.6,Atherosclerosis
243,I70,,Atherosclerosis,I70.60,Unspecified atherosclerosis of nonbiological bypass graft(s) of the extremities,39f137b1-33d0-5ab5-9cb5-7ae5ab970231,https://www.icd10data.com//ICD10CM/Codes/I00-I99/I70-I79/I70-/I70.60,Atherosclerosis
244,I70,,Atherosclerosis,I70.601,Unspecified atherosclerosis of nonbiological bypass graft(s) of the extremities right leg,34f7540a-058a-5727-b2f6-663b051b2551,https://www.icd10data.com//ICD10CM/Codes/I00-I99/I70-I79/I70-/I70.601,Atherosclerosis
245,I70,,Atherosclerosis,I70.602,Unspecified atherosclerosis of nonbiological bypass graft(s) of the extremities left leg,fe24cf0b-2c1b-5fdd-8df2-10acddbd700f,https://www.icd10data.com//ICD10CM/Codes/I00-I99/I70-I79/I70-/I70.602,Atherosclerosis
246,I70,,Atherosclerosis,I70.603,Unspecified atherosclerosis of nonbiological bypass graft(s) of the extremities bilateral legs,d35335c5-ec7b-594f-af9e-5f7217679d1b,https://www.icd10data.com//ICD10CM/Codes/I00-I99/I70-I79/I70-/I70.603,Atherosclerosis
247,I70,,Atherosclerosis,I70.608,Unspecified atherosclerosis of nonbiological bypass graft(s) of the extremities other extremity,f2d3050e-ebda-5184-8154-ce8195f7c127,https://www.icd10data.com//ICD10CM/Codes/I00-I99/I70-I79/I70-/I70.608,Atherosclerosis
248,I70,,Atherosclerosis,I70.609,Unspecified atherosclerosis of nonbiological bypass graft(s) of the extremities unspecified extremity,8af2582d-30c0-5615-8a42-802809ea5351,https://www.icd10data.com//ICD10CM/Codes/I00-I99/I70-I79/I70-/I70.609,Atherosclerosis
249,I70,,Atherosclerosis,I70.61,Atherosclerosis of nonbiological bypass graft(s) of the extremities with intermittent claudication,4a0bd90f-3d51-54c0-b2da-4e08d2880ca8,https://www.icd10data.com//ICD10CM/Codes/I00-I99/I70-I79/I70-/I70.61,Atherosclerosis
250,I70,,Atherosclerosis,I70.611,Atherosclerosis of nonbiological bypass graft(s) of the extremities with intermittent claudication right leg,ff69d982-8714-5c47-ba71-3f90634a8d51,https://www.icd10data.com//ICD10CM/Codes/I00-I99/I70-I79/I70-/I70.611,Atherosclerosis
251,I70,,Atherosclerosis,I70.612,Atherosclerosis of nonbiological bypass graft(s) of the extremities with intermittent claudication left leg,ea4a94a1-0a04-54d3-8cec-d792a8301d76,https://www.icd10data.com//ICD10CM/Codes/I00-I99/I70-I79/I70-/I70.612,Atherosclerosis
252,I70,,Atherosclerosis,I70.613,Atherosclerosis of nonbiological bypass graft(s) of the extremities with intermittent claudication bilateral legs,2a1d088b-ff32-58cb-85ab-bb3945b47cb0,https://www.icd10data.com//ICD10CM/Codes/I00-I99/I70-I79/I70-/I70.613,Atherosclerosis
253,I70,,Atherosclerosis,I70.618,Atherosclerosis of nonbiological bypass graft(s) of the extremities with intermittent claudication other extremity,21117b3f-1ed5-5aea-9f97-bf69fd7d8a68,https://www.icd10data.com//ICD10CM/Codes/I00-I99/I70-I79/I70-/I70.618,Atherosclerosis
254,I70,,Atherosclerosis,I70.619,Atherosclerosis of nonbiological bypass graft(s) of the extremities with intermittent claudication unspecified extremity,1d876fe1-65d9-5bb2-8308-377d9b79d62d,https://www.icd10data.com//ICD10CM/Codes/I00-I99/I70-I79/I70-/I70.619,Atherosclerosis
255,I70,,Atherosclerosis,I70.62,Atherosclerosis of nonbiological bypass graft(s) of the extremities with rest pain,4b820f2c-d49e-5040-9109-819001395535,https://www.icd10data.com//ICD10CM/Codes/I00-I99/I70-I79/I70-/I70.62,Atherosclerosis
256,I70,,Atherosclerosis,I70.621,Atherosclerosis of nonbiological bypass graft(s) of the extremities with rest pain right leg,a41d9740-41a3-51e7-8a40-d309486c5a86,https://www.icd10data.com//ICD10CM/Codes/I00-I99/I70-I79/I70-/I70.621,Atherosclerosis
257,I70,,Atherosclerosis,I70.622,Atherosclerosis of nonbiological bypass graft(s) of the extremities with rest pain left leg,8f27606d-e981-5b1b-9649-4da766486ecf,https://www.icd10data.com//ICD10CM/Codes/I00-I99/I70-I79/I70-/I70.622,Atherosclerosis
258,I70,,Atherosclerosis,I70.623,Atherosclerosis of nonbiological bypass graft(s) of the extremities with rest pain bilateral legs,c224107c-7f18-5be0-a261-f463397953b6,https://www.icd10data.com//ICD10CM/Codes/I00-I99/I70-I79/I70-/I70.623,Atherosclerosis
259,I70,,Atherosclerosis,I70.628,Atherosclerosis of nonbiological bypass graft(s) of the extremities with rest pain other extremity,b0a4c0cc-5236-5aed-aa79-5fe2aec8aba7,https://www.icd10data.com//ICD10CM/Codes/I00-I99/I70-I79/I70-/I70.628,Atherosclerosis
260,I70,,Atherosclerosis,I70.629,Atherosclerosis of nonbiological bypass graft(s) of the extremities with rest pain unspecified extremity,c13ed3f1-ff0e-5302-8433-98a3b7da4aa7,https://www.icd10data.com//ICD10CM/Codes/I00-I99/I70-I79/I70-/I70.629,Atherosclerosis
290,I70,,Atherosclerosis,I70.7,Atherosclerosis of other type of bypass graft(s) of the extremities,0357ade2-a833-5a3a-a6dd-de08c63d7ce1,https://www.icd10data.com//ICD10CM/Codes/I00-I99/I70-I79/I70-/I70.7,Atherosclerosis
291,I70,,Atherosclerosis,I70.70,Unspecified atherosclerosis of other type of bypass graft(s) of the extremities,c029f88e-4b02-572f-9322-e6c32f7ed0a0,https://www.icd10data.com//ICD10CM/Codes/I00-I99/I70-I79/I70-/I70.70,Atherosclerosis
292,I70,,Atherosclerosis,I70.701,Unspecified atherosclerosis of other type of bypass graft(s) of the extremities right leg,fa3972b6-c7fc-5e08-8b66-5ad57ca81af4,https://www.icd10data.com//ICD10CM/Codes/I00-I99/I70-I79/I70-/I70.701,Atherosclerosis
293,I70,,Atherosclerosis,I70.702,Unspecified atherosclerosis of other type of bypass graft(s) of the extremities left leg,79f1a3a3-1a24-574d-a49b-c040b84b80de,https://www.icd10data.com//ICD10CM/Codes/I00-I99/I70-I79/I70-/I70.702,Atherosclerosis
294,I70,,Atherosclerosis,I70.703,Unspecified atherosclerosis of other type of bypass graft(s) of the extremities bilateral legs,6007e888-5e18-5d58-b309-761ccd54dee9,https://www.icd10data.com//ICD10CM/Codes/I00-I99/I70-I79/I70-/I70.703,Atherosclerosis
295,I70,,Atherosclerosis,I70.708,Unspecified atherosclerosis of other type of bypass graft(s) of the extremities other extremity,2988a1c6-73f1-55b1-8b99-d08ab75b50c7,https://www.icd10data.com//ICD10CM/Codes/I00-I99/I70-I79/I70-/I70.708,Atherosclerosis
296,I70,,Atherosclerosis,I70.709,Unspecified atherosclerosis of other type of bypass graft(s) of the extremities unspecified extremity,51b81d89-a65f-5142-98e7-ee6dc936ee58,https://www.icd10data.com//ICD10CM/Codes/I00-I99/I70-I79/I70-/I70.709,Atherosclerosis
297,I70,,Atherosclerosis,I70.71,Atherosclerosis of other type of bypass graft(s) of the extremities with intermittent claudication,9a2d562b-2d5b-545f-b544-3bdb3c2a49b6,https://www.icd10data.com//ICD10CM/Codes/I00-I99/I70-I79/I70-/I70.71,Atherosclerosis
298,I70,,Atherosclerosis,I70.711,Atherosclerosis of other type of bypass graft(s) of the extremities with intermittent claudication right leg,dabf157a-9582-5732-a9a7-fc327268661a,https://www.icd10data.com//ICD10CM/Codes/I00-I99/I70-I79/I70-/I70.711,Atherosclerosis
299,I70,,Atherosclerosis,I70.712,Atherosclerosis of other type of bypass graft(s) of the extremities with intermittent claudication left leg,c1f98978-0584-56b0-b32a-de755ad9d575,https://www.icd10data.com//ICD10CM/Codes/I00-I99/I70-I79/I70-/I70.712,Atherosclerosis
300,I70,,Atherosclerosis,I70.713,Atherosclerosis of other type of bypass graft(s) of the extremities with intermittent claudication bilateral legs,9d4f8e54-ddb5-5534-94a8-cf10cce6d23b,https://www.icd10data.com//ICD10CM/Codes/I00-I99/I70-I79/I70-/I70.713,Atherosclerosis
301,I70,,Atherosclerosis,I70.718,Atherosclerosis of other type of bypass graft(s) of the extremities with intermittent claudication other extremity,0dea0ac9-24c7-5553-94c5-9f022b39c9b6,https://www.icd10data.com//ICD10CM/Codes/I00-I99/I70-I79/I70-/I70.718,Atherosclerosis
302,I70,,Atherosclerosis,I70.719,Atherosclerosis of other type of bypass graft(s) of the extremities with intermittent claudication unspecified extremity,cb38db0d-50d7-58de-9d19-8c40f62b7c76,https://www.icd10data.com//ICD10CM/Codes/I00-I99/I70-I79/I70-/I70.719,Atherosclerosis
309,I70,,Atherosclerosis,I70.73,Atherosclerosis of other type of bypass graft(s) of the right leg with ulceration,dbac0cb7-bc54-5d57-9ad1-56ba32833697,https://www.icd10data.com//ICD10CM/Codes/I00-I99/I70-I79/I70-/I70.73,Atherosclerosis
310,I70,,Atherosclerosis,I70.731,Atherosclerosis of other type of bypass graft(s) of the right leg with ulceration of thigh,07f70c60-53d1-541f-a14d-acf86b971342,https://www.icd10data.com//ICD10CM/Codes/I00-I99/I70-I79/I70-/I70.731,Atherosclerosis
311,I70,,Atherosclerosis,I70.732,Atherosclerosis of other type of bypass graft(s) of the right leg with ulceration of calf,928a4877-a89e-5f32-85eb-93c2e36d7880,https://www.icd10data.com//ICD10CM/Codes/I00-I99/I70-I79/I70-/I70.732,Atherosclerosis
312,I70,,Atherosclerosis,I70.733,Atherosclerosis of other type of bypass graft(s) of the right leg with ulceration of ankle,c1e98cc6-7fc7-51f8-bc15-1ea6b839d7a2,https://www.icd10data.com//ICD10CM/Codes/I00-I99/I70-I79/I70-/I70.733,Atherosclerosis
313,I70,,Atherosclerosis,I70.734,Atherosclerosis of other type of bypass graft(s) of the right leg with ulceration of heel and midfoot,687506d2-11fa-541d-8a28-3de61dee0e49,https://www.icd10data.com//ICD10CM/Codes/I00-I99/I70-I79/I70-/I70.734,Atherosclerosis
314,I70,,Atherosclerosis,I70.735,Atherosclerosis of other type of bypass graft(s) of the right leg with ulceration of other part of foot,693a9782-7898-5695-9055-a7597c9238ad,https://www.icd10data.com//ICD10CM/Codes/I00-I99/I70-I79/I70-/I70.735,Atherosclerosis
315,I70,,Atherosclerosis,I70.738,Atherosclerosis of other type of bypass graft(s) of the right leg with ulceration of other part of lower leg,44a93192-d7ea-5cd6-99fa-c3778cda59f5,https://www.icd10data.com//ICD10CM/Codes/I00-I99/I70-I79/I70-/I70.738,Atherosclerosis
316,I70,,Atherosclerosis,I70.739,Atherosclerosis of other type of bypass graft(s) of the right leg with ulceration of unspecified site,6c6a636b-f734-5e6b-a8df-7e1b315c9d0e,https://www.icd10data.com//ICD10CM/Codes/I00-I99/I70-I79/I70-/I70.739,Atherosclerosis
317,I70,,Atherosclerosis,I70.74,Atherosclerosis of other type of bypass graft(s) of the left leg with ulceration,1e9e4f13-57d1-5883-acd2-f48e90bddad5,https://www.icd10data.com//ICD10CM/Codes/I00-I99/I70-I79/I70-/I70.74,Atherosclerosis
318,I70,,Atherosclerosis,I70.741,Atherosclerosis of other type of bypass graft(s) of the left leg with ulceration of thigh,b9a22876-b60d-59a2-9729-da74295483ef,https://www.icd10data.com//ICD10CM/Codes/I00-I99/I70-I79/I70-/I70.741,Atherosclerosis
319,I70,,Atherosclerosis,I70.742,Atherosclerosis of other type of bypass graft(s) of the left leg with ulceration of calf,559b6797-85a2-5a01-b35a-986e4897e077,https://www.icd10data.com//ICD10CM/Codes/I00-I99/I70-I79/I70-/I70.742,Atherosclerosis
320,I70,,Atherosclerosis,I70.743,Atherosclerosis of other type of bypass graft(s) of the left leg with ulceration of ankle,bbe34ca2-3b91-5631-bfe2-8c0caa561166,https://www.icd10data.com//ICD10CM/Codes/I00-I99/I70-I79/I70-/I70.743,Atherosclerosis
321,I70,,Atherosclerosis,I70.744,Atherosclerosis of other type of bypass graft(s) of the left leg with ulceration of heel and midfoot,458c20f2-c49a-505f-95b5-cedf7223a112,https://www.icd10data.com//ICD10CM/Codes/I00-I99/I70-I79/I70-/I70.744,Atherosclerosis
322,I70,,Atherosclerosis,I70.745,Atherosclerosis of other type of bypass graft(s) of the left leg with ulceration of other part of foot,821017ba-6919-54ed-9ad2-53ce1ca78e19,https://www.icd10data.com//ICD10CM/Codes/I00-I99/I70-I79/I70-/I70.745,Atherosclerosis
323,I70,,Atherosclerosis,I70.748,Atherosclerosis of other type of bypass graft(s) of the left leg with ulceration of other part of lower leg,9d683c3c-79f9-57dd-86b6-2be000b045cd,https://www.icd10data.com//ICD10CM/Codes/I00-I99/I70-I79/I70-/I70.748,Atherosclerosis
324,I70,,Atherosclerosis,I70.749,Atherosclerosis of other type of bypass graft(s) of the left leg with ulceration of unspecified site,c9113f7e-2800-5fe0-a8ca-55e77fccbb9b,https://www.icd10data.com//ICD10CM/Codes/I00-I99/I70-I79/I70-/I70.749,Atherosclerosis
325,I70,,Atherosclerosis,I70.75,Atherosclerosis of other type of bypass graft(s) of other extremity with ulceration,dad03a3b-5e72-5ee3-be4e-313c1dca5b9c,https://www.icd10data.com//ICD10CM/Codes/I00-I99/I70-I79/I70-/I70.75,Atherosclerosis
326,I70,,Atherosclerosis,I70.76,Atherosclerosis of other type of bypass graft(s) of the extremities with gangrene,670703e3-37ed-5b9d-a725-2e3872f6f046,https://www.icd10data.com//ICD10CM/Codes/I00-I99/I70-I79/I70-/I70.76,Atherosclerosis
327,I70,,Atherosclerosis,I70.761,Atherosclerosis of other type of bypass graft(s) of the extremities with gangrene right leg,d668d9a7-1c0c-5f69-a45b-244e066d4b0c,https://www.icd10data.com//ICD10CM/Codes/I00-I99/I70-I79/I70-/I70.761,Atherosclerosis
328,I70,,Atherosclerosis,I70.762,Atherosclerosis of other type of bypass graft(s) of the extremities with gangrene left leg,99ad6d8d-b20f-5b4d-a2db-460a9dff538e,https://www.icd10data.com//ICD10CM/Codes/I00-I99/I70-I79/I70-/I70.762,Atherosclerosis
329,I70,,Atherosclerosis,I70.763,Atherosclerosis of other type of bypass graft(s) of the extremities with gangrene bilateral legs,8b953b00-e550-50ff-bd17-74437e276d00,https://www.icd10data.com//ICD10CM/Codes/I00-I99/I70-I79/I70-/I70.763,Atherosclerosis
330,I70,,Atherosclerosis,I70.768,Atherosclerosis of other type of bypass graft(s) of the extremities with gangrene other extremity,4e3d2b0b-df30-5c5a-bcfb-0c826c23b0b5,https://www.icd10data.com//ICD10CM/Codes/I00-I99/I70-I79/I70-/I70.768,Atherosclerosis
331,I70,,Atherosclerosis,I70.769,Atherosclerosis of other type of bypass graft(s) of the extremities with gangrene unspecified extremity,1a382c56-853e-5261-af93-a88d50e14f2c,https://www.icd10data.com//ICD10CM/Codes/I00-I99/I70-I79/I70-/I70.769,Atherosclerosis
332,I70,,Atherosclerosis,I70.79,Other atherosclerosis of other type of bypass graft(s) of the extremities,08192311-dd6c-5bc7-aeac-b0eebf2dbc08,https://www.icd10data.com//ICD10CM/Codes/I00-I99/I70-I79/I70-/I70.79,Atherosclerosis
333,I70,,Atherosclerosis,I70.791,Other atherosclerosis of other type of bypass graft(s) of the extremities right leg,902ca084-6482-5621-b194-4d5851ec9188,https://www.icd10data.com//ICD10CM/Codes/I00-I99/I70-I79/I70-/I70.791,Atherosclerosis
334,I70,,Atherosclerosis,I70.792,Other atherosclerosis of other type of bypass graft(s) of the extremities left leg,637f271e-7600-5795-b299-004548893313,https://www.icd10data.com//ICD10CM/Codes/I00-I99/I70-I79/I70-/I70.792,Atherosclerosis
335,I70,,Atherosclerosis,I70.793,Other atherosclerosis of other type of bypass graft(s) of the extremities bilateral legs,2f0a30b4-acd0-57b1-800d-485d4c911a1e,https://www.icd10data.com//ICD10CM/Codes/I00-I99/I70-I79/I70-/I70.793,Atherosclerosis
336,I70,,Atherosclerosis,I70.798,Other atherosclerosis of other type of bypass graft(s) of the extremities other extremity,953628e7-0a14-5d49-8bbd-0385d51a6d5a,https://www.icd10data.com//ICD10CM/Codes/I00-I99/I70-I79/I70-/I70.798,Atherosclerosis
337,I70,,Atherosclerosis,I70.799,Other atherosclerosis of other type of bypass graft(s) of the extremities unspecified extremity,26bbd5a2-77f4-5a24-8207-61f9d7b4c197,https://www.icd10data.com//ICD10CM/Codes/I00-I99/I70-I79/I70-/I70.799,Atherosclerosis
338,I70,,Atherosclerosis,I70.8,Atherosclerosis of other arteries,3b73d9a9-2e48-58d3-bcdb-3dc66b38ec6f,https://www.icd10data.com//ICD10CM/Codes/I00-I99/I70-I79/I70-/I70.8,Atherosclerosis
339,I70,,Atherosclerosis,I70.9,Other and unspecified atherosclerosis,a6febfbf-2d16-5063-84ef-b295e0bbf594,https://www.icd10data.com//ICD10CM/Codes/I00-I99/I70-I79/I70-/I70.9,Atherosclerosis
340,I70,,Atherosclerosis,I70.90,Unspecified atherosclerosis,0fb850e1-562e-5731-9ba5-be6b5d9c257d,https://www.icd10data.com//ICD10CM/Codes/I00-I99/I70-I79/I70-/I70.90,Atherosclerosis
343,I25,,Chronic ischemic heart disease,I25.70,"Atherosclerosis of coronary artery bypass graft(s), unspecified, with angina pectoris",08ceafc9-9380-5b8f-b430-fae7b104b9e7,https://www.icd10data.com//ICD10CM/Codes/I00-I99/I20-I25/I25-/I25.70,Ischemic Heart Disease
427,I63,,Cerebral infarction,I63.1,Cerebral infarction due to embolism of precerebral arteries,a585300c-ee3b-56fc-a4aa-12b677b9e58d,https://www.icd10data.com//ICD10CM/Codes/I00-I99/I60-I69/I63-/I63.1,Cerebral Infarction
428,I63,,Cerebral infarction,I63.111,Cerebral infarction due to embolism of right vertebral artery,1ffc1d3e-a146-55e9-bd5a-fd5010468b39,https://www.icd10data.com//ICD10CM/Codes/I00-I99/I60-I69/I63-/I63.111,Cerebral Infarction
429,I63,,Cerebral infarction,I63.112,Cerebral infarction due to embolism of left vertebral artery,ac9770f7-774e-5944-b604-ed9ab8fdc4b3,https://www.icd10data.com//ICD10CM/Codes/I00-I99/I60-I69/I63-/I63.112,Cerebral Infarction
430,I63,,Cerebral infarction,I63.10,Cerebral infarction due to embolism of unspecified precerebral artery,b40cb298-3b0d-5ebf-ae4b-4aa10379d010,https://www.icd10data.com//ICD10CM/Codes/I00-I99/I60-I69/I63-/I63.10,Cerebral Infarction
431,I63,,Cerebral infarction,I63.11,Cerebral infarction due to embolism of vertebral artery,f7ca6fd1-c366-5351-8b90-95aa38708738,https://www.icd10data.com//ICD10CM/Codes/I00-I99/I60-I69/I63-/I63.11,Cerebral Infarction
433,I63,,Cerebral infarction,I63.0,Cerebral infarction due to thrombosis of precerebral arteries,03ec13b6-d71b-58da-a461-0ba0ae8f29e1,https://www.icd10data.com//ICD10CM/Codes/I00-I99/I60-I69/I63-/I63.0,Cerebral Infarction
434,I63,,Cerebral infarction,I63.00,Cerebral infarction due to thrombosis of unspecified precerebral artery,60c19faa-dc0f-5c87-904d-549cb02bc32b,https://www.icd10data.com//ICD10CM/Codes/I00-I99/I60-I69/I63-/I63.00,Cerebral Infarction
435,I63,,Cerebral infarction,I63.01,Cerebral infarction due to thrombosis of vertebral artery,2221c732-7b62-5367-b5c1-704bb3b885f3,https://www.icd10data.com//ICD10CM/Codes/I00-I99/I60-I69/I63-/I63.01,Cerebral Infarction
436,I63,,Cerebral infarction,I63.011,Cerebral infarction due to thrombosis of right vertebral artery,0c1d2e4d-f797-5153-9f97-e764bcf82f85,https://www.icd10data.com//ICD10CM/Codes/I00-I99/I60-I69/I63-/I63.011,Cerebral Infarction
437,I63,,Cerebral infarction,I63.012,Cerebral infarction due to thrombosis of left vertebral artery,98388f02-3a18-59ed-85c1-dd4a83180e6b,https://www.icd10data.com//ICD10CM/Codes/I00-I99/I60-I69/I63-/I63.012,Cerebral Infarction
438,I63,,Cerebral infarction,I63.013,Cerebral infarction due to thrombosis of bilateral vertebral arteries,05d4f751-114e-5692-a112-03d6e0feb1ee,https://www.icd10data.com//ICD10CM/Codes/I00-I99/I60-I69/I63-/I63.013,Cerebral Infarction
439,I63,,Cerebral infarction,I63.019,Cerebral infarction due to thrombosis of unspecified vertebral artery,ac6e757b-8cf4-5086-af61-eaef020cc563,https://www.icd10data.com//ICD10CM/Codes/I00-I99/I60-I69/I63-/I63.019,Cerebral Infarction
440,I63,,Cerebral infarction,I63.02,Cerebral infarction due to thrombosis of basilar artery,3c6f3ccd-e110-5dae-93d4-431c30e6862f,https://www.icd10data.com//ICD10CM/Codes/I00-I99/I60-I69/I63-/I63.02,Cerebral Infarction
441,I63,,Cerebral infarction,I63.03,Cerebral infarction due to thrombosis of carotid artery,22fbc34f-88d1-566b-b34a-3d1f98f0b0a1,https://www.icd10data.com//ICD10CM/Codes/I00-I99/I60-I69/I63-/I63.03,Cerebral Infarction
442,I63,,Cerebral infarction,I63.031,Cerebral infarction due to thrombosis of right carotid artery,f54eb700-d984-50bb-a1d2-65cfc0853bb4,https://www.icd10data.com//ICD10CM/Codes/I00-I99/I60-I69/I63-/I63.031,Cerebral Infarction
443,I63,,Cerebral infarction,I63.032,Cerebral infarction due to thrombosis of left carotid artery,b6dd59f2-5b79-57d8-bc81-c4d3100e2166,https://www.icd10data.com//ICD10CM/Codes/I00-I99/I60-I69/I63-/I63.032,Cerebral Infarction
444,I63,,Cerebral infarction,I63.033,Cerebral infarction due to thrombosis of bilateral carotid arteries,8b4808b3-c0d9-58da-b5c1-85fff54242d1,https://www.icd10data.com//ICD10CM/Codes/I00-I99/I60-I69/I63-/I63.033,Cerebral Infarction
445,I63,,Cerebral infarction,I63.039,Cerebral infarction due to thrombosis of unspecified carotid artery,b230af21-cc3b-58ef-8db2-32cda0b7a38d,https://www.icd10data.com//ICD10CM/Codes/I00-I99/I60-I69/I63-/I63.039,Cerebral Infarction
447,I63,,Cerebral infarction,I63.113,Cerebral infarction due to embolism of bilateral vertebral arteries,94630cc7-1d73-5522-b024-815609cd3c7c,https://www.icd10data.com//ICD10CM/Codes/I00-I99/I60-I69/I63-/I63.113,Cerebral Infarction
448,I63,,Cerebral infarction,I63.119,Cerebral infarction due to embolism of unspecified vertebral artery,8ba33df2-ff9e-5ee6-ae0e-7d3ab9e149d9,https://www.icd10data.com//ICD10CM/Codes/I00-I99/I60-I69/I63-/I63.119,Cerebral Infarction
454,I63,,Cerebral infarction,I63.139,Cerebral infarction due to embolism of unspecified carotid artery,58c4173a-d77f-5d47-b86a-a5e24e03e41c,https://www.icd10data.com//ICD10CM/Codes/I00-I99/I60-I69/I63-/I63.139,Cerebral Infarction
456,I63,,Cerebral infarction,I63.2,Cerebral infarction due to unspecified occlusion or stenosis of precerebral arteries,937a5694-87fc-583e-af36-e6cae19648f0,https://www.icd10data.com//ICD10CM/Codes/I00-I99/I60-I69/I63-/I63.2,Cerebral Infarction
457,I63,,Cerebral infarction,I63.20,Cerebral infarction due to unspecified occlusion or stenosis of unspecified precerebral arteries,1621a70e-e3a7-5cfc-8b4e-0d0139d9e5a5,https://www.icd10data.com//ICD10CM/Codes/I00-I99/I60-I69/I63-/I63.20,Cerebral Infarction
458,I63,,Cerebral infarction,I63.21,Cerebral infarction due to unspecified occlusion or stenosis of vertebral arteries,acc48957-b864-5776-8d35-ef2503ab2c20,https://www.icd10data.com//ICD10CM/Codes/I00-I99/I60-I69/I63-/I63.21,Cerebral Infarction
459,I63,,Cerebral infarction,I63.211,Cerebral infarction due to unspecified occlusion or stenosis of right vertebral artery,99eb98a1-c001-5438-bac0-8da78f4d7ad3,https://www.icd10data.com//ICD10CM/Codes/I00-I99/I60-I69/I63-/I63.211,Cerebral Infarction
460,I63,,Cerebral infarction,I63.212,Cerebral infarction due to unspecified occlusion or stenosis of left vertebral artery,6e3ea001-6c42-52dd-8fa9-f03d8924dc70,https://www.icd10data.com//ICD10CM/Codes/I00-I99/I60-I69/I63-/I63.212,Cerebral Infarction
461,I63,,Cerebral infarction,I63.213,Cerebral infarction due to unspecified occlusion or stenosis of bilateral vertebral arteries,59acee05-ad77-5d52-9441-3e3190d04f3b,https://www.icd10data.com//ICD10CM/Codes/I00-I99/I60-I69/I63-/I63.213,Cerebral Infarction
462,I63,,Cerebral infarction,I63.219,Cerebral infarction due to unspecified occlusion or stenosis of unspecified vertebral artery,e8154c22-cbfb-52fb-87ee-0eb98d3c0359,https://www.icd10data.com//ICD10CM/Codes/I00-I99/I60-I69/I63-/I63.219,Cerebral Infarction
463,I63,,Cerebral infarction,I63.22,Cerebral infarction due to unspecified occlusion or stenosis of basilar artery,f2ce947e-36d6-5fc3-aa76-31fcb680a50e,https://www.icd10data.com//ICD10CM/Codes/I00-I99/I60-I69/I63-/I63.22,Cerebral Infarction
464,I63,,Cerebral infarction,I63.23,Cerebral infarction due to unspecified occlusion or stenosis of carotid arteries,73ff0178-f827-5ede-9b33-d5972bbf7924,https://www.icd10data.com//ICD10CM/Codes/I00-I99/I60-I69/I63-/I63.23,Cerebral Infarction
465,I63,,Cerebral infarction,I63.231,Cerebral infarction due to unspecified occlusion or stenosis of right carotid arteries,4020f0b7-caff-5e30-bb3b-c4065ab6aabb,https://www.icd10data.com//ICD10CM/Codes/I00-I99/I60-I69/I63-/I63.231,Cerebral Infarction
466,I63,,Cerebral infarction,I63.232,Cerebral infarction due to unspecified occlusion or stenosis of left carotid arteries,0d5741a9-d681-5a13-b882-22d01bf47068,https://www.icd10data.com//ICD10CM/Codes/I00-I99/I60-I69/I63-/I63.232,Cerebral Infarction
467,I63,,Cerebral infarction,I63.233,Cerebral infarction due to unspecified occlusion or stenosis of bilateral carotid arteries,60b6f988-643f-5db8-bc2b-2c8225334df4,https://www.icd10data.com//ICD10CM/Codes/I00-I99/I60-I69/I63-/I63.233,Cerebral Infarction
468,I63,,Cerebral infarction,I63.239,Cerebral infarction due to unspecified occlusion or stenosis of unspecified carotid artery,e8424740-3ba0-5147-8dcd-ef1d15fabe02,https://www.icd10data.com//ICD10CM/Codes/I00-I99/I60-I69/I63-/I63.239,Cerebral Infarction
1,E78,,Disorders of lipoprotein metabolism and other lipidemias,E78.0,Pure hypercholesterolemia,7a5e8d2a-58fb-5d7f-ab12-411d118dfac5,https://www.icd10data.com//ICD10CM/Codes/E00-E89/E70-E88/E78-/E78.0,Lipid Disorder
469,I63,,Cerebral infarction,I63.29,Cerebral infarction due to unspecified occlusion or stenosis of other precerebral arteries,dc7a1150-ac85-5aec-b4e6-062491f86179,https://www.icd10data.com//ICD10CM/Codes/I00-I99/I60-I69/I63-/I63.29,Cerebral Infarction
493,I63,,Cerebral infarction,I63.4,Cerebral infarction due to embolism of cerebral arteries,725a08e5-e369-515e-935f-a6c9be371aae,https://www.icd10data.com//ICD10CM/Codes/I00-I99/I60-I69/I63-/I63.4,Cerebral Infarction
494,I63,,Cerebral infarction,I63.40,Cerebral infarction due to embolism of unspecified cerebral artery,2129f594-f7a6-5f5f-8ac7-892418adddea,https://www.icd10data.com//ICD10CM/Codes/I00-I99/I60-I69/I63-/I63.40,Cerebral Infarction
495,I63,,Cerebral infarction,I63.41,Cerebral infarction due to embolism of middle cerebral artery,f939b722-528e-5f72-82c9-3beade237c32,https://www.icd10data.com//ICD10CM/Codes/I00-I99/I60-I69/I63-/I63.41,Cerebral Infarction
496,I63,,Cerebral infarction,I63.411,Cerebral infarction due to embolism of right middle cerebral artery,de3c1d05-aa94-5cf3-a9e9-f52483c7ac22,https://www.icd10data.com//ICD10CM/Codes/I00-I99/I60-I69/I63-/I63.411,Cerebral Infarction
497,I63,,Cerebral infarction,I63.412,Cerebral infarction due to embolism of left middle cerebral artery,11bea464-4e84-5a3b-8aad-c77f86ea5d76,https://www.icd10data.com//ICD10CM/Codes/I00-I99/I60-I69/I63-/I63.412,Cerebral Infarction
498,I63,,Cerebral infarction,I63.413,Cerebral infarction due to embolism of bilateral middle cerebral arteries,9cf0e7ee-554e-5b4f-9d59-09932cb7eabe,https://www.icd10data.com//ICD10CM/Codes/I00-I99/I60-I69/I63-/I63.413,Cerebral Infarction
499,I63,,Cerebral infarction,I63.419,Cerebral infarction due to embolism of unspecified middle cerebral artery,6ecda897-24d7-5bc7-9520-3cdb4a2e2787,https://www.icd10data.com//ICD10CM/Codes/I00-I99/I60-I69/I63-/I63.419,Cerebral Infarction
500,I63,,Cerebral infarction,I63.42,Cerebral infarction due to embolism of anterior cerebral artery,97c82d16-55ca-5a4a-b660-3e403f182e2b,https://www.icd10data.com//ICD10CM/Codes/I00-I99/I60-I69/I63-/I63.42,Cerebral Infarction
501,I63,,Cerebral infarction,I63.421,Cerebral infarction due to embolism of right anterior cerebral artery,d036a334-112f-5e5b-a12f-fef5b689a6bf,https://www.icd10data.com//ICD10CM/Codes/I00-I99/I60-I69/I63-/I63.421,Cerebral Infarction
502,I63,,Cerebral infarction,I63.422,Cerebral infarction due to embolism of left anterior cerebral artery,55af7cb8-747f-50e8-9cce-bafdad0934be,https://www.icd10data.com//ICD10CM/Codes/I00-I99/I60-I69/I63-/I63.422,Cerebral Infarction
503,I63,,Cerebral infarction,I63.423,Cerebral infarction due to embolism of bilateral anterior cerebral arteries,b3ef11ec-b8a3-534e-bdbb-43d6876cd2b9,https://www.icd10data.com//ICD10CM/Codes/I00-I99/I60-I69/I63-/I63.423,Cerebral Infarction
504,I63,,Cerebral infarction,I63.429,Cerebral infarction due to embolism of unspecified anterior cerebral artery,b12139bd-539d-547a-a032-0b4f6d915f6e,https://www.icd10data.com//ICD10CM/Codes/I00-I99/I60-I69/I63-/I63.429,Cerebral Infarction
505,I63,,Cerebral infarction,I63.43,Cerebral infarction due to embolism of posterior cerebral artery,3a616248-f4c7-5dd8-95e9-4a7233f91b32,https://www.icd10data.com//ICD10CM/Codes/I00-I99/I60-I69/I63-/I63.43,Cerebral Infarction
506,I63,,Cerebral infarction,I63.431,Cerebral infarction due to embolism of right posterior cerebral artery,d847021c-4490-5c33-a237-8fc55113177f,https://www.icd10data.com//ICD10CM/Codes/I00-I99/I60-I69/I63-/I63.431,Cerebral Infarction
507,I63,,Cerebral infarction,I63.432,Cerebral infarction due to embolism of left posterior cerebral artery,fff72d3b-1225-5a7b-8d28-b4bf891507a2,https://www.icd10data.com//ICD10CM/Codes/I00-I99/I60-I69/I63-/I63.432,Cerebral Infarction
508,I63,,Cerebral infarction,I63.433,Cerebral infarction due to embolism of bilateral posterior cerebral arteries,2a4ee6a9-51e8-5599-adb7-6fcffc7d7fd8,https://www.icd10data.com//ICD10CM/Codes/I00-I99/I60-I69/I63-/I63.433,Cerebral Infarction
509,I63,,Cerebral infarction,I63.439,Cerebral infarction due to embolism of unspecified posterior cerebral artery,e02b8c92-0e1a-5638-9dda-ebc396d71765,https://www.icd10data.com//ICD10CM/Codes/I00-I99/I60-I69/I63-/I63.439,Cerebral Infarction
510,I63,,Cerebral infarction,I63.44,Cerebral infarction due to embolism of cerebellar artery,b1191ab8-6b90-5fbb-bd52-4bc183afe237,https://www.icd10data.com//ICD10CM/Codes/I00-I99/I60-I69/I63-/I63.44,Cerebral Infarction
511,I63,,Cerebral infarction,I63.441,Cerebral infarction due to embolism of right cerebellar artery,c030782c-d4ff-5a4a-b770-1111255f678a,https://www.icd10data.com//ICD10CM/Codes/I00-I99/I60-I69/I63-/I63.441,Cerebral Infarction
512,I63,,Cerebral infarction,I63.442,Cerebral infarction due to embolism of left cerebellar artery,6d520721-8537-5dd5-8d8e-14384f4651d3,https://www.icd10data.com//ICD10CM/Codes/I00-I99/I60-I69/I63-/I63.442,Cerebral Infarction
513,I63,,Cerebral infarction,I63.443,Cerebral infarction due to embolism of bilateral cerebellar arteries,c5349ca7-37c1-5f6f-8698-f41cb10127b3,https://www.icd10data.com//ICD10CM/Codes/I00-I99/I60-I69/I63-/I63.443,Cerebral Infarction
514,I63,,Cerebral infarction,I63.449,Cerebral infarction due to embolism of unspecified cerebellar artery,72d06e21-a758-5fc1-b0c9-bd770c30a28f,https://www.icd10data.com//ICD10CM/Codes/I00-I99/I60-I69/I63-/I63.449,Cerebral Infarction
515,I63,,Cerebral infarction,I63.49,Cerebral infarction due to embolism of other cerebral artery,6e7e123c-4898-5ab9-9fe8-1fc092e5456b,https://www.icd10data.com//ICD10CM/Codes/I00-I99/I60-I69/I63-/I63.49,Cerebral Infarction
516,I63,,Cerebral infarction,I63.5,Cerebral infarction due to unspecified occlusion or stenosis of cerebral arteries,eb4aed5f-24a0-59f2-b140-c4db13129eb8,https://www.icd10data.com//ICD10CM/Codes/I00-I99/I60-I69/I63-/I63.5,Cerebral Infarction
517,I63,,Cerebral infarction,I63.50,Cerebral infarction due to unspecified occlusion or stenosis of unspecified cerebral artery,7c1cad65-8589-5397-b275-07475ccba499,https://www.icd10data.com//ICD10CM/Codes/I00-I99/I60-I69/I63-/I63.50,Cerebral Infarction
518,I63,,Cerebral infarction,I63.51,Cerebral infarction due to unspecified occlusion or stenosis of middle cerebral artery,4ab731fc-1b63-5ac0-a57b-9b37b3a98477,https://www.icd10data.com//ICD10CM/Codes/I00-I99/I60-I69/I63-/I63.51,Cerebral Infarction
519,I63,,Cerebral infarction,I63.511,Cerebral infarction due to unspecified occlusion or stenosis of right middle cerebral artery,4b11429f-a0ef-53ce-b0cf-2311bb5f9f11,https://www.icd10data.com//ICD10CM/Codes/I00-I99/I60-I69/I63-/I63.511,Cerebral Infarction
520,I63,,Cerebral infarction,I63.512,Cerebral infarction due to unspecified occlusion or stenosis of left middle cerebral artery,7ee73b5a-1731-5be5-9c16-57073ebc2a0c,https://www.icd10data.com//ICD10CM/Codes/I00-I99/I60-I69/I63-/I63.512,Cerebral Infarction
521,I63,,Cerebral infarction,I63.513,Cerebral infarction due to unspecified occlusion or stenosis of bilateral middle cerebral arteries,5a53ef01-4019-580e-bdd4-e7d40821bcba,https://www.icd10data.com//ICD10CM/Codes/I00-I99/I60-I69/I63-/I63.513,Cerebral Infarction
522,I63,,Cerebral infarction,I63.519,Cerebral infarction due to unspecified occlusion or stenosis of unspecified middle cerebral artery,bd7feaf0-61a7-5f56-92e3-71981ed2946e,https://www.icd10data.com//ICD10CM/Codes/I00-I99/I60-I69/I63-/I63.519,Cerebral Infarction
523,I63,,Cerebral infarction,I63.52,Cerebral infarction due to unspecified occlusion or stenosis of anterior cerebral artery,ec6ddd05-201c-5a5b-bef6-9b6e1ec5b7b8,https://www.icd10data.com//ICD10CM/Codes/I00-I99/I60-I69/I63-/I63.52,Cerebral Infarction
524,I63,,Cerebral infarction,I63.521,Cerebral infarction due to unspecified occlusion or stenosis of right anterior cerebral artery,93332813-1a41-5005-a550-74321556e4dd,https://www.icd10data.com//ICD10CM/Codes/I00-I99/I60-I69/I63-/I63.521,Cerebral Infarction
525,I63,,Cerebral infarction,I63.522,Cerebral infarction due to unspecified occlusion or stenosis of left anterior cerebral artery,7d311f2b-2e57-5c2c-849b-19b48ed95422,https://www.icd10data.com//ICD10CM/Codes/I00-I99/I60-I69/I63-/I63.522,Cerebral Infarction
526,I63,,Cerebral infarction,I63.523,Cerebral infarction due to unspecified occlusion or stenosis of bilateral anterior cerebral arteries,53ebb373-0ac4-566a-9920-243b172f9e38,https://www.icd10data.com//ICD10CM/Codes/I00-I99/I60-I69/I63-/I63.523,Cerebral Infarction
527,I63,,Cerebral infarction,I63.529,Cerebral infarction due to unspecified occlusion or stenosis of unspecified anterior cerebral artery,054c3d9c-5370-5537-87a6-17523eba87da,https://www.icd10data.com//ICD10CM/Codes/I00-I99/I60-I69/I63-/I63.529,Cerebral Infarction
528,I63,,Cerebral infarction,I63.53,Cerebral infarction due to unspecified occlusion or stenosis of posterior cerebral artery,f040acd2-af1c-507d-8e0e-62eb8764477a,https://www.icd10data.com//ICD10CM/Codes/I00-I99/I60-I69/I63-/I63.53,Cerebral Infarction
529,I63,,Cerebral infarction,I63.531,Cerebral infarction due to unspecified occlusion or stenosis of right posterior cerebral artery,c2a3314b-adb2-5e54-ad0b-67004b620fea,https://www.icd10data.com//ICD10CM/Codes/I00-I99/I60-I69/I63-/I63.531,Cerebral Infarction
530,I63,,Cerebral infarction,I63.532,Cerebral infarction due to unspecified occlusion or stenosis of left posterior cerebral artery,97f354b4-82cd-5bb8-a482-4b27ab166259,https://www.icd10data.com//ICD10CM/Codes/I00-I99/I60-I69/I63-/I63.532,Cerebral Infarction
531,I63,,Cerebral infarction,I63.533,Cerebral infarction due to unspecified occlusion or stenosis of bilateral posterior cerebral arteries,a75ce812-cb96-53c8-b11a-14ed83d749e1,https://www.icd10data.com//ICD10CM/Codes/I00-I99/I60-I69/I63-/I63.533,Cerebral Infarction
532,I63,,Cerebral infarction,I63.539,Cerebral infarction due to unspecified occlusion or stenosis of unspecified posterior cerebral artery,2194ad74-5814-574d-a421-732b8e03ac59,https://www.icd10data.com//ICD10CM/Codes/I00-I99/I60-I69/I63-/I63.539,Cerebral Infarction
533,I63,,Cerebral infarction,I63.54,Cerebral infarction due to unspecified occlusion or stenosis of cerebellar artery,0a4d3cb4-b9a5-5bac-b0b6-3928845b2e3a,https://www.icd10data.com//ICD10CM/Codes/I00-I99/I60-I69/I63-/I63.54,Cerebral Infarction
534,I63,,Cerebral infarction,I63.541,Cerebral infarction due to unspecified occlusion or stenosis of right cerebellar artery,c9e70866-bca6-51a6-aeca-fba58eda31ef,https://www.icd10data.com//ICD10CM/Codes/I00-I99/I60-I69/I63-/I63.541,Cerebral Infarction
535,I63,,Cerebral infarction,I63.542,Cerebral infarction due to unspecified occlusion or stenosis of left cerebellar artery,6a4d2e6c-8ffc-56d6-83a6-4bfad87e22bb,https://www.icd10data.com//ICD10CM/Codes/I00-I99/I60-I69/I63-/I63.542,Cerebral Infarction
536,I63,,Cerebral infarction,I63.543,Cerebral infarction due to unspecified occlusion or stenosis of bilateral cerebellar arteries,7e2057e9-ec69-51c3-99ec-7a181dd1a723,https://www.icd10data.com//ICD10CM/Codes/I00-I99/I60-I69/I63-/I63.543,Cerebral Infarction
537,I63,,Cerebral infarction,I63.549,Cerebral infarction due to unspecified occlusion or stenosis of unspecified cerebellar artery,f619bd4a-b8b7-5977-91f2-0eff1fd46ab1,https://www.icd10data.com//ICD10CM/Codes/I00-I99/I60-I69/I63-/I63.549,Cerebral Infarction
538,I63,,Cerebral infarction,I63.59,Cerebral infarction due to unspecified occlusion or stenosis of other cerebral artery,626bb591-0336-5687-b968-0b6e44cf08bd,https://www.icd10data.com//ICD10CM/Codes/I00-I99/I60-I69/I63-/I63.59,Cerebral Infarction
539,I63,,Cerebral infarction,I63.6,"Cerebral infarction due to cerebral venous thrombosis, nonpyogenic",65548971-b7ae-5380-9380-fbd907e6d78b,https://www.icd10data.com//ICD10CM/Codes/I00-I99/I60-I69/I63-/I63.6,Cerebral Infarction
541,I63,,Cerebral infarction,I63.81,Other cerebral infarction due to occlusion or stenosis of small artery,e17d4bd5-4e5f-5bf3-97d0-6ee78471cf43,https://www.icd10data.com//ICD10CM/Codes/I00-I99/I60-I69/I63-/I63.81,Cerebral Infarction
542,I63,,Cerebral infarction,I63.89,Other cerebral infarction,59c78641-ed23-5bbd-8825-c1a259e7b0fa,https://www.icd10data.com//ICD10CM/Codes/I00-I99/I60-I69/I63-/I63.89,Cerebral Infarction
543,I63,,Cerebral infarction,I63.9,"Cerebral infarction, unspecified",0623414b-0155-5e0b-acca-081c680e743c,https://www.icd10data.com//ICD10CM/Codes/I00-I99/I60-I69/I63-/I63.9,Cerebral Infarction
2,E78,,Disorders of lipoprotein metabolism and other lipidemias,E78.00,Pure hypercholesterolemia unspecified,0a1caa9b-1b07-5d6b-947e-90fe239ead0f,https://www.icd10data.com//ICD10CM/Codes/E00-E89/E70-E88/E78-/E78.00,Lipid Disorder
540,I63,,Cerebral infarction,I63.8,Other cerebral infarction,26c1f749-2d3e-5e8c-831b-64dc247027db,,Cerebral Infarction
7,E78,,Disorders of lipoprotein metabolism and other lipidemias,E78.4,Other hyperlipidemia,c9b23bd6-5677-5e53-b5f3-9fb71705c5c5,https://www.icd10data.com//ICD10CM/Codes/E00-E89/E70-E88/E78-/E78.4,Lipid Disorder
572,I66,,"Occlusion and stenosis of cerebral arteries, not resulting in cerebral infarction",I66.23,Occlusion and stenosis of bilateral posterior cerebral arteries,6f312504-e53b-5ac1-90d7-aec508c8c14f,,Cerebral Artery Stenosis
573,I66,,"Occlusion and stenosis of cerebral arteries, not resulting in cerebral infarction",I66.29,Occlusion and stenosis of unspecified posterior cerebral artery,7c1785cd-7f07-5672-9ee6-27fdc2be752d,,Cerebral Artery Stenosis
574,I66,,"Occlusion and stenosis of cerebral arteries, not resulting in cerebral infarction",I66.3,Occlusion and stenosis of cerebellar arteries,14278e9c-f0a5-533f-9102-1343d165b067,,Cerebral Artery Stenosis
575,I66,,"Occlusion and stenosis of cerebral arteries, not resulting in cerebral infarction",I66.8,Occlusion and stenosis of other cerebral arteries,81b50b2a-a7c1-5329-bdbb-c7d7ba72bd33,,Cerebral Artery Stenosis
576,I66,,"Occlusion and stenosis of cerebral arteries, not resulting in cerebral infarction",I66.9,Occlusion and stenosis of unspecified cerebral artery,bfcf8a7d-25c8-5b2f-b7fa-7a0b3d8a12e4,,Cerebral Artery Stenosis
31,I21,,Acute myocardial infarction,I21.01,ST elevation (STEMI) myocardial infarction involving left main coronary artery,1f386f65-1c37-55d8-9cbb-027610e24a3f,,Myocardial Infarction
32,I21,,Acute myocardial infarction,I21.02,ST elevation (STEMI) myocardial infarction involving left anterior descending coronary artery,964bb001-f6bf-5915-aa8d-314cc5ba1178,,Myocardial Infarction
33,I21,,Acute myocardial infarction,I21.09,ST elevation (STEMI) myocardial infarction involving other coronary artery of anterior wall,847eaefe-ab24-589b-b890-074b07c9bae4,,Myocardial Infarction
34,I21,,Acute myocardial infarction,I21.1,ST elevation (STEMI) myocardial infarction of inferior wall,a92dafcf-c06e-5e91-9872-59f3bf5e3751,,Myocardial Infarction
35,I21,,Acute myocardial infarction,I21.11,ST elevation (STEMI) myocardial infarction involving right coronary artery,d2a34fac-e4b7-51bf-9501-68ca3f33713a,,Myocardial Infarction
36,I21,,Acute myocardial infarction,I21.19,ST elevation (STEMI) myocardial infarction involving other coronary artery of inferior wall,3c3b3745-3065-5b18-95c1-4592bfd9eea4,,Myocardial Infarction
37,I21,,Acute myocardial infarction,I21.2,ST elevation (STEMI) myocardial infarction of other sites,f590dc1d-c76f-5e49-9bdb-dd2641577f18,,Myocardial Infarction
38,I21,,Acute myocardial infarction,I21.21,ST elevation (STEMI) myocardial infarction involving left circumflex coronary artery,d0716235-70f3-5be2-908e-c81e9c176ca1,,Myocardial Infarction
39,I21,,Acute myocardial infarction,I21.29,ST elevation (STEMI) myocardial infarction involving other sites,ed972bcb-acb9-5783-bc77-48bef60c44ca,,Myocardial Infarction
40,I21,,Acute myocardial infarction,I21.3,ST elevation (STEMI) myocardial infarction of unspecified site,028ca557-20ca-5f54-8ef4-e47f37f7dc5d,,Myocardial Infarction
421,I74,,Arterial embolism and thrombosis,I74.2,Embolism and thrombosis of arteries of the upper extremities,d6077373-432c-593b-9cab-091cffb983bb,,Arterial Thrombosis
41,I21,,Acute myocardial infarction,I21.4,Non-ST elevation (NSTEMI) myocardial infarction,295c124e-149c-5cfe-8c9e-1e9fadfb28ed,,Myocardial Infarction
42,I21,,Acute myocardial infarction,I21.9,"Acute myocardial infarction, unspecified",c69616e1-6197-55a4-893d-d8e23044d73d,,Myocardial Infarction
455,I63,,Cerebral infarction,I63.19,Cerebral infarction due to embolism of other precerebral artery,45480aff-64a3-5dc5-bf77-694c95ba2e68,,Cerebral Infarction
15,E78,,Disorders of lipoprotein metabolism and other lipidemias,E78.72,Smith-Lemli-Opitz syndrome,3309d4a7-ef00-5853-bf9e-0eb21b7b6cf1,,Lipid Disorder
16,E78,,Disorders of lipoprotein metabolism and other lipidemias,E78.79,Other disorders of bile acid and cholesterol metabolism,ae608762-fc06-55ee-b298-67ff6e34e2b2,,Lipid Disorder
18,E78,,Disorders of lipoprotein metabolism and other lipidemias,E78.81,Lipoid dermatoarthritis,7ffa9ae6-2c23-5b5f-9844-b09c1be362b6,,Lipid Disorder
29,I21,,Acute myocardial infarction,,,04fcc8fe-6a00-5536-9219-b6f555d96f6a,,Myocardial Infarction
30,I21,,Acute myocardial infarction,I21.0,ST elevation (STEMI) myocardial infarction of anterior wall,98e5dbb2-8cf0-5266-9777-99ed675090b3,,Myocardial Infarction
48,I70,,Atherosclerosis,I70.0,Atherosclerosis of aorta,70369ea1-47bf-5d45-be05-b4d2e27f6ef9,,Atherosclerosis
50,I70,,Atherosclerosis,I70.2,Atherosclerosis of native arteries of the extremities,3caee56d-e8c3-52dd-89fe-1ed764da567d,,Atherosclerosis
51,I70,,Atherosclerosis,I70.20,Unspecified atherosclerosis of native arteries of extremities,77897bfe-8899-5a7c-9b14-31f37c4fc4dc,,Atherosclerosis
52,I70,,Atherosclerosis,I70.201,Unspecified atherosclerosis of native arteries of extremities right leg,bedbcabe-9ad1-552f-9bfd-7e35192014e4,,Atherosclerosis
53,I70,,Atherosclerosis,I70.202,Unspecified atherosclerosis of native arteries of extremities left leg,5bea9229-cf42-5a47-bf89-5b6c1ce1d7e5,,Atherosclerosis
54,I70,,Atherosclerosis,I70.203,Unspecified atherosclerosis of native arteries of extremities bilateral legs,99ad682d-4afc-581e-9e42-739756e43d90,,Atherosclerosis
55,I70,,Atherosclerosis,I70.208,Unspecified atherosclerosis of native arteries of extremities other extremity,a438543b-c205-5ca7-8b08-e2be8a246c96,,Atherosclerosis
56,I70,,Atherosclerosis,I70.209,Unspecified atherosclerosis of native arteries of extremities unspecified extremity,ea8d63a6-1ac4-523f-9878-57a2875fef24,,Atherosclerosis
362,I25,,Chronic ischemic heart disease,I25.701,"Atherosclerosis of coronary artery bypass graft(s), unspecified, with angina pectoris with documented spasm",655fac8e-6045-5caf-8c94-3b6d32a73484,,Ischemic Heart Disease
63,I70,,Atherosclerosis,I70.22,Atherosclerosis of native arteries of extremities with rest pain,3617088f-3857-558d-8d30-7caa4ca00870,,Atherosclerosis
399,I25,,Chronic ischemic heart disease,I25.792,Atherosclerosis of other coronary artery bypass graft(s) with refractory angina pectoris,294a0346-3faa-5e88-a5da-bda9d2bf658f,,Ischemic Heart Disease
64,I70,,Atherosclerosis,I70.221,Atherosclerosis of native arteries of extremities with rest pain right leg,e1f2b481-7977-5914-96d1-16f5b22b0eda,,Atherosclerosis
65,I70,,Atherosclerosis,I70.222,Atherosclerosis of native arteries of extremities with rest pain left leg,f2f83020-a26f-57b1-8395-344e38252f32,,Atherosclerosis
66,I70,,Atherosclerosis,I70.223,Atherosclerosis of native arteries of extremities with rest pain bilateral legs,cfb37fd8-4d3b-5cee-aeb0-d31ffc1ed180,,Atherosclerosis
67,I70,,Atherosclerosis,I70.228,Atherosclerosis of native arteries of extremities with rest pain other extremity,e577b88d-6ffe-56cf-ab13-d103cb0f947f,,Atherosclerosis
68,I70,,Atherosclerosis,I70.229,Atherosclerosis of native arteries of extremities with rest pain unspecified extremity,f35e063e-266b-510d-9a58-c0fc277a3a10,,Atherosclerosis
69,I70,,Atherosclerosis,I70.23,Atherosclerosis of native arteries of right leg with ulceration,0bc1d596-2998-5ab4-902d-f46646d07c43,,Atherosclerosis
70,I70,,Atherosclerosis,I70.231,Atherosclerosis of native arteries of right leg with ulceration of thigh,c3dfbab1-6b58-50b7-b3e4-cc7fcc617272,,Atherosclerosis
71,I70,,Atherosclerosis,I70.232,Atherosclerosis of native arteries of right leg with ulceration of calf,0dff0f49-9890-50f3-bb7c-eea1bf763275,,Atherosclerosis
72,I70,,Atherosclerosis,I70.233,Atherosclerosis of native arteries of right leg with ulceration of ankle,1f093258-ea62-56d8-ad79-4c790cd1fc28,,Atherosclerosis
73,I70,,Atherosclerosis,I70.234,Atherosclerosis of native arteries of right leg with ulceration of heel and midfoot,0e6deb94-6256-54e3-a6bb-12a01b7c7e5c,,Atherosclerosis
74,I70,,Atherosclerosis,I70.235,Atherosclerosis of native arteries of right leg with ulceration of other part of foot,7a809134-0be8-5493-9c3c-2fa3a1b87e18,,Atherosclerosis
363,I25,,Chronic ischemic heart disease,I25.702,"Atherosclerosis of coronary artery bypass graft(s), unspecified, with refractory angina pectoris",32a4ffcc-de0a-501c-919c-e4997aa5034b,,Ischemic Heart Disease
75,I70,,Atherosclerosis,I70.238,Atherosclerosis of native arteries of right leg with ulceration of other part of lower leg,2a3506c1-6bfe-5180-b9a7-964fc44c6fdc,,Atherosclerosis
76,I70,,Atherosclerosis,I70.239,Atherosclerosis of native arteries of right leg with ulceration of unspecified site,161f9d83-5426-590b-83be-9d5ba728176e,,Atherosclerosis
77,I70,,Atherosclerosis,I70.24,Atherosclerosis of native arteries of left leg with ulceration,d35a38a6-4b5a-5f68-b140-dde167df6d20,,Atherosclerosis
78,I70,,Atherosclerosis,I70.241,Atherosclerosis of native arteries of left leg with ulceration of thigh,bc183ba4-b132-5391-a4df-fb56a79c5a40,,Atherosclerosis
79,I70,,Atherosclerosis,I70.242,Atherosclerosis of native arteries of left leg with ulceration of calf,46452ad9-aab5-5794-9e22-79b2e156b17e,,Atherosclerosis
80,I70,,Atherosclerosis,I70.243,Atherosclerosis of native arteries of left leg with ulceration of ankle,b7f0e3e6-2caf-5148-8b48-2f063510e2f8,,Atherosclerosis
81,I70,,Atherosclerosis,I70.244,Atherosclerosis of native arteries of left leg with ulceration of heel and midfoot,37df7f1b-7149-5fd4-935d-cc4dff8e2daf,,Atherosclerosis
82,I70,,Atherosclerosis,I70.245,Atherosclerosis of native arteries of left leg with ulceration of other part of foot,a2bbbdd2-21e5-5526-8ede-15e783a98d11,,Atherosclerosis
83,I70,,Atherosclerosis,I70.248,Atherosclerosis of native arteries of left leg with ulceration of other part of lower leg,be763183-af1b-5165-9559-3dac25a09b86,,Atherosclerosis
84,I70,,Atherosclerosis,I70.249,Atherosclerosis of native arteries of left leg with ulceration of unspecified site,b21c6f1f-7d49-5094-8606-d73488e98613,,Atherosclerosis
85,I70,,Atherosclerosis,I70.25,Atherosclerosis of native arteries of other extremities with ulceration,36d67940-c3a7-560f-bcdc-aa97d4c2e794,,Atherosclerosis
355,I25,,Chronic ischemic heart disease,I25.4,Coronary artery aneurysm and dissection,04ee63a6-1408-54ad-8f6e-86cdf1219df9,,Ischemic Heart Disease
92,I70,,Atherosclerosis,I70.29,Other atherosclerosis of native arteries of extremities,e10c8747-a9c3-5ef2-ae49-e65b43d25dc2,,Atherosclerosis
93,I70,,Atherosclerosis,I70.291,Other atherosclerosis of native arteries of extremities right leg,236abb23-d9ba-5c7f-bd0a-ea28b94c5669,,Atherosclerosis
94,I70,,Atherosclerosis,I70.292,Other atherosclerosis of native arteries of extremities left leg,8f557647-c5d8-50f0-830d-0f23ace9e82c,,Atherosclerosis
95,I70,,Atherosclerosis,I70.293,Other atherosclerosis of native arteries of extremities bilateral legs,8500c097-1352-5022-b9c9-9c6d3bc143fa,,Atherosclerosis
96,I70,,Atherosclerosis,I70.298,Other atherosclerosis of native arteries of extremities other extremity,d9281986-b4d0-5e78-b55a-83586c3eecc1,,Atherosclerosis
97,I70,,Atherosclerosis,I70.299,Other atherosclerosis of native arteries of extremities unspecified extremity,3ffff896-0ade-5703-a561-c975c5f9dbbf,,Atherosclerosis
98,I70,,Atherosclerosis,I70.3,Atherosclerosis of unspecified type of bypass graft(s) of the extremities,6085a732-4e7b-596c-be2e-a0f4170d143a,,Atherosclerosis
99,I70,,Atherosclerosis,I70.30,Unspecified atherosclerosis of unspecified type of bypass graft(s) of the extremities,a3a1d169-1b94-56df-9ee9-a6c66790ad43,,Atherosclerosis
356,I25,,Chronic ischemic heart disease,I25.41,Coronary artery aneurysm,796b0a8e-276c-5770-99a6-b543583b90bf,,Ischemic Heart Disease
100,I70,,Atherosclerosis,I70.301,Unspecified atherosclerosis of unspecified type of bypass graft(s) of the extremities right leg,e142f9c5-02b0-5d6c-98a0-bc30ed74a53d,,Atherosclerosis
364,I25,,Chronic ischemic heart disease,I25.708,"Atherosclerosis of coronary artery bypass graft(s), unspecified, with other forms of angina pectoris",ea86f1d5-76aa-5df4-bffa-2e7fdba0e965,,Ischemic Heart Disease
101,I70,,Atherosclerosis,I70.302,Unspecified atherosclerosis of unspecified type of bypass graft(s) of the extremities left leg,8e1a163c-cd41-5c91-8f14-4636959cb767,,Atherosclerosis
102,I70,,Atherosclerosis,I70.303,Unspecified atherosclerosis of unspecified type of bypass graft(s) of the extremities bilateral legs,84ccc3fb-b6e0-5ab5-80f4-a39481dde2b7,,Atherosclerosis
103,I70,,Atherosclerosis,I70.308,Unspecified atherosclerosis of unspecified type of bypass graft(s) of the extremities other extremity,9940d7dc-2c64-5827-b59c-1ca0aaf72c9a,,Atherosclerosis
104,I70,,Atherosclerosis,I70.309,Unspecified atherosclerosis of unspecified type of bypass graft(s) of the extremities unspecified extremity,9d247c5b-da90-5d25-a903-9de38e027c53,,Atherosclerosis
117,I70,,Atherosclerosis,I70.33,Atherosclerosis of unspecified type of bypass graft(s) of the right leg with ulceration,4410943d-8fee-50c4-8e2d-48442b7f0bc7,,Atherosclerosis
118,I70,,Atherosclerosis,I70.331,Atherosclerosis of unspecified type of bypass graft(s) of the right leg with ulceration of thigh,52f40889-b5d9-5295-ba2a-4bb8df0dd296,,Atherosclerosis
119,I70,,Atherosclerosis,I70.332,Atherosclerosis of unspecified type of bypass graft(s) of the right leg with ulceration of calf,6ceb5d15-8170-552e-81c7-0e18dfaf8682,,Atherosclerosis
120,I70,,Atherosclerosis,I70.333,Atherosclerosis of unspecified type of bypass graft(s) of the right leg with ulceration of ankle,429ed453-c4af-54e8-894f-8e71f66ac2ce,,Atherosclerosis
121,I70,,Atherosclerosis,I70.334,Atherosclerosis of unspecified type of bypass graft(s) of the right leg with ulceration of heel and midfoot,570e1a1d-081c-5efa-a04e-2d89bc732407,,Atherosclerosis
122,I70,,Atherosclerosis,I70.335,Atherosclerosis of unspecified type of bypass graft(s) of the right leg with ulceration of other part of foot,a6688c7e-8908-581b-8030-076e5f03a02d,,Atherosclerosis
123,I70,,Atherosclerosis,I70.338,Atherosclerosis of unspecified type of bypass graft(s) of the right leg with ulceration of other part of lower leg,867f59cd-4387-594a-971d-61daeeba84bf,,Atherosclerosis
124,I70,,Atherosclerosis,I70.339,Atherosclerosis of unspecified type of bypass graft(s) of the right leg with ulceration of unspecified site,e68df6a1-102f-5dbd-a265-8d93c212f57c,,Atherosclerosis
125,I70,,Atherosclerosis,I70.34,Atherosclerosis of unspecified type of bypass graft(s) of the left leg with ulceration,5cea04b2-a00c-5f38-bddc-1963486fce0c,,Atherosclerosis
126,I70,,Atherosclerosis,I70.341,Atherosclerosis of unspecified type of bypass graft(s) of the left leg with ulceration of thigh,bc813ff2-5aa4-5c4d-8768-d75eeaa01345,,Atherosclerosis
127,I70,,Atherosclerosis,I70.342,Atherosclerosis of unspecified type of bypass graft(s) of the left leg with ulceration of calf,7efac560-5b02-5805-a1d5-b3168ed53927,,Atherosclerosis
128,I70,,Atherosclerosis,I70.343,Atherosclerosis of unspecified type of bypass graft(s) of the left leg with ulceration of ankle,952bba2e-7c42-58a6-8f61-d933ce01b996,,Atherosclerosis
129,I70,,Atherosclerosis,I70.344,Atherosclerosis of unspecified type of bypass graft(s) of the left leg with ulceration of heel and midfoot,90e59ba2-792f-5734-abc0-76347a5e8a9b,,Atherosclerosis
130,I70,,Atherosclerosis,I70.345,Atherosclerosis of unspecified type of bypass graft(s) of the left leg with ulceration of other part of foot,1284060a-3c69-547c-8373-0dc94ba35aea,,Atherosclerosis
131,I70,,Atherosclerosis,I70.348,Atherosclerosis of unspecified type of bypass graft(s) of the left leg with ulceration of other part of lower leg,ff297131-2292-5d74-a81c-9bb2df6a04dc,,Atherosclerosis
132,I70,,Atherosclerosis,I70.349,Atherosclerosis of unspecified type of bypass graft(s) of the left leg with ulceration of unspecified site,7d747f05-9d95-5b91-a173-79dbfb224ea7,,Atherosclerosis
133,I70,,Atherosclerosis,I70.35,Atherosclerosis of unspecified type of bypass graft(s) of other extremity with ulceration,eaebe7a9-c20d-51d8-9c39-37ddcc55018e,,Atherosclerosis
134,I70,,Atherosclerosis,I70.36,Atherosclerosis of unspecified type of bypass graft(s) of the extremities with gangrene,47197f44-8795-50ba-b0f6-8701fc299d66,,Atherosclerosis
357,I25,,Chronic ischemic heart disease,I25.42,Coronary artery dissection,7ab1b9e2-ed08-56fd-b958-f58939f54e75,,Ischemic Heart Disease
135,I70,,Atherosclerosis,I70.361,Atherosclerosis of unspecified type of bypass graft(s) of the extremities with gangrene right leg,0f3bfe48-da8b-5c40-9c02-1d012f437f52,,Atherosclerosis
365,I25,,Chronic ischemic heart disease,I25.709,"Atherosclerosis of coronary artery bypass graft(s), unspecified, with unspecified angina pectoris",89e45188-9c3b-53d6-8448-3d5f9d82a6df,,Ischemic Heart Disease
136,I70,,Atherosclerosis,I70.362,Atherosclerosis of unspecified type of bypass graft(s) of the extremities with gangrene left leg,15ec210f-6abb-5f3b-801f-2e6d67e8ccf7,,Atherosclerosis
137,I70,,Atherosclerosis,I70.363,Atherosclerosis of unspecified type of bypass graft(s) of the extremities with gangrene bilateral legs,ea2621cb-8a2c-5c54-84b1-4f719ee8e70d,,Atherosclerosis
138,I70,,Atherosclerosis,I70.368,Atherosclerosis of unspecified type of bypass graft(s) of the extremities with gangrene other extremity,6c380586-51c8-5b35-99d8-b6361d75fe84,,Atherosclerosis
139,I70,,Atherosclerosis,I70.369,Atherosclerosis of unspecified type of bypass graft(s) of the extremities with gangrene unspecified extremity,17d08278-a710-5987-bfbf-d37e9a803204,,Atherosclerosis
140,I70,,Atherosclerosis,I70.39,Other atherosclerosis of unspecified type of bypass graft(s) of the extremities,be80fd61-1835-56a7-95ec-4f7fd72392b7,,Atherosclerosis
141,I70,,Atherosclerosis,I70.391,Other atherosclerosis of unspecified type of bypass graft(s) of the extremities right leg,117ad648-1fb1-5e98-9751-707ffbdec9bd,,Atherosclerosis
142,I70,,Atherosclerosis,I70.392,Other atherosclerosis of unspecified type of bypass graft(s) of the extremities left leg,5113ab65-2f57-568e-b3df-f7f1f5e2fa97,,Atherosclerosis
143,I70,,Atherosclerosis,I70.393,Other atherosclerosis of unspecified type of bypass graft(s) of the extremities bilateral legs,30c30b58-becd-5cda-a3df-35b18d0cecf3,,Atherosclerosis
144,I70,,Atherosclerosis,I70.398,Other atherosclerosis of unspecified type of bypass graft(s) of the extremities other extremity,c4746e38-d40d-553e-b22e-3771a19c814e,,Atherosclerosis
145,I70,,Atherosclerosis,I70.399,Other atherosclerosis of unspecified type of bypass graft(s) of the extremities unspecified extremity,8ab83c6f-a8d8-54ec-87a3-157330dd4df6,,Atherosclerosis
146,I70,,Atherosclerosis,I70.4,Atherosclerosis of autologous vein bypass graft(s) of the extremities,57eddd7e-eaf6-5663-b515-077efbd166b6,,Atherosclerosis
358,I25,,Chronic ischemic heart disease,I25.5,Ischemic cardiomyopathy,036032f3-a5e3-500e-85a9-413b6f82259a,,Ischemic Heart Disease
159,I70,,Atherosclerosis,I70.42,Atherosclerosis of autologous vein bypass graft(s) of the extremities with rest pain,78b34593-abb8-53a4-9e98-954f275cc25a,,Atherosclerosis
366,I25,,Chronic ischemic heart disease,I25.71,Atherosclerosis of autologous vein coronary artery bypass graft(s) with angina pectoris,aaa6702f-a8b4-575a-a44b-d24120ced4f8,,Ischemic Heart Disease
160,I70,,Atherosclerosis,I70.421,Atherosclerosis of autologous vein bypass graft(s) of the extremities with rest pain right leg,75633fda-35ba-5695-ae99-30863ec6ef74,,Atherosclerosis
161,I70,,Atherosclerosis,I70.422,Atherosclerosis of autologous vein bypass graft(s) of the extremities with rest pain left leg,bb952d36-fa34-5238-aa89-c54d3195bb24,,Atherosclerosis
162,I70,,Atherosclerosis,I70.423,Atherosclerosis of autologous vein bypass graft(s) of the extremities with rest pain bilateral legs,eea48091-d21f-51ac-89af-71d60a16b440,,Atherosclerosis
163,I70,,Atherosclerosis,I70.428,Atherosclerosis of autologous vein bypass graft(s) of the extremities with rest pain other extremity,0cdd702d-6f22-57b2-a674-3a39f71e632f,,Atherosclerosis
164,I70,,Atherosclerosis,I70.429,Atherosclerosis of autologous vein bypass graft(s) of the extremities with rest pain unspecified extremity,d18d227a-f67b-5c4c-b6d8-b71165dc3554,,Atherosclerosis
359,I25,,Chronic ischemic heart disease,I25.6,Silent myocardial ischemia,cf025c0d-d093-5656-bba4-88034282e7d1,,Ischemic Heart Disease
391,I25,,Chronic ischemic heart disease,I25.760,Atherosclerosis of bypass graft of coronary artery of transplanted heart with unstable angina,1c02b0c4-5db0-5393-92a0-9e7124200fce,,Ischemic Heart Disease
397,I25,,Chronic ischemic heart disease,I25.790,Atherosclerosis of other coronary artery bypass graft(s) with unstable angina pectoris,69072987-765c-5eda-98ab-09694479f4a6,,Ischemic Heart Disease
207,I70,,Atherosclerosis,I70.52,Atherosclerosis of nonautologous biological bypass graft(s) of the extremities with rest pain,fa6ce841-1c0b-5bc1-8eb4-41c3546f27cc,,Atherosclerosis
208,I70,,Atherosclerosis,I70.521,Atherosclerosis of nonautologous biological bypass graft(s) of the extremities with rest pain right leg,89a5b8fb-9ec0-5469-84bd-fdde02740e00,,Atherosclerosis
209,I70,,Atherosclerosis,I70.522,Atherosclerosis of nonautologous biological bypass graft(s) of the extremities with rest pain left leg,3948ea01-4f9c-5874-80ce-e472579b0b9c,,Atherosclerosis
210,I70,,Atherosclerosis,I70.523,Atherosclerosis of nonautologous biological bypass graft(s) of the extremities with rest pain bilateral legs,eb7e19be-6cf6-552b-9199-f0a5e3113555,,Atherosclerosis
211,I70,,Atherosclerosis,I70.528,Atherosclerosis of nonautologous biological bypass graft(s) of the extremities with rest pain other extremity,e846f7b6-cccd-562d-bda3-cb050e1b6353,,Atherosclerosis
212,I70,,Atherosclerosis,I70.529,Atherosclerosis of nonautologous biological bypass graft(s) of the extremities with rest pain unspecified extremity,b3874386-3bf8-536e-9fb3-28f1d461d46e,,Atherosclerosis
392,I25,,Chronic ischemic heart disease,I25.761,Atherosclerosis of bypass graft of coronary artery of transplanted heart with angina pectoris with documented spasm,6db5970b-af05-566d-836f-f20c2f7132b4,,Ischemic Heart Disease
486,I63,,Cerebral infarction,I63.339,Cerebral infarction due to thrombosis of unspecified posterior cerebral artery,bb926cfa-7978-5c29-9960-1ce97373f2b5,,Cerebral Infarction
393,I25,,Chronic ischemic heart disease,I25.762,Atherosclerosis of bypass graft of coronary artery of transplanted heart with refractory angina pectoris,8bbf959a-0e06-520e-9971-00b53aafad1a,,Ischemic Heart Disease
394,I25,,Chronic ischemic heart disease,I25.768,Atherosclerosis of bypass graft of coronary artery of transplanted heart with other forms of angina pectoris,55ed41f8-ba1c-50ac-b704-56f31054c459,,Ischemic Heart Disease
261,I70,,Atherosclerosis,I70.63,Atherosclerosis of nonbiological bypass graft(s) of the right leg with ulceration,6973bf97-a844-5ca3-83a6-27495f465341,,Atherosclerosis
262,I70,,Atherosclerosis,I70.631,Atherosclerosis of nonbiological bypass graft(s) of the right leg with ulceration of thigh,c850558f-21b3-59a6-a72a-b15ba893747c,,Atherosclerosis
263,I70,,Atherosclerosis,I70.632,Atherosclerosis of nonbiological bypass graft(s) of the right leg with ulceration of calf,5361bb6f-f3c0-55e4-ab9c-6f54079a2ea5,,Atherosclerosis
264,I70,,Atherosclerosis,I70.633,Atherosclerosis of nonbiological bypass graft(s) of the right leg with ulceration of ankle,09cae0f3-9670-5faa-9747-83fb44862325,,Atherosclerosis
265,I70,,Atherosclerosis,I70.634,Atherosclerosis of nonbiological bypass graft(s) of the right leg with ulceration of heel and midfoot,5adb9505-1b7f-5c6f-bfb9-2541b5f603db,,Atherosclerosis
266,I70,,Atherosclerosis,I70.635,Atherosclerosis of nonbiological bypass graft(s) of the right leg with ulceration of other part of foot,75034a66-834b-5c4c-a70b-0a1c608eb25b,,Atherosclerosis
267,I70,,Atherosclerosis,I70.638,Atherosclerosis of nonbiological bypass graft(s) of the right leg with ulceration of other part of lower leg,8e62d5b8-52fe-591a-8026-a61eaa52a03b,,Atherosclerosis
268,I70,,Atherosclerosis,I70.639,Atherosclerosis of nonbiological bypass graft(s) of the right leg with ulceration of unspecified site,340cdc42-cfc8-5e51-a151-fdce3d7f0714,,Atherosclerosis
269,I70,,Atherosclerosis,I70.64,Atherosclerosis of nonbiological bypass graft(s) of the left leg with ulceration,f87fa323-c809-5337-8cb6-29ef0006f42d,,Atherosclerosis
270,I70,,Atherosclerosis,I70.641,Atherosclerosis of nonbiological bypass graft(s) of the left leg with ulceration of thigh,4949ef6a-03ee-5d0e-a3fc-ee33114272e4,,Atherosclerosis
271,I70,,Atherosclerosis,I70.642,Atherosclerosis of nonbiological bypass graft(s) of the left leg with ulceration of calf,8962ab94-7b5a-5374-9cc6-ddc4bba13727,,Atherosclerosis
272,I70,,Atherosclerosis,I70.643,Atherosclerosis of nonbiological bypass graft(s) of the left leg with ulceration of ankle,bc14e32d-19b7-5f3f-97d5-1c171372559e,,Atherosclerosis
273,I70,,Atherosclerosis,I70.644,Atherosclerosis of nonbiological bypass graft(s) of the left leg with ulceration of heel and midfoot,d55d05d1-d706-5ddf-9cf2-09a408c99533,,Atherosclerosis
274,I70,,Atherosclerosis,I70.645,Atherosclerosis of nonbiological bypass graft(s) of the left leg with ulceration of other part of foot,6602c0d5-2ab8-5211-ada6-9d3691032ab3,,Atherosclerosis
275,I70,,Atherosclerosis,I70.648,Atherosclerosis of nonbiological bypass graft(s) of the left leg with ulceration of other part of lower leg,fecf0e73-f55e-590a-bb48-ffce05a17719,,Atherosclerosis
276,I70,,Atherosclerosis,I70.649,Atherosclerosis of nonbiological bypass graft(s) of the left leg with ulceration of unspecified site,840e6f15-b72b-53f8-8591-c11c1ed782ea,,Atherosclerosis
277,I70,,Atherosclerosis,I70.65,Atherosclerosis of nonbiological bypass graft(s) of other extremity with ulceration,5e1650be-135f-534f-97e0-ba21f452b856,,Atherosclerosis
278,I70,,Atherosclerosis,I70.66,Atherosclerosis of nonbiological bypass graft(s) of the extremities with gangrene,728338d5-d080-5e54-903a-f5a590d3d3e8,,Atherosclerosis
279,I70,,Atherosclerosis,I70.661,Atherosclerosis of nonbiological bypass graft(s) of the extremities with gangrene right leg,60c223a9-d006-5ee0-a540-fb87ee8a815d,,Atherosclerosis
280,I70,,Atherosclerosis,I70.662,Atherosclerosis of nonbiological bypass graft(s) of the extremities with gangrene left leg,efc7078b-3623-5648-be67-1035fb783932,,Atherosclerosis
281,I70,,Atherosclerosis,I70.663,Atherosclerosis of nonbiological bypass graft(s) of the extremities with gangrene bilateral legs,7ba373a8-161f-5f8a-a499-2bc2b580f3a7,,Atherosclerosis
282,I70,,Atherosclerosis,I70.668,Atherosclerosis of nonbiological bypass graft(s) of the extremities with gangrene other extremity,e6da08e9-c459-5e13-876b-6077bbe6836d,,Atherosclerosis
283,I70,,Atherosclerosis,I70.669,Atherosclerosis of nonbiological bypass graft(s) of the extremities with gangrene unspecified extremity,62d21ab7-1e40-5733-9d2f-2a32f75618b8,,Atherosclerosis
284,I70,,Atherosclerosis,I70.69,Other atherosclerosis of nonbiological bypass graft(s) of the extremities,c11e9216-ad6c-57ae-aec9-1df6b0080ac6,,Atherosclerosis
285,I70,,Atherosclerosis,I70.691,Other atherosclerosis of nonbiological bypass graft(s) of the extremities right leg,7933dab4-c912-5fe6-adf3-0a3f6edc1b44,,Atherosclerosis
286,I70,,Atherosclerosis,I70.692,Other atherosclerosis of nonbiological bypass graft(s) of the extremities left leg,f4a163d9-f706-5a85-ae1f-173a9f67a06f,,Atherosclerosis
287,I70,,Atherosclerosis,I70.693,Other atherosclerosis of nonbiological bypass graft(s) of the extremities bilateral legs,7ae8799b-85b3-5c19-8d07-9e74c76dc634,,Atherosclerosis
288,I70,,Atherosclerosis,I70.698,Other atherosclerosis of nonbiological bypass graft(s) of the extremities other extremity,7557893e-1913-5279-adc4-d0d4917facae,,Atherosclerosis
289,I70,,Atherosclerosis,I70.699,Other atherosclerosis of nonbiological bypass graft(s) of the extremities unspecified extremity,17d3e4c0-5220-57ca-b33e-d4bd2e7ffa0e,,Atherosclerosis
367,I25,,Chronic ischemic heart disease,I25.710,Atherosclerosis of autologous vein coronary artery bypass graft(s) with unstable angina pectoris,ed9c65ab-ea8b-573b-b453-350f7e426f9a,,Ischemic Heart Disease
303,I70,,Atherosclerosis,I70.72,Atherosclerosis of other type of bypass graft(s) of the extremities with rest pain,fdc4ab04-c51e-57d5-a5f2-5e4e09fd4958,,Atherosclerosis
368,I25,,Chronic ischemic heart disease,I25.711,Atherosclerosis of autologous vein coronary artery bypass graft(s) with angina pectoris with documented spasm,e8ba5cf4-d497-54d7-86c9-18fdf78161c1,,Ischemic Heart Disease
304,I70,,Atherosclerosis,I70.721,Atherosclerosis of other type of bypass graft(s) of the extremities with rest pain right leg,4de24e97-8745-59e4-b55d-ad6c097878f6,,Atherosclerosis
305,I70,,Atherosclerosis,I70.722,Atherosclerosis of other type of bypass graft(s) of the extremities with rest pain left leg,648e2939-d059-5ca3-86d5-a9b110dc49fd,,Atherosclerosis
306,I70,,Atherosclerosis,I70.723,Atherosclerosis of other type of bypass graft(s) of the extremities with rest pain bilateral legs,eff914a1-48d2-56bd-b4d7-073b22685e21,,Atherosclerosis
307,I70,,Atherosclerosis,I70.728,Atherosclerosis of other type of bypass graft(s) of the extremities with rest pain other extremity,364c3564-e408-5d8d-8f9e-58b2c02781ff,,Atherosclerosis
308,I70,,Atherosclerosis,I70.729,Atherosclerosis of other type of bypass graft(s) of the extremities with rest pain unspecified extremity,f8b7033b-8d1a-5549-98b5-e8fc7d657411,,Atherosclerosis
352,I25,,Chronic ischemic heart disease,I25.119,Atherosclerotic heart disease of native coronary artery with unspecified angina pectoris,a392c83c-fb33-53b1-b574-ed80f68fe043,,Ischemic Heart Disease
420,I74,,Arterial embolism and thrombosis,I74.19,Embolism and thrombosis of other parts of aorta,9554d514-1795-5ff5-9255-1e716030c3ff,,Arterial Thrombosis
353,I25,,Chronic ischemic heart disease,I25.2,Old myocardial infarction,c294d14b-72ef-5ab1-bc8b-7e2fac1fccba,,Ischemic Heart Disease
369,I25,,Chronic ischemic heart disease,I25.712,Atherosclerosis of autologous vein coronary artery bypass graft(s) with refractory angina pectoris,7ae6c693-2cdf-5044-a01b-0d01ec2ca674,,Ischemic Heart Disease
354,I25,,Chronic ischemic heart disease,I25.3,Aneurysm of heart,af9fa068-8b3e-560c-84ab-232ffde1dd1d,,Ischemic Heart Disease
390,I25,,Chronic ischemic heart disease,I25.76,Atherosclerosis of bypass graft of coronary artery of transplanted heart with angina pectoris,292cb780-1bdb-5a1c-8dc0-f9c7f4787958,,Ischemic Heart Disease
341,I70,,Atherosclerosis,I70.91,Generalized atherosclerosis,859569ff-2911-54e3-8f66-f34e1ab3591a,,Atherosclerosis
342,I70,,Atherosclerosis,I70.92,Chronic total occlusion of artery of the extremities,42ff59ef-d11e-529d-905f-3486b26994be,,Atherosclerosis
344,I25,,Chronic ischemic heart disease,,,62ebf1f1-bbb0-5612-bad3-e14e7cb38069,,Ischemic Heart Disease
345,I25,,Chronic ischemic heart disease,I25.1,Atherosclerotic heart disease of native coronary artery,3a8a95a7-5a21-5384-8470-c9d8620b8d31,,Ischemic Heart Disease
346,I25,,Chronic ischemic heart disease,I25.10,Atherosclerotic heart disease of native coronary artery without angina pectoris,1bae3c7a-bc27-50bf-8381-63cb93452d59,,Ischemic Heart Disease
347,I25,,Chronic ischemic heart disease,I25.11,Atherosclerotic heart disease of native coronary artery with angina pectoris,f4e80321-c4bb-5c31-8964-dc84759b7105,,Ischemic Heart Disease
348,I25,,Chronic ischemic heart disease,I25.110,Atherosclerotic heart disease of native coronary artery with unstable angina pectoris,e0f343e3-6191-556d-b689-43bdc16bb15f,,Ischemic Heart Disease
349,I25,,Chronic ischemic heart disease,I25.111,Atherosclerotic heart disease of native coronary artery with angina pectoris with documented spasm,b91ebae5-c16e-506e-8b51-2587aa6a741a,,Ischemic Heart Disease
350,I25,,Chronic ischemic heart disease,I25.112,Atherosclerotic heart disease of native coronary artery with refractory angina pectoris,429937dc-8846-5310-a45b-a5b4e8f80746,,Ischemic Heart Disease
351,I25,,Chronic ischemic heart disease,I25.118,Atherosclerotic heart disease of native coronary artery with other forms of angina pectoris,45f66039-be39-54df-a08b-e7fdabcd4e7e,,Ischemic Heart Disease
360,I25,,Chronic ischemic heart disease,I25.7,Atherosclerosis of coronary artery bypass graft(s) and coronary artery of transplanted heart with angina pectoris,f8a9cf3d-ef80-59a7-a4ee-cba85de0f1a5,,Ischemic Heart Disease
361,I25,,Chronic ischemic heart disease,I25.700,"Atherosclerosis of coronary artery bypass graft(s), unspecified, with unstable angina pectoris",bedccae9-61c5-5c9c-a86b-41bef1886342,,Ischemic Heart Disease
370,I25,,Chronic ischemic heart disease,I25.718,Atherosclerosis of autologous vein coronary artery bypass graft(s) with other forms of angina pectoris,20231d89-8d77-53fc-8e74-d94f99b38a38,,Ischemic Heart Disease
371,I25,,Chronic ischemic heart disease,I25.719,Atherosclerosis of autologous vein coronary artery bypass graft(s) with unspecified angina pectoris,04265952-12e7-59c7-86f5-6c751d1db142,,Ischemic Heart Disease
372,I25,,Chronic ischemic heart disease,I25.72,Atherosclerosis of autologous artery coronary artery bypass graft(s) with angina pectoris,67034128-d59c-5116-badd-0571c6c67563,,Ischemic Heart Disease
373,I25,,Chronic ischemic heart disease,I25.720,Atherosclerosis of autologous artery coronary artery bypass graft(s) with unstable angina pectoris,5a7bc4c5-2f60-5c89-bb57-9b390acce201,,Ischemic Heart Disease
374,I25,,Chronic ischemic heart disease,I25.721,Atherosclerosis of autologous artery coronary artery bypass graft(s) with angina pectoris with documented spasm,4cd38be2-46d6-5783-b5a2-d977e2850327,,Ischemic Heart Disease
375,I25,,Chronic ischemic heart disease,I25.722,Atherosclerosis of autologous artery coronary artery bypass graft(s) with refractory angina pectoris,13ac5c3f-2273-53cb-a826-c4b00036400c,,Ischemic Heart Disease
376,I25,,Chronic ischemic heart disease,I25.728,Atherosclerosis of autologous artery coronary artery bypass graft(s) with other forms of angina pectoris,f0c63a2e-e6c5-510f-b933-5ff6e2de564e,,Ischemic Heart Disease
377,I25,,Chronic ischemic heart disease,I25.729,Atherosclerosis of autologous artery coronary artery bypass graft(s) with unspecified angina pectoris,c99046a8-44b9-58dd-a0e3-b04f3aad143f,,Ischemic Heart Disease
378,I25,,Chronic ischemic heart disease,I25.73,Atherosclerosis of nonautologous biological coronary artery bypass graft(s) with angina pectoris,a37bddb8-d825-5edb-99a7-b20aa523898e,,Ischemic Heart Disease
379,I25,,Chronic ischemic heart disease,I25.730,Atherosclerosis of nonautologous biological coronary artery bypass graft(s) with unstable angina pectoris,aae9127e-f94f-5eb8-a170-e9e064145d7f,,Ischemic Heart Disease
380,I25,,Chronic ischemic heart disease,I25.731,Atherosclerosis of nonautologous biological coronary artery bypass graft(s) with angina pectoris with documented spasm,67f34f11-4d78-595e-954a-ab7958ae9937,,Ischemic Heart Disease
381,I25,,Chronic ischemic heart disease,I25.732,Atherosclerosis of nonautologous biological coronary artery bypass graft(s) with refractory angina pectoris,080d584f-279a-5455-a009-d13f267c7aba,,Ischemic Heart Disease
382,I25,,Chronic ischemic heart disease,I25.738,Atherosclerosis of nonautologous biological coronary artery bypass graft(s) with other forms of angina pectoris,a30824e7-a95e-5190-b308-d05f60e0caf6,,Ischemic Heart Disease
383,I25,,Chronic ischemic heart disease,I25.739,Atherosclerosis of nonautologous biological coronary artery bypass graft(s) with unspecified angina pectoris,79fac3e6-b8bf-5797-aeee-64029693f562,,Ischemic Heart Disease
384,I25,,Chronic ischemic heart disease,I25.75,Atherosclerosis of native coronary artery of transplanted heart with angina pectoris,298641cf-12b0-5dc3-900c-3332a2a52719,,Ischemic Heart Disease
385,I25,,Chronic ischemic heart disease,I25.750,Atherosclerosis of native coronary artery of transplanted heart with unstable angina,1bc59c6d-173a-55e2-8853-618c1dc3b525,,Ischemic Heart Disease
386,I25,,Chronic ischemic heart disease,I25.751,Atherosclerosis of native coronary artery of transplanted heart with angina pectoris with documented spasm,f9ff2234-7ba6-5d73-857e-dc86ec5db043,,Ischemic Heart Disease
387,I25,,Chronic ischemic heart disease,I25.752,Atherosclerosis of native coronary artery of transplanted heart with refractory angina pectoris,800165e6-83f8-5fb6-aea3-dd315d2d276f,,Ischemic Heart Disease
388,I25,,Chronic ischemic heart disease,I25.758,Atherosclerosis of native coronary artery of transplanted heart with other forms of angina pectoris,d6420d34-2eb1-54fb-9798-b86f9d898c24,,Ischemic Heart Disease
389,I25,,Chronic ischemic heart disease,I25.759,Atherosclerosis of native coronary artery of transplanted heart with unspecified angina pectoris,8b673e38-31e3-5d71-ae86-e9bcadc2561c,,Ischemic Heart Disease
395,I25,,Chronic ischemic heart disease,I25.769,Atherosclerosis of bypass graft of coronary artery of transplanted heart with unspecified angina pectoris,ca8656f6-4885-5fcd-a104-47a181653a19,,Ischemic Heart Disease
396,I25,,Chronic ischemic heart disease,I25.79,Atherosclerosis of other coronary artery bypass graft(s) with angina pectoris,b2dcc57d-8617-5320-947f-74495dce92f1,,Ischemic Heart Disease
398,I25,,Chronic ischemic heart disease,I25.791,Atherosclerosis of other coronary artery bypass graft(s) with angina pectoris with documented spasm,5a2274b5-efe2-541d-bbbf-bf3c748704c4,,Ischemic Heart Disease
426,I74,,Arterial embolism and thrombosis,I74.9,Embolism and thrombosis of unspecified artery,07d5a8c2-4ffe-5fc6-afb5-0b3e8daa64a5,,Arterial Thrombosis
400,I25,,Chronic ischemic heart disease,I25.798,Atherosclerosis of other coronary artery bypass graft(s) with other forms of angina pectoris,705df330-ba4c-5a78-ae70-2909a2414b3a,,Ischemic Heart Disease
401,I25,,Chronic ischemic heart disease,I25.799,Atherosclerosis of other coronary artery bypass graft(s) with unspecified angina pectoris,84a91395-1208-5eca-b827-8d2fcd9858db,,Ischemic Heart Disease
402,I25,,Chronic ischemic heart disease,I25.8,Other forms of chronic ischemic heart disease,5bc37588-6fe6-5960-93fb-ddf207f553a5,,Ischemic Heart Disease
403,I25,,Chronic ischemic heart disease,I25.81,Atherosclerosis of other coronary vessels without angina pectoris,5114f4a5-2b36-5882-99ed-555879158de5,,Ischemic Heart Disease
404,I25,,Chronic ischemic heart disease,I25.810,Atherosclerosis of coronary artery bypass graft(s) without angina pectoris,74d9df9f-12fb-5065-ad4e-8b5d0e7c7937,,Ischemic Heart Disease
405,I25,,Chronic ischemic heart disease,I25.811,Atherosclerosis of native coronary artery of transplanted heart without angina pectoris,9b78d27b-9569-5a88-94fb-0ad025df5ed4,,Ischemic Heart Disease
406,I25,,Chronic ischemic heart disease,I25.812,Atherosclerosis of bypass graft of coronary artery of transplanted heart without angina pectoris,a25e76a0-4833-52cc-a4ac-58b09c3b683c,,Ischemic Heart Disease
407,I25,,Chronic ischemic heart disease,I25.82,Chronic total occlusion of coronary artery,9c74d8a1-56e5-59a7-912e-8009173edf56,,Ischemic Heart Disease
408,I25,,Chronic ischemic heart disease,I25.83,Coronary atherosclerosis due to lipid rich plaque,4842c0bf-ac21-580f-b774-d05ecab564c3,,Ischemic Heart Disease
409,I25,,Chronic ischemic heart disease,I25.84,Coronary atherosclerosis due to calcified coronary lesion,fd01828a-a540-59a4-9a4f-4499911a8bd5,,Ischemic Heart Disease
410,I25,,Chronic ischemic heart disease,I25.85,Chronic coronary microvascular dysfunction,0aa966ca-00d7-5dae-951e-6b552e2a90bb,,Ischemic Heart Disease
411,I25,,Chronic ischemic heart disease,I25.89,Other forms of chronic ischemic heart disease,b09863b8-e5d9-5265-8256-1ea070848561,,Ischemic Heart Disease
412,I25,,Chronic ischemic heart disease,I25.9,"Chronic ischemic heart disease, unspecified",e5455ad5-c998-57b4-b9e4-f17535ca6373,,Ischemic Heart Disease
413,I74,,Arterial embolism and thrombosis,,,c62ab1c9-304b-569a-9927-71578ffe27f2,,Arterial Thrombosis
414,I74,,Arterial embolism and thrombosis,I74.0,Embolism and thrombosis of abdominal aorta,ddd36f5f-81a9-5ea6-a369-665dec2d1140,,Arterial Thrombosis
415,I74,,Arterial embolism and thrombosis,I74.01,Saddle embolus of abdominal aorta,eba057ac-7805-59a9-9b35-497d92ab6c1d,,Arterial Thrombosis
416,I74,,Arterial embolism and thrombosis,I74.09,Other arterial embolism and thrombosis of abdominal aorta,fda549c1-1247-5cbe-8712-3e4336b2d52f,,Arterial Thrombosis
417,I74,,Arterial embolism and thrombosis,I74.1,Embolism and thrombosis of other and unspecified parts of aorta,e10a5311-df58-5a48-8afb-83b1501c2363,,Arterial Thrombosis
418,I74,,Arterial embolism and thrombosis,I74.10,Embolism and thrombosis of unspecified parts of aorta,9bc21c39-173c-55f0-82a8-d20aa3bfaec3,,Arterial Thrombosis
419,I74,,Arterial embolism and thrombosis,I74.11,Embolism and thrombosis of thoracic aorta,4f00b41b-5886-5d65-a328-086d6966d63c,,Arterial Thrombosis
422,I74,,Arterial embolism and thrombosis,I74.3,Embolism and thrombosis of arteries of the lower extremities,ea643c82-f3c2-54ea-8d36-1bd16c3d42ad,,Arterial Thrombosis
423,I74,,Arterial embolism and thrombosis,I74.4,"Embolism and thrombosis of arteries of extremities, unspecified",4cfa117f-2484-5625-8f37-0e7f67f5afc5,,Arterial Thrombosis
424,I74,,Arterial embolism and thrombosis,I74.5,Embolism and thrombosis of iliac artery,edb2d8b2-3d99-528a-b5ba-701d2c234ec7,,Arterial Thrombosis
425,I74,,Arterial embolism and thrombosis,I74.8,Embolism and thrombosis of other arteries,20a1a4ba-4a91-5fd4-b44c-20f8077af3e5,,Arterial Thrombosis
432,I63,,Cerebral infarction,,,da360a19-bd2d-57b6-a598-78724a73c140,,Cerebral Infarction
446,I63,,Cerebral infarction,I63.09,Cerebral infarction due to thrombosis of other precerebral artery,1f0b31c6-7cba-56a8-ae30-8614e3482617,,Cerebral Infarction
449,I63,,Cerebral infarction,I63.12,Cerebral infarction due to embolism of basilar artery,8504cd1b-f606-5819-a69b-fcadd914292d,,Cerebral Infarction
450,I63,,Cerebral infarction,I63.13,Cerebral infarction due to embolism of carotid artery,58f066a4-7f38-5e43-ba73-66d4e906e280,,Cerebral Infarction
451,I63,,Cerebral infarction,I63.131,Cerebral infarction due to embolism of right carotid artery,7cba788b-ae07-5742-8b1c-c9e3984da92f,,Cerebral Infarction
452,I63,,Cerebral infarction,I63.132,Cerebral infarction due to embolism of left carotid artery,d6e0f3c1-9cc3-51b2-8f36-3426ad360518,,Cerebral Infarction
453,I63,,Cerebral infarction,I63.133,Cerebral infarction due to embolism of bilateral carotid arteries,67800398-9b27-51a9-81b7-f97f2dcd68da,,Cerebral Infarction
470,I63,,Cerebral infarction,I63.3,Cerebral infarction due to thrombosis of cerebral arteries,85052c48-9bf7-5015-b6c8-0d85b780954e,,Cerebral Infarction
471,I63,,Cerebral infarction,I63.30,Cerebral infarction due to thrombosis of unspecified cerebral artery,d9a0ccfb-fd09-5490-9004-7ef19de765ba,,Cerebral Infarction
472,I63,,Cerebral infarction,I63.31,Cerebral infarction due to thrombosis of middle cerebral artery,f681d0ff-6788-5017-ad2d-9f7ec3f0c06b,,Cerebral Infarction
473,I63,,Cerebral infarction,I63.311,Cerebral infarction due to thrombosis of right middle cerebral artery,5b337886-643f-5c68-afd5-509e9b414010,,Cerebral Infarction
474,I63,,Cerebral infarction,I63.312,Cerebral infarction due to thrombosis of left middle cerebral artery,71a2e145-6327-5b9a-8951-e3a59d36eba9,,Cerebral Infarction
475,I63,,Cerebral infarction,I63.313,Cerebral infarction due to thrombosis of bilateral middle cerebral arteries,b7f803c9-eb25-5b53-8793-6d21ae523343,,Cerebral Infarction
476,I63,,Cerebral infarction,I63.319,Cerebral infarction due to thrombosis of unspecified middle cerebral artery,b92fd7be-20fc-5b70-8a9d-fe3ccb3c3256,,Cerebral Infarction
477,I63,,Cerebral infarction,I63.32,Cerebral infarction due to thrombosis of anterior cerebral artery,11102da3-e722-5bfa-9abe-fd447d46e960,,Cerebral Infarction
478,I63,,Cerebral infarction,I63.321,Cerebral infarction due to thrombosis of right anterior cerebral artery,e45d4312-ec31-5568-a351-d3f0c5c4673c,,Cerebral Infarction
479,I63,,Cerebral infarction,I63.322,Cerebral infarction due to thrombosis of left anterior cerebral artery,f7822c36-b0d8-5bbd-9df5-5783b1778bc7,,Cerebral Infarction
480,I63,,Cerebral infarction,I63.323,Cerebral infarction due to thrombosis of bilateral anterior cerebral arteries,88c00c5a-4f4d-51de-8bd9-004754fbdd2e,,Cerebral Infarction
481,I63,,Cerebral infarction,I63.329,Cerebral infarction due to thrombosis of unspecified anterior cerebral artery,7d1513db-942e-5087-b944-d6673db0a498,,Cerebral Infarction
482,I63,,Cerebral infarction,I63.33,Cerebral infarction due to thrombosis of posterior cerebral artery,830ef5c0-a551-565a-98db-6d09b8f89b82,,Cerebral Infarction
483,I63,,Cerebral infarction,I63.331,Cerebral infarction due to thrombosis of right posterior cerebral artery,486698ad-07be-51d4-83ca-9846f33b8428,,Cerebral Infarction
484,I63,,Cerebral infarction,I63.332,Cerebral infarction due to thrombosis of left posterior cerebral artery,737324dc-b491-5f43-a402-92a408c5fe71,,Cerebral Infarction
485,I63,,Cerebral infarction,I63.333,Cerebral infarction due to thrombosis of bilateral posterior cerebral arteries,c103ff3e-8cc6-5537-b510-3ecaeade999c,,Cerebral Infarction
487,I63,,Cerebral infarction,I63.34,Cerebral infarction due to thrombosis of cerebellar artery,eb3010d3-2abb-5c1e-9677-a55c5ad9d30c,,Cerebral Infarction
488,I63,,Cerebral infarction,I63.341,Cerebral infarction due to thrombosis of right cerebellar artery,1fda016a-0451-5141-ace3-95584c923e85,,Cerebral Infarction
489,I63,,Cerebral infarction,I63.342,Cerebral infarction due to thrombosis of left cerebellar artery,622ef2c8-3039-532c-a398-8b60688418ad,,Cerebral Infarction
490,I63,,Cerebral infarction,I63.343,Cerebral infarction due to thrombosis of bilateral cerebellar arteries,b8230c42-4ba6-53e9-8e5a-6bcaf427b779,,Cerebral Infarction
491,I63,,Cerebral infarction,I63.349,Cerebral infarction due to thrombosis of unspecified cerebellar artery,9c426684-98fc-5945-a079-eb957011103c,,Cerebral Infarction
492,I63,,Cerebral infarction,I63.39,Cerebral infarction due to thrombosis of other cerebral artery,d7a8694c-363a-59c3-9a51-b32be66b2de6,,Cerebral Infarction
544,I65,,"Occlusion and stenosis of precerebral arteries, not resulting in cerebral infarction",,,10167531-c190-5986-b69e-f4372b7c537c,,Precerebral Artery Stenosis
545,I65,,"Occlusion and stenosis of precerebral arteries, not resulting in cerebral infarction",I65.0,Occlusion and stenosis of vertebral artery,19f77020-15a4-5497-add4-a508df38ea43,,Precerebral Artery Stenosis
546,I65,,"Occlusion and stenosis of precerebral arteries, not resulting in cerebral infarction",I65.01,Occlusion and stenosis of right vertebral artery,6f923b11-ff08-50ac-b21f-83951a339c2d,,Precerebral Artery Stenosis
547,I65,,"Occlusion and stenosis of precerebral arteries, not resulting in cerebral infarction",I65.02,Occlusion and stenosis of left vertebral artery,86bf07d5-0f75-53b8-ae39-6bdd30fa68f7,,Precerebral Artery Stenosis
548,I65,,"Occlusion and stenosis of precerebral arteries, not resulting in cerebral infarction",I65.03,Occlusion and stenosis of bilateral vertebral arteries,4a92767d-b067-5fff-aec5-8ea16c20eea5,,Precerebral Artery Stenosis
549,I65,,"Occlusion and stenosis of precerebral arteries, not resulting in cerebral infarction",I65.09,Occlusion and stenosis of unspecified vertebral artery,e2d346e0-dad7-5905-8803-f760c54f2532,,Precerebral Artery Stenosis
550,I65,,"Occlusion and stenosis of precerebral arteries, not resulting in cerebral infarction",I65.1,Occlusion and stenosis of basilar artery,dd678e63-8914-5590-9278-c9d2202f5522,,Precerebral Artery Stenosis
551,I65,,"Occlusion and stenosis of precerebral arteries, not resulting in cerebral infarction",I65.2,Occlusion and stenosis of carotid artery,4c9961cf-c258-5223-80f9-edb01519f79a,,Precerebral Artery Stenosis
552,I65,,"Occlusion and stenosis of precerebral arteries, not resulting in cerebral infarction",I65.21,Occlusion and stenosis of right carotid artery,87ece9e9-2fba-550c-9b98-3bce67650347,,Precerebral Artery Stenosis
553,I65,,"Occlusion and stenosis of precerebral arteries, not resulting in cerebral infarction",I65.22,Occlusion and stenosis of left carotid artery,5869cd9b-5331-5d34-ab16-62ffcd646333,,Precerebral Artery Stenosis
554,I65,,"Occlusion and stenosis of precerebral arteries, not resulting in cerebral infarction",I65.23,Occlusion and stenosis of bilateral carotid arteries,7d2b4baa-4ee7-57fb-be88-b7d328506f7c,,Precerebral Artery Stenosis
555,I65,,"Occlusion and stenosis of precerebral arteries, not resulting in cerebral infarction",I65.29,Occlusion and stenosis of unspecified carotid artery,b3e17df3-3869-5daa-98cf-662c1801d099,,Precerebral Artery Stenosis
556,I65,,"Occlusion and stenosis of precerebral arteries, not resulting in cerebral infarction",I65.8,Occlusion and stenosis of other precerebral arteries,167ddfda-1154-51d3-bb49-79f8edbb1598,,Precerebral Artery Stenosis
557,I65,,"Occlusion and stenosis of precerebral arteries, not resulting in cerebral infarction",I65.9,Occlusion and stenosis of unspecified precerebral artery,f2ba223f-0929-58e8-96a6-de9c3cd089c8,,Precerebral Artery Stenosis
558,I66,,"Occlusion and stenosis of cerebral arteries, not resulting in cerebral infarction", ,,9030fbce-a3f3-5363-8826-6ced855d8958,,Cerebral Artery Stenosis
559,I66,,"Occlusion and stenosis of cerebral arteries, not resulting in cerebral infarction",I66.0,Occlusion and stenosis of middle cerebral artery,b088a57a-df40-5cf6-9a15-39055e8644ac,,Cerebral Artery Stenosis
560,I66,,"Occlusion and stenosis of cerebral arteries, not resulting in cerebral infarction",I66.01,Occlusion and stenosis of right middle cerebral artery,8edc58e8-6866-5143-a287-5acfd1594258,,Cerebral Artery Stenosis
561,I66,,"Occlusion and stenosis of cerebral arteries, not resulting in cerebral infarction",I66.02,Occlusion and stenosis of left middle cerebral artery,38de7a63-b453-5c67-9922-6976d502e6e9,,Cerebral Artery Stenosis
562,I66,,"Occlusion and stenosis of cerebral arteries, not resulting in cerebral infarction",I66.03,Occlusion and stenosis of bilateral middle cerebral arteries,7e98fb26-ec9e-5717-b0d9-a0ff987ac072,,Cerebral Artery Stenosis
563,I66,,"Occlusion and stenosis of cerebral arteries, not resulting in cerebral infarction",I66.09,Occlusion and stenosis of unspecified middle cerebral artery,08d56dae-7ed0-5c8f-87fb-348b879255d1,,Cerebral Artery Stenosis
564,I66,,"Occlusion and stenosis of cerebral arteries, not resulting in cerebral infarction",I66.1,Occlusion and stenosis of anterior cerebral artery,8fb16025-c847-5101-8ef9-1f0abb5fd8bb,,Cerebral Artery Stenosis
565,I66,,"Occlusion and stenosis of cerebral arteries, not resulting in cerebral infarction",I66.11,Occlusion and stenosis of right anterior cerebral artery,5097a3ae-83c5-53b8-819b-d87ac61c4d7c,,Cerebral Artery Stenosis
566,I66,,"Occlusion and stenosis of cerebral arteries, not resulting in cerebral infarction",I66.12,Occlusion and stenosis of left anterior cerebral artery,c6f427e9-4815-58c7-83c7-63d44c4872da,,Cerebral Artery Stenosis
567,I66,,"Occlusion and stenosis of cerebral arteries, not resulting in cerebral infarction",I66.13,Occlusion and stenosis of bilateral anterior cerebral arteries,dd6fed5a-18fd-5988-8cd9-257b4dc83899,,Cerebral Artery Stenosis
568,I66,,"Occlusion and stenosis of cerebral arteries, not resulting in cerebral infarction",I66.19,Occlusion and stenosis of unspecified anterior cerebral artery,4648e307-68af-56b4-9b51-390cb16b3cdd,,Cerebral Artery Stenosis
569,I66,,"Occlusion and stenosis of cerebral arteries, not resulting in cerebral infarction",I66.2,Occlusion and stenosis of posterior cerebral artery,427d3d5c-1ba6-5412-9b79-5941825db19c,,Cerebral Artery Stenosis
570,I66,,"Occlusion and stenosis of cerebral arteries, not resulting in cerebral infarction",I66.21,Occlusion and stenosis of right posterior cerebral artery,23b16f14-de37-5d65-aaeb-4147623f20c3,,Cerebral Artery Stenosis
571,I66,,"Occlusion and stenosis of cerebral arteries, not resulting in cerebral infarction",I66.22,Occlusion and stenosis of left posterior cerebral artery,1a2f3e70-8fcb-51ac-83e8-0f03fb5d99f0,,Cerebral Artery Stenosis
