Column1,code_2,category,description_2,code_3,description_3,abbreviations,id,link
0,C00,Lip cancer,Malignant neoplasm of lip,C00.0              ,Malignant neoplasm of external upper lip,C00 | C00.0  | Lip Cancer | Lip malignancy | malignancy of lip | lip's cancer | vermilion border cancer | Lip Carcinoma |,3c67e325-5eef-5655-87ac-08cc0142b04f,https://www.icd10data.com//ICD10CM/Codes/C00-D49/C00-C14/C00-/C00.0
1,C00,Lip cancer,Malignant neoplasm of lip,C00.1,Malignant neoplasm of external lower lip,C00 | C00.1  | Lip Cancer | Lip malignancy | malignancy of lip | lip's cancer | vermilion border cancer | Lip Carcinoma |,383c55de-4fa9-5c8a-af3d-db6d27755f44,https://www.icd10data.com//ICD10CM/Codes/C00-D49/C00-C14/C00-/C00.1
2,C00,Lip cancer,Malignant neoplasm of lip,C00.2,"Malignant neoplasm of external lip, unspecified",C00 | C00.2  | Lip Cancer | Lip malignancy | malignancy of lip | lip's cancer | vermilion border cancer | Lip Carcinoma |,ec23013b-b507-5d4e-9bfd-54502a1837c8,https://www.icd10data.com//ICD10CM/Codes/C00-D49/C00-C14/C00-/C00.2
3,C00,Lip cancer,Malignant neoplasm of lip,C00.3,"Malignant neoplasm of upper lip, inner aspect",C00 | C00.3  | Lip Cancer | Lip malignancy | malignancy of lip | lip's cancer | vermilion border cancer | Lip Carcinoma |,f14f4a88-78f4-511a-9b96-2078c69ebb6f,https://www.icd10data.com//ICD10CM/Codes/C00-D49/C00-C14/C00-/C00.3
4,C00,Lip cancer,Malignant neoplasm of lip,C00.4,"Malignant neoplasm of lower lip, inner aspect",C00 | C00.4  | Lip Cancer | Lip malignancy | malignancy of lip | lip's cancer | vermilion border cancer | Lip Carcinoma |,cb03f308-c881-58da-8af6-f214c6f710b7,https://www.icd10data.com//ICD10CM/Codes/C00-D49/C00-C14/C00-/C00.4
5,C00,Lip cancer,Malignant neoplasm of lip,C00.5,"Malignant neoplasm of lip, unspecified, inner aspect",C00 | C00.5  | Lip Cancer | Lip malignancy | malignancy of lip | lip's cancer | vermilion border cancer | Lip Carcinoma |,69f68f73-92c7-5c5b-8fbf-2bd2bb3015b8,https://www.icd10data.com//ICD10CM/Codes/C00-D49/C00-C14/C00-/C00.5
6,C00,Lip cancer,Malignant neoplasm of lip,C00.6,"Malignant neoplasm of commissure of lip, unspecified",C00 | C00.6  | Lip Cancer | Lip malignancy | malignancy of lip | lip's cancer | vermilion border cancer | Lip Carcinoma |,1febfeb7-8ede-54f7-916d-8ab00385cf00,https://www.icd10data.com//ICD10CM/Codes/C00-D49/C00-C14/C00-/C00.6
7,C00,Lip cancer,Malignant neoplasm of lip,C00.8,Malignant neoplasm of overlapping sites of lip,C00 | C00.8  | Lip Cancer | Lip malignancy | malignancy of lip | lip's cancer | vermilion border cancer | Lip Carcinoma |,517a86a1-9428-5812-b5d4-714f31a6bea1,https://www.icd10data.com//ICD10CM/Codes/C00-D49/C00-C14/C00-/C00.8
8,C00,Lip cancer,Malignant neoplasm of lip,C00.9,"Malignant neoplasm of lip, unspecified",C00 | C00.9  | Lip Cancer | Lip malignancy | malignancy of lip | lip's cancer | vermilion border cancer | Lip Carcinoma |,4cae09c1-6bb3-5db8-8932-5f1d9929cfe2,https://www.icd10data.com//ICD10CM/Codes/C00-D49/C00-C14/C00-/C00.9
9,C02,Tongue cancer,Malignant neoplasm of other and unspecified parts of tongue,C02.0,Malignant neoplasm of dorsal surface of tongue,C02 | C02.0 | Tongue Carcinoma| Tongue Malignancy | Glossal Cancer  | Tongue Cancer |,b74bdd58-d6ad-5d8e-840b-14bf29052288,https://www.icd10data.com//ICD10CM/Codes/C00-D49/C00-C14/C02-/C02.0
10,C02,Tongue cancer,Malignant neoplasm of other and unspecified parts of tongue,C02.1,Malignant neoplasm of border of tongue,C02 | C02.1 | Tongue Carcinoma|  Tongue Malignancy | Glossal Cancer  | Tongue Cancer |,482c4d71-4996-5734-be38-9cc47d682b65,https://www.icd10data.com//ICD10CM/Codes/C00-D49/C00-C14/C02-/C02.1
11,C02,Tongue cancer,Malignant neoplasm of other and unspecified parts of tongue,C02.2,Malignant neoplasm of ventral surface of tongue,C02 | C02.2 | Tongue Carcinoma|  Tongue Malignancy | Glossal Cancer  |Tongue Cancer |,1a6e7235-7a77-5cd5-935e-dc5272b4e2ff,https://www.icd10data.com//ICD10CM/Codes/C00-D49/C00-C14/C02-/C02.2
12,C02,Tongue cancer,Malignant neoplasm of other and unspecified parts of tongue,C02.3,"Malignant neoplasm of anterior two-thirds of tongue, part unspecified",C02 | C02.3 | Tongue Carcinoma| Tongue Malignancy | Glossal Cancer  | Tongue Cancer |,860fdaa1-cfa8-5a60-b2ae-7c8828939f35,https://www.icd10data.com//ICD10CM/Codes/C00-D49/C00-C14/C02-/C02.3
13,C02,Tongue cancer,Malignant neoplasm of other and unspecified parts of tongue,C02.4,Malignant neoplasm of lingual tonsil,C02 | C02.4 | Tongue Carcinoma| Lingual Cancer| Tongue Malignancy | Glossal Cancer  | Lingual Cancer | Tongue Cancer |,ff450439-081a-537c-9433-4d566e10e5f0,https://www.icd10data.com//ICD10CM/Codes/C00-D49/C00-C14/C02-/C02.4
145,C43,Skin Cancer,Malignant melanoma of skin,C43.2,Malignant melanoma of ear and external auricular canal,C43 | C43.2 | Melanoma | Cutaneous Melanoma | Cutaneous Oncogenesis | Skin Cancer | Ear Melanoma | Cutaneous Melanoma | Cutaneous Oncogenesis | Skin Cancer,6b121479-f6d5-53a2-b694-822e4fafda91,https://www.icd10data.com//ICD10CM/Codes/C00-D49/C43-C44/C43-/C43.2
14,C02,Tongue cancer,Malignant neoplasm of other and unspecified parts of tongue,C02.8,Malignant neoplasm of overlapping sites of tongue,C02 | C02.8 | Tongue Carcinoma| Lingual Cancer| Tongue Malignancy | Glossal Cancer  | Lingual Cancer | Tongue Cancer |,3eba0edc-e54c-5a51-9617-173959315ce9,https://www.icd10data.com//ICD10CM/Codes/C00-D49/C00-C14/C02-/C02.8
15,C02,Tongue cancer,Malignant neoplasm of other and unspecified parts of tongue,C02.9,"Malignant neoplasm of tongue, unspecified",C02 | C02.9 | Tongue Carcinoma| Lingual Cancer| Tongue Malignancy | Glossal Cancer  | Lingual Cancer | Tongue Cancer |,71509ff9-5699-5d23-a259-2697e3da1f12,https://www.icd10data.com//ICD10CM/Codes/C00-D49/C00-C14/C02-/C02.9
16,C03,Gum Cancer,Malignant neoplasm of gum,C03.0,Malignant neoplasm of upper gum,C03 | C03.0 | Gingival Cancer | Squamous Cell Carcinoma of Gum |  Gingival Carcinoma | gingival squamous cell carcinoma | GSCC | Gum Cancer |,47b73633-1191-5657-96e7-3234ad0f234c,https://www.icd10data.com//ICD10CM/Codes/C00-D49/C00-C14/C03-/C03.0
17,C03,Gum Cancer,Malignant neoplasm of gum,C03.1,Malignant neoplasm of lower gum,C03 | C03.1 | Gingival Cancer | Squamous Cell Carcinoma of Gum |  Gingival Carcinoma | gingival squamous cell carcinoma | GSCC | Gum Cancer |,a8ec46a8-7bda-5101-90ca-a6ababe541e5,https://www.icd10data.com//ICD10CM/Codes/C00-D49/C00-C14/C03-/C03.1
18,C03,Gum Cancer,Malignant neoplasm of gum,C03.9,"Malignant neoplasm of gum, unspecified",C03 | C03.9 | Gingival Cancer | Squamous Cell Carcinoma of Gum |  Gingival Carcinoma | gingival squamous cell carcinoma | GSCC | Gum Cancer |,09230294-9209-5831-8737-f904bdf8ab04,https://www.icd10data.com//ICD10CM/Codes/C00-D49/C00-C14/C03-/C03.9
19,C05,Palate Cancer,Malignant neoplasm of palate,C05.0,Malignant neoplasm of hard palate,C05 | C05.0  | Palate malignancy | Palate Cancer |,0c2bdc14-c7b6-5ae0-a9f2-ef2495cd2955,https://www.icd10data.com//ICD10CM/Codes/C00-D49/C00-C14/C05-/C05.0
20,C05,Palate Cancer,Malignant neoplasm of palate,C05.1,Malignant neoplasm of soft palate,C05 | C05.1 | Palate malignancy | Palate Cancer |,8fbd378d-8274-521e-936e-9ecc01afb567,https://www.icd10data.com//ICD10CM/Codes/C00-D49/C00-C14/C05-/C05.1
21,C05,Palate Cancer,Malignant neoplasm of palate,C05.2,Malignant neoplasm of uvula,C05 | C05.2 | Uvula cancer | Uvula malignancy | Palate Cancer |,8d5e8adc-f908-5287-8495-3e6f8c85398d,https://www.icd10data.com//ICD10CM/Codes/C00-D49/C00-C14/C05-/C05.2
22,C05,Palate Cancer,Malignant neoplasm of palate,C05.8,Malignant neoplasm of overlapping sites of palate,C05 | C05.8 | Palate malignancy | Palate Cancer |,becf2d30-67ca-5b5f-81ee-00c319b08fa6,https://www.icd10data.com//ICD10CM/Codes/C00-D49/C00-C14/C05-/C05.8
23,C05,Palate Cancer,Malignant neoplasm of palate,C05.9,"Malignant neoplasm of palate, unspecified",C05 | C05.9 | Palate malignancy | Palate Cancer |,9af428ed-1e59-5e71-ac21-b4798ac491e9,https://www.icd10data.com//ICD10CM/Codes/C00-D49/C00-C14/C05-/C05.9
24,C08,Salivary Gland Cancer,Malignant neoplasm of other and unspecified major salivary glands,C08.0,Malignant neoplasm of submandibular gland,C08 | C08.0 | Sub-mandibular gland cancer | Submandibular gland cancer | Sub maxillary gland cancer | Sub-maxillary gland cancer | Salivary Gland Cancer |,b63c2eaf-18e0-5126-85fc-33b4112f893a,https://www.icd10data.com//ICD10CM/Codes/C00-D49/C00-C14/C08-/C08.0
25,C08,Salivary Gland Cancer,Malignant neoplasm of other and unspecified major salivary glands,C08.1,Malignant neoplasm of sublingual gland,C08 | C08.1 | Sublingual gland cancer | Sub-lingual gland cancer | Salivary Gland Cancer |,c7f59d68-edba-5883-bd46-cae900fbb11b,https://www.icd10data.com//ICD10CM/Codes/C00-D49/C00-C14/C08-/C08.1
26,C08,Salivary Gland Cancer,Malignant neoplasm of other and unspecified major salivary glands,C08.9,"Malignant neoplasm of major salivary gland, unspecified",C08 | C08.9 | Salivary Duct Carcinoma | Salivary Neoplasm | Salivary Gland Cancer | Salivary Gland Cancer |,f92ddfca-181f-55c4-b68e-bc4f886a60e8,https://www.icd10data.com//ICD10CM/Codes/C00-D49/C00-C14/C08-/C08.9
27,C09,Tonsil Cancer,Malignant neoplasm of tonsil,C09.0,Malignant neoplasm of tonsillar fossa,C09 | C09.0 | Squamous Cell Carcinoma of Tonsil | SCCT | Tonsillar Cancer | Tonsil Cancer |,bddc958f-b9a2-536d-8160-6aa2eb70053f,https://www.icd10data.com//ICD10CM/Codes/C00-D49/C00-C14/C09-/C09.0
28,C09,Tonsil Cancer,Malignant neoplasm of tonsil,C09.1,Malignant neoplasm of tonsillar pillar (anterior) (posterior),C09 | C09.1 | Squamous Cell Carcinoma of Tonsil | SCCT | Tonsillar Cancer | Tonsil Cancer |,d0dde6ac-dd06-5958-aafb-16e44bcebc43,https://www.icd10data.com//ICD10CM/Codes/C00-D49/C00-C14/C09-/C09.1
29,C09,Tonsil Cancer,Malignant neoplasm of tonsil,C09.8,Malignant neoplasm of overlapping sites of tonsil,C09 | C09.8 | Squamous Cell Carcinoma of Tonsil | SCCT | Tonsillar Cancer | Tonsil Cancer |,8fe659d6-b9b8-5274-b24e-61eae6a030fc,https://www.icd10data.com//ICD10CM/Codes/C00-D49/C00-C14/C09-/C09.8
30,C09,Tonsil Cancer,Malignant neoplasm of tonsil,C09.9,"Malignant neoplasm of tonsil, unspecified",C09 | C09.9 | Squamous Cell Carcinoma of Tonsil | SCCT | Tonsillar Cancer | Tonsil Cancer |,a280a394-e6f3-5bed-9b2c-657c376eabc7,https://www.icd10data.com//ICD10CM/Codes/C00-D49/C00-C14/C09-/C09.9
31,C10,Oropharyngeal cancer,Malignant neoplasm of oropharynx,C10.0,Malignant neoplasm of vallecula,C10 | C10.0 | Vallecula cancer | Oropharyngeal cancer | oropharyngeal squamous cell carcinoma | Pharyngeal Cancer | ,ba3f45b7-8b13-556e-ac10-705b00787742,https://www.icd10data.com//ICD10CM/Codes/C00-D49/C00-C14/C10-/C10.0
32,C10,Oropharyngeal cancer,Malignant neoplasm of oropharynx,C10.1,Malignant neoplasm of anterior surface of epiglottis,C10 | C10.1 | epiglottis cancer | Oropharyngeal cancer | oropharyngeal squamous cell carcinoma | Pharyngeal Cancer | ,0b51d8db-fed7-5c56-9888-c3cac7de2293,https://www.icd10data.com//ICD10CM/Codes/C00-D49/C00-C14/C10-/C10.1
33,C10,Oropharyngeal cancer,Malignant neoplasm of oropharynx,C10.2,Malignant neoplasm of lateral wall of oropharynx,C10 | C10.2 | oropharyngeal squamous cell carcinoma |  Oropharyngeal cancer | Pharyngeal Cancer | ,14ab07fe-9b91-5f69-a66a-cd9c3c7cadac,https://www.icd10data.com//ICD10CM/Codes/C00-D49/C00-C14/C10-/C10.2
34,C10,Oropharyngeal cancer,Malignant neoplasm of oropharynx,C10.3,Malignant neoplasm of posterior wall of oropharynx,C10 | C10.3 |  oropharyngeal squamous cell carcinoma | Oropharyngeal cancer | Pharyngeal Cancer | ,a11de1a0-1568-5f4e-b400-3a13bc22b18b,https://www.icd10data.com//ICD10CM/Codes/C00-D49/C00-C14/C10-/C10.3
35,C10,Oropharyngeal cancer,Malignant neoplasm of oropharynx,C10.4,Malignant neoplasm of branchial cleft,C10 | C10.4 |  oropharyngeal squamous cell carcinoma | Oropharyngeal cancer | Branchial cleft cancer | Pharyngeal Cancer | ,c160dcba-635e-53ef-96fc-f1f1796c77c5,https://www.icd10data.com//ICD10CM/Codes/C00-D49/C00-C14/C10-/C10.4
36,C10,Oropharyngeal cancer,Malignant neoplasm of oropharynx,C10.8,Malignant neoplasm of overlapping sites of oropharynx,C10 | C10.8 | oropharyngeal squamous cell carcinoma |  Oropharyngeal cancer | Pharyngeal Cancer | ,5925a1c2-c40f-52dc-bfaa-4e3804d08749,https://www.icd10data.com//ICD10CM/Codes/C00-D49/C00-C14/C10-/C10.8
37,C10,Oropharyngeal cancer,Malignant neoplasm of oropharynx,C10.9,"Malignant neoplasm of oropharynx, unspecified",C10 | C10.9 | oropharyngeal squamous cell carcinoma |Oropharyngeal cancer | Pharyngeal Cancer | ,09de6137-4d79-5aaa-95f1-9e9165315627,https://www.icd10data.com//ICD10CM/Codes/C00-D49/C00-C14/C10-/C10.9
38,C11,Nasopharyngeal cancer,Malignant neoplasm of nasopharynx,C11.0,Malignant neoplasm of superior wall of nasopharynx,C11 | C11.0 | Nasopharyngeal Carcinoma | Pharyngeal Cancer | Nasopharyngeal Cancer |,0cb29eee-56c2-549a-9c51-ad904ca34a76,https://www.icd10data.com//ICD10CM/Codes/C00-D49/C00-C14/C11-/C11.0
39,C11,Nasopharyngeal cancer,Malignant neoplasm of nasopharynx,C11.1,Malignant neoplasm of posterior wall of nasopharynx,C11 | C11.1 | Nasopharyngeal Carcinoma | Pharyngeal Cancer | Nasopharyngeal Cancer |,251402c5-8e84-52e0-8226-cac8665b619e,https://www.icd10data.com//ICD10CM/Codes/C00-D49/C00-C14/C11-/C11.1
40,C11,Nasopharyngeal cancer,Malignant neoplasm of nasopharynx,C11.2,Malignant neoplasm of lateral wall of nasopharynx,C11 | C11.2 | Nasopharyngeal Carcinoma | Pharyngeal Cancer | Nasopharyngeal Cancer |,1bd54001-ded0-55a8-853c-9d45aefaabd0,https://www.icd10data.com//ICD10CM/Codes/C00-D49/C00-C14/C11-/C11.2
41,C11,Nasopharyngeal cancer,Malignant neoplasm of nasopharynx,C11.3,Malignant neoplasm of anterior wall of nasopharynx,C11 | C11.3 | Nasopharyngeal Carcinoma | Pharyngeal Cancer | Nasopharyngeal Cancer |,a9e3cb17-e22e-50cf-b35e-0253a7bd8b38,https://www.icd10data.com//ICD10CM/Codes/C00-D49/C00-C14/C11-/C11.3
42,C11,Nasopharyngeal cancer,Malignant neoplasm of nasopharynx,C11.8,Malignant neoplasm of overlapping sites of nasopharynx,C11 | C11.8 | Nasopharyngeal Carcinoma | Pharyngeal Cancer | Nasopharyngeal Cancer |,7f796df2-2520-5be1-b1a4-f6fb1d4e4b7f,https://www.icd10data.com//ICD10CM/Codes/C00-D49/C00-C14/C11-/C11.8
43,C11,Nasopharyngeal cancer,Malignant neoplasm of nasopharynx,C11.9,"Malignant neoplasm of nasopharynx, unspecified",C11 | C11.9 | Nasopharyngeal Carcinoma  | Pharyngeal Cancer | Nasopharyngeal Cancer |,da1bf97b-4905-5144-a6c9-202ebff19d38,https://www.icd10data.com//ICD10CM/Codes/C00-D49/C00-C14/C11-/C11.9
44,C13,Hypopharyngeal cancer,Malignant neoplasm of hypopharynx,C13.0,Malignant neoplasm of postcricoid region,C13 | C13.0 | Squamous Cell Carcinoma of Hypopharynx | Hypopharyngeal Carcinoma | Pharyngeal Cancer | Hypopharyngeal cancer | ,b54ca1f2-fe9a-5c76-b1ad-38da9ad1d84b,https://www.icd10data.com//ICD10CM/Codes/C00-D49/C00-C14/C13-/C13.0
45,C13,Hypopharyngeal cancer,Malignant neoplasm of hypopharynx,C13.1,"Malignant neoplasm of aryepiglottic fold, hypopharyngeal aspect",C13 | C13.1 | Squamous Cell Carcinoma of Hypopharynx | Hypopharyngeal Carcinoma | Pharyngeal Cancer | Hypopharyngeal cancer |,d73233ab-f85d-5a7b-958f-fdbcb9f38765,https://www.icd10data.com//ICD10CM/Codes/C00-D49/C00-C14/C13-/C13.1
46,C13,Hypopharyngeal cancer,Malignant neoplasm of hypopharynx,C13.2,Malignant neoplasm of posterior wall of hypopharynx,C13 | C13.2 | Squamous Cell Carcinoma of Hypopharynx | Hypopharyngeal Carcinoma | Pharyngeal Cancer | Hypopharyngeal cancer |,3e5bf27f-4d8d-5b51-98ed-6b8445467a40,https://www.icd10data.com//ICD10CM/Codes/C00-D49/C00-C14/C13-/C13.2
47,C13,Hypopharyngeal cancer,Malignant neoplasm of hypopharynx,C13.8,Malignant neoplasm of overlapping sites of hypopharynx,C13 | C13.8 | Squamous Cell Carcinoma of Hypopharynx | Hypopharyngeal Carcinoma | Pharyngeal Cancer | Hypopharyngeal cancer |,472d69a3-3fd8-5f56-9d6a-df4bd806544f,https://www.icd10data.com//ICD10CM/Codes/C00-D49/C00-C14/C13-/C13.8
48,C13,Hypopharyngeal cancer,Malignant neoplasm of hypopharynx,C13.9,"Malignant neoplasm of hypopharynx, unspecified",C13 | C13.9 | Squamous Cell Carcinoma of Hypopharynx | Hypopharyngeal Carcinoma | Pharyngeal Cancer | Hypopharyngeal cancer |,452afdf7-d05a-51ff-ae79-3a3de0fb8d7b,https://www.icd10data.com//ICD10CM/Codes/C00-D49/C00-C14/C13-/C13.9
49,C15,Esophageal cancer,Malignant neoplasm of esophagus,C15.3,Malignant neoplasm of upper third of esophagus,C15 | C15.3 | Esophageal cancer |  Esophageal Carcinoma | Esophageal Squamous Cell Carcinoma | ESCC | Esophageal Adenocarcinoma | EAC  | ,98e02696-f2e0-5a87-97d7-ce820ce78097,https://www.icd10data.com//ICD10CM/Codes/C00-D49/C15-C26/C15-/C15.3
50,C15,Esophageal cancer,Malignant neoplasm of esophagus,C15.4,Malignant neoplasm of middle third of esophagus,C15 | C15.4 | Esophageal cancer |  Esophageal Carcinoma | Esophageal Squamous Cell Carcinoma | ESCC | Esophageal Adenocarcinoma | EAC  | ,ec95d603-4f80-59df-b808-b80e879407ef,https://www.icd10data.com//ICD10CM/Codes/C00-D49/C15-C26/C15-/C15.4
51,C15,Esophageal cancer,Malignant neoplasm of esophagus,C15.5,Malignant neoplasm of lower third of esophagus,C15 | C15.5 | Esophageal cancer |  Esophageal Carcinoma | Esophageal Squamous Cell Carcinoma | ESCC | Esophageal Adenocarcinoma | EAC  | Gastroesophageal Junction Cancer  | GEJC | Gastroesophageal  Cancer |,86fa58f9-49df-5a19-be4e-30cf807ada33,https://www.icd10data.com//ICD10CM/Codes/C00-D49/C15-C26/C15-/C15.5
52,C15,Esophageal cancer,Malignant neoplasm of esophagus,C15.8,Malignant neoplasm of overlapping sites of esophagus,C15 | C15.8 | Esophageal cancer |  Esophageal Carcinoma | Esophageal Squamous Cell Carcinoma | ESCC | Esophageal Adenocarcinoma | EAC  | ,23da84a0-1a41-5468-9d65-f3d8d87acaed,https://www.icd10data.com//ICD10CM/Codes/C00-D49/C15-C26/C15-/C15.8
53,C15,Esophageal cancer,Malignant neoplasm of esophagus,C15.9,"Malignant neoplasm of esophagus, unspecified",C15 | C15.9 | Esophageal cancer |  Esophageal Carcinoma | Esophageal Squamous Cell Carcinoma | ESCC | Esophageal Adenocarcinoma | EAC  | ,e732e622-089d-5c48-bb4d-f4aef36c8f92,https://www.icd10data.com//ICD10CM/Codes/C00-D49/C15-C26/C15-/C15.9
54,C16,Stomach Cancer,Malignant neoplasm of stomach,C16.0,Malignant neoplasm of cardia,C16 | C16.0 | Stomach Cancer | Gastric Cancer | Malignant Neoplasm of Stomach | Gastric Carcinoma | Stomach Carcinoma | Gastric Adenocarcinoma | ,72c66a60-4fa1-5467-9f63-fb287d5654b4,https://www.icd10data.com//ICD10CM/Codes/C00-D49/C15-C26/C16-/C16.0
55,C16,Stomach Cancer,Malignant neoplasm of stomach,C16.1,Malignant neoplasm of fundus of stomach,C16 | C16.1 | Stomach Cancer | Gastric Cancer | Malignant Neoplasm of Stomach | Gastric Carcinoma | Stomach Carcinoma | Gastric Adenocarcinoma | ,d8b7b127-fe77-56f7-b95c-7529ccc9a41c,https://www.icd10data.com//ICD10CM/Codes/C00-D49/C15-C26/C16-/C16.1
56,C16,Stomach Cancer,Malignant neoplasm of stomach,C16.2,Malignant neoplasm of body of stomach,C16 | C16.2 | Stomach Cancer | Gastric Cancer | Malignant Neoplasm of Stomach | Gastric Carcinoma | Stomach Carcinoma | Gastric Adenocarcinoma | ,5a71f973-f22e-55d7-922b-8b65fb41791e,https://www.icd10data.com//ICD10CM/Codes/C00-D49/C15-C26/C16-/C16.2
57,C16,Stomach Cancer,Malignant neoplasm of stomach,C16.3,Malignant neoplasm of pyloric antrum,C16 | C16.3 | Stomach Cancer | Gastric Cancer | Malignant Neoplasm of Stomach | Gastric Carcinoma | Stomach Carcinoma | Gastric Adenocarcinoma | ,fe6c8584-c210-55e1-86d7-c469fcd759f0,https://www.icd10data.com//ICD10CM/Codes/C00-D49/C15-C26/C16-/C16.3
58,C16,Stomach Cancer,Malignant neoplasm of stomach,C16.4,Malignant neoplasm of pylorus,C16 | C16.4 | Stomach Cancer | Gastric Cancer | Malignant Neoplasm of Stomach | Gastric Carcinoma | Stomach Carcinoma | Gastric Adenocarcinoma | ,3fa773d5-8928-5e03-9f0f-b4ef0bff291c,https://www.icd10data.com//ICD10CM/Codes/C00-D49/C15-C26/C16-/C16.4
59,C16,Stomach Cancer,Malignant neoplasm of stomach,C16.5,"Malignant neoplasm of lesser curvature of stomach, unspecified",C16 | C16.5 | Stomach Cancer | Gastric Cancer | Malignant Neoplasm of Stomach | Gastric Carcinoma | Stomach Carcinoma | Gastric Adenocarcinoma | ,75ebfa0f-a3a9-55c9-bd2a-5792d9656f23,https://www.icd10data.com//ICD10CM/Codes/C00-D49/C15-C26/C16-/C16.5
60,C16,Stomach Cancer,Malignant neoplasm of stomach,C16.6,"Malignant neoplasm of greater curvature of stomach, unspecified",C16 | C16.6 | Stomach Cancer | Gastric Cancer | Malignant Neoplasm of Stomach | Gastric Carcinoma | Stomach Carcinoma | Gastric Adenocarcinoma | ,e63b1f2e-ef9c-58da-943b-8909af010fbc,https://www.icd10data.com//ICD10CM/Codes/C00-D49/C15-C26/C16-/C16.6
61,C16,Stomach Cancer,Malignant neoplasm of stomach,C16.8,Malignant neoplasm of overlapping sites of stomach,C16 | C16.8 | Stomach Cancer | Gastric Cancer | Malignant Neoplasm of Stomach | Gastric Carcinoma | Stomach Carcinoma | Gastric Adenocarcinoma |  GEJC | Gastroesophageal Junction Cancer | Gastroesophageal  Cancer | Gastrointestinal Cancer | GIC |,92c20426-acb6-5c3a-8ec7-890f28b3f57d,https://www.icd10data.com//ICD10CM/Codes/C00-D49/C15-C26/C16-/C16.8
62,C16,Stomach Cancer,Malignant neoplasm of stomach,C16.9,"Malignant neoplasm of stomach, unspecified",C16 | C16.9 | Stomach Cancer | Gastric Cancer | Malignant Neoplasm of Stomach | Gastric Carcinoma | Stomach Carcinoma | Gastric Adenocarcinoma | ,530603dc-f678-53f4-b818-750fe8ca2c14,https://www.icd10data.com//ICD10CM/Codes/C00-D49/C15-C26/C16-/C16.9
63,C17,Small intestine cancer,Malignant neoplasm of small intestine,C17.0,Malignant neoplasm of duodenum,C17 | C17.0 | Small Intestine Cancer | Malignant Neoplasm of Small Intestine | Small Bowel Cancer | Small Intestinal Carcinoma | Small Bowel Adenocarcinoma | SBA | Duodenal Cancer | Neuroendocrine Tumor of Small Intestine | SI-NET |,7de95c6a-03d4-5dfd-92a4-b92320f3b98a,https://www.icd10data.com//ICD10CM/Codes/C00-D49/C15-C26/C17-/C17.0
64,C17,Small intestine cancer,Malignant neoplasm of small intestine,C17.1,Malignant neoplasm of jejunum,C17 | C17.1 | Small Intestine Cancer | Malignant Neoplasm of Small Intestine | Small Bowel Cancer | Small Intestinal Carcinoma | Small Bowel Adenocarcinoma | SBA | Jejunal Cancer| Neuroendocrine Tumor of Small Intestine | SI-NET |,e2875d65-f00d-5b9a-ab45-468ea6481da2,https://www.icd10data.com//ICD10CM/Codes/C00-D49/C15-C26/C17-/C17.1
65,C17,Small intestine cancer,Malignant neoplasm of small intestine,C17.2,Malignant neoplasm of ileum,C17 | C17.2 | Small Intestine Cancer | Malignant Neoplasm of Small Intestine | Small Bowel Cancer | Small Intestinal Carcinoma | Small Bowel Adenocarcinoma | SBA | Ileal Cancer | Neuroendocrine Tumor of Small Intestine | SI-NET | ,bedf1388-9db8-58e8-9cde-d2b9a650b581,https://www.icd10data.com//ICD10CM/Codes/C00-D49/C15-C26/C17-/C17.2
66,C17,Small intestine cancer,Malignant neoplasm of small intestine,C17.3,"Meckel's diverticulum, malignant",C17 | C17.3 | Small Intestine Cancer | Malignant Neoplasm of Small Intestine | Small Bowel Cancer | Small Intestinal Carcinoma |Meckel’s Diverticulum Cancer | Meckel’s Diverticulum Adenocarcinoma | Neuroendocrine Tumor of Meckel’s Diverticulum |,589770b0-d62b-5c19-89c6-231fc279a978,https://www.icd10data.com//ICD10CM/Codes/C00-D49/C15-C26/C17-/C17.3
146,C43,Skin Cancer,Malignant melanoma of skin,C43.20,Malignant melanoma of unspecified ear and external auricular canal,C43 | C43.20 | Melanoma | Cutaneous Melanoma | Cutaneous Oncogenesis | Skin Cancer |,84e12aaf-9de9-5b55-84a7-579472bf8d5a,https://www.icd10data.com//ICD10CM/Codes/C00-D49/C43-C44/C43-/C43.20
67,C17,Small intestine cancer,Malignant neoplasm of small intestine,C17.8,Malignant neoplasm of overlapping sites of small intestine,C17 | C17.8 | Small Intestine Cancer | Malignant Neoplasm of Small Intestine | Small Bowel Cancer | Small Intestinal Carcinoma | Small Bowel Adenocarcinoma | SBA | Duodenal Cancer | Jejunal Cancer | Ileal Cancer | Neuroendocrine Tumor of Small Intestine | SI-NET | GIC | Gastrointestinal Cancer,f4e54a2b-1d3d-5137-9636-055f07895bbf,https://www.icd10data.com//ICD10CM/Codes/C00-D49/C15-C26/C17-/C17.8
68,C17,Small intestine cancer,Malignant neoplasm of small intestine,C17.9,"Malignant neoplasm of small intestine, unspecified",C17 | C17.9 | Small Intestine Cancer | Malignant Neoplasm of Small Intestine | Small Bowel Cancer | Small Intestinal Carcinoma | Small Bowel Adenocarcinoma | SBA | Duodenal Cancer | Jejunal Cancer | Ileal Cancer | Neuroendocrine Tumor of Small Intestine | SI-NET | ,6db0f547-e875-511c-9968-4fcc4dbf5e9e,https://www.icd10data.com//ICD10CM/Codes/C00-D49/C15-C26/C17-/C17.9
69,C18,Colon Cancer,Malignant neoplasm of colon,C18.0,Malignant neoplasm of cecum,C18 | C18.0 | Colon Cancer | Colonic Carcinoma | Colon Adenocarcinoma  | Cecum cancer | Cecal Cancer ,805aee42-5a3a-55b9-9fba-925506d9b5de,https://www.icd10data.com//ICD10CM/Codes/C00-D49/C15-C26/C18-/C18.0
70,C18,Colon Cancer,Malignant neoplasm of colon,C18.1,Malignant neoplasm of appendix,C18 | C18.1 | Colon Cancer | Colonic Carcinoma | Colon Adenocarcinoma | appendiceal cancer |  Appendiceal Adenocarcinoma | ,8828a09a-6285-5833-931d-07872763b587,https://www.icd10data.com//ICD10CM/Codes/C00-D49/C15-C26/C18-/C18.1
71,C18,Colon Cancer,Malignant neoplasm of colon,C18.2,Malignant neoplasm of ascending colon,C18 | C18.2 | Colon Cancer | Colonic Carcinoma | Colon Adenocarcinoma  | Ascending Colon Cancer | ,6b3f0f7c-dd55-55cb-96fb-210eb30a9bc6,https://www.icd10data.com//ICD10CM/Codes/C00-D49/C15-C26/C18-/C18.2
72,C18,Colon Cancer,Malignant neoplasm of colon,C18.3,Malignant neoplasm of hepatic flexure,C18 | C18.3 | Colon Cancer | Colonic Carcinoma | Colon Adenocarcinoma | Hepatic Flexure Colon Cancer |,dd9ae3a0-77db-5634-9ea1-50003b71d6d0,https://www.icd10data.com//ICD10CM/Codes/C00-D49/C15-C26/C18-/C18.3
73,C18,Colon Cancer,Malignant neoplasm of colon,C18.4,Malignant neoplasm of transverse colon,C18 | C18.4 | Colon Cancer | Colonic Carcinoma | Colon Adenocarcinoma | Transverse Colon Cancer |,e1e9d0a0-9c35-528f-bbc9-84b79c6b03bd,https://www.icd10data.com//ICD10CM/Codes/C00-D49/C15-C26/C18-/C18.4
74,C18,Colon Cancer,Malignant neoplasm of colon,C18.5,Malignant neoplasm of splenic flexure,C18 | C18.5 | Colon Cancer | Colonic Carcinoma | Colon Adenocarcinoma | Splenic Flexure Colon Cancer | ,907e7dea-c574-5424-9229-df0c4fe63d99,https://www.icd10data.com//ICD10CM/Codes/C00-D49/C15-C26/C18-/C18.5
75,C18,Colon Cancer,Malignant neoplasm of colon,C18.6,Malignant neoplasm of descending colon,C18 | C18.6 | Colon Cancer | Colonic Carcinoma | Colon Adenocarcinoma | Descending Colon Cancer | ,097152f7-6c4c-59e1-be5b-30a417f6f2a9,https://www.icd10data.com//ICD10CM/Codes/C00-D49/C15-C26/C18-/C18.6
76,C18,Colon Cancer,Malignant neoplasm of colon,C18.7,Malignant neoplasm of sigmoid colon,C18 | C18.7 | Colon Cancer | Colonic Carcinoma | Colon Adenocarcinoma | Sigmoid Colon Cancer |,360d62cc-852a-5899-ac16-f9b9dfba84ba,https://www.icd10data.com//ICD10CM/Codes/C00-D49/C15-C26/C18-/C18.7
77,C18,Colon Cancer,Malignant neoplasm of colon,C18.8,Malignant neoplasm of overlapping sites of colon,C18 | C18.8 | Colon Cancer | Colonic Carcinoma | Colon Adenocarcinoma | ,1208e9f7-383c-5571-bada-0a218704af10,https://www.icd10data.com//ICD10CM/Codes/C00-D49/C15-C26/C18-/C18.8
78,C18,Colon Cancer,Malignant neoplasm of colon,C18.9,"Malignant neoplasm of colon, unspecified",C18 | C18.9 | Colon Cancer | Colonic Carcinoma | Colon Adenocarcinoma | ,9cae593a-a931-578c-bb37-68241ba00ef5,https://www.icd10data.com//ICD10CM/Codes/C00-D49/C15-C26/C18-/C18.9
79,C21,Anal Cancer,Malignant neoplasm of anus and anal canal,C21.0,"Malignant neoplasm of anus, unspecified",C21 | C21.0 | Anal Cancer | Malignant Neoplasm of Anus | Anal Carcinoma | Squamous Cell Carcinoma of Anus | SCCA | Anal Canal Cancer | Melanoma of Anus |,d93a4c13-ca63-5df1-9ef1-bdf60b3cc0ed,https://www.icd10data.com//ICD10CM/Codes/C00-D49/C15-C26/C21-/C21.0
80,C21,Anal Cancer,Malignant neoplasm of anus and anal canal,C21.1,Malignant neoplasm of anal canal,C21 | C21.1 | Anal Cancer | Malignant Neoplasm of Anus | Anal Carcinoma | Squamous Cell Carcinoma of Anus | SCCA | Anal Canal Cancer | Basal Cell Carcinoma of Anus |,ed3d83a8-879d-5fba-970f-c05f4e99b4a0,https://www.icd10data.com//ICD10CM/Codes/C00-D49/C15-C26/C21-/C21.1
81,C21,Anal Cancer,Malignant neoplasm of anus and anal canal,C21.2,Malignant neoplasm of cloacogenic zone,C21 | C21.2 | Anal Cancer | Malignant Neoplasm of Anus | Anal Carcinoma | Squamous Cell Carcinoma of Anus | SCCA | Anal Canal Cancer | Cloacogenic Carcinoma | Basaloid Carcinoma |  Squamous Cell Carcinoma of Cloacogenic Zone,9635619c-0fad-51f8-8b8d-110a30bc92ce,https://www.icd10data.com//ICD10CM/Codes/C00-D49/C15-C26/C21-/C21.2
82,C21,Anal Cancer,Malignant neoplasm of anus and anal canal,C21.8,"Malignant neoplasm of overlapping sites of rectum, anus and anal canal",C21 | C21.8 | Anal Cancer | Malignant Neoplasm of Anus | Anal Carcinoma | Squamous Cell Carcinoma of Anus | SCCA | Anal Canal Cancer | Anorectal Cancer | Rectoanal Adenocarcinoma |,98dae6b2-4a38-5ecd-9b27-935655660dc6,https://www.icd10data.com//ICD10CM/Codes/C00-D49/C15-C26/C21-/C21.8
83,C22,Liver cancer,Malignant neoplasm of liver and intrahepatic bile ducts,C22.0,Liver cell carcinoma,C22 | C22.0 | Liver Cancer | Liver Carcinoma | Hepatocellular carcinoma | HCC | Hepatoma |  Liver Cell Carcinoma | Malignant neoplasm of Liver | Primary Liver Cancer |,e04921f5-ddd1-59ab-91ea-30b62e2397a3,https://www.icd10data.com//ICD10CM/Codes/C00-D49/C15-C26/C22-/C22.0
84,C22,Liver cancer,Malignant neoplasm of liver and intrahepatic bile ducts,C22.1,Intrahepatic bile duct carcinoma,C22 | C22.1 | Liver Cancer | Liver Carcinoma |  Liver Cell Carcinoma | Intrahepatic cholangiocarcinoma | ICC | Malignant neoplasm of Liver  |,83b7290f-d645-590c-8afc-f54a7cd03810,https://www.icd10data.com//ICD10CM/Codes/C00-D49/C15-C26/C22-/C22.1
85,C22,Liver cancer,Malignant neoplasm of liver and intrahepatic bile ducts,C22.2,Hepatoblastoma,C22 | C22.2 | Liver Cancer | Liver Carcinoma  | HCC |  Intrahepatic cholangiocarcinoma | ICC | Malignant neoplasm of Liver | Hepatoblastoma | Pediatric Liver Cancer |,84a2a1a0-35c9-5e72-8b42-e53e8d44b2eb,https://www.icd10data.com//ICD10CM/Codes/C00-D49/C15-C26/C22-/C22.2
86,C22,Liver cancer,Malignant neoplasm of liver and intrahepatic bile ducts,C22.3,Angiosarcoma of liver,C22 | C22.3 | Liver Cancer | Liver Carcinoma | Hepatocellular carcinoma | HCC | Hepatoma |  Liver Cell Carcinoma | ICC | Malignant neoplasm of Liver | Hepatic Sarcoma | Liver Sarcoma | Hepatic Angiosarcoma | Angiosarcoma of Liver | Hemangiosarcoma of Liver | Malignant Vascular Tumor of Liver | Endothelial Sarcoma of Liver |,4006780c-66ca-5930-aa74-0416a6360ccb,https://www.icd10data.com//ICD10CM/Codes/C00-D49/C15-C26/C22-/C22.3
87,C22,Liver cancer,Malignant neoplasm of liver and intrahepatic bile ducts,C22.4,Other sarcomas of liver,C22 | C22.4 | Liver Cancer | Liver Carcinoma | Hepatocellular carcinoma | HCC | Hepatoma |  Liver Cell Carcinoma | Intrahepatic cholangiocarcinoma | ICC | Malignant neoplasm of Liver | Fibrosarcoma of Liver | Hepatic Fibrosarcoma | Leiomyosarcoma of Liver | Rhabdomyosarcoma of Liver | Undifferentiated Pleomorphic Sarcoma of Liver | Epithelioid Hemangioendothelioma of Liver |,65bc0ca7-ffc0-520f-9adf-6d0f22f972f7,https://www.icd10data.com//ICD10CM/Codes/C00-D49/C15-C26/C22-/C22.4
88,C22,Liver cancer,Malignant neoplasm of liver and intrahepatic bile ducts,C22.7,Other specified carcinomas of liver,C22 | C22.7 | Liver Cancer | Liver Carcinoma | Hepatocellular carcinoma | HCC | Hepatoma |  Liver Cell Carcinoma | Intrahepatic cholangiocarcinoma | ICC | Malignant neoplasm of Liver | Combined Hepatocellular-Cholangiocarcinoma | cHCC-CCA |,8aa1da46-69a1-5d5d-b6f6-dae9bb1fda97,https://www.icd10data.com//ICD10CM/Codes/C00-D49/C15-C26/C22-/C22.7
89,C22,Liver cancer,Malignant neoplasm of liver and intrahepatic bile ducts,C22.8,"Malignant neoplasm of liver, primary, unspecified as to type",C22 | C22.8 | Liver Cancer | Liver Carcinoma | Hepatocellular carcinoma | HCC | Hepatoma |  Liver Cell Carcinoma | Intrahepatic cholangiocarcinoma | ICC | Malignant neoplasm of Liver | Mixed Hepatic Tumors | Liver and Bile Duct Overlapping Tumor |,09688de3-6d09-5d33-8a58-e6ef95be733d,https://www.icd10data.com//ICD10CM/Codes/C00-D49/C15-C26/C22-/C22.8
90,C22,Liver cancer,Malignant neoplasm of liver and intrahepatic bile ducts,C22.9,"Malignant neoplasm of liver, not specified as primary or secondary","C22 | C22.9 | Liver Cancer | Liver Carcinoma | Hepatocellular carcinoma | HCC | Hepatoma |  Liver Cell Carcinoma | Intrahepatic cholangiocarcinoma | ICC | Malignant neoplasm of Liver | Liver Tumor NOS | Primary Hepatic Malignancy NOS | Malignant Neoplasm of Liver, Unspecified | Metastatic Liver Cancer | Secondary Liver Cancer |",24d4f67e-c43b-5126-8b8d-3a3b39e9dbd4,https://www.icd10data.com//ICD10CM/Codes/C00-D49/C15-C26/C22-/C22.9
91,C24,Bile Duct Cancer ,Malignant neoplasm of other and unspecified parts of biliary tract,C24.0,Malignant neoplasm of extrahepatic bile duct,C24 | C24.0 | Bile Duct Cancer | Extrahepatic Bile Duct Cancer | Extrahepatic Cholangiocarcinoma | Perihilar Cholangiocarcinoma | Klatskin Tumor | Distal Cholangiocarcinoma | Malignant Neoplasm of Extrahepatic Bile Duct,ea21a5e3-c573-5dc9-83b5-7cc190358529,https://www.icd10data.com//ICD10CM/Codes/C00-D49/C15-C26/C24-/C24.0
92,C24,Bile Duct Cancer ,Malignant neoplasm of other and unspecified parts of biliary tract,C24.1,Malignant neoplasm of ampulla of Vater,C24 | C24.1 | Bile Duct Cancer | Cholangiocarcinoma | CCA | Malignant Neoplasm of Bile Duct | Biliary Cancer |  Ampullary Cancer | Malignant Neoplasm of Ampulla of Vater | Ampullary Carcinoma | Periampullary Cancer | Adenocarcinoma of Ampulla of Vater  |,da2382e1-6b2c-5193-9520-13a6c79d94b9,https://www.icd10data.com//ICD10CM/Codes/C00-D49/C15-C26/C24-/C24.1
93,C24,Bile Duct Cancer ,Malignant neoplasm of other and unspecified parts of biliary tract,C24.8,Malignant neoplasm of overlapping sites of biliary tract,C24 | C24.8 | Bile Duct Cancer |  Malignant Neoplasm of Bile Duct | Biliary Cancer | Malignant Neoplasm of Overlapping Sites of Biliary Tract | Mixed Cholangiocarcinoma | Biliary Tract Carcinoma | Multifocal Biliary Cancer,b1078fbd-cbbc-5186-9fed-5020b6abe036,https://www.icd10data.com//ICD10CM/Codes/C00-D49/C15-C26/C24-/C24.8
94,C24,Bile Duct Cancer ,Malignant neoplasm of other and unspecified parts of biliary tract,C24.9,"Malignant neoplasm of biliary tract, unspecified","C24 | C24.9 | Bile Duct Cancer | Cholangiocarcinoma | CCA | Malignant Neoplasm of Bile Duct | Biliary Cancer | Malignant Neoplasm of Biliary Tract, Unspecified | Unspecified Cholangiocarcinoma | Biliary Tract Cancer NOS",2ec7fd04-64bf-5557-86df-e35c9789b6a6,https://www.icd10data.com//ICD10CM/Codes/C00-D49/C15-C26/C24-/C24.9
95,C25,Pancreatic cancer,Malignant neoplasm of pancreas,C25.0,Malignant neoplasm of head of pancreas,C25 | C25.0 | Pancreatic cancer | Pancreatic Carcinoma | Pancreatic Adenocarcinoma | PDAC |  Pancreatic Head Carcinoma | Adenocarcinoma of Pancreatic Head |,df542181-bd70-5d9e-b147-09604ed5a752,https://www.icd10data.com//ICD10CM/Codes/C00-D49/C15-C26/C25-/C25.0
96,C25,Pancreatic cancer,Malignant neoplasm of pancreas,C25.1,Malignant neoplasm of body of pancreas,C25 | C25.1 | Pancreatic cancer | Pancreatic Carcinoma | Pancreatic Adenocarcinoma | PDAC |  Pancreatic Body Carcinoma | Adenocarcinoma of Pancreatic Body |,fc98062d-b8c8-5596-ace1-109fa887367c,https://www.icd10data.com//ICD10CM/Codes/C00-D49/C15-C26/C25-/C25.1
97,C25,Pancreatic cancer,Malignant neoplasm of pancreas,C25.2,Malignant neoplasm of tail of pancreas,C25 | C25.2 | Pancreatic cancer | Pancreatic Carcinoma | Pancreatic Adenocarcinoma | PDAC |  Malignant Neoplasm of Tail of Pancreas | Pancreatic Tail Carcinoma | Adenocarcinoma of Pancreatic Tail |,e508e5c2-fbc6-502f-94ae-381571e21ba1,https://www.icd10data.com//ICD10CM/Codes/C00-D49/C15-C26/C25-/C25.2
98,C25,Pancreatic cancer,Malignant neoplasm of pancreas,C25.3,Malignant neoplasm of pancreatic duct,C25 | C25.3 | Pancreatic cancer | Pancreatic Carcinoma | Pancreatic Adenocarcinoma | PDAC |Endocrine Pancreatic Tumor | Pancreatic Ductal Adenocarcinoma | PDAC |,dc405dda-3e80-5cba-b987-8be4161f966f,https://www.icd10data.com//ICD10CM/Codes/C00-D49/C15-C26/C25-/C25.3
99,C25,Pancreatic cancer,Malignant neoplasm of pancreas,C25.4,Malignant neoplasm of endocrine pancreas,C25 | C25.4 | Pancreatic cancer | Pancreatic Carcinoma | Pancreatic Adenocarcinoma | PDAC |Endocrine Pancreatic Tumor | Pancreatic Neuroendocrine Tumor | PNET |  Islet Cell Carcinoma |,9fb3d20d-4638-571a-88fc-e2df5d7a19ce,https://www.icd10data.com//ICD10CM/Codes/C00-D49/C15-C26/C25-/C25.4
100,C25,Pancreatic cancer,Malignant neoplasm of pancreas,C25.7,Malignant neoplasm of other parts of pancreas,C25 | C25.7 | Pancreatic cancer | Pancreatic Carcinoma | Pancreatic Adenocarcinoma | PDAC |  Rare Pancreatic Tumors |,10f28e52-2d1b-508e-86ef-8f1e2f0b8291,https://www.icd10data.com//ICD10CM/Codes/C00-D49/C15-C26/C25-/C25.7
101,C25,Pancreatic cancer,Malignant neoplasm of pancreas,C25.8,Malignant neoplasm of overlapping sites of pancreas,C25 | C25.8 | Pancreatic cancer | Pancreatic Carcinoma | Pancreatic Adenocarcinoma | PDAC |Endocrine Pancreatic Tumor  |  Multifocal Pancreatic Cancer | ,b268e4b7-4a50-58dd-9cf5-a98764230b9d,https://www.icd10data.com//ICD10CM/Codes/C00-D49/C15-C26/C25-/C25.8
102,C25,Pancreatic cancer,Malignant neoplasm of pancreas,C25.9,"Malignant neoplasm of pancreas, unspecified",C25 | C25.9 | Pancreatic cancer | Pancreatic Carcinoma | Pancreatic Adenocarcinoma | PDAC | Unspecified Pancreatic Carcinoma | Pancreatic Tumor NOS |,d04f7060-c54b-5bf1-be02-a6a91c29bf2e,https://www.icd10data.com//ICD10CM/Codes/C00-D49/C15-C26/C25-/C25.9
103,C31,Sinus Cancer,Malignant neoplasm of accessory sinuses,C31.0,Malignant neoplasm of maxillary sinus,C31 | C31.0 | Sinus Cancer | Malignant Neoplasm of Sinus | Maxillary Sinus Cancer |Maxillary Sinus Carcinoma | Maxillary Sinus Tumor |,a2eb050b-57fd-5765-b771-6a2753bf4382,https://www.icd10data.com//ICD10CM/Codes/C00-D49/C30-C39/C31-/C31.0
104,C31,Sinus Cancer,Malignant neoplasm of accessory sinuses,C31.1,Malignant neoplasm of ethmoidal sinus,C31 | C31.1 | Sinus Cancer | Malignant Neoplasm of Sinus | Sinonasal Cancer| Ethmoidal Sinus Cancer | Ethmoid Sinus Carcinoma | Ethmoidal Sinus Tumor | ,c62c9b25-79e3-536a-a71b-13b09017c3f4,https://www.icd10data.com//ICD10CM/Codes/C00-D49/C30-C39/C31-/C31.1
105,C31,Sinus Cancer,Malignant neoplasm of accessory sinuses,C31.2,Malignant neoplasm of frontal sinus,C31 | C31.2 | Sinus Cancer | Malignant Neoplasm of Sinus | Sinonasal Cancer| Frontal Sinus Cancer | Frontal Sinus Carcinoma | Frontal Sinus Tumor |,370099a3-74b3-5248-adea-422ed2995960,https://www.icd10data.com//ICD10CM/Codes/C00-D49/C30-C39/C31-/C31.2
106,C31,Sinus Cancer,Malignant neoplasm of accessory sinuses,C31.3,Malignant neoplasm of sphenoid sinus,C31 | C31.3 | Sinus Cancer | Malignant Neoplasm of Sinus | Sinonasal Cancer | Sphenoid Sinus Cancer | Sphenoidal Sinus Cancer | Sphenoid Sinus Carcinoma | Sphenoidal Sinus Tumor,e3a298f8-120c-5a88-822d-5545e14f1a25,https://www.icd10data.com//ICD10CM/Codes/C00-D49/C30-C39/C31-/C31.3
107,C31,Sinus Cancer,Malignant neoplasm of accessory sinuses,C31.8,Malignant neoplasm of overlapping sites of accessory sinuses,C31 | C31.8 | Sinus Cancer | Malignant Neoplasm of Sinus | Sinonasal Cancer| Multifocal Paranasal Sinus Cancer | Overlapping Paranasal Sinus Tumors |,45fea247-f872-5f0e-b0ea-53fb7622d0ec,https://www.icd10data.com//ICD10CM/Codes/C00-D49/C30-C39/C31-/C31.8
108,C31,Sinus Cancer,Malignant neoplasm of accessory sinuses,C31.9,"Malignant neoplasm of accessory sinus, unspecified","C31 | C31.9 | Sinus Cancer | Malignant Neoplasm of Sinus | Sinonasal Cancer|  Malignant Neoplasm of Accessory Sinus, Unspecified | Unspecified Paranasal Sinus Cancer | Paranasal Sinus Tumor NOS |",080819cf-6b02-5736-b281-51a0e1ab4e33,https://www.icd10data.com//ICD10CM/Codes/C00-D49/C30-C39/C31-/C31.9
109,C32,Laryngeal cancer,Malignant neoplasm of larynx,C32.0,Malignant neoplasm of glottis,C32 | C32.0 | Laryngeal Cancer | Malignant Neoplasm of Larynx | Laryngeal Carcinoma | Laryngeal Squamous Cell Carcinoma | LSCC | Glottic Cancer | Vocal Cord Cancer | Voice Box Cancer | Cancer of Vocal Cords | Laryngeal Glottis Carcinoma |,91ce068d-b803-58f0-9d86-41504c80874b,https://www.icd10data.com//ICD10CM/Codes/C00-D49/C30-C39/C32-/C32.0
110,C32,Laryngeal cancer,Malignant neoplasm of larynx,C32.1,Malignant neoplasm of supraglottis,C32 | C32.1 | Laryngeal Cancer | Malignant Neoplasm of Larynx | Laryngeal Carcinoma | Laryngeal Squamous Cell Carcinoma | LSCC | Glottic Cancer | Supraglottic Cancer | Supraglottic Laryngeal Carcinoma |,b7b22e85-0e91-59cd-9dab-342d07f16971,https://www.icd10data.com//ICD10CM/Codes/C00-D49/C30-C39/C32-/C32.1
111,C32,Laryngeal cancer,Malignant neoplasm of larynx,C32.2,Malignant neoplasm of subglottis,C32 | C32.2 | Laryngeal Cancer | Malignant Neoplasm of Larynx | Laryngeal Carcinoma | Laryngeal Squamous Cell Carcinoma | LSCC | Subglottic Cancer | sub-glottic cancer | sub glottic cancer | Subglottic Laryngeal Carcinoma,30532c0f-9b0a-5aa4-94e0-b4602adcb288,https://www.icd10data.com//ICD10CM/Codes/C00-D49/C30-C39/C32-/C32.2
112,C32,Laryngeal cancer,Malignant neoplasm of larynx,C32.3,Malignant neoplasm of laryngeal cartilage,C32 | C32.3 | Laryngeal Cancer | Malignant Neoplasm of Larynx | Laryngeal Carcinoma | Laryngeal Squamous Cell Carcinoma | LSCC | Laryngeal Cartilage Cancer |,3283023d-9943-548e-88ad-d73d0a5fdf76,https://www.icd10data.com//ICD10CM/Codes/C00-D49/C30-C39/C32-/C32.3
113,C32,Laryngeal cancer,Malignant neoplasm of larynx,C32.8,Malignant neoplasm of overlapping sites of larynx,C32 | C32.8 | Laryngeal Cancer | Malignant Neoplasm of Larynx | Laryngeal Carcinoma | Laryngeal Squamous Cell Carcinoma | LSCC | Glottic Cancer | Multifocal Laryngeal Cancer |,0fcffb12-8738-5d63-a1e3-92e714d60c16,https://www.icd10data.com//ICD10CM/Codes/C00-D49/C30-C39/C32-/C32.8
114,C32,Laryngeal cancer,Malignant neoplasm of larynx,C32.9,"Malignant neoplasm of larynx, unspecified",C32 | C32.9 | Laryngeal Cancer | Malignant Neoplasm of Larynx | Laryngeal Carcinoma | Laryngeal Squamous Cell Carcinoma | LSCC |  Unspecified Laryngeal Carcinoma | Laryngeal Tumor NOS |,fc8a4081-2748-5189-9d2c-9a61a9f3be25,https://www.icd10data.com//ICD10CM/Codes/C00-D49/C30-C39/C32-/C32.9
115,C34,Lung Cancer,Malignant neoplasm of bronchus and lung,C34.0,Malignant neoplasm of main bronchus,C34 | C34.0 | Lung Cancer | Pulmonary Cancer | Malignant Neoplasm of Lung | Lung Carcinoma | Non-Small Cell Lung Cancer | NSCLC | Small Cell Lung Cancer | SCLC | Adenocarcinoma of Lung | Bronchogenic Carcinoma | Small-Cell Lung Cancer | Small Cell Lung Cancer | Non small cell lung cancer |,832af14f-2e9f-5590-a901-0b797184b4c0,https://www.icd10data.com//ICD10CM/Codes/C00-D49/C30-C39/C34-/C34.0
116,C34,Lung Cancer,Malignant neoplasm of bronchus and lung,C34.00,Malignant neoplasm of unspecified main bronchus,"C34 | C34.00 | Lung Cancer | Pulmonary Cancer | Malignant Neoplasm of Lung | Lung Carcinoma | Non-Small Cell Lung Cancer | NSCLC | Small Cell Lung Cancer | SCLC | Adenocarcinoma of Lung | Bronchogenic Carcinoma | Small-Cell Lung Cancer | Small Cell Lung Cancer | Non small cell lung cancer | Malignant Neoplasm of Main Bronchus, Unspecified  |",e85df83e-c9f1-57c7-8297-9c22473efb6f,https://www.icd10data.com//ICD10CM/Codes/C00-D49/C30-C39/C34-/C34.00
117,C34,Lung Cancer,Malignant neoplasm of bronchus and lung,C34.01,Malignant neoplasm of right main bronchus,C34 | C34.01 | Lung Cancer | Pulmonary Cancer  | Malignant Neoplasm of Right Main Bronchus | Lung Carcinoma | NSCLC | SCLC | Adenocarcinoma of Lung | Bronchogenic Carcinoma | Small-Cell Lung Cancer,4fd82266-d9e4-5e2c-952f-208fcb0824ef,https://www.icd10data.com//ICD10CM/Codes/C00-D49/C30-C39/C34-/C34.01
118,C34,Lung Cancer,Malignant neoplasm of bronchus and lung,C34.02,Malignant neoplasm of left main bronchus,C34 | C34.02 | Lung Cancer | Pulmonary Cancer | Malignant Neoplasm of Lung | Lung Carcinoma | Non-Small Cell Lung Cancer | NSCLC | Small Cell Lung Cancer | SCLC | Adenocarcinoma of Lung | Bronchogenic Carcinoma | Small-Cell Lung Cancer | Small Cell Lung Cancer | Non small cell lung cancer | Malignant Neoplasm of Left Main Bronchus | Lung Carcinoma |,921c3d0d-cda3-573c-81e7-f0fe661e1ed2,https://www.icd10data.com//ICD10CM/Codes/C00-D49/C30-C39/C34-/C34.02
119,C34,Lung Cancer,Malignant neoplasm of bronchus and lung,C34.1,"Malignant neoplasm of upper lobe, bronchus or lung",C34 | C34.1 | Lung Cancer | Pulmonary Cancer | Malignant Neoplasm of Lung | Lung Carcinoma | Non-Small Cell Lung Cancer | NSCLC | Small Cell Lung Cancer | SCLC | Adenocarcinoma of Lung | Bronchogenic Carcinoma | Small-Cell Lung Cancer | Small Cell Lung Cancer | Non small cell lung cancer |  Malignant Neoplasm of Upper Lobe of Lung |,679d08b6-b3c0-5344-bfd5-d9ce32cbf9a7,https://www.icd10data.com//ICD10CM/Codes/C00-D49/C30-C39/C34-/C34.1
120,C34,Lung Cancer,Malignant neoplasm of bronchus and lung,C34.10,"Malignant neoplasm of upper lobe, unspecified bronchus or lung","C34 | C34.10 | Lung Cancer | Pulmonary Cancer | Malignant Neoplasm of Lung | Lung Carcinoma | Non-Small Cell Lung Cancer | NSCLC | Small Cell Lung Cancer | SCLC | Adenocarcinoma of Lung | Bronchogenic Carcinoma | Small-Cell Lung Cancer | Small Cell Lung Cancer | Non small cell lung cancer | Malignant Neoplasm of Upper Lobe, Unspecified Lung  |",ff5193cd-3b54-58be-9f28-b16366755d1a,https://www.icd10data.com//ICD10CM/Codes/C00-D49/C30-C39/C34-/C34.10
121,C34,Lung Cancer,Malignant neoplasm of bronchus and lung,C34.11,"Malignant neoplasm of upper lobe, right bronchus or lung","C34 | C34.11 | Lung Cancer | Pulmonary Cancer | Malignant Neoplasm of Lung | Lung Carcinoma | Non-Small Cell Lung Cancer | NSCLC | Small Cell Lung Cancer | SCLC | Adenocarcinoma of Lung | Bronchogenic Carcinoma | Small-Cell Lung Cancer | Small Cell Lung Cancer | Non small cell lung cancer |  Malignant Neoplasm of Upper Lobe, Right Lung  |",e80034fd-d87f-5567-b461-bbb121f4615f,https://www.icd10data.com//ICD10CM/Codes/C00-D49/C30-C39/C34-/C34.11
122,C34,Lung Cancer,Malignant neoplasm of bronchus and lung,C34.12,"Malignant neoplasm of upper lobe, left bronchus or lung","C34 | C34.12 | Lung Cancer | Pulmonary Cancer | Malignant Neoplasm of Lung | Lung Carcinoma | Non-Small Cell Lung Cancer | NSCLC | Small Cell Lung Cancer | SCLC | Adenocarcinoma of Lung | Bronchogenic Carcinoma | Small-Cell Lung Cancer | Small Cell Lung Cancer | Non small cell lung cancer |  Malignant Neoplasm of Upper Lobe, Left Lung |",497a380a-a398-5ab7-bd72-03064aebd01b,https://www.icd10data.com//ICD10CM/Codes/C00-D49/C30-C39/C34-/C34.12
123,C34,Lung Cancer,Malignant neoplasm of bronchus and lung,C34.2,"Malignant neoplasm of middle lobe, bronchus or lung",C34 | C34.2 | Lung Cancer | Pulmonary Cancer | Malignant Neoplasm of Lung | Lung Carcinoma | Non-Small Cell Lung Cancer | NSCLC | Small Cell Lung Cancer | SCLC | Adenocarcinoma of Lung | Bronchogenic Carcinoma | Small-Cell Lung Cancer | Small Cell Lung Cancer | Non small cell lung cancer |  Malignant Neoplasm of Middle Lobe of Lung |  ,d13d8895-aced-5038-a143-9085ca779a0e,https://www.icd10data.com//ICD10CM/Codes/C00-D49/C30-C39/C34-/C34.2
124,C34,Lung Cancer,Malignant neoplasm of bronchus and lung,C34.3,"Malignant neoplasm of lower lobe, bronchus or lung",C34 | C34.3 | Lung Cancer | Pulmonary Cancer | Malignant Neoplasm of Lung | Lung Carcinoma | Non-Small Cell Lung Cancer | NSCLC | Small Cell Lung Cancer | SCLC | Adenocarcinoma of Lung | Bronchogenic Carcinoma | Small-Cell Lung Cancer | Small Cell Lung Cancer | Non small cell lung cancer | Malignant Neoplasm of Lower Lobe of Lung |,8b9b76c8-eb35-5365-99e8-5dde935a3bbe,https://www.icd10data.com//ICD10CM/Codes/C00-D49/C30-C39/C34-/C34.3
125,C34,Lung Cancer,Malignant neoplasm of bronchus and lung,C34.30,"Malignant neoplasm of lower lobe, unspecified bronchus or lung","C34 | C34.30 | Lung Cancer | Pulmonary Cancer | Malignant Neoplasm of Lung | Lung Carcinoma | Non-Small Cell Lung Cancer | NSCLC | Small Cell Lung Cancer | SCLC | Adenocarcinoma of Lung | Bronchogenic Carcinoma | Small-Cell Lung Cancer | Small Cell Lung Cancer | Non small cell lung cancer | Malignant Neoplasm of Lower Lobe, Unspecified Lung |",edd82abd-76a6-56d2-b4a3-a64816be3568,https://www.icd10data.com//ICD10CM/Codes/C00-D49/C30-C39/C34-/C34.30
126,C34,Lung Cancer,Malignant neoplasm of bronchus and lung,C34.31,"Malignant neoplasm of lower lobe, right bronchus or lung","C34 | C34.31 | Lung Cancer | Pulmonary Cancer | Malignant Neoplasm of Lung | Lung Carcinoma | Non-Small Cell Lung Cancer | NSCLC | Small Cell Lung Cancer | SCLC | Adenocarcinoma of Lung | Bronchogenic Carcinoma | Small-Cell Lung Cancer | Small Cell Lung Cancer | Non small cell lung cancer | Malignant Neoplasm of Lower Lobe, Right Lung  |",3c358d39-3c7c-5ad7-9d3f-e480284b3590,https://www.icd10data.com//ICD10CM/Codes/C00-D49/C30-C39/C34-/C34.31
127,C34,Lung Cancer,Malignant neoplasm of bronchus and lung,C34.32,"Malignant neoplasm of lower lobe, left bronchus or lung","C34 | C34.32 | Lung Cancer | Pulmonary Cancer | Malignant Neoplasm of Lung | Lung Carcinoma | Non-Small Cell Lung Cancer | NSCLC | Small Cell Lung Cancer | SCLC | Adenocarcinoma of Lung | Bronchogenic Carcinoma | Small-Cell Lung Cancer | Small Cell Lung Cancer | Non small cell lung cancer | Malignant Neoplasm of Lower Lobe, Left Lung |",a46839c2-896d-5da1-96f7-d6e38df9cc21,https://www.icd10data.com//ICD10CM/Codes/C00-D49/C30-C39/C34-/C34.32
128,C34,Lung Cancer,Malignant neoplasm of bronchus and lung,C34.8,Malignant neoplasm of overlapping sites of bronchus and lung,C34 | C34.8 | Lung Cancer | Pulmonary Cancer | Malignant Neoplasm of Lung | Lung Carcinoma | Non-Small Cell Lung Cancer | NSCLC | Small Cell Lung Cancer | SCLC | Adenocarcinoma of Lung | Bronchogenic Carcinoma | Small-Cell Lung Cancer | Small Cell Lung Cancer | Non small cell lung cancer | Malignant Neoplasm of Overlapping Sites of Lung  |,ac4297d3-abbb-5963-994d-1cfa1dfb1c57,https://www.icd10data.com//ICD10CM/Codes/C00-D49/C30-C39/C34-/C34.8
129,C34,Lung Cancer,Malignant neoplasm of bronchus and lung,C34.80,Malignant neoplasm of overlapping sites of unspecified bronchus and lung,C34 | C34.80 | Lung Cancer | Pulmonary Cancer | Malignant Neoplasm of Lung | Lung Carcinoma | Non-Small Cell Lung Cancer | NSCLC | Small Cell Lung Cancer | SCLC | Adenocarcinoma of Lung | Bronchogenic Carcinoma | Small-Cell Lung Cancer | Small Cell Lung Cancer | Non small cell lung cancer | Malignant Neoplasm of Overlapping Sites of Unspecified Lung |,b655b7d8-f52c-55d6-a2a4-3469ce2bf01c,https://www.icd10data.com//ICD10CM/Codes/C00-D49/C30-C39/C34-/C34.80
130,C34,Lung Cancer,Malignant neoplasm of bronchus and lung,C34.81,Malignant neoplasm of overlapping sites of right bronchus and lung,C34 | C34.81 | Lung Cancer | Pulmonary Cancer | Malignant Neoplasm of Lung | Lung Carcinoma | Non-Small Cell Lung Cancer | NSCLC | Small Cell Lung Cancer | SCLC | Adenocarcinoma of Lung | Bronchogenic Carcinoma | Small-Cell Lung Cancer | Small Cell Lung Cancer | Non small cell lung cancer |  Malignant Neoplasm of Overlapping Sites of Right Lung |,161d3d5b-bfaa-5824-8392-9941f92a43c5,https://www.icd10data.com//ICD10CM/Codes/C00-D49/C30-C39/C34-/C34.81
131,C34,Lung Cancer,Malignant neoplasm of bronchus and lung,C34.82,Malignant neoplasm of overlapping sites of left bronchus and lung,C34 | C34.82 | Lung Cancer | Pulmonary Cancer | Malignant Neoplasm of Lung | Lung Carcinoma | Non-Small Cell Lung Cancer | NSCLC | Small Cell Lung Cancer | SCLC | Adenocarcinoma of Lung | Bronchogenic Carcinoma | Small-Cell Lung Cancer | Small Cell Lung Cancer | Non small cell lung cancer | | Malignant Neoplasm of Overlapping Sites of Left Lung |,ba23df89-7c12-5904-b29d-241d3b67b587,https://www.icd10data.com//ICD10CM/Codes/C00-D49/C30-C39/C34-/C34.82
132,C34,Lung Cancer,Malignant neoplasm of bronchus and lung,C34.9,Malignant neoplasm of unspecified part of bronchus or lung,C34 | C34.9 | Lung Cancer | Pulmonary Cancer | Malignant Neoplasm of Lung | Lung Carcinoma | Non-Small Cell Lung Cancer | NSCLC | Small Cell Lung Cancer | SCLC | Adenocarcinoma of Lung | Bronchogenic Carcinoma | Small-Cell Lung Cancer | Small Cell Lung Cancer | Non small cell lung cancer | ,2391867d-d564-59f0-a84e-8637648d399a,https://www.icd10data.com//ICD10CM/Codes/C00-D49/C30-C39/C34-/C34.9
133,C34,Lung Cancer,Malignant neoplasm of bronchus and lung,C34.90,Malignant neoplasm of unspecified part of unspecified bronchus or lung,C34 | C34.90 | Lung Cancer | Pulmonary Cancer | Malignant Neoplasm of Lung | Lung Carcinoma | Non-Small Cell Lung Cancer | NSCLC | Small Cell Lung Cancer | SCLC | Adenocarcinoma of Lung | Bronchogenic Carcinoma | Small-Cell Lung Cancer | Small Cell Lung Cancer | Non small cell lung cancer | ,d1b9a900-5e5d-551a-b411-bd182fdfa9a7,https://www.icd10data.com//ICD10CM/Codes/C00-D49/C30-C39/C34-/C34.90
134,C34,Lung Cancer,Malignant neoplasm of bronchus and lung,C34.91,Malignant neoplasm of unspecified part of right bronchus or lung,C34 | C34.91 | Lung Cancer | Pulmonary Cancer | Malignant Neoplasm of Lung | Lung Carcinoma | Non-Small Cell Lung Cancer | NSCLC | Small Cell Lung Cancer | SCLC | Adenocarcinoma of Lung | Bronchogenic Carcinoma | Small-Cell Lung Cancer | Small Cell Lung Cancer | Non small cell lung cancer | ,c63f6ac6-c868-59ad-a779-9a4323211845,https://www.icd10data.com//ICD10CM/Codes/C00-D49/C30-C39/C34-/C34.91
135,C34,Lung Cancer,Malignant neoplasm of bronchus and lung,C34.92,Malignant neoplasm of unspecified part of left bronchus or lung,C34 | C34.92 | Lung Cancer | Pulmonary Cancer | Malignant Neoplasm of Lung | Lung Carcinoma | Non-Small Cell Lung Cancer | NSCLC | Small Cell Lung Cancer | SCLC | Adenocarcinoma of Lung | Bronchogenic Carcinoma | Small-Cell Lung Cancer | Small Cell Lung Cancer | Non small cell lung cancer | ,57905e53-51c6-514f-ae69-981ce98af042,https://www.icd10data.com//ICD10CM/Codes/C00-D49/C30-C39/C34-/C34.92
136,C43,Skin Cancer,Malignant melanoma of skin,C43.0,Malignant melanoma of lip,C43 | C43.0 | Melanoma | Cutaneous Melanoma | Cutaneous Oncogenesis | Skin Cancer | | Malignant Melanoma of Lip | Lip Melanoma | ,04bf213e-9bf2-5185-bd52-5d69f39b0cdb,https://www.icd10data.com//ICD10CM/Codes/C00-D49/C43-C44/C43-/C43.0
137,C43,Skin Cancer,Malignant melanoma of skin,C43.1,"Malignant melanoma of eyelid, including canthus","C43 | C43.1 | Melanoma | Cutaneous Melanoma | Cutaneous Oncogenesis | Skin Cancer | Malignant Melanoma of Eyelid, Including Canthus | Eyelid Melanoma | Cutaneous Melanoma | Cutaneous Oncogenesis | Skin Cancer",4a34622f-3b83-5536-a85f-da08a9b45424,https://www.icd10data.com//ICD10CM/Codes/C00-D49/C43-C44/C43-/C43.1
138,C43,Skin Cancer,Malignant melanoma of skin,C43.10,"Malignant melanoma of unspecified eyelid, including canthus","C43 | C43.10 | Melanoma | Cutaneous Melanoma | Cutaneous Oncogenesis | Skin Cancer | Malignant Melanoma of Unspecified Eyelid, Including Canthus | ",c292bfb0-4af7-5764-b08c-4371f9074d0d,https://www.icd10data.com//ICD10CM/Codes/C00-D49/C43-C44/C43-/C43.10
139,C43,Skin Cancer,Malignant melanoma of skin,C43.11,"Malignant melanoma of right eyelid, including canthus",C43 | C43.11 | Melanoma | Cutaneous Melanoma | Cutaneous Oncogenesis | Skin Cancer | Right Eyelid Melanoma |,68ca5aae-a4ac-5e20-b5c9-7ccc3f1e21ee,https://www.icd10data.com//ICD10CM/Codes/C00-D49/C43-C44/C43-/C43.11
140,C43,Skin Cancer,Malignant melanoma of skin,C43.111,"Malignant melanoma of right upper eyelid, including canthus",C43 | C43.111 | Melanoma | Cutaneous Melanoma | Cutaneous Oncogenesis | Skin Cancer |,b0c4269c-e05f-5d60-9521-eddb18b4a910,https://www.icd10data.com//ICD10CM/Codes/C00-D49/C43-C44/C43-/C43.111
141,C43,Skin Cancer,Malignant melanoma of skin,C43.112,"Malignant melanoma of right lower eyelid, including canthus",C43 | C43.112 | Melanoma | Cutaneous Melanoma | Cutaneous Oncogenesis | Skin Cancer |,f15c6fc9-39f2-5374-bd0b-b0170628bb9a,https://www.icd10data.com//ICD10CM/Codes/C00-D49/C43-C44/C43-/C43.112
142,C43,Skin Cancer,Malignant melanoma of skin,C43.12,"Malignant melanoma of left eyelid, including canthus",C43 | C43.12 | Melanoma | Cutaneous Melanoma | Cutaneous Oncogenesis | Skin Cancer | Left Eyelid Melanoma | Cutaneous Melanoma | Cutaneous Oncogenesis | ,449c6712-07ab-5ce2-a494-a4305b262198,https://www.icd10data.com//ICD10CM/Codes/C00-D49/C43-C44/C43-/C43.12
143,C43,Skin Cancer,Malignant melanoma of skin,C43.121,"Malignant melanoma of left upper eyelid, including canthus",C43 | C43.121 | Melanoma | Cutaneous Melanoma | Cutaneous Oncogenesis | Skin Cancer |,905b2958-40e5-5a2a-be1e-158b794e4214,https://www.icd10data.com//ICD10CM/Codes/C00-D49/C43-C44/C43-/C43.121
144,C43,Skin Cancer,Malignant melanoma of skin,C43.122,"Malignant melanoma of left lower eyelid, including canthus",C43 | C43.122 | Melanoma | Cutaneous Melanoma | Cutaneous Oncogenesis | Skin Cancer |,ddb674eb-6d2d-5874-aaeb-0974b7ef9a9a,https://www.icd10data.com//ICD10CM/Codes/C00-D49/C43-C44/C43-/C43.122
147,C43,Skin Cancer,Malignant melanoma of skin,C43.21,Malignant melanoma of right ear and external auricular canal,C43 | C43.21 | Melanoma | Cutaneous Melanoma | Cutaneous Oncogenesis | Skin Cancer |,ccf45833-7aae-5c3f-ae85-0cc60a924ed6,https://www.icd10data.com//ICD10CM/Codes/C00-D49/C43-C44/C43-/C43.21
148,C43,Skin Cancer,Malignant melanoma of skin,C43.22,Malignant melanoma of left ear and external auricular canal,C43 | C43.22 | Melanoma | Cutaneous Melanoma | Cutaneous Oncogenesis | Skin Cancer |,6e1b7fa4-8fa7-5edb-9e29-68b3809c1138,https://www.icd10data.com//ICD10CM/Codes/C00-D49/C43-C44/C43-/C43.22
149,C43,Skin Cancer,Malignant melanoma of skin,C43.3,Malignant melanoma of other and unspecified parts of face,C43 | C43.3 | Melanoma | Cutaneous Melanoma | Cutaneous Oncogenesis | Skin Cancer |  Facial Melanoma | Cutaneous Melanoma | Cutaneous Oncogenesis | Skin Cancer,384c8760-68ae-54b4-815a-cd3e72de62b6,https://www.icd10data.com//ICD10CM/Codes/C00-D49/C43-C44/C43-/C43.3
150,C43,Skin Cancer,Malignant melanoma of skin,C43.30,Malignant melanoma of unspecified part of face,C43 | C43.30 | Melanoma | Cutaneous Melanoma | Cutaneous Oncogenesis | Skin Cancer |,c912d564-232a-566c-b568-b675c0a8c3cf,https://www.icd10data.com//ICD10CM/Codes/C00-D49/C43-C44/C43-/C43.30
151,C43,Skin Cancer,Malignant melanoma of skin,C43.31,Malignant melanoma of nose,C43 | C43.31 | Melanoma | Cutaneous Melanoma | Cutaneous Oncogenesis | Skin Cancer |,e8373eab-2792-5a8b-a82c-6e9c20212db7,https://www.icd10data.com//ICD10CM/Codes/C00-D49/C43-C44/C43-/C43.31
152,C43,Skin Cancer,Malignant melanoma of skin,C43.39,Malignant melanoma of other parts of face,C43 | C43.39 | Melanoma | Cutaneous Melanoma | Cutaneous Oncogenesis | Skin Cancer |,b559bf44-263a-5176-8f89-7e5df095c1a0,https://www.icd10data.com//ICD10CM/Codes/C00-D49/C43-C44/C43-/C43.39
153,C43,Skin Cancer,Malignant melanoma of skin,C43.4,Malignant melanoma of scalp and neck,C43 | C43.4 |Melanoma | Cutaneous Melanoma | Cutaneous Oncogenesis | Skin Cancer | Scalp Melanoma | Neck Melanoma |,cd5d6a32-1b55-5947-a0b0-32c38651df54,https://www.icd10data.com//ICD10CM/Codes/C00-D49/C43-C44/C43-/C43.4
154,C43,Skin Cancer,Malignant melanoma of skin,C43.5,Malignant melanoma of trunk,C43 | C43.5 | Melanoma | Cutaneous Melanoma | Cutaneous Oncogenesis | Skin Cancer |,a18fd0dc-9aed-528d-9080-e0e11fe2b5b7,https://www.icd10data.com//ICD10CM/Codes/C00-D49/C43-C44/C43-/C43.5
155,C43,Skin Cancer,Malignant melanoma of skin,C43.51,Malignant melanoma of anal skin,C43 | C43.51 | Melanoma | Cutaneous Melanoma | Cutaneous Oncogenesis | Skin Cancer |,5d40bef0-3943-56b9-845f-13ac7fcdebbd,https://www.icd10data.com//ICD10CM/Codes/C00-D49/C43-C44/C43-/C43.51
156,C43,Skin Cancer,Malignant melanoma of skin,C43.52,Malignant melanoma of skin of breast,C43 | C43.52 | Melanoma | Cutaneous Melanoma | Cutaneous Oncogenesis | Skin Cancer |,967c3615-885e-56f3-9d8b-bb260ed73b47,https://www.icd10data.com//ICD10CM/Codes/C00-D49/C43-C44/C43-/C43.52
157,C43,Skin Cancer,Malignant melanoma of skin,C43.59,Malignant melanoma of other part of trunk,C43 | C43.59 | Melanoma | Cutaneous Melanoma | Cutaneous Oncogenesis | Skin Cancer |,25b61e4f-3feb-59fa-9d20-443c20789004,https://www.icd10data.com//ICD10CM/Codes/C00-D49/C43-C44/C43-/C43.59
158,C43,Skin Cancer,Malignant melanoma of skin,C43.6,"Malignant melanoma of upper limb, including shoulder",C43 | C43.6 | Melanoma | Cutaneous Melanoma | Cutaneous Oncogenesis | Skin Cancer | Upper Limb Melanoma ,fa62d9f0-24b1-54c6-b154-50a3df750acd,https://www.icd10data.com//ICD10CM/Codes/C00-D49/C43-C44/C43-/C43.6
159,C43,Skin Cancer,Malignant melanoma of skin,C43.60,"Malignant melanoma of unspecified upper limb, including shoulder",C43 | C43.60 | Melanoma | Cutaneous Melanoma | Cutaneous Oncogenesis | Skin Cancer |,19aac311-6659-56ac-b782-265e26d1a511,https://www.icd10data.com//ICD10CM/Codes/C00-D49/C43-C44/C43-/C43.60
160,C43,Skin Cancer,Malignant melanoma of skin,C43.61,"Malignant melanoma of right upper limb, including shoulder",C43 | C43.61 | Melanoma | Cutaneous Melanoma | Cutaneous Oncogenesis | Skin Cancer |,22170136-8c92-517a-8288-34d42f04eb7f,https://www.icd10data.com//ICD10CM/Codes/C00-D49/C43-C44/C43-/C43.61
161,C43,Skin Cancer,Malignant melanoma of skin,C43.62,"Malignant melanoma of left upper limb, including shoulder",C43 | C43.62 | Melanoma | Cutaneous Melanoma | Cutaneous Oncogenesis | Skin Cancer |,fbd39c08-cced-5321-83cb-4fb3a35ec57a,https://www.icd10data.com//ICD10CM/Codes/C00-D49/C43-C44/C43-/C43.62
162,C43,Skin Cancer,Malignant melanoma of skin,C43.7,"Malignant melanoma of lower limb, including hip",C43 | C43.7 | Melanoma | Cutaneous Melanoma | Cutaneous Oncogenesis | Skin Cancer | Lower Limb Melanoma |,d30bf399-5e3f-502a-8ded-219ecf436b8d,https://www.icd10data.com//ICD10CM/Codes/C00-D49/C43-C44/C43-/C43.7
163,C43,Skin Cancer,Malignant melanoma of skin,C43.70,"Malignant melanoma of unspecified lower limb, including hip",C43 | C43.70 | Melanoma | Cutaneous Melanoma | Cutaneous Oncogenesis | Skin Cancer |,7c6a6328-3dd5-521b-b511-87ee91ac3997,https://www.icd10data.com//ICD10CM/Codes/C00-D49/C43-C44/C43-/C43.70
164,C43,Skin Cancer,Malignant melanoma of skin,C43.71,"Malignant melanoma of right lower limb, including hip",C43 | C43.71 | Melanoma | Cutaneous Melanoma | Cutaneous Oncogenesis | Skin Cancer |,fa61ac5a-26e6-5787-b61d-4585b2d72ebf,https://www.icd10data.com//ICD10CM/Codes/C00-D49/C43-C44/C43-/C43.71
165,C43,Skin Cancer,Malignant melanoma of skin,C43.72,"Malignant melanoma of left lower limb, including hip",C43 | C43.72 | Melanoma | Cutaneous Melanoma | Cutaneous Oncogenesis | Skin Cancer |,adce3544-874b-5bb5-966a-2af4f5d0b79b,https://www.icd10data.com//ICD10CM/Codes/C00-D49/C43-C44/C43-/C43.72
166,C43,Skin Cancer,Malignant melanoma of skin,C43.8,Malignant melanoma of overlapping sites of skin,C43 | C43.8 | Melanoma | Cutaneous Melanoma | Cutaneous Oncogenesis | Skin Cancer | Overlapping Melanoma |,ef309a2d-6167-5b5b-8041-4877bbace0ee,https://www.icd10data.com//ICD10CM/Codes/C00-D49/C43-C44/C43-/C43.8
167,C43,Skin Cancer,Malignant melanoma of skin,C43.9,"Malignant melanoma of skin, unspecified",C43 | C43.9 | Melanoma | Cutaneous Melanoma | Cutaneous Oncogenesis | Skin Cancer |,e859811f-b9cd-5d88-8fb0-3320cf94ba37,https://www.icd10data.com//ICD10CM/Codes/C00-D49/C43-C44/C43-/C43.9
168,C44,Non-melanoma skin cancer,Other and unspecified malignant neoplasm of skin,C44.0,Other and unspecified malignant neoplasm of skin of lip,C44 | C44.0 | Non-melanoma skin cancer | NMSC | Non melanoma skin cancer | Nonmelanoma skin cancer | ,72611c79-b6a7-5b5e-942d-e95cbc3af8d6,https://www.icd10data.com//ICD10CM/Codes/C00-D49/C43-C44/C44-/C44.0
169,C44,Non-melanoma skin cancer,Other and unspecified malignant neoplasm of skin,C44.00,Unspecified malignant neoplasm of skin of lip,C44 | C44.00 | Non-melanoma skin cancer | NMSC | Non melanoma skin cancer | Nonmelanoma skin cancer | ,e800fc3f-b555-5933-82be-b1a259bfeb37,https://www.icd10data.com//ICD10CM/Codes/C00-D49/C43-C44/C44-/C44.00
170,C44,Non-melanoma skin cancer,Other and unspecified malignant neoplasm of skin,C44.01,Basal cell carcinoma of skin of lip,C44 | C44.01 | Non-melanoma skin cancer | NMSC | Non melanoma skin cancer | Nonmelanoma skin cancer | ,61e20273-a7ac-56da-b2d6-c32211e89cb9,https://www.icd10data.com//ICD10CM/Codes/C00-D49/C43-C44/C44-/C44.01
171,C44,Non-melanoma skin cancer,Other and unspecified malignant neoplasm of skin,C44.02,Squamous cell carcinoma of skin of lip,C44 | C44.02 | Non-melanoma skin cancer | NMSC | Non melanoma skin cancer | Nonmelanoma skin cancer | ,7e02ddf5-b0c6-506a-aa29-fd016b854346,https://www.icd10data.com//ICD10CM/Codes/C00-D49/C43-C44/C44-/C44.02
172,C44,Non-melanoma skin cancer,Other and unspecified malignant neoplasm of skin,C44.09,Other specified malignant neoplasm of skin of lip,C44 | C44.09 | Non-melanoma skin cancer | NMSC | Non melanoma skin cancer | Nonmelanoma skin cancer | ,b1b2aab2-ed2e-5e5f-a16a-b70bff301b6e,https://www.icd10data.com//ICD10CM/Codes/C00-D49/C43-C44/C44-/C44.09
173,C44,Non-melanoma skin cancer,Other and unspecified malignant neoplasm of skin,C44.1,"Other and unspecified malignant neoplasm of skin of eyelid, including canthus",C44 | C44.1 | Non-melanoma skin cancer | NMSC | Non melanoma skin cancer | Nonmelanoma skin cancer | ,19f276fd-6e7e-5ecd-bb53-063a0627394f,https://www.icd10data.com//ICD10CM/Codes/C00-D49/C43-C44/C44-/C44.1
174,C44,Non-melanoma skin cancer,Other and unspecified malignant neoplasm of skin,C44.10,"Unspecified malignant neoplasm of skin of eyelid, including canthus",C44 | C44.10 | Non-melanoma skin cancer | NMSC | Non melanoma skin cancer | Nonmelanoma skin cancer | ,5fd0cad5-1694-576e-b767-0d49b634602d,https://www.icd10data.com//ICD10CM/Codes/C00-D49/C43-C44/C44-/C44.10
175,C44,Non-melanoma skin cancer,Other and unspecified malignant neoplasm of skin,C44.101,"Unspecified malignant neoplasm of skin of unspecified eyelid, including canthus",C44 | C44.101 | Non-melanoma skin cancer | NMSC | Non melanoma skin cancer | Nonmelanoma skin cancer | ,2e33b8d0-b3df-5f17-8001-d0be95822e89,https://www.icd10data.com//ICD10CM/Codes/C00-D49/C43-C44/C44-/C44.101
176,C44,Non-melanoma skin cancer,Other and unspecified malignant neoplasm of skin,C44.102,"Unspecified malignant neoplasm of skin of right eyelid, including canthus",C44 | C44.102 | Non-melanoma skin cancer | NMSC | Non melanoma skin cancer | Nonmelanoma skin cancer | ,fa7cc823-84ec-50cd-94fd-fa0244cbad63,https://www.icd10data.com//ICD10CM/Codes/C00-D49/C43-C44/C44-/C44.102
177,C44,Non-melanoma skin cancer,Other and unspecified malignant neoplasm of skin,C44.1021,"Unspecified malignant neoplasm of skin of right upper eyelid, including canthus",C44 | C44.1021 | Non-melanoma skin cancer | NMSC | Non melanoma skin cancer | Nonmelanoma skin cancer | ,e16553cf-3869-54e3-8c9f-b018fbc06902,https://www.icd10data.com//ICD10CM/Codes/C00-D49/C43-C44/C44-/C44.1021
178,C44,Non-melanoma skin cancer,Other and unspecified malignant neoplasm of skin,C44.1022,"Unspecified malignant neoplasm of skin of right lower eyelid, including canthus",C44 | C44.1022 | Non-melanoma skin cancer | NMSC | Non melanoma skin cancer | Nonmelanoma skin cancer | ,a9e24c13-c77f-5977-b118-644c16daea0a,https://www.icd10data.com//ICD10CM/Codes/C00-D49/C43-C44/C44-/C44.1022
179,C44,Non-melanoma skin cancer,Other and unspecified malignant neoplasm of skin,C44.109,"Unspecified malignant neoplasm of skin of left eyelid, including canthus",C44 | C44.109 | Non-melanoma skin cancer | NMSC | Non melanoma skin cancer | Nonmelanoma skin cancer | ,1b1b258f-1698-5058-920f-83038e181742,https://www.icd10data.com//ICD10CM/Codes/C00-D49/C43-C44/C44-/C44.109
180,C44,Non-melanoma skin cancer,Other and unspecified malignant neoplasm of skin,C44.1091,"Unspecified malignant neoplasm of skin of left upper eyelid, including canthus",C44 | C44.1091 | Non-melanoma skin cancer | NMSC | Non melanoma skin cancer | Nonmelanoma skin cancer | ,c08fb03b-a32f-51b4-ad88-12be0ab73976,https://www.icd10data.com//ICD10CM/Codes/C00-D49/C43-C44/C44-/C44.1091
181,C44,Non-melanoma skin cancer,Other and unspecified malignant neoplasm of skin,C44.1092,"Unspecified malignant neoplasm of skin of left lower eyelid, including canthus",C44 | C44.1092 | Non-melanoma skin cancer | NMSC | Non melanoma skin cancer | Nonmelanoma skin cancer | ,1383b0da-6c75-5a61-acd3-477e1ae762ed,https://www.icd10data.com//ICD10CM/Codes/C00-D49/C43-C44/C44-/C44.1092
182,C44,Non-melanoma skin cancer,Other and unspecified malignant neoplasm of skin,C44.11,"Basal cell carcinoma of skin of eyelid, including canthus",C44 | C44.11 | Non-melanoma skin cancer | NMSC | Non melanoma skin cancer | Nonmelanoma skin cancer | ,d936f062-bca9-5458-81c6-ff2331d420b1,https://www.icd10data.com//ICD10CM/Codes/C00-D49/C43-C44/C44-/C44.11
183,C44,Non-melanoma skin cancer,Other and unspecified malignant neoplasm of skin,C44.111,"Basal cell carcinoma of skin of unspecified eyelid, including canthus",C44 | C44.111 | Non-melanoma skin cancer | NMSC | Non melanoma skin cancer | Nonmelanoma skin cancer | ,523bad6e-46c5-52cc-9e5b-7949a4eb71f4,https://www.icd10data.com//ICD10CM/Codes/C00-D49/C43-C44/C44-/C44.111
184,C44,Non-melanoma skin cancer,Other and unspecified malignant neoplasm of skin,C44.112,"Basal cell carcinoma of skin of right eyelid, including canthus",C44 | C44.112 | Non-melanoma skin cancer | NMSC | Non melanoma skin cancer | Nonmelanoma skin cancer | ,aa0fb2f3-7702-596e-adbc-155e4c08c6d7,https://www.icd10data.com//ICD10CM/Codes/C00-D49/C43-C44/C44-/C44.112
185,C44,Non-melanoma skin cancer,Other and unspecified malignant neoplasm of skin,C44.1121,"Basal cell carcinoma of skin of right upper eyelid, including canthus",C44 | C44.1121 | Non-melanoma skin cancer | NMSC | Non melanoma skin cancer | Nonmelanoma skin cancer | ,96c2abd1-1d1b-5cd2-b71b-9b5761921ed7,https://www.icd10data.com//ICD10CM/Codes/C00-D49/C43-C44/C44-/C44.1121
186,C44,Non-melanoma skin cancer,Other and unspecified malignant neoplasm of skin,C44.1122,"Basal cell carcinoma of skin of right lower eyelid, including canthus",C44 | C44.1122 | Non-melanoma skin cancer | NMSC | Non melanoma skin cancer | Nonmelanoma skin cancer | ,1f9d7cc3-f9a8-5bb3-b317-4bf55f5080e5,https://www.icd10data.com//ICD10CM/Codes/C00-D49/C43-C44/C44-/C44.1122
187,C44,Non-melanoma skin cancer,Other and unspecified malignant neoplasm of skin,C44.119,"Basal cell carcinoma of skin of left eyelid, including canthus",C44 | C44.119 | Non-melanoma skin cancer | NMSC | Non melanoma skin cancer | Nonmelanoma skin cancer | ,efedaa2e-bbc7-58cd-b44b-04b12d2bd781,https://www.icd10data.com//ICD10CM/Codes/C00-D49/C43-C44/C44-/C44.119
188,C44,Non-melanoma skin cancer,Other and unspecified malignant neoplasm of skin,C44.1191,"Basal cell carcinoma of skin of left upper eyelid, including canthus",C44 | C44.1191 | Non-melanoma skin cancer | NMSC | Non melanoma skin cancer | Nonmelanoma skin cancer | ,22d83e8b-ee31-52ca-8349-9eb1aad6ed90,https://www.icd10data.com//ICD10CM/Codes/C00-D49/C43-C44/C44-/C44.1191
189,C44,Non-melanoma skin cancer,Other and unspecified malignant neoplasm of skin,C44.1192,"Basal cell carcinoma of skin of left lower eyelid, including canthus",C44 | C44.1192 | Non-melanoma skin cancer | NMSC | Non melanoma skin cancer | Nonmelanoma skin cancer | ,7ba27537-ba26-5974-a3de-7130d51d7f1f,https://www.icd10data.com//ICD10CM/Codes/C00-D49/C43-C44/C44-/C44.1192
190,C44,Non-melanoma skin cancer,Other and unspecified malignant neoplasm of skin,C44.12,"Squamous cell carcinoma of skin of eyelid, including canthus",C44 | C44.12 | Non-melanoma skin cancer | NMSC | Non melanoma skin cancer | Nonmelanoma skin cancer | ,937378be-0558-5fd0-9e1c-23a715c72714,https://www.icd10data.com//ICD10CM/Codes/C00-D49/C43-C44/C44-/C44.12
191,C44,Non-melanoma skin cancer,Other and unspecified malignant neoplasm of skin,C44.121,"Squamous cell carcinoma of skin of unspecified eyelid, including canthus",C44 | C44.121 | Non-melanoma skin cancer | NMSC | Non melanoma skin cancer | Nonmelanoma skin cancer | ,98eacc42-3c27-5b30-b988-ba25b83cadeb,https://www.icd10data.com//ICD10CM/Codes/C00-D49/C43-C44/C44-/C44.121
192,C44,Non-melanoma skin cancer,Other and unspecified malignant neoplasm of skin,C44.122,"Squamous cell carcinoma of skin of right eyelid, including canthus",C44 | C44.122 | Non-melanoma skin cancer | NMSC | Non melanoma skin cancer | Nonmelanoma skin cancer | ,7d61efa8-c0a1-585a-8f18-4a1736d6eacf,https://www.icd10data.com//ICD10CM/Codes/C00-D49/C43-C44/C44-/C44.122
193,C44,Non-melanoma skin cancer,Other and unspecified malignant neoplasm of skin,C44.1221,"Squamous cell carcinoma of skin of right upper eyelid, including canthus",C44 | C44.1221 | Non-melanoma skin cancer | NMSC | Non melanoma skin cancer | Nonmelanoma skin cancer | ,06d2fd18-b93c-5ad2-8024-24d2e6824023,https://www.icd10data.com//ICD10CM/Codes/C00-D49/C43-C44/C44-/C44.1221
194,C44,Non-melanoma skin cancer,Other and unspecified malignant neoplasm of skin,C44.1222,"Squamous cell carcinoma of skin of right lower eyelid, including canthus",C44 | C44.1222 | Non-melanoma skin cancer | NMSC | Non melanoma skin cancer | Nonmelanoma skin cancer | ,6d22f1c3-66c9-5eb4-bcc1-13199ed79182,https://www.icd10data.com//ICD10CM/Codes/C00-D49/C43-C44/C44-/C44.1222
195,C44,Non-melanoma skin cancer,Other and unspecified malignant neoplasm of skin,C44.129,"Squamous cell carcinoma of skin of left eyelid, including canthus",C44 | C44.129 | Non-melanoma skin cancer | NMSC | Non melanoma skin cancer | Nonmelanoma skin cancer | ,539b14b4-e9f2-5290-badb-d11acf497b3c,https://www.icd10data.com//ICD10CM/Codes/C00-D49/C43-C44/C44-/C44.129
196,C44,Non-melanoma skin cancer,Other and unspecified malignant neoplasm of skin,C44.1291,"Squamous cell carcinoma of skin of left upper eyelid, including canthus",C44 | C44.1291 | Non-melanoma skin cancer | NMSC | Non melanoma skin cancer | Nonmelanoma skin cancer | ,5ddeb22c-47c3-561c-8c62-af302120b0d9,https://www.icd10data.com//ICD10CM/Codes/C00-D49/C43-C44/C44-/C44.1291
197,C44,Non-melanoma skin cancer,Other and unspecified malignant neoplasm of skin,C44.1292,"Squamous cell carcinoma of skin of left lower eyelid, including canthus",C44 | C44.1292 | Non-melanoma skin cancer | NMSC | Non melanoma skin cancer | Nonmelanoma skin cancer | ,8d9c8dbe-60ba-5378-a2d0-d8f1fde257f9,https://www.icd10data.com//ICD10CM/Codes/C00-D49/C43-C44/C44-/C44.1292
198,C44,Non-melanoma skin cancer,Other and unspecified malignant neoplasm of skin,C44.13,"Sebaceous cell carcinoma of skin of eyelid, including canthus",C44 | C44.13 | Non-melanoma skin cancer | NMSC | Non melanoma skin cancer | Nonmelanoma skin cancer | ,c9d55cd4-4315-5f4a-9353-51224c769f1d,https://www.icd10data.com//ICD10CM/Codes/C00-D49/C43-C44/C44-/C44.13
199,C44,Non-melanoma skin cancer,Other and unspecified malignant neoplasm of skin,C44.131,"Sebaceous cell carcinoma of skin of unspecified eyelid, including canthus",C44 | C44.131 | Non-melanoma skin cancer | NMSC | Non melanoma skin cancer | Nonmelanoma skin cancer | ,e3b457c2-e4a5-5b1d-ba86-4fc741c4cc75,https://www.icd10data.com//ICD10CM/Codes/C00-D49/C43-C44/C44-/C44.131
200,C44,Non-melanoma skin cancer,Other and unspecified malignant neoplasm of skin,C44.132,"Sebaceous cell carcinoma of skin of right eyelid, including canthus",C44 | C44.132 | Non-melanoma skin cancer | NMSC | Non melanoma skin cancer | Nonmelanoma skin cancer | ,6bdeac49-a4a3-5a04-8dad-387967524321,https://www.icd10data.com//ICD10CM/Codes/C00-D49/C43-C44/C44-/C44.132
201,C44,Non-melanoma skin cancer,Other and unspecified malignant neoplasm of skin,C44.1321,"Sebaceous cell carcinoma of skin of right upper eyelid, including canthus",C44 | C44.1321 | Non-melanoma skin cancer | NMSC | Non melanoma skin cancer | Nonmelanoma skin cancer | ,79898947-fdb5-5060-a202-3002b8384625,https://www.icd10data.com//ICD10CM/Codes/C00-D49/C43-C44/C44-/C44.1321
202,C44,Non-melanoma skin cancer,Other and unspecified malignant neoplasm of skin,C44.1322,"Sebaceous cell carcinoma of skin of right lower eyelid, including canthus",C44 | C44.1322 | Non-melanoma skin cancer | NMSC | Non melanoma skin cancer | Nonmelanoma skin cancer | ,ecc51fe5-1bb6-55f5-a0b2-2b7276ad36b3,https://www.icd10data.com//ICD10CM/Codes/C00-D49/C43-C44/C44-/C44.1322
203,C44,Non-melanoma skin cancer,Other and unspecified malignant neoplasm of skin,C44.139,"Sebaceous cell carcinoma of skin of left eyelid, including canthus",C44 | C44.139 | Non-melanoma skin cancer | NMSC | Non melanoma skin cancer | Nonmelanoma skin cancer | ,0e7c1b34-c01c-5e4d-888f-8a13bc02af81,https://www.icd10data.com//ICD10CM/Codes/C00-D49/C43-C44/C44-/C44.139
204,C44,Non-melanoma skin cancer,Other and unspecified malignant neoplasm of skin,C44.1391,"Sebaceous cell carcinoma of skin of left upper eyelid, including canthus",C44 | C44.1391 | Non-melanoma skin cancer | NMSC | Non melanoma skin cancer | Nonmelanoma skin cancer | ,1b39762f-86fe-5b95-8c3b-9b8ff2f2bb25,https://www.icd10data.com//ICD10CM/Codes/C00-D49/C43-C44/C44-/C44.1391
205,C44,Non-melanoma skin cancer,Other and unspecified malignant neoplasm of skin,C44.1392,"Sebaceous cell carcinoma of skin of left lower eyelid, including canthus",C44 | C44.1392 | Non-melanoma skin cancer | NMSC | Non melanoma skin cancer | Nonmelanoma skin cancer | ,6b3df603-e7e1-5ed6-8cd0-db05c7eb3c88,https://www.icd10data.com//ICD10CM/Codes/C00-D49/C43-C44/C44-/C44.1392
206,C44,Non-melanoma skin cancer,Other and unspecified malignant neoplasm of skin,C44.19,"Other specified malignant neoplasm of skin of eyelid, including canthus",C44 | C44.19 | Non-melanoma skin cancer | NMSC | Non melanoma skin cancer | Nonmelanoma skin cancer | ,943a47f4-f011-597d-8397-8c115d368f15,https://www.icd10data.com//ICD10CM/Codes/C00-D49/C43-C44/C44-/C44.19
207,C44,Non-melanoma skin cancer,Other and unspecified malignant neoplasm of skin,C44.191,"Other specified malignant neoplasm of skin of unspecified eyelid, including canthus",C44 | C44.191 | Non-melanoma skin cancer | NMSC | Non melanoma skin cancer | Nonmelanoma skin cancer | ,336ff4c8-daae-58a5-87d3-f7b105bcad8a,https://www.icd10data.com//ICD10CM/Codes/C00-D49/C43-C44/C44-/C44.191
208,C44,Non-melanoma skin cancer,Other and unspecified malignant neoplasm of skin,C44.192,"Other specified malignant neoplasm of skin of right eyelid, including canthus",C44 | C44.192 | Non-melanoma skin cancer | NMSC | Non melanoma skin cancer | Nonmelanoma skin cancer | ,229b586e-2048-57bb-b2eb-2f7f8e5f2eed,https://www.icd10data.com//ICD10CM/Codes/C00-D49/C43-C44/C44-/C44.192
209,C44,Non-melanoma skin cancer,Other and unspecified malignant neoplasm of skin,C44.1921,"Other specified malignant neoplasm of skin of right upper eyelid, including canthus",C44 | C44.1921 | Non-melanoma skin cancer | NMSC | Non melanoma skin cancer | Nonmelanoma skin cancer | ,a71f1c3e-7532-5350-a909-3570fc7f82a3,https://www.icd10data.com//ICD10CM/Codes/C00-D49/C43-C44/C44-/C44.1921
210,C44,Non-melanoma skin cancer,Other and unspecified malignant neoplasm of skin,C44.1922,"Other specified malignant neoplasm of skin of right lower eyelid, including canthus",C44 | C44.1922 | Non-melanoma skin cancer | NMSC | Non melanoma skin cancer | Nonmelanoma skin cancer | ,633b1d69-b28e-50ae-93f4-a924fb9640e1,https://www.icd10data.com//ICD10CM/Codes/C00-D49/C43-C44/C44-/C44.1922
211,C44,Non-melanoma skin cancer,Other and unspecified malignant neoplasm of skin,C44.199,"Other specified malignant neoplasm of skin of left eyelid, including canthus",C44 | C44.199 | Non-melanoma skin cancer | NMSC | Non melanoma skin cancer | Nonmelanoma skin cancer | ,0c06f562-a934-5368-962d-744d9800a84c,https://www.icd10data.com//ICD10CM/Codes/C00-D49/C43-C44/C44-/C44.199
212,C44,Non-melanoma skin cancer,Other and unspecified malignant neoplasm of skin,C44.1991,"Other specified malignant neoplasm of skin of left upper eyelid, including canthus",C44 | C44.1991 | Non-melanoma skin cancer | NMSC | Non melanoma skin cancer | Nonmelanoma skin cancer | ,a6aeec2b-adaa-5711-b41e-2e668ce27863,https://www.icd10data.com//ICD10CM/Codes/C00-D49/C43-C44/C44-/C44.1991
213,C44,Non-melanoma skin cancer,Other and unspecified malignant neoplasm of skin,C44.1992,"Other specified malignant neoplasm of skin of left lower eyelid, including canthus",C44 | C44.1992 | Non-melanoma skin cancer | NMSC | Non melanoma skin cancer | Nonmelanoma skin cancer | ,86cbe6d4-b878-51d5-af5b-77a0c562ef9d,https://www.icd10data.com//ICD10CM/Codes/C00-D49/C43-C44/C44-/C44.1992
214,C44,Non-melanoma skin cancer,Other and unspecified malignant neoplasm of skin,C44.2,Other and unspecified malignant neoplasm of skin of ear and external auricular canal,C44 | C44.2 | Non-melanoma skin cancer | NMSC | Non melanoma skin cancer | Nonmelanoma skin cancer | ,06564930-afdb-5a8a-9d61-13a512739a3e,https://www.icd10data.com//ICD10CM/Codes/C00-D49/C43-C44/C44-/C44.2
215,C44,Non-melanoma skin cancer,Other and unspecified malignant neoplasm of skin,C44.20,Unspecified malignant neoplasm of skin of ear and external auricular canal,C44 | C44.20 | Non-melanoma skin cancer | NMSC | Non melanoma skin cancer | Nonmelanoma skin cancer | ,70220fc5-3411-5a1b-af67-1525d2f0190f,https://www.icd10data.com//ICD10CM/Codes/C00-D49/C43-C44/C44-/C44.20
216,C44,Non-melanoma skin cancer,Other and unspecified malignant neoplasm of skin,C44.201,Unspecified malignant neoplasm of skin of unspecified ear and external auricular canal,C44 | C44.201 | Non-melanoma skin cancer | NMSC | Non melanoma skin cancer | Nonmelanoma skin cancer | ,ae76588a-f3bf-55e5-9dc1-c80e3b129f4e,https://www.icd10data.com//ICD10CM/Codes/C00-D49/C43-C44/C44-/C44.201
217,C44,Non-melanoma skin cancer,Other and unspecified malignant neoplasm of skin,C44.202,Unspecified malignant neoplasm of skin of right ear and external auricular canal,C44 | C44.202 | Non-melanoma skin cancer | NMSC | Non melanoma skin cancer | Nonmelanoma skin cancer | ,f490268b-a784-5b99-a364-79c400bf7eef,https://www.icd10data.com//ICD10CM/Codes/C00-D49/C43-C44/C44-/C44.202
218,C44,Non-melanoma skin cancer,Other and unspecified malignant neoplasm of skin,C44.209,Unspecified malignant neoplasm of skin of left ear and external auricular canal,C44 | C44.209 | Non-melanoma skin cancer | NMSC | Non melanoma skin cancer | Nonmelanoma skin cancer | ,4fd6f87f-d498-57b0-99cd-0bf92a773956,https://www.icd10data.com//ICD10CM/Codes/C00-D49/C43-C44/C44-/C44.209
219,C44,Non-melanoma skin cancer,Other and unspecified malignant neoplasm of skin,C44.21,Basal cell carcinoma of skin of ear and external auricular canal,C44 | C44.21 | Non-melanoma skin cancer | NMSC | Non melanoma skin cancer | Nonmelanoma skin cancer | ,a2f9a163-0ce0-5c90-a9ad-11aa97c0a698,https://www.icd10data.com//ICD10CM/Codes/C00-D49/C43-C44/C44-/C44.21
220,C44,Non-melanoma skin cancer,Other and unspecified malignant neoplasm of skin,C44.211,Basal cell carcinoma of skin of unspecified ear and external auricular canal,C44 | C44.211 | Non-melanoma skin cancer | NMSC | Non melanoma skin cancer | Nonmelanoma skin cancer | ,410eca93-b24a-51a9-ac2a-080a303d7fd7,https://www.icd10data.com//ICD10CM/Codes/C00-D49/C43-C44/C44-/C44.211
221,C44,Non-melanoma skin cancer,Other and unspecified malignant neoplasm of skin,C44.212,Basal cell carcinoma of skin of right ear and external auricular canal,C44 | C44.212 | Non-melanoma skin cancer | NMSC | Non melanoma skin cancer | Nonmelanoma skin cancer | Basal Cell Carcinoma | ,9aae1fff-c819-549d-b2da-e00b9808a521,https://www.icd10data.com//ICD10CM/Codes/C00-D49/C43-C44/C44-/C44.212
222,C44,Non-melanoma skin cancer,Other and unspecified malignant neoplasm of skin,C44.219,Basal cell carcinoma of skin of left ear and external auricular canal,C44 | C44.219 | Non-melanoma skin cancer | NMSC | Non melanoma skin cancer | Nonmelanoma skin cancer | Basal Cell Carcinoma | ,a5decfe2-450a-5fa9-9075-316e7b89df54,https://www.icd10data.com//ICD10CM/Codes/C00-D49/C43-C44/C44-/C44.219
223,C44,Non-melanoma skin cancer,Other and unspecified malignant neoplasm of skin,C44.22,Squamous cell carcinoma of skin of ear and external auricular canal,C44 | C44.22 | Non-melanoma skin cancer | NMSC | Non melanoma skin cancer | Nonmelanoma skin cancer | Squamous Cell Carcinoma |,5ae93c6f-4b16-56f1-a954-4aa32f9fee18,https://www.icd10data.com//ICD10CM/Codes/C00-D49/C43-C44/C44-/C44.22
224,C44,Non-melanoma skin cancer,Other and unspecified malignant neoplasm of skin,C44.221,Squamous cell carcinoma of skin of unspecified ear and external auricular canal,C44 | C44.221 | Non-melanoma skin cancer | NMSC | Non melanoma skin cancer | Nonmelanoma skin cancer | Squamous Cell Carcinoma |,550a22df-5366-51c5-94d5-0473d200ff1a,https://www.icd10data.com//ICD10CM/Codes/C00-D49/C43-C44/C44-/C44.221
225,C44,Non-melanoma skin cancer,Other and unspecified malignant neoplasm of skin,C44.222,Squamous cell carcinoma of skin of right ear and external auricular canal,C44 | C44.222 | Non-melanoma skin cancer | NMSC | Non melanoma skin cancer | Nonmelanoma skin cancer | Squamous Cell Carcinoma |,df1e5017-d72c-5d0a-aefd-5046c84ba19d,https://www.icd10data.com//ICD10CM/Codes/C00-D49/C43-C44/C44-/C44.222
226,C44,Non-melanoma skin cancer,Other and unspecified malignant neoplasm of skin,C44.229,Squamous cell carcinoma of skin of left ear and external auricular canal,C44 | C44.229 | Non-melanoma skin cancer | NMSC | Non melanoma skin cancer | Nonmelanoma skin cancer | Squamous Cell Carcinoma |,6099d9ab-e778-5fc6-bd0c-7cf25825765d,https://www.icd10data.com//ICD10CM/Codes/C00-D49/C43-C44/C44-/C44.229
227,C44,Non-melanoma skin cancer,Other and unspecified malignant neoplasm of skin,C44.29,Other specified malignant neoplasm of skin of ear and external auricular canal,C44 | C44.29 | Non-melanoma skin cancer | NMSC | Non melanoma skin cancer | Nonmelanoma skin cancer | ,bb914566-5a34-5c06-a73f-1b46e33264fa,https://www.icd10data.com//ICD10CM/Codes/C00-D49/C43-C44/C44-/C44.29
228,C44,Non-melanoma skin cancer,Other and unspecified malignant neoplasm of skin,C44.291,Other specified malignant neoplasm of skin of unspecified ear and external auricular canal,C44 | C44.291 | Non-melanoma skin cancer | NMSC | Non melanoma skin cancer | Nonmelanoma skin cancer | ,cf70f72b-5814-5b98-8b65-9adb324f336a,https://www.icd10data.com//ICD10CM/Codes/C00-D49/C43-C44/C44-/C44.291
229,C44,Non-melanoma skin cancer,Other and unspecified malignant neoplasm of skin,C44.292,Other specified malignant neoplasm of skin of right ear and external auricular canal,C44 | C44.292 | Non-melanoma skin cancer | NMSC | Non melanoma skin cancer | Nonmelanoma skin cancer | ,6679e306-a037-5547-9040-cb222e3fd47f,https://www.icd10data.com//ICD10CM/Codes/C00-D49/C43-C44/C44-/C44.292
230,C44,Non-melanoma skin cancer,Other and unspecified malignant neoplasm of skin,C44.299,Other specified malignant neoplasm of skin of left ear and external auricular canal,C44 | C44.299 | Non-melanoma skin cancer | NMSC | Non melanoma skin cancer | Nonmelanoma skin cancer | ,4d104879-be35-5246-9be5-54295effbc13,https://www.icd10data.com//ICD10CM/Codes/C00-D49/C43-C44/C44-/C44.299
231,C44,Non-melanoma skin cancer,Other and unspecified malignant neoplasm of skin,C44.3,Other and unspecified malignant neoplasm of skin of other and unspecified parts of face,C44 | C44.3 | Non-melanoma skin cancer | NMSC | Non melanoma skin cancer | Nonmelanoma skin cancer | ,b93a9a9a-85e7-54f7-98e3-3ed559f1c5a2,https://www.icd10data.com//ICD10CM/Codes/C00-D49/C43-C44/C44-/C44.3
232,C44,Non-melanoma skin cancer,Other and unspecified malignant neoplasm of skin,C44.30,Unspecified malignant neoplasm of skin of other and unspecified parts of face,C44 | C44.30 | Non-melanoma skin cancer | NMSC | Non melanoma skin cancer | Nonmelanoma skin cancer | ,2c6da3e2-58e1-586b-ac56-d1eb7b4ced14,https://www.icd10data.com//ICD10CM/Codes/C00-D49/C43-C44/C44-/C44.30
233,C44,Non-melanoma skin cancer,Other and unspecified malignant neoplasm of skin,C44.300,Unspecified malignant neoplasm of skin of unspecified part of face,C44 | C44.300 | Non-melanoma skin cancer | NMSC | Non melanoma skin cancer | Nonmelanoma skin cancer | ,3b56e5fa-0fb2-574d-a3e7-4f46e7ec8ef8,https://www.icd10data.com//ICD10CM/Codes/C00-D49/C43-C44/C44-/C44.300
234,C44,Non-melanoma skin cancer,Other and unspecified malignant neoplasm of skin,C44.301,Unspecified malignant neoplasm of skin of nose,C44 | C44.301 | Non-melanoma skin cancer | NMSC | Non melanoma skin cancer | Nonmelanoma skin cancer | ,79bf539c-48fd-548f-840b-be63c51db64b,https://www.icd10data.com//ICD10CM/Codes/C00-D49/C43-C44/C44-/C44.301
235,C44,Non-melanoma skin cancer,Other and unspecified malignant neoplasm of skin,C44.309,Unspecified malignant neoplasm of skin of other parts of face,C44 | C44.309 | Non-melanoma skin cancer | NMSC | Non melanoma skin cancer | Nonmelanoma skin cancer | ,8aa10e28-338f-5757-ba47-e4142be8deeb,https://www.icd10data.com//ICD10CM/Codes/C00-D49/C43-C44/C44-/C44.309
236,C44,Non-melanoma skin cancer,Other and unspecified malignant neoplasm of skin,C44.31,Basal cell carcinoma of skin of other and unspecified parts of face,C44 | C44.31 | Non-melanoma skin cancer | NMSC | Non melanoma skin cancer | Nonmelanoma skin cancer | ,21b163cc-5970-552d-b5e6-2908555eb675,https://www.icd10data.com//ICD10CM/Codes/C00-D49/C43-C44/C44-/C44.31
237,C44,Non-melanoma skin cancer,Other and unspecified malignant neoplasm of skin,C44.310,Basal cell carcinoma of skin of unspecified parts of face,C44 | C44.310 | Non-melanoma skin cancer | NMSC | Non melanoma skin cancer | Nonmelanoma skin cancer | ,15acae2b-4f0a-50e6-b72a-9210f676250b,https://www.icd10data.com//ICD10CM/Codes/C00-D49/C43-C44/C44-/C44.310
238,C44,Non-melanoma skin cancer,Other and unspecified malignant neoplasm of skin,C44.311,Basal cell carcinoma of skin of nose,C44 | C44.311 | Non-melanoma skin cancer | NMSC | Non melanoma skin cancer | Nonmelanoma skin cancer | ,7b3e4807-7f02-5938-8877-9edec96d29cb,https://www.icd10data.com//ICD10CM/Codes/C00-D49/C43-C44/C44-/C44.311
239,C44,Non-melanoma skin cancer,Other and unspecified malignant neoplasm of skin,C44.319,Basal cell carcinoma of skin of other parts of face,C44 | C44.319 | Non-melanoma skin cancer | NMSC | Non melanoma skin cancer | Nonmelanoma skin cancer | ,398de4c0-06ab-58f8-a026-caa940df33d7,https://www.icd10data.com//ICD10CM/Codes/C00-D49/C43-C44/C44-/C44.319
240,C44,Non-melanoma skin cancer,Other and unspecified malignant neoplasm of skin,C44.32,Squamous cell carcinoma of skin of other and unspecified parts of face,C44 | C44.32 | Non-melanoma skin cancer | NMSC | Non melanoma skin cancer | Nonmelanoma skin cancer | ,70b03306-5c0f-5d00-957c-6db3d92e0e93,https://www.icd10data.com//ICD10CM/Codes/C00-D49/C43-C44/C44-/C44.32
241,C44,Non-melanoma skin cancer,Other and unspecified malignant neoplasm of skin,C44.320,Squamous cell carcinoma of skin of unspecified parts of face,C44 | C44.320 | Non-melanoma skin cancer | NMSC | Non melanoma skin cancer | Nonmelanoma skin cancer | ,dfdb0ca2-f2c7-5e52-baf3-8dae8ff83106,https://www.icd10data.com//ICD10CM/Codes/C00-D49/C43-C44/C44-/C44.320
242,C44,Non-melanoma skin cancer,Other and unspecified malignant neoplasm of skin,C44.321,Squamous cell carcinoma of skin of nose,C44 | C44.321 | Non-melanoma skin cancer | NMSC | Non melanoma skin cancer | Nonmelanoma skin cancer | ,e3751327-0ba0-5105-a11b-4d33f1e73b0e,https://www.icd10data.com//ICD10CM/Codes/C00-D49/C43-C44/C44-/C44.321
243,C44,Non-melanoma skin cancer,Other and unspecified malignant neoplasm of skin,C44.329,Squamous cell carcinoma of skin of other parts of face,C44 | C44.329 | Non-melanoma skin cancer | NMSC | Non melanoma skin cancer | Nonmelanoma skin cancer | ,b9b67a35-a264-531e-9077-c00e19343f9a,https://www.icd10data.com//ICD10CM/Codes/C00-D49/C43-C44/C44-/C44.329
244,C44,Non-melanoma skin cancer,Other and unspecified malignant neoplasm of skin,C44.39,Other specified malignant neoplasm of skin of other and unspecified parts of face,C44 | C44.39 | Non-melanoma skin cancer | NMSC | Non melanoma skin cancer | Nonmelanoma skin cancer | ,6ecfc16d-4321-5dd0-9f8e-b332994019c2,https://www.icd10data.com//ICD10CM/Codes/C00-D49/C43-C44/C44-/C44.39
245,C44,Non-melanoma skin cancer,Other and unspecified malignant neoplasm of skin,C44.390,Other specified malignant neoplasm of skin of unspecified parts of face,C44 | C44.390 | Non-melanoma skin cancer | NMSC | Non melanoma skin cancer | Nonmelanoma skin cancer | ,e8a19479-e559-5b49-9787-e9fe04a4d259,https://www.icd10data.com//ICD10CM/Codes/C00-D49/C43-C44/C44-/C44.390
246,C44,Non-melanoma skin cancer,Other and unspecified malignant neoplasm of skin,C44.391,Other specified malignant neoplasm of skin of nose,C44 | C44.391 | Non-melanoma skin cancer | NMSC | Non melanoma skin cancer | Nonmelanoma skin cancer | ,3979e7da-dda4-54f2-8e19-28ed8dfdc174,https://www.icd10data.com//ICD10CM/Codes/C00-D49/C43-C44/C44-/C44.391
247,C44,Non-melanoma skin cancer,Other and unspecified malignant neoplasm of skin,C44.399,Other specified malignant neoplasm of skin of other parts of face,C44 | C44.399 | Non-melanoma skin cancer | NMSC | Non melanoma skin cancer | Nonmelanoma skin cancer | ,ab7e9c7f-c5ac-517f-b9e9-199ad9c4acdf,https://www.icd10data.com//ICD10CM/Codes/C00-D49/C43-C44/C44-/C44.399
248,C44,Non-melanoma skin cancer,Other and unspecified malignant neoplasm of skin,C44.4,Other and unspecified malignant neoplasm of skin of scalp and neck,C44 | C44.4 | Non-melanoma skin cancer | NMSC | Non melanoma skin cancer | Nonmelanoma skin cancer | ,b0ae7171-6a70-506e-a5b3-a3027511cf57,https://www.icd10data.com//ICD10CM/Codes/C00-D49/C43-C44/C44-/C44.4
249,C44,Non-melanoma skin cancer,Other and unspecified malignant neoplasm of skin,C44.40,Unspecified malignant neoplasm of skin of scalp and neck,C44 | C44.40 | Non-melanoma skin cancer | NMSC | Non melanoma skin cancer | Nonmelanoma skin cancer | ,45191c68-da26-561b-b8aa-2533780af250,https://www.icd10data.com//ICD10CM/Codes/C00-D49/C43-C44/C44-/C44.40
250,C44,Non-melanoma skin cancer,Other and unspecified malignant neoplasm of skin,C44.41,Basal cell carcinoma of skin of scalp and neck,C44 | C44.41 | Non-melanoma skin cancer | NMSC | Non melanoma skin cancer | Nonmelanoma skin cancer | ,a4816448-8f39-5ad5-802d-fb45f68d4622,https://www.icd10data.com//ICD10CM/Codes/C00-D49/C43-C44/C44-/C44.41
251,C44,Non-melanoma skin cancer,Other and unspecified malignant neoplasm of skin,C44.42,Squamous cell carcinoma of skin of scalp and neck,C44 | C44.42 | Non-melanoma skin cancer | NMSC | Non melanoma skin cancer | Nonmelanoma skin cancer | ,c602e8b2-5d74-5ad6-8d59-4fc8273d8187,https://www.icd10data.com//ICD10CM/Codes/C00-D49/C43-C44/C44-/C44.42
252,C44,Non-melanoma skin cancer,Other and unspecified malignant neoplasm of skin,C44.49,Other specified malignant neoplasm of skin of scalp and neck,C44 | C44.49 | Non-melanoma skin cancer | NMSC | Non melanoma skin cancer | Nonmelanoma skin cancer | ,0ed3502c-c0e5-5ef5-9c41-38bfb15f8b29,https://www.icd10data.com//ICD10CM/Codes/C00-D49/C43-C44/C44-/C44.49
253,C44,Non-melanoma skin cancer,Other and unspecified malignant neoplasm of skin,C44.5,Other and unspecified malignant neoplasm of skin of trunk,C44 | C44.5 | Non-melanoma skin cancer | NMSC | Non melanoma skin cancer | Nonmelanoma skin cancer | ,06ab1ca8-c373-561a-93aa-46307f425622,https://www.icd10data.com//ICD10CM/Codes/C00-D49/C43-C44/C44-/C44.5
254,C44,Non-melanoma skin cancer,Other and unspecified malignant neoplasm of skin,C44.50,Unspecified malignant neoplasm of skin of trunk,C44 | C44.50 | Non-melanoma skin cancer | NMSC | Non melanoma skin cancer | Nonmelanoma skin cancer | ,03dfe205-5584-5e0c-b4c9-20ec161f732a,https://www.icd10data.com//ICD10CM/Codes/C00-D49/C43-C44/C44-/C44.50
255,C44,Non-melanoma skin cancer,Other and unspecified malignant neoplasm of skin,C44.500,Unspecified malignant neoplasm of anal skin,C44 | C44.500 | Non-melanoma skin cancer | NMSC | Non melanoma skin cancer | Nonmelanoma skin cancer |,1cc8aae3-0150-5686-9bd7-3b93973d85d5,https://www.icd10data.com//ICD10CM/Codes/C00-D49/C43-C44/C44-/C44.500
256,C44,Non-melanoma skin cancer,Other and unspecified malignant neoplasm of skin,C44.501,Unspecified malignant neoplasm of skin of breast,C44 | C44.501 | Non-melanoma skin cancer | NMSC | Non melanoma skin cancer | Nonmelanoma skin cancer | ,2d27c062-7701-5eab-ac0f-e2e21ddfce35,https://www.icd10data.com//ICD10CM/Codes/C00-D49/C43-C44/C44-/C44.501
257,C44,Non-melanoma skin cancer,Other and unspecified malignant neoplasm of skin,C44.509,Unspecified malignant neoplasm of skin of other part of trunk,C44 | C44.509 | Non-melanoma skin cancer | NMSC | Non melanoma skin cancer | Nonmelanoma skin cancer | ,bfeecfe6-6e0f-5506-9a9f-4d09b7a88ca5,https://www.icd10data.com//ICD10CM/Codes/C00-D49/C43-C44/C44-/C44.509
258,C44,Non-melanoma skin cancer,Other and unspecified malignant neoplasm of skin,C44.51,Basal cell carcinoma of skin of trunk,C44 | C44.51 | Non-melanoma skin cancer | NMSC | Non melanoma skin cancer | Nonmelanoma skin cancer | Trunk Basal Cell Carcinoma |,89d40849-7fcf-5633-8676-11826906ad2b,https://www.icd10data.com//ICD10CM/Codes/C00-D49/C43-C44/C44-/C44.51
259,C44,Non-melanoma skin cancer,Other and unspecified malignant neoplasm of skin,C44.510,Basal cell carcinoma of anal skin,C44 | C44.510 | Non-melanoma skin cancer | NMSC | Non melanoma skin cancer | Nonmelanoma skin cancer | Breast Basal Cell Carcinoma,1ea20a3b-9a52-5b8f-8453-8c088fd3e9c8,https://www.icd10data.com//ICD10CM/Codes/C00-D49/C43-C44/C44-/C44.510
260,C44,Non-melanoma skin cancer,Other and unspecified malignant neoplasm of skin,C44.511,Basal cell carcinoma of skin of breast,C44 | C44.511 | Non-melanoma skin cancer | NMSC | Non melanoma skin cancer | Nonmelanoma skin cancer | ,6e5b471f-1526-5558-9325-c8849e24e8e0,https://www.icd10data.com//ICD10CM/Codes/C00-D49/C43-C44/C44-/C44.511
261,C44,Non-melanoma skin cancer,Other and unspecified malignant neoplasm of skin,C44.519,Basal cell carcinoma of skin of other part of trunk,C44 | C44.519 | Non-melanoma skin cancer | NMSC | Non melanoma skin cancer | Nonmelanoma skin cancer | ,91d990e8-5f98-5da7-8db4-33ad2d247ea7,https://www.icd10data.com//ICD10CM/Codes/C00-D49/C43-C44/C44-/C44.519
262,C44,Non-melanoma skin cancer,Other and unspecified malignant neoplasm of skin,C44.52,Squamous cell carcinoma of skin of trunk,C44 | C44.52 | Non-melanoma skin cancer | NMSC | Non melanoma skin cancer | Nonmelanoma skin cancer | ,c6ae5908-b506-5451-a6c1-9641f5e802e3,https://www.icd10data.com//ICD10CM/Codes/C00-D49/C43-C44/C44-/C44.52
263,C44,Non-melanoma skin cancer,Other and unspecified malignant neoplasm of skin,C44.520,Squamous cell carcinoma of anal skin,C44 | C44.520 | Non-melanoma skin cancer | NMSC | Non melanoma skin cancer | Nonmelanoma skin cancer | Anal Basal Cell Carcinoma,cc1872ae-2b54-5c5d-bbd1-72901ed4ea86,https://www.icd10data.com//ICD10CM/Codes/C00-D49/C43-C44/C44-/C44.520
264,C44,Non-melanoma skin cancer,Other and unspecified malignant neoplasm of skin,C44.521,Squamous cell carcinoma of skin of breast,C44 | C44.521 | Non-melanoma skin cancer | NMSC | Non melanoma skin cancer | Nonmelanoma skin cancer | ,244f1a27-a297-544d-938f-5224ded4a005,https://www.icd10data.com//ICD10CM/Codes/C00-D49/C43-C44/C44-/C44.521
265,C44,Non-melanoma skin cancer,Other and unspecified malignant neoplasm of skin,C44.529,Squamous cell carcinoma of skin of other part of trunk,C44 | C44.529 | Non-melanoma skin cancer | NMSC | Non melanoma skin cancer | Nonmelanoma skin cancer | ,eeb63c43-44a2-520c-9726-edecdad30e61,https://www.icd10data.com//ICD10CM/Codes/C00-D49/C43-C44/C44-/C44.529
266,C44,Non-melanoma skin cancer,Other and unspecified malignant neoplasm of skin,C44.59,Other specified malignant neoplasm of skin of trunk,C44 | C44.59 | Non-melanoma skin cancer | NMSC | Non melanoma skin cancer | Nonmelanoma skin cancer | ,a4e810a6-b300-5339-b7fa-367099059f84,https://www.icd10data.com//ICD10CM/Codes/C00-D49/C43-C44/C44-/C44.59
267,C44,Non-melanoma skin cancer,Other and unspecified malignant neoplasm of skin,C44.590,Other specified malignant neoplasm of anal skin,C44 | C44.590 | Non-melanoma skin cancer | NMSC | Non melanoma skin cancer | Nonmelanoma skin cancer | ,62367ebe-7f3e-5147-b30f-a33e3ec63aa4,https://www.icd10data.com//ICD10CM/Codes/C00-D49/C43-C44/C44-/C44.590
268,C44,Non-melanoma skin cancer,Other and unspecified malignant neoplasm of skin,C44.591,Other specified malignant neoplasm of skin of breast,C44 | C44.591 | Non-melanoma skin cancer | NMSC | Non melanoma skin cancer | Nonmelanoma skin cancer | ,b5c18493-55b3-5cf8-a3cf-22875339a4b5,https://www.icd10data.com//ICD10CM/Codes/C00-D49/C43-C44/C44-/C44.591
269,C44,Non-melanoma skin cancer,Other and unspecified malignant neoplasm of skin,C44.599,Other specified malignant neoplasm of skin of other part of trunk,C44 | C44.599 | Non-melanoma skin cancer | NMSC | Non melanoma skin cancer | Nonmelanoma skin cancer | ,45a9f928-7f18-51f1-8b3b-467df3225b2e,https://www.icd10data.com//ICD10CM/Codes/C00-D49/C43-C44/C44-/C44.599
270,C44,Non-melanoma skin cancer,Other and unspecified malignant neoplasm of skin,C44.6,"Other and unspecified malignant neoplasm of skin of upper limb, including shoulder",C44 | C44.6 | Non-melanoma skin cancer | NMSC | Non melanoma skin cancer | Nonmelanoma skin cancer | ,93448814-618b-59cd-8afb-b24e88f4d5e8,https://www.icd10data.com//ICD10CM/Codes/C00-D49/C43-C44/C44-/C44.6
271,C44,Non-melanoma skin cancer,Other and unspecified malignant neoplasm of skin,C44.60,"Unspecified malignant neoplasm of skin of upper limb, including shoulder",C44 | C44.60 | Non-melanoma skin cancer | NMSC | Non melanoma skin cancer | Nonmelanoma skin cancer | ,b544cf26-1da9-521c-ac22-82a50cea4346,https://www.icd10data.com//ICD10CM/Codes/C00-D49/C43-C44/C44-/C44.60
272,C44,Non-melanoma skin cancer,Other and unspecified malignant neoplasm of skin,C44.601,"Unspecified malignant neoplasm of skin of unspecified upper limb, including shoulder",C44 | C44.601 | Non-melanoma skin cancer | NMSC | Non melanoma skin cancer | Nonmelanoma skin cancer | ,5ca660d4-107e-5040-8f3f-1d07d78ea9cb,https://www.icd10data.com//ICD10CM/Codes/C00-D49/C43-C44/C44-/C44.601
273,C44,Non-melanoma skin cancer,Other and unspecified malignant neoplasm of skin,C44.602,"Unspecified malignant neoplasm of skin of right upper limb, including shoulder",C44 | C44.602 | Non-melanoma skin cancer | NMSC | Non melanoma skin cancer | Nonmelanoma skin cancer | ,95c22040-6178-5bdb-98a4-bf94be90cdbd,https://www.icd10data.com//ICD10CM/Codes/C00-D49/C43-C44/C44-/C44.602
274,C44,Non-melanoma skin cancer,Other and unspecified malignant neoplasm of skin,C44.609,"Unspecified malignant neoplasm of skin of left upper limb, including shoulder",C44 | C44.609 | Non-melanoma skin cancer | NMSC | Non melanoma skin cancer | Nonmelanoma skin cancer | ,2ba7c1c7-872c-53fc-b329-31b326e3caee,https://www.icd10data.com//ICD10CM/Codes/C00-D49/C43-C44/C44-/C44.609
275,C44,Non-melanoma skin cancer,Other and unspecified malignant neoplasm of skin,C44.61,"Basal cell carcinoma of skin of upper limb, including shoulder",C44 | C44.61 | Non-melanoma skin cancer | NMSC | Non melanoma skin cancer | Nonmelanoma skin cancer | ,0d25e3c6-47aa-5aee-942c-9ed911576534,https://www.icd10data.com//ICD10CM/Codes/C00-D49/C43-C44/C44-/C44.61
276,C44,Non-melanoma skin cancer,Other and unspecified malignant neoplasm of skin,C44.611,"Basal cell carcinoma of skin of unspecified upper limb, including shoulder",C44 | C44.611 | Non-melanoma skin cancer | NMSC | Non melanoma skin cancer | Nonmelanoma skin cancer | ,47455d8d-f372-517c-a37d-4fc1a5a99e5d,https://www.icd10data.com//ICD10CM/Codes/C00-D49/C43-C44/C44-/C44.611
277,C44,Non-melanoma skin cancer,Other and unspecified malignant neoplasm of skin,C44.612,"Basal cell carcinoma of skin of right upper limb, including shoulder",C44 | C44.612 | Non-melanoma skin cancer | NMSC | Non melanoma skin cancer | Nonmelanoma skin cancer | ,d7a3ee9e-67f1-5cf9-b7a3-f31c43b49f96,https://www.icd10data.com//ICD10CM/Codes/C00-D49/C43-C44/C44-/C44.612
278,C44,Non-melanoma skin cancer,Other and unspecified malignant neoplasm of skin,C44.619,"Basal cell carcinoma of skin of left upper limb, including shoulder",C44 | C44.619 | Non-melanoma skin cancer | NMSC | Non melanoma skin cancer | Nonmelanoma skin cancer | ,483d9458-e2aa-58dc-8452-035c5cae204f,https://www.icd10data.com//ICD10CM/Codes/C00-D49/C43-C44/C44-/C44.619
279,C44,Non-melanoma skin cancer,Other and unspecified malignant neoplasm of skin,C44.62,"Squamous cell carcinoma of skin of upper limb, including shoulder",C44 | C44.62 | Non-melanoma skin cancer | NMSC | Non melanoma skin cancer | Nonmelanoma skin cancer | ,bc719001-48aa-51d7-8dba-e42704abef59,https://www.icd10data.com//ICD10CM/Codes/C00-D49/C43-C44/C44-/C44.62
280,C44,Non-melanoma skin cancer,Other and unspecified malignant neoplasm of skin,C44.621,"Squamous cell carcinoma of skin of unspecified upper limb, including shoulder",C44 | C44.621 | Non-melanoma skin cancer | NMSC | Non melanoma skin cancer | Nonmelanoma skin cancer | ,932296e4-6f34-597b-a63e-67c2bf1b04ef,https://www.icd10data.com//ICD10CM/Codes/C00-D49/C43-C44/C44-/C44.621
281,C44,Non-melanoma skin cancer,Other and unspecified malignant neoplasm of skin,C44.622,"Squamous cell carcinoma of skin of right upper limb, including shoulder",C44 | C44.622 | Non-melanoma skin cancer | NMSC | Non melanoma skin cancer | Nonmelanoma skin cancer | ,e4cd34ee-82b0-5a3d-9638-98b0d2531635,https://www.icd10data.com//ICD10CM/Codes/C00-D49/C43-C44/C44-/C44.622
282,C44,Non-melanoma skin cancer,Other and unspecified malignant neoplasm of skin,C44.629,"Squamous cell carcinoma of skin of left upper limb, including shoulder",C44 | C44.629 | Non-melanoma skin cancer | NMSC | Non melanoma skin cancer | Nonmelanoma skin cancer | ,681165da-c2df-5ee3-bb8a-46a447d97377,https://www.icd10data.com//ICD10CM/Codes/C00-D49/C43-C44/C44-/C44.629
283,C44,Non-melanoma skin cancer,Other and unspecified malignant neoplasm of skin,C44.69,"Other specified malignant neoplasm of skin of upper limb, including shoulder",C44 | C44.69 | Non-melanoma skin cancer | NMSC | Non melanoma skin cancer | Nonmelanoma skin cancer | ,c981f6b1-5698-573f-933a-462b00014b96,https://www.icd10data.com//ICD10CM/Codes/C00-D49/C43-C44/C44-/C44.69
284,C44,Non-melanoma skin cancer,Other and unspecified malignant neoplasm of skin,C44.691,"Other specified malignant neoplasm of skin of unspecified upper limb, including shoulder",C44 | C44.691 | Non-melanoma skin cancer | NMSC | Non melanoma skin cancer | Nonmelanoma skin cancer | ,3d87c94b-13f9-567a-86fb-c25eab972302,https://www.icd10data.com//ICD10CM/Codes/C00-D49/C43-C44/C44-/C44.691
285,C44,Non-melanoma skin cancer,Other and unspecified malignant neoplasm of skin,C44.692,"Other specified malignant neoplasm of skin of right upper limb, including shoulder",C44 | C44.692 | Non-melanoma skin cancer | NMSC | Non melanoma skin cancer | Nonmelanoma skin cancer | ,b343be84-a357-5ce6-be0f-26be68c9ecbf,https://www.icd10data.com//ICD10CM/Codes/C00-D49/C43-C44/C44-/C44.692
286,C44,Non-melanoma skin cancer,Other and unspecified malignant neoplasm of skin,C44.699,"Other specified malignant neoplasm of skin of left upper limb, including shoulder",C44 | C44.699 | Non-melanoma skin cancer | NMSC | Non melanoma skin cancer | Nonmelanoma skin cancer | ,1527ffbf-dbf7-5d4e-921e-db56419cd03c,https://www.icd10data.com//ICD10CM/Codes/C00-D49/C43-C44/C44-/C44.699
287,C44,Non-melanoma skin cancer,Other and unspecified malignant neoplasm of skin,C44.7,"Other and unspecified malignant neoplasm of skin of lower limb, including hip",C44 | C44.7 | Non-melanoma skin cancer | NMSC | Non melanoma skin cancer | Nonmelanoma skin cancer | ,47576635-781f-5617-b385-bdd47ed7ff6a,https://www.icd10data.com//ICD10CM/Codes/C00-D49/C43-C44/C44-/C44.7
288,C44,Non-melanoma skin cancer,Other and unspecified malignant neoplasm of skin,C44.70,"Unspecified malignant neoplasm of skin of lower limb, including hip",C44 | C44.70 | Non-melanoma skin cancer | NMSC | Non melanoma skin cancer | Nonmelanoma skin cancer | ,19b36427-b8f7-5ea6-b1d6-2f3ed507be8a,https://www.icd10data.com//ICD10CM/Codes/C00-D49/C43-C44/C44-/C44.70
289,C44,Non-melanoma skin cancer,Other and unspecified malignant neoplasm of skin,C44.701,"Unspecified malignant neoplasm of skin of unspecified lower limb, including hip",C44 | C44.701 | Non-melanoma skin cancer | NMSC | Non melanoma skin cancer | Nonmelanoma skin cancer | ,057e4945-9088-5c8b-b5f1-ae873998f3bd,https://www.icd10data.com//ICD10CM/Codes/C00-D49/C43-C44/C44-/C44.701
290,C44,Non-melanoma skin cancer,Other and unspecified malignant neoplasm of skin,C44.702,"Unspecified malignant neoplasm of skin of right lower limb, including hip",C44 | C44.702 | Non-melanoma skin cancer | NMSC | Non melanoma skin cancer | Nonmelanoma skin cancer | ,5be3ae2e-0709-59c4-9831-55d2bd2c205f,https://www.icd10data.com//ICD10CM/Codes/C00-D49/C43-C44/C44-/C44.702
291,C44,Non-melanoma skin cancer,Other and unspecified malignant neoplasm of skin,C44.709,"Unspecified malignant neoplasm of skin of left lower limb, including hip",C44 | C44.709 | Non-melanoma skin cancer | NMSC | Non melanoma skin cancer | Nonmelanoma skin cancer | ,9073015d-615d-53c2-910e-1bf96d394b02,https://www.icd10data.com//ICD10CM/Codes/C00-D49/C43-C44/C44-/C44.709
292,C44,Non-melanoma skin cancer,Other and unspecified malignant neoplasm of skin,C44.71,"Basal cell carcinoma of skin of lower limb, including hip",C44 | C44.71 | Non-melanoma skin cancer | NMSC | Non melanoma skin cancer | Nonmelanoma skin cancer | ,14d7100f-8fc6-5c7b-b1bb-8fa94316168b,https://www.icd10data.com//ICD10CM/Codes/C00-D49/C43-C44/C44-/C44.71
293,C44,Non-melanoma skin cancer,Other and unspecified malignant neoplasm of skin,C44.711,"Basal cell carcinoma of skin of unspecified lower limb, including hip",C44 | C44.711 | Non-melanoma skin cancer | NMSC | Non melanoma skin cancer | Nonmelanoma skin cancer | ,0639fbc3-263e-5440-932e-014bcfa5ac45,https://www.icd10data.com//ICD10CM/Codes/C00-D49/C43-C44/C44-/C44.711
294,C44,Non-melanoma skin cancer,Other and unspecified malignant neoplasm of skin,C44.712,"Basal cell carcinoma of skin of right lower limb, including hip",C44 | C44.712 | Non-melanoma skin cancer | NMSC | Non melanoma skin cancer | Nonmelanoma skin cancer | ,61d84c74-ccb1-5e20-8360-2160ab9d9723,https://www.icd10data.com//ICD10CM/Codes/C00-D49/C43-C44/C44-/C44.712
295,C44,Non-melanoma skin cancer,Other and unspecified malignant neoplasm of skin,C44.719,"Basal cell carcinoma of skin of left lower limb, including hip",C44 | C44.719 | Non-melanoma skin cancer | NMSC | Non melanoma skin cancer | Nonmelanoma skin cancer | ,139d20f1-be5e-551e-9793-5b3e3b172d60,https://www.icd10data.com//ICD10CM/Codes/C00-D49/C43-C44/C44-/C44.719
296,C44,Non-melanoma skin cancer,Other and unspecified malignant neoplasm of skin,C44.72,"Squamous cell carcinoma of skin of lower limb, including hip",C44 | C44.72 | Non-melanoma skin cancer | NMSC | Non melanoma skin cancer | Nonmelanoma skin cancer | ,6aaebf06-ae66-5246-b253-6b6933a5b705,https://www.icd10data.com//ICD10CM/Codes/C00-D49/C43-C44/C44-/C44.72
297,C44,Non-melanoma skin cancer,Other and unspecified malignant neoplasm of skin,C44.721,"Squamous cell carcinoma of skin of unspecified lower limb, including hip",C44 | C44.721 | Non-melanoma skin cancer | NMSC | Non melanoma skin cancer | Nonmelanoma skin cancer | ,a322e845-3071-56f5-8774-925eddd383f7,https://www.icd10data.com//ICD10CM/Codes/C00-D49/C43-C44/C44-/C44.721
298,C44,Non-melanoma skin cancer,Other and unspecified malignant neoplasm of skin,C44.722,"Squamous cell carcinoma of skin of right lower limb, including hip",C44 | C44.722 | Non-melanoma skin cancer | NMSC | Non melanoma skin cancer | Nonmelanoma skin cancer | ,e5657ef7-6cea-5261-bf8e-b639856f38ee,https://www.icd10data.com//ICD10CM/Codes/C00-D49/C43-C44/C44-/C44.722
299,C44,Non-melanoma skin cancer,Other and unspecified malignant neoplasm of skin,C44.729,"Squamous cell carcinoma of skin of left lower limb, including hip",C44 | C44.729 | Non-melanoma skin cancer | NMSC | Non melanoma skin cancer | Nonmelanoma skin cancer | ,09077661-08d2-5186-950d-46cfd6ee8c46,https://www.icd10data.com//ICD10CM/Codes/C00-D49/C43-C44/C44-/C44.729
300,C44,Non-melanoma skin cancer,Other and unspecified malignant neoplasm of skin,C44.79,"Other specified malignant neoplasm of skin of lower limb, including hip",C44 | C44.79 | Non-melanoma skin cancer | NMSC | Non melanoma skin cancer | Nonmelanoma skin cancer | ,4245d7bb-343c-5423-be9d-36b5965aa3d1,https://www.icd10data.com//ICD10CM/Codes/C00-D49/C43-C44/C44-/C44.79
301,C44,Non-melanoma skin cancer,Other and unspecified malignant neoplasm of skin,C44.791,"Other specified malignant neoplasm of skin of unspecified lower limb, including hip",C44 | C44.791 | Non-melanoma skin cancer | NMSC | Non melanoma skin cancer | Nonmelanoma skin cancer | ,9d5292e4-b2b4-5b28-a415-33905a7ce365,https://www.icd10data.com//ICD10CM/Codes/C00-D49/C43-C44/C44-/C44.791
302,C44,Non-melanoma skin cancer,Other and unspecified malignant neoplasm of skin,C44.792,"Other specified malignant neoplasm of skin of right lower limb, including hip",C44 | C44.792 | Non-melanoma skin cancer | NMSC | Non melanoma skin cancer | Nonmelanoma skin cancer | ,3e63b320-0392-5ecb-aa74-d37ce10fcba4,https://www.icd10data.com//ICD10CM/Codes/C00-D49/C43-C44/C44-/C44.792
303,C44,Non-melanoma skin cancer,Other and unspecified malignant neoplasm of skin,C44.799,"Other specified malignant neoplasm of skin of left lower limb, including hip",C44 | C44.799 | Non-melanoma skin cancer | NMSC | Non melanoma skin cancer | Nonmelanoma skin cancer | ,7081bcbf-d45b-5caa-bc79-01aec58f8d25,https://www.icd10data.com//ICD10CM/Codes/C00-D49/C43-C44/C44-/C44.799
304,C44,Non-melanoma skin cancer,Other and unspecified malignant neoplasm of skin,C44.8,Other and unspecified malignant neoplasm of overlapping sites of skin,C44 | C44.8 | Non-melanoma skin cancer | NMSC | Non melanoma skin cancer | Nonmelanoma skin cancer | ,b8e9e1a2-25f6-5082-afe1-09d240a25c36,https://www.icd10data.com//ICD10CM/Codes/C00-D49/C43-C44/C44-/C44.8
305,C44,Non-melanoma skin cancer,Other and unspecified malignant neoplasm of skin,C44.80,Unspecified malignant neoplasm of overlapping sites of skin,C44 | C44.80 | Non-melanoma skin cancer | NMSC | Non melanoma skin cancer | Nonmelanoma skin cancer | ,2b72c943-5a22-5138-b7e1-9ca61df14a51,https://www.icd10data.com//ICD10CM/Codes/C00-D49/C43-C44/C44-/C44.80
306,C44,Non-melanoma skin cancer,Other and unspecified malignant neoplasm of skin,C44.81,Basal cell carcinoma of overlapping sites of skin,C44 | C44.81 | Non-melanoma skin cancer | NMSC | Non melanoma skin cancer | Nonmelanoma skin cancer | ,9adbbcc7-9d12-5492-95dd-c214c79e8c41,https://www.icd10data.com//ICD10CM/Codes/C00-D49/C43-C44/C44-/C44.81
307,C44,Non-melanoma skin cancer,Other and unspecified malignant neoplasm of skin,C44.82,Squamous cell carcinoma of overlapping sites of skin,C44 | C44.82 | Non-melanoma skin cancer | NMSC | Non melanoma skin cancer | Nonmelanoma skin cancer | ,38847c83-1a20-521d-b684-f036d211def1,https://www.icd10data.com//ICD10CM/Codes/C00-D49/C43-C44/C44-/C44.82
308,C44,Non-melanoma skin cancer,Other and unspecified malignant neoplasm of skin,C44.89,Other specified malignant neoplasm of overlapping sites of skin,C44 | C44.89 | Non-melanoma skin cancer | NMSC | Non melanoma skin cancer | Nonmelanoma skin cancer | ,92b86090-1453-593f-9d6f-9d559969be0a,https://www.icd10data.com//ICD10CM/Codes/C00-D49/C43-C44/C44-/C44.89
309,C44,Non-melanoma skin cancer,Other and unspecified malignant neoplasm of skin,C44.9,"Other and unspecified malignant neoplasm of skin, unspecified",C44 | C44.9 | Non-melanoma skin cancer | NMSC | Non melanoma skin cancer | Nonmelanoma skin cancer | ,f7273ecf-467a-5884-a192-09c9e932ceee,https://www.icd10data.com//ICD10CM/Codes/C00-D49/C43-C44/C44-/C44.9
310,C44,Non-melanoma skin cancer,Other and unspecified malignant neoplasm of skin,C44.90,"Unspecified malignant neoplasm of skin, unspecified",C44 | C44.90 | Non-melanoma skin cancer | NMSC | Non melanoma skin cancer | Nonmelanoma skin cancer | ,4579abb3-dfbf-5f9d-b455-b48615d2d62e,https://www.icd10data.com//ICD10CM/Codes/C00-D49/C43-C44/C44-/C44.90
311,C44,Non-melanoma skin cancer,Other and unspecified malignant neoplasm of skin,C44.91,"Basal cell carcinoma of skin, unspecified",C44 | C44.91 | Non-melanoma skin cancer | NMSC | Non melanoma skin cancer | Nonmelanoma skin cancer | ,3913884e-233c-56a7-87fa-bde0b60bda69,https://www.icd10data.com//ICD10CM/Codes/C00-D49/C43-C44/C44-/C44.91
312,C44,Non-melanoma skin cancer,Other and unspecified malignant neoplasm of skin,C44.92,"Squamous cell carcinoma of skin, unspecified",C44 | C44.92 | Non-melanoma skin cancer | NMSC | Non melanoma skin cancer | Nonmelanoma skin cancer | ,79475afd-f2e8-59ca-8edb-fb7466a5a415,https://www.icd10data.com//ICD10CM/Codes/C00-D49/C43-C44/C44-/C44.92
313,C44,Non-melanoma skin cancer,Other and unspecified malignant neoplasm of skin,C44.99,"Other specified malignant neoplasm of skin, unspecified",C44 | C44.99 | Non-melanoma skin cancer | NMSC | Non melanoma skin cancer | Nonmelanoma skin cancer | ,053639be-93fb-5dac-9699-188bb4021f50,https://www.icd10data.com//ICD10CM/Codes/C00-D49/C43-C44/C44-/C44.99
314,C4A,Merkel cell carcinoma,Merkel cell carcinoma,C4A.0,Merkel cell carcinoma of lip,C4A | C4A.0 | MCC | pMCC | PV-MCC | UV-MCC | TCS | Merkel Cell Carcinoma | Lip Merkel Cell Carcinoma |,b0f58bb3-d73d-5c8c-bc8a-d40326fff8e6,https://www.icd10data.com//ICD10CM/Codes/C00-D49/C43-C44/C4A-/C4A.0
315,C4A,Merkel cell carcinoma,Merkel cell carcinoma,C4A.1,"Merkel cell carcinoma of eyelid, including canthus",C4A | C4A.1 | MCC | pMCC | PV-MCC | UV-MCC | TCS | Merkel Cell Carcinoma |,538456f7-1b21-5ace-aff6-0c78de5a3588,https://www.icd10data.com//ICD10CM/Codes/C00-D49/C43-C44/C4A-/C4A.1
316,C4A,Merkel cell carcinoma,Merkel cell carcinoma,C4A.10,"Merkel cell carcinoma of unspecified eyelid, including canthus",C4A | C4A.10 | MCC | pMCC | PV-MCC | UV-MCC | TCS | Merkel Cell Carcinoma |,fa1ad138-f975-5a20-92aa-ec89aff16811,https://www.icd10data.com//ICD10CM/Codes/C00-D49/C43-C44/C4A-/C4A.10
317,C4A,Merkel cell carcinoma,Merkel cell carcinoma,C4A.11,"Merkel cell carcinoma of right eyelid, including canthus",C4A | C4A.11 | MCC | pMCC | PV-MCC | UV-MCC | TCS | Merkel Cell Carcinoma ,ed1a43b3-88ff-5012-98ba-8f12981200e2,https://www.icd10data.com//ICD10CM/Codes/C00-D49/C43-C44/C4A-/C4A.11
318,C4A,Merkel cell carcinoma,Merkel cell carcinoma,C4A.111,"Merkel cell carcinoma of right upper eyelid, including canthus",C4A | C4A.111 | MCC | pMCC | PV-MCC | UV-MCC | TCS | Merkel Cell Carcinoma ,26ad20d4-eefc-5a3f-b0aa-535d5f497058,https://www.icd10data.com//ICD10CM/Codes/C00-D49/C43-C44/C4A-/C4A.111
319,C4A,Merkel cell carcinoma,Merkel cell carcinoma,C4A.112,"Merkel cell carcinoma of right lower eyelid, including canthus",C4A | C4A.112 | MCC | pMCC | PV-MCC | UV-MCC | TCS | Merkel Cell Carcinoma |,2333523d-0f9b-5749-a71a-0552051c756f,https://www.icd10data.com//ICD10CM/Codes/C00-D49/C43-C44/C4A-/C4A.112
320,C4A,Merkel cell carcinoma,Merkel cell carcinoma,C4A.12,"Merkel cell carcinoma of left eyelid, including canthus",C4A | C4A.12 | MCC | pMCC | PV-MCC | UV-MCC | TCS | Merkel Cell Carcinoma |,70198c1e-9d3b-51b9-a40e-1248652bcf49,https://www.icd10data.com//ICD10CM/Codes/C00-D49/C43-C44/C4A-/C4A.12
321,C4A,Merkel cell carcinoma,Merkel cell carcinoma,C4A.121,"Merkel cell carcinoma of left upper eyelid, including canthus",C4A | C4A.121 | MCC | pMCC | PV-MCC | UV-MCC | TCS | Merkel Cell Carcinoma |,ea729ea3-8126-58a8-bbb8-f97817c7ec14,https://www.icd10data.com//ICD10CM/Codes/C00-D49/C43-C44/C4A-/C4A.121
322,C4A,Merkel cell carcinoma,Merkel cell carcinoma,C4A.122,"Merkel cell carcinoma of left lower eyelid, including canthus",C4A | C4A.122 | MCC | pMCC | PV-MCC | UV-MCC | TCS | Merkel Cell Carcinoma  |,a1900e92-57ba-51f3-a960-bc6c35866187,https://www.icd10data.com//ICD10CM/Codes/C00-D49/C43-C44/C4A-/C4A.122
323,C4A,Merkel cell carcinoma,Merkel cell carcinoma,C4A.2,Merkel cell carcinoma of ear and external auricular canal,C4A | C4A.2 | MCC | pMCC | PV-MCC | UV-MCC | TCS | Merkel Cell Carcinoma |,21894f16-8f1d-54de-8779-e2db326000b9,https://www.icd10data.com//ICD10CM/Codes/C00-D49/C43-C44/C4A-/C4A.2
324,C4A,Merkel cell carcinoma,Merkel cell carcinoma,C4A.20,Merkel cell carcinoma of unspecified ear and external auricular canal,C4A | C4A.20 | MCC | pMCC | PV-MCC | UV-MCC | TCS | Merkel Cell Carcinoma  |,7b3d32cb-2228-51b2-b5ba-47fb95d3df05,https://www.icd10data.com//ICD10CM/Codes/C00-D49/C43-C44/C4A-/C4A.20
325,C4A,Merkel cell carcinoma,Merkel cell carcinoma,C4A.21,Merkel cell carcinoma of right ear and external auricular canal,C4A | C4A.21 | MCC | pMCC | PV-MCC | UV-MCC | TCS | Merkel Cell Carcinoma |,0f534eed-21ef-5b47-a569-c43ec0569718,https://www.icd10data.com//ICD10CM/Codes/C00-D49/C43-C44/C4A-/C4A.21
326,C4A,Merkel cell carcinoma,Merkel cell carcinoma,C4A.22,Merkel cell carcinoma of left ear and external auricular canal,C4A | C4A.22 | MCC | pMCC | PV-MCC | UV-MCC | TCS | Merkel Cell Carcinoma |,613cd7f0-c646-566d-83f3-4088520d65db,https://www.icd10data.com//ICD10CM/Codes/C00-D49/C43-C44/C4A-/C4A.22
327,C4A,Merkel cell carcinoma,Merkel cell carcinoma,C4A.3,Merkel cell carcinoma of other and unspecified parts of face,C4A | C4A.3 | MCC | pMCC | PV-MCC | UV-MCC | TCS | Merkel Cell Carcinoma |,80b9ce49-1d07-58fd-9a5d-a592389fbef5,https://www.icd10data.com//ICD10CM/Codes/C00-D49/C43-C44/C4A-/C4A.3
328,C4A,Merkel cell carcinoma,Merkel cell carcinoma,C4A.30,Merkel cell carcinoma of unspecified part of face,C4A | C4A.30 | MCC | pMCC | PV-MCC | UV-MCC | TCS | Merkel Cell Carcinoma | ,9a9d8300-c23f-572d-b235-6a4d6977c0ad,https://www.icd10data.com//ICD10CM/Codes/C00-D49/C43-C44/C4A-/C4A.30
329,C4A,Merkel cell carcinoma,Merkel cell carcinoma,C4A.31,Merkel cell carcinoma of nose,C4A | C4A.31 | MCC | pMCC | PV-MCC | UV-MCC | TCS | Merkel Cell Carcinoma |,fe2cc8dd-1505-57a1-af4f-fa31fba29d97,https://www.icd10data.com//ICD10CM/Codes/C00-D49/C43-C44/C4A-/C4A.31
330,C4A,Merkel cell carcinoma,Merkel cell carcinoma,C4A.39,Merkel cell carcinoma of other parts of face,C4A | C4A.39 | MCC | pMCC | PV-MCC | UV-MCC | TCS | Merkel Cell Carcinoma  |,9eea054c-5aeb-577b-8e21-44a5e62cbb59,https://www.icd10data.com//ICD10CM/Codes/C00-D49/C43-C44/C4A-/C4A.39
331,C4A,Merkel cell carcinoma,Merkel cell carcinoma,C4A.4,Merkel cell carcinoma of scalp and neck,C4A | C4A.4 | MCC | pMCC | PV-MCC | UV-MCC | TCS | Merkel Cell Carcinoma |,541880f3-fccd-55e9-9ea8-e93c1d62a393,https://www.icd10data.com//ICD10CM/Codes/C00-D49/C43-C44/C4A-/C4A.4
332,C4A,Merkel cell carcinoma,Merkel cell carcinoma,C4A.5,Merkel cell carcinoma of trunk,C4A | C4A.5 | MCC | pMCC | PV-MCC | UV-MCC | TCS | Merkel Cell Carcinoma ,dfb73b00-e987-571b-bb42-12875c1052fd,https://www.icd10data.com//ICD10CM/Codes/C00-D49/C43-C44/C4A-/C4A.5
333,C4A,Merkel cell carcinoma,Merkel cell carcinoma,C4A.51,Merkel cell carcinoma of anal skin,C4A | C4A.51 | MCC | pMCC | PV-MCC | UV-MCC | TCS Merkel Cell Carcinoma | ,57d6dc45-9a60-5a04-b848-711d3cb29055,https://www.icd10data.com//ICD10CM/Codes/C00-D49/C43-C44/C4A-/C4A.51
334,C4A,Merkel cell carcinoma,Merkel cell carcinoma,C4A.52,Merkel cell carcinoma of skin of breast,C4A | C4A.52 | MCC | pMCC | PV-MCC | UV-MCC | TCS |Merkel Cell Carcinoma | ,4749a752-4aff-55c7-8e13-b65a6201d678,https://www.icd10data.com//ICD10CM/Codes/C00-D49/C43-C44/C4A-/C4A.52
335,C4A,Merkel cell carcinoma,Merkel cell carcinoma,C4A.59,Merkel cell carcinoma of other part of trunk,C4A | C4A.59 | MCC | pMCC | PV-MCC | UV-MCC | TCS | Merkel Cell Carcinoma |,33aeb527-9e8f-5238-8e67-c8240b6d13e1,https://www.icd10data.com//ICD10CM/Codes/C00-D49/C43-C44/C4A-/C4A.59
336,C4A,Merkel cell carcinoma,Merkel cell carcinoma,C4A.6,"Merkel cell carcinoma of upper limb, including shoulder",C4A | C4A.6 | MCC | pMCC | PV-MCC | UV-MCC | TCS | Merkel Cell Carcinoma |,b77b9345-7ebf-53f2-a993-7c5082d2bb81,https://www.icd10data.com//ICD10CM/Codes/C00-D49/C43-C44/C4A-/C4A.6
337,C4A,Merkel cell carcinoma,Merkel cell carcinoma,C4A.60,"Merkel cell carcinoma of unspecified upper limb, including shoulder",C4A | C4A.60 | MCC | pMCC | PV-MCC | UV-MCC | TCS | Merkel Cell Carcinoma |,b7af568e-0c08-5695-93db-3b946ac3a9fc,https://www.icd10data.com//ICD10CM/Codes/C00-D49/C43-C44/C4A-/C4A.60
338,C4A,Merkel cell carcinoma,Merkel cell carcinoma,C4A.61,"Merkel cell carcinoma of right upper limb, including shoulder",C4A | C4A.61 | MCC | pMCC | PV-MCC | UV-MCC | TCS | Merkel Cell Carcinoma |,b8971373-1e95-544a-9480-7e5749c794cd,https://www.icd10data.com//ICD10CM/Codes/C00-D49/C43-C44/C4A-/C4A.61
339,C4A,Merkel cell carcinoma,Merkel cell carcinoma,C4A.62,"Merkel cell carcinoma of left upper limb, including shoulder",C4A | C4A.62 | MCC | pMCC | PV-MCC | UV-MCC | TCS | Merkel Cell Carcinoma |,86fdb379-2752-5667-959a-704c2690045d,https://www.icd10data.com//ICD10CM/Codes/C00-D49/C43-C44/C4A-/C4A.62
340,C4A,Merkel cell carcinoma,Merkel cell carcinoma,C4A.7,"Merkel cell carcinoma of lower limb, including hip",C4A | C4A.7 | MCC | pMCC | PV-MCC | UV-MCC | TCS | Merkel Cell Carcinoma |,bb2837ac-70ef-5fc9-9bef-85a5a6faedf5,https://www.icd10data.com//ICD10CM/Codes/C00-D49/C43-C44/C4A-/C4A.7
341,C4A,Merkel cell carcinoma,Merkel cell carcinoma,C4A.70,"Merkel cell carcinoma of unspecified lower limb, including hip",C4A | C4A.70 | MCC | pMCC | PV-MCC | UV-MCC | TCS | Merkel Cell Carcinoma |,9cb64c2d-e5cb-5181-a1d3-4f3279dc6b61,https://www.icd10data.com//ICD10CM/Codes/C00-D49/C43-C44/C4A-/C4A.70
342,C4A,Merkel cell carcinoma,Merkel cell carcinoma,C4A.71,"Merkel cell carcinoma of right lower limb, including hip",C4A | C4A.71 | MCC | pMCC | PV-MCC | UV-MCC | TCS Merkel Cell Carcinoma | ,f784e4bf-7f36-5bc9-9e75-3f8f31483081,https://www.icd10data.com//ICD10CM/Codes/C00-D49/C43-C44/C4A-/C4A.71
343,C4A,Merkel cell carcinoma,Merkel cell carcinoma,C4A.72,"Merkel cell carcinoma of left lower limb, including hip",C4A | C4A.72 | MCC | pMCC | PV-MCC | UV-MCC | TCS | Merkel Cell Carcinoma |,11a20b82-3ac9-5f6b-883d-cac8cbbb392d,https://www.icd10data.com//ICD10CM/Codes/C00-D49/C43-C44/C4A-/C4A.72
344,C4A,Merkel cell carcinoma,Merkel cell carcinoma,C4A.8,Merkel cell carcinoma of overlapping sites,C4A | C4A.8 | MCC | pMCC | PV-MCC | UV-MCC | TCS | Merkel Cell Carcinoma |,46030f24-01ba-593b-b6a8-eb675cdf3ede,https://www.icd10data.com//ICD10CM/Codes/C00-D49/C43-C44/C4A-/C4A.8
345,C4A,Merkel cell carcinoma,Merkel cell carcinoma,C4A.9,"Merkel cell carcinoma, unspecified",C4A | C4A.9 | MCC | pMCC | PV-MCC | UV-MCC | TCS | Merkel Cell Carcinoma |,757094f8-4340-5814-bb99-bee9e6c9e8bd,https://www.icd10data.com//ICD10CM/Codes/C00-D49/C43-C44/C4A-/C4A.9
346,C46,Kaposi's sarcoma,Kaposi's sarcoma,C46.0,Kaposi's sarcoma of skin,C46 | C46.0 | Kaposi Sarcoma | Kaposi's Disease |Kaposis Sarcoma | Kaposi's sarcoma | Multicentric Angiomatous Proliferation | ,b901b017-273c-5e25-ac33-fc183d98229e,https://www.icd10data.com//ICD10CM/Codes/C00-D49/C45-C49/C46-/C46.0
347,C46,Kaposi's sarcoma,Kaposi's sarcoma,C46.1,Kaposi's sarcoma of soft tissue,C46 | C46.1 | Kaposi Sarcoma | Kaposi's Disease |Kaposis Sarcoma | Kaposi's sarcoma | Multicentric Angiomatous Proliferation | ,bee1f07f-6eac-50f3-98ef-f4c0a8d85f7d,https://www.icd10data.com//ICD10CM/Codes/C00-D49/C45-C49/C46-/C46.1
348,C46,Kaposi's sarcoma,Kaposi's sarcoma,C46.2,Kaposi's sarcoma of palate,C46 | C46.2 | Kaposi Sarcoma | Kaposi's Disease |Kaposis Sarcoma | Kaposi's sarcoma | Multicentric Angiomatous Proliferation | ,4eaf297b-34fd-512a-b5a7-3f40469f8119,https://www.icd10data.com//ICD10CM/Codes/C00-D49/C45-C49/C46-/C46.2
349,C46,Kaposi's sarcoma,Kaposi's sarcoma,C46.3,Kaposi's sarcoma of lymph nodes,C46 | C46.3 | Kaposi Sarcoma | Kaposi's Disease |Kaposis Sarcoma | Kaposi's sarcoma | Multicentric Angiomatous Proliferation | ,192fba50-e749-5a54-8227-8511ade8994a,https://www.icd10data.com//ICD10CM/Codes/C00-D49/C45-C49/C46-/C46.3
350,C46,Kaposi's sarcoma,Kaposi's sarcoma,C46.4,Kaposi's sarcoma of gastrointestinal sites,C46 | C46.4 | Kaposi Sarcoma | Kaposi's Disease |Kaposis Sarcoma | Kaposi's sarcoma | Multicentric Angiomatous Proliferation | ,06d897c6-671c-5e69-a290-1e0c647e0e6b,https://www.icd10data.com//ICD10CM/Codes/C00-D49/C45-C49/C46-/C46.4
351,C46,Kaposi's sarcoma,Kaposi's sarcoma,C46.5,Kaposi's sarcoma of lung,C46 | C46.5 | Kaposi Sarcoma | Kaposi's Disease |Kaposis Sarcoma | Kaposi's sarcoma | Multicentric Angiomatous Proliferation | ,e0b8545f-3f96-5cfb-a52e-94683069cad6,https://www.icd10data.com//ICD10CM/Codes/C00-D49/C45-C49/C46-/C46.5
352,C46,Kaposi's sarcoma,Kaposi's sarcoma,C46.50,Kaposi's sarcoma of unspecified lung,C46 | C46.50 | Kaposi Sarcoma | Kaposi's Disease |Kaposis Sarcoma | Kaposi's sarcoma | Multicentric Angiomatous Proliferation | ,36c93617-4e90-570e-a2c8-a70a89eab122,https://www.icd10data.com//ICD10CM/Codes/C00-D49/C45-C49/C46-/C46.50
353,C46,Kaposi's sarcoma,Kaposi's sarcoma,C46.51,Kaposi's sarcoma of right lung,C46 | C46.51 | Kaposi Sarcoma | Kaposi's Disease |Kaposis Sarcoma | Kaposi's sarcoma | Multicentric Angiomatous Proliferation | ,76aaa184-5f8a-5ce7-861d-261f8a441e06,https://www.icd10data.com//ICD10CM/Codes/C00-D49/C45-C49/C46-/C46.51
354,C46,Kaposi's sarcoma,Kaposi's sarcoma,C46.52,Kaposi's sarcoma of left lung,C46 | C46.52 | Kaposi Sarcoma | Kaposi's Disease |Kaposis Sarcoma | Kaposi's sarcoma | Multicentric Angiomatous Proliferation | ,be3fa485-1e54-580f-b4b3-e6481ee5d517,https://www.icd10data.com//ICD10CM/Codes/C00-D49/C45-C49/C46-/C46.52
355,C46,Kaposi's sarcoma,Kaposi's sarcoma,C46.7,Kaposi's sarcoma of other sites,C46 | C46.7 | Kaposi Sarcoma | Kaposi's Disease |Kaposis Sarcoma | Kaposi's sarcoma | Multicentric Angiomatous Proliferation | ,b221a962-37ca-587d-beaf-951f95dd83a3,https://www.icd10data.com//ICD10CM/Codes/C00-D49/C45-C49/C46-/C46.7
356,C46,Kaposi's sarcoma,Kaposi's sarcoma,C46.9,"Kaposi's sarcoma, unspecified",C46 | C46.9 | Kaposi Sarcoma | Kaposi's Disease |Kaposis Sarcoma | Kaposi's sarcoma | Multicentric Angiomatous Proliferation | ,c470d59c-1fe4-52e1-8270-d5fa87192ba6,https://www.icd10data.com//ICD10CM/Codes/C00-D49/C45-C49/C46-/C46.9
357,C47,Peripheral Nerve Sheath Tumor,Malignant neoplasm of peripheral nerves and autonomic nervous system,C47.0,"Malignant neoplasm of peripheral nerves of head, face and neck",C47 | C47.0 | Peripheral Nerve Sheath Tumor| PNST | Nerve Sheath Neoplasm | Peripheral Nerve Sheath Tumor|,a33c756a-bff5-5d87-a8f4-5477624e22fd,https://www.icd10data.com//ICD10CM/Codes/C00-D49/C45-C49/C47-/C47.0
358,C47,Peripheral Nerve Sheath Tumor,Malignant neoplasm of peripheral nerves and autonomic nervous system,C47.1,"Malignant neoplasm of peripheral nerves of upper limb, including shoulder",C47 | C47.1 | Peripheral Nerve Sheath Tumor| PNST | Nerve Sheath Neoplasm | Peripheral Nerve Sheath Tumor|,97742c58-036d-5ae8-acf0-f33cfbcc718a,https://www.icd10data.com//ICD10CM/Codes/C00-D49/C45-C49/C47-/C47.1
359,C47,Peripheral Nerve Sheath Tumor,Malignant neoplasm of peripheral nerves and autonomic nervous system,C47.10,"Malignant neoplasm of peripheral nerves of unspecified upper limb, including shoulder",C47 | C47.10 | Peripheral Nerve Sheath Tumor| PNST | Nerve Sheath Neoplasm | Peripheral Nerve Sheath Tumor|,a4ec3124-1d17-5fae-8a94-140de7462207,https://www.icd10data.com//ICD10CM/Codes/C00-D49/C45-C49/C47-/C47.10
360,C47,Peripheral Nerve Sheath Tumor,Malignant neoplasm of peripheral nerves and autonomic nervous system,C47.11,"Malignant neoplasm of peripheral nerves of right upper limb, including shoulder",C47 | C47.11 | Peripheral Nerve Sheath Tumor| PNST | Nerve Sheath Neoplasm | Peripheral Nerve Sheath Tumor|,14b6bca3-abe2-5363-9170-3f43a28e92cb,https://www.icd10data.com//ICD10CM/Codes/C00-D49/C45-C49/C47-/C47.11
361,C47,Peripheral Nerve Sheath Tumor,Malignant neoplasm of peripheral nerves and autonomic nervous system,C47.12,"Malignant neoplasm of peripheral nerves of left upper limb, including shoulder",C47 | C47.12 | Peripheral Nerve Sheath Tumor| PNST | Nerve Sheath Neoplasm | Peripheral Nerve Sheath Tumor|,d416e26e-a313-5dfd-83db-0270e012510f,https://www.icd10data.com//ICD10CM/Codes/C00-D49/C45-C49/C47-/C47.12
362,C47,Peripheral Nerve Sheath Tumor,Malignant neoplasm of peripheral nerves and autonomic nervous system,C47.2,"Malignant neoplasm of peripheral nerves of lower limb, including hip",C47 | C47.2 | Peripheral Nerve Sheath Tumor| PNST | Nerve Sheath Neoplasm | Peripheral Nerve Sheath Tumor|,cfe77e91-9672-5998-b575-2aac0b70ba7e,https://www.icd10data.com//ICD10CM/Codes/C00-D49/C45-C49/C47-/C47.2
363,C47,Peripheral Nerve Sheath Tumor,Malignant neoplasm of peripheral nerves and autonomic nervous system,C47.20,"Malignant neoplasm of peripheral nerves of unspecified lower limb, including hip",C47 | C47.20 | Peripheral Nerve Sheath Tumor| PNST | Nerve Sheath Neoplasm | Peripheral Nerve Sheath Tumor|,2f50fe85-0892-5535-b131-d2353f5fa392,https://www.icd10data.com//ICD10CM/Codes/C00-D49/C45-C49/C47-/C47.20
364,C47,Peripheral Nerve Sheath Tumor,Malignant neoplasm of peripheral nerves and autonomic nervous system,C47.21,"Malignant neoplasm of peripheral nerves of right lower limb, including hip",C47 | C47.21 | Peripheral Nerve Sheath Tumor| PNST | Nerve Sheath Neoplasm | Peripheral Nerve Sheath Tumor|,16f4da36-33a7-58a3-9a1c-e59ef147a3fd,https://www.icd10data.com//ICD10CM/Codes/C00-D49/C45-C49/C47-/C47.21
578,C70,Meningioma,Malignant neoplasm of meninges,C70.1,Malignant neoplasm of spinal meninges,C70 | C70.1 | Meningeal Tumor | Meningeal Neoplasm | Meningioma | Spinal Meningioma | ,0767e596-c5bf-5ccf-a524-8cd688499b21,https://www.icd10data.com//ICD10CM/Codes/C00-D49/C69-C72/C70-/C70.1
365,C47,Peripheral Nerve Sheath Tumor,Malignant neoplasm of peripheral nerves and autonomic nervous system,C47.22,"Malignant neoplasm of peripheral nerves of left lower limb, including hip",C47 | C47.22 | Peripheral Nerve Sheath Tumor| PNST | Nerve Sheath Neoplasm | Peripheral Nerve Sheath Tumor|,6f12d6b9-0bfa-5a0a-a499-312f3a4d13a5,https://www.icd10data.com//ICD10CM/Codes/C00-D49/C45-C49/C47-/C47.22
366,C47,Peripheral Nerve Sheath Tumor,Malignant neoplasm of peripheral nerves and autonomic nervous system,C47.3,Malignant neoplasm of peripheral nerves of thorax,C47 | C47.3 | Peripheral Nerve Sheath Tumor| PNST | Nerve Sheath Neoplasm | Peripheral Nerve Sheath Tumor|,a0b722e3-eda7-5a26-aaf3-899c59d9b619,https://www.icd10data.com//ICD10CM/Codes/C00-D49/C45-C49/C47-/C47.3
367,C47,Peripheral Nerve Sheath Tumor,Malignant neoplasm of peripheral nerves and autonomic nervous system,C47.4,Malignant neoplasm of peripheral nerves of abdomen,C47 | C47.4 | Peripheral Nerve Sheath Tumor| PNST | Nerve Sheath Neoplasm | Peripheral Nerve Sheath Tumor|,2984366f-42d6-502c-9081-efce803f6530,https://www.icd10data.com//ICD10CM/Codes/C00-D49/C45-C49/C47-/C47.4
368,C47,Peripheral Nerve Sheath Tumor,Malignant neoplasm of peripheral nerves and autonomic nervous system,C47.5,Malignant neoplasm of peripheral nerves of pelvis,C47 | C47.5 | Peripheral Nerve Sheath Tumor| PNST | Nerve Sheath Neoplasm | Peripheral Nerve Sheath Tumor|,c29a5060-88ff-5a51-a907-8e4dccc7cd09,https://www.icd10data.com//ICD10CM/Codes/C00-D49/C45-C49/C47-/C47.5
369,C47,Peripheral Nerve Sheath Tumor,Malignant neoplasm of peripheral nerves and autonomic nervous system,C47.6,"Malignant neoplasm of peripheral nerves of trunk, unspecified",C47 | C47.6 | Peripheral Nerve Sheath Tumor| PNST | Nerve Sheath Neoplasm | Peripheral Nerve Sheath Tumor|,5f588131-41fd-5296-ba7e-bb990b07506f,https://www.icd10data.com//ICD10CM/Codes/C00-D49/C45-C49/C47-/C47.6
370,C47,Peripheral Nerve Sheath Tumor,Malignant neoplasm of peripheral nerves and autonomic nervous system,C47.8,Malignant neoplasm of overlapping sites of peripheral nerves and autonomic nervous system,C47 | C47.8 | Peripheral Nerve Sheath Tumor| PNST | Nerve Sheath Neoplasm | Peripheral Nerve Sheath Tumor|,cab309dd-649f-5184-9938-e6411f2adb49,https://www.icd10data.com//ICD10CM/Codes/C00-D49/C45-C49/C47-/C47.8
371,C47,Peripheral Nerve Sheath Tumor,Malignant neoplasm of peripheral nerves and autonomic nervous system,C47.9,"Malignant neoplasm of peripheral nerves and autonomic nervous system, unspecified",C47 | C47.9 | Peripheral Nerve Sheath Tumor| PNST | Nerve Sheath Neoplasm | Peripheral Nerve Sheath Tumor|,5f53d3c5-4f5c-5630-a459-bcd471b0478c,https://www.icd10data.com//ICD10CM/Codes/C00-D49/C45-C49/C47-/C47.9
372,C48,Retroperitoneal cancer,Malignant neoplasm of retroperitoneum and peritoneum,C48.0,Malignant neoplasm of retroperitoneum,C48 | C48.0 | Retroperitoneal Cancer | Retroperitoneal Sarcoma | Retroperitoneal Neoplasm | Retroperitoneal Tumor | Soft Tissue Sarcoma of Retroperitoneum | Retro-peritoneal Cancer | ,7aeaa53b-36d2-5a5d-95cb-2af8b84931ef,https://www.icd10data.com//ICD10CM/Codes/C00-D49/C45-C49/C48-/C48.0
373,C48,Retroperitoneal cancer,Malignant neoplasm of retroperitoneum and peritoneum,C48.1,Malignant neoplasm of specified parts of peritoneum,C48 | C48.1 | Retroperitoneal Cancer | Retroperitoneal Sarcoma | Retroperitoneal Neoplasm | Retroperitoneal Tumor | Soft Tissue Sarcoma of Retroperitoneum | Retro-peritoneal Cancer | Peritonial Cancer | Peritoneum Cancer |,70ca9395-74ef-5d49-805a-ef43d3372d13,https://www.icd10data.com//ICD10CM/Codes/C00-D49/C45-C49/C48-/C48.1
374,C48,Retroperitoneal cancer,Malignant neoplasm of retroperitoneum and peritoneum,C48.2,"Malignant neoplasm of peritoneum, unspecified",C48 | C48.2 | Retroperitoneal Cancer | Retroperitoneal Sarcoma | Retroperitoneal Neoplasm | Retroperitoneal Tumor | Soft Tissue Sarcoma of Retroperitoneum | Retro-peritoneal Cancer | ,ea78e215-ea4b-54d0-80b1-741a1123f859,https://www.icd10data.com//ICD10CM/Codes/C00-D49/C45-C49/C48-/C48.2
375,C48,Retroperitoneal cancer,Malignant neoplasm of retroperitoneum and peritoneum,C48.8,Malignant neoplasm of overlapping sites of retroperitoneum and peritoneum,C48 | C48.8 | Retroperitoneal Cancer | Retroperitoneal Sarcoma | Retroperitoneal Neoplasm | Retroperitoneal Tumor | Soft Tissue Sarcoma of Retroperitoneum | Retro-peritoneal Cancer | ,85dfbc35-d028-5758-a51c-13f43d038aaa,https://www.icd10data.com//ICD10CM/Codes/C00-D49/C45-C49/C48-/C48.8
376,C50,Breast Cancer,Malignant neoplasm of breast,C50.0,Malignant neoplasm of nipple and areola,C50 | C50.0  | Mammary Carcinoma | Breast Carcinoma  | IBC | Ductal Carcinoma  | Lobular Carcinoma  | Triple-Negative Breast Cancer| Triple Negative Breast Cancer | TNBC | Hormone Receptor-Positive Breast Cancer | Hormone Receptor Positive Breast Cancer | HR+ BC | HER2-Positive Breast Cancer | HER2+ BC |mBC | ER+ BC | metastatic breast cancer | Breast Cancer | t-nbc | Paget's disease of breast | Page disease of breast | Areola cancer |,a1457f2a-c9b8-5762-a9de-e30c5196a877,https://www.icd10data.com//ICD10CM/Codes/C00-D49/C50-C50/C50-/C50.0
377,C50,Breast Cancer,Malignant neoplasm of breast,C50.01,"Malignant neoplasm of nipple and areola, female",C50 | C50.01  | Mammary Carcinoma | Breast Carcinoma  | IBC | Ductal Carcinoma  | Lobular Carcinoma  | Triple-Negative Breast Cancer| Triple Negative Breast Cancer | TNBC | Hormone Receptor-Positive Breast Cancer | Hormone Receptor Positive Breast Cancer | HR+ BC | HER2-Positive Breast Cancer | HER2+ BC |mBC | ER+ BC | metastatic breast cancer | Breast Cancer | t-nbc|  Paget's disease of breast | Page disease of breast | Areola cancer |,c35c5eb2-80bc-511f-ba4a-a3ad4a8d2c28,https://www.icd10data.com//ICD10CM/Codes/C00-D49/C50-C50/C50-/C50.01
378,C50,Breast Cancer,Malignant neoplasm of breast,C50.011,"Malignant neoplasm of nipple and areola, right female breast",C50 | C50.011  | Mammary Carcinoma | Breast Carcinoma  | IBC | Ductal Carcinoma  | Lobular Carcinoma  | Triple-Negative Breast Cancer| Triple Negative Breast Cancer | TNBC | Hormone Receptor-Positive Breast Cancer | Hormone Receptor Positive Breast Cancer | HR+ BC | HER2-Positive Breast Cancer | HER2+ BC |mBC | ER+ BC | metastatic breast cancer | Breast Cancer | t-nbc |  Paget's disease of breast | Page disease of breast | Areola cancer |,45521bfc-7f8b-5fde-b23f-3ecc94c21411,https://www.icd10data.com//ICD10CM/Codes/C00-D49/C50-C50/C50-/C50.011
472,C56,Ovarian Cancer,Malignant neoplasm of ovary,C56.1,Malignant neoplasm of right ovary,C56 | C56.1 | Ovarian Carcinoma | Ovarian Germ Cell Tumor  |Ovary Cancer |Right Ovarian Cancer| Ovarian Cancer |,a4d26e77-528b-582d-8d7a-b6675b28781b,https://www.icd10data.com//ICD10CM/Codes/C00-D49/C51-C58/C56-/C56.1
379,C50,Breast Cancer,Malignant neoplasm of breast,C50.012,"Malignant neoplasm of nipple and areola, left female breast",C50 | C50.012  | Mammary Carcinoma | Breast Carcinoma  | IBC | Ductal Carcinoma  | Lobular Carcinoma  | Triple-Negative Breast Cancer| Triple Negative Breast Cancer | TNBC | Hormone Receptor-Positive Breast Cancer | Hormone Receptor Positive Breast Cancer | HR+ BC | HER2-Positive Breast Cancer | HER2+ BC |mBC | ER+ BC | metastatic breast cancer | Breast Cancer | t-nbc |  Paget's disease of breast | Page disease of breast | Areola cancer |,7590fa00-027f-5e33-8d0e-f1108aec3ad0,https://www.icd10data.com//ICD10CM/Codes/C00-D49/C50-C50/C50-/C50.012
380,C50,Breast Cancer,Malignant neoplasm of breast,C50.019,"Malignant neoplasm of nipple and areola, unspecified female breast",C50 | C50.019  | Mammary Carcinoma | Breast Carcinoma  | IBC | Ductal Carcinoma  | Lobular Carcinoma  | Triple-Negative Breast Cancer| Triple Negative Breast Cancer | TNBC | Hormone Receptor-Positive Breast Cancer | Hormone Receptor Positive Breast Cancer | HR+ BC | HER2-Positive Breast Cancer | HER2+ BC |mBC | ER+ BC | metastatic breast cancer | Breast Cancer | t-nbc | Paget's disease of breast | Page disease of breast | Areola cancer |,a99ddce1-eeb5-552e-8f01-cbaa4813d792,https://www.icd10data.com//ICD10CM/Codes/C00-D49/C50-C50/C50-/C50.019
381,C50,Breast Cancer,Malignant neoplasm of breast,C50.02,"Malignant neoplasm of nipple and areola, male",C50 | C50.02  | Male Breast Cancer |  Paget's disease of breast | Page disease of breast | Areola cancer | Breast Cancer |,7fce8034-5335-5108-9d88-05271c1fd0ba,https://www.icd10data.com//ICD10CM/Codes/C00-D49/C50-C50/C50-/C50.02
382,C50,Breast Cancer,Malignant neoplasm of breast,C50.021,"Malignant neoplasm of nipple and areola, right male breast",C50 | C50.021  | Male Breast Cancer |  Paget's disease of breast | Page disease of breast | Areola cancer | Breast Cancer |,f28bbd9f-2b8d-5928-abe6-82e6d916742f,https://www.icd10data.com//ICD10CM/Codes/C00-D49/C50-C50/C50-/C50.021
383,C50,Breast Cancer,Malignant neoplasm of breast,C50.022,"Malignant neoplasm of nipple and areola, left male breast",C50 | C50.022  | Male Breast Cancer |  Paget's disease of breast | Page disease of breast | Areola cancer | Breast Cancer |,cfc1bd29-b23f-51ee-8b03-f372afb73b05,https://www.icd10data.com//ICD10CM/Codes/C00-D49/C50-C50/C50-/C50.022
384,C50,Breast Cancer,Malignant neoplasm of breast,C50.029,"Malignant neoplasm of nipple and areola, unspecified male breast",C50 | C50.029  | Male Breast Cancer |  Paget's disease of breast | Page disease of breast | Areola cancer | Breast Cancer |,e91bae57-58eb-56a1-a31e-965db542b866,https://www.icd10data.com//ICD10CM/Codes/C00-D49/C50-C50/C50-/C50.029
385,C50,Breast Cancer,Malignant neoplasm of breast,C50.1,Malignant neoplasm of central portion of breast,C50 | C50.1  | Mammary Carcinoma | Breast Carcinoma  | IBC | Ductal Carcinoma  | Lobular Carcinoma  | Triple-Negative Breast Cancer| Triple Negative Breast Cancer | TNBC | Hormone Receptor-Positive Breast Cancer | Hormone Receptor Positive Breast Cancer | HR+ BC | HER2-Positive Breast Cancer | HER2+ BC |mBC | ER+ BC | metastatic breast cancer | Breast Cancer | t-nbc |,772ac622-0794-5065-b6f1-73a5033a5923,https://www.icd10data.com//ICD10CM/Codes/C00-D49/C50-C50/C50-/C50.1
386,C50,Breast Cancer,Malignant neoplasm of breast,C50.11,"Malignant neoplasm of central portion of breast, female",C50 | C50.11  | Mammary Carcinoma | Breast Carcinoma  | IBC | Ductal Carcinoma  | Lobular Carcinoma  | Triple-Negative Breast Cancer| Triple Negative Breast Cancer | TNBC | Hormone Receptor-Positive Breast Cancer | Hormone Receptor Positive Breast Cancer | HR+ BC | HER2-Positive Breast Cancer | HER2+ BC |mBC | ER+ BC | metastatic breast cancer | Breast Cancer | t-nbc | ,e2bcf7c5-8308-5a55-8d33-d0f3da4c226d,https://www.icd10data.com//ICD10CM/Codes/C00-D49/C50-C50/C50-/C50.11
387,C50,Breast Cancer,Malignant neoplasm of breast,C50.111,Malignant neoplasm of central portion of right female breast,C50 | C50.111  | Mammary Carcinoma | Breast Carcinoma  | IBC | Ductal Carcinoma  | Lobular Carcinoma  | Triple-Negative Breast Cancer| Triple Negative Breast Cancer | TNBC | Hormone Receptor-Positive Breast Cancer | Hormone Receptor Positive Breast Cancer | HR+ BC | HER2-Positive Breast Cancer | HER2+ BC |mBC | ER+ BC | metastatic breast cancer | Breast Cancer | t-nbc |,c0bf76d1-8985-5dc0-9510-24056bcb5c42,https://www.icd10data.com//ICD10CM/Codes/C00-D49/C50-C50/C50-/C50.111
388,C50,Breast Cancer,Malignant neoplasm of breast,C50.112,Malignant neoplasm of central portion of left female breast,C50 | C50.112  | Mammary Carcinoma | Breast Carcinoma  | IBC | Ductal Carcinoma  | Lobular Carcinoma  | Triple-Negative Breast Cancer| Triple Negative Breast Cancer | TNBC | Hormone Receptor-Positive Breast Cancer | Hormone Receptor Positive Breast Cancer | HR+ BC | HER2-Positive Breast Cancer | HER2+ BC |mBC | ER+ BC | metastatic breast cancer | Breast Cancer | t-nbc |,aad2eab6-fbc7-5bbc-b1c1-35283b337ec9,https://www.icd10data.com//ICD10CM/Codes/C00-D49/C50-C50/C50-/C50.112
389,C50,Breast Cancer,Malignant neoplasm of breast,C50.119,Malignant neoplasm of central portion of unspecified female breast,C50 | C50.119  | Mammary Carcinoma | Breast Carcinoma  | IBC | Ductal Carcinoma  | Lobular Carcinoma  | Triple-Negative Breast Cancer| Triple Negative Breast Cancer | TNBC | Hormone Receptor-Positive Breast Cancer | Hormone Receptor Positive Breast Cancer | HR+ BC | HER2-Positive Breast Cancer | HER2+ BC |mBC | ER+ BC | metastatic breast cancer | Breast Cancer | t-nbc | Paget's disease of breast | Page disease of breast | Areola cancer |,234bef4c-fad8-5897-ba37-6d155ec3a3a0,https://www.icd10data.com//ICD10CM/Codes/C00-D49/C50-C50/C50-/C50.119
473,C56,Ovarian Cancer,Malignant neoplasm of ovary,C56.2,Malignant neoplasm of left ovary,C56 | C56.2 | Ovarian Carcinoma | Ovarian Germ Cell Tumor  |Ovary Cancer | Left Ovarian Cancer |,46bd8687-ce40-501b-befc-8e5dd9f2b657,https://www.icd10data.com//ICD10CM/Codes/C00-D49/C51-C58/C56-/C56.2
390,C50,Breast Cancer,Malignant neoplasm of breast,C50.12,"Malignant neoplasm of central portion of breast, male",C50 | C50.12  | Male Breast Cancer | Breast Cancer |,ebbb5384-82da-59c9-acc2-0bf7fb36b05b,https://www.icd10data.com//ICD10CM/Codes/C00-D49/C50-C50/C50-/C50.12
391,C50,Breast Cancer,Malignant neoplasm of breast,C50.121,Malignant neoplasm of central portion of right male breast,C50 | C50.121 | Male Breast Cancer | Breast Cancer |,6abf3a60-4285-561f-9e4a-a5de0d1dd36b,https://www.icd10data.com//ICD10CM/Codes/C00-D49/C50-C50/C50-/C50.121
392,C50,Breast Cancer,Malignant neoplasm of breast,C50.122,Malignant neoplasm of central portion of left male breast,C50 | C50.122 | Male Breast Cancer | Breast Cancer |,1738c576-77cc-5c98-a640-adffdb6c160e,https://www.icd10data.com//ICD10CM/Codes/C00-D49/C50-C50/C50-/C50.122
393,C50,Breast Cancer,Malignant neoplasm of breast,C50.129,Malignant neoplasm of central portion of unspecified male breast,C50 | C50.129 | Male Breast Cancer | Breast Cancer |,f3afb7c3-c571-5f15-a64a-93583b6e8ff2,https://www.icd10data.com//ICD10CM/Codes/C00-D49/C50-C50/C50-/C50.129
394,C50,Breast Cancer,Malignant neoplasm of breast,C50.2,Malignant neoplasm of upper-inner quadrant of breast,C50 | C50.2  | Mammary Carcinoma | Breast Carcinoma  | IBC | Ductal Carcinoma  | Lobular Carcinoma  | Triple-Negative Breast Cancer| Triple Negative Breast Cancer | TNBC | Hormone Receptor-Positive Breast Cancer | Hormone Receptor Positive Breast Cancer | HR+ BC | HER2-Positive Breast Cancer | HER2+ BC |mBC | ER+ BC | metastatic breast cancer | Breast Cancer | t-nbc | ,8bc25c31-4188-5655-8b20-3d3bd9b3f597,https://www.icd10data.com//ICD10CM/Codes/C00-D49/C50-C50/C50-/C50.2
395,C50,Breast Cancer,Malignant neoplasm of breast,C50.21,"Malignant neoplasm of upper-inner quadrant of breast, female",C50 | C50.21  | Mammary Carcinoma | Breast Carcinoma  | IBC | Ductal Carcinoma  | Lobular Carcinoma  | Triple-Negative Breast Cancer| Triple Negative Breast Cancer | TNBC | Hormone Receptor-Positive Breast Cancer | Hormone Receptor Positive Breast Cancer | HR+ BC | HER2-Positive Breast Cancer | HER2+ BC |mBC | ER+ BC | metastatic breast cancer | Breast Cancer | t-nbc | ,fdc0795b-9a73-5d01-8985-f0d21603b6bb,https://www.icd10data.com//ICD10CM/Codes/C00-D49/C50-C50/C50-/C50.21
396,C50,Breast Cancer,Malignant neoplasm of breast,C50.211,Malignant neoplasm of upper-inner quadrant of right female breast,C50 | C50.211  | Mammary Carcinoma | Breast Carcinoma  | IBC | Ductal Carcinoma  | Lobular Carcinoma  | Triple-Negative Breast Cancer| Triple Negative Breast Cancer | TNBC | Hormone Receptor-Positive Breast Cancer | Hormone Receptor Positive Breast Cancer | HR+ BC | HER2-Positive Breast Cancer | HER2+ BC |mBC | ER+ BC | metastatic breast cancer | Breast Cancer | t-nbc |,6d19338c-419d-5bf9-90bb-bc152bc2fddc,https://www.icd10data.com//ICD10CM/Codes/C00-D49/C50-C50/C50-/C50.211
397,C50,Breast Cancer,Malignant neoplasm of breast,C50.212,Malignant neoplasm of upper-inner quadrant of left female breast,C50 | C50.212  | Mammary Carcinoma | Breast Carcinoma  | IBC | Ductal Carcinoma  | Lobular Carcinoma  | Triple-Negative Breast Cancer| Triple Negative Breast Cancer | TNBC | Hormone Receptor-Positive Breast Cancer | Hormone Receptor Positive Breast Cancer | HR+ BC | HER2-Positive Breast Cancer | HER2+ BC |mBC | ER+ BC | metastatic breast cancer | Breast Cancer | t-nbc |,afc924d6-bd9c-5b36-83c4-6287907caa7f,https://www.icd10data.com//ICD10CM/Codes/C00-D49/C50-C50/C50-/C50.212
398,C50,Breast Cancer,Malignant neoplasm of breast,C50.219,Malignant neoplasm of upper-inner quadrant of unspecified female breast,C50 | C50.219  | Mammary Carcinoma | Breast Carcinoma  | IBC | Ductal Carcinoma  | Lobular Carcinoma  | Triple-Negative Breast Cancer| Triple Negative Breast Cancer | TNBC | Hormone Receptor-Positive Breast Cancer | Hormone Receptor Positive Breast Cancer | HR+ BC | HER2-Positive Breast Cancer | HER2+ BC |mBC | ER+ BC | metastatic breast cancer | Breast Cancer | t-nbc | ,f67d92b5-4c90-569b-aa6d-af5339c9fb65,https://www.icd10data.com//ICD10CM/Codes/C00-D49/C50-C50/C50-/C50.219
399,C50,Breast Cancer,Malignant neoplasm of breast,C50.22,"Malignant neoplasm of upper-inner quadrant of breast, male",C50 | C50.22 | Male Breast Cancer | Breast Cancer |,fd9d5d20-51b8-5936-9851-1407e28a25d1,https://www.icd10data.com//ICD10CM/Codes/C00-D49/C50-C50/C50-/C50.22
400,C50,Breast Cancer,Malignant neoplasm of breast,C50.221,Malignant neoplasm of upper-inner quadrant of right male breast,C50 | C50.221 | Male Breast Cancer | Breast Cancer |,490e8003-a18f-52a0-bae4-e15ec83824f5,https://www.icd10data.com//ICD10CM/Codes/C00-D49/C50-C50/C50-/C50.221
592,C72,Spinal Cord Cancer,"Malignant neoplasm of spinal cord, cranial nerves and other parts of central nervous system",C72.2,Malignant neoplasm of olfactory nerve,C72 | C72.2 | Malignant Neoplasm of Olfactory Nerve | Olfactory Nerve Cancer | Olfactory Neuroblastoma | Esthesioneuroblastoma | Primary CNS Tumor | Cranial Nerve Tumor | CNS Cancer | Spinal Cancer  ,284794f9-c3f4-546a-93c6-df3ba3941093,https://www.icd10data.com//ICD10CM/Codes/C00-D49/C69-C72/C72-/C72.2
401,C50,Breast Cancer,Malignant neoplasm of breast,C50.222,Malignant neoplasm of upper-inner quadrant of left male breast,C50 | C50.222  | Male Breast Cancer | Breast Cancer |,9f54af38-29d4-5f97-b815-926c2b4fe4cf,https://www.icd10data.com//ICD10CM/Codes/C00-D49/C50-C50/C50-/C50.222
402,C50,Breast Cancer,Malignant neoplasm of breast,C50.229,Malignant neoplasm of upper-inner quadrant of unspecified male breast,C50 | C50.229 | Male Breast Cancer | Breast Cancer |,6a595816-d5f3-5f00-8591-9311718472ae,https://www.icd10data.com//ICD10CM/Codes/C00-D49/C50-C50/C50-/C50.229
403,C50,Breast Cancer,Malignant neoplasm of breast,C50.3,Malignant neoplasm of lower-inner quadrant of breast,C50 | C50.3  | Mammary Carcinoma | Breast Carcinoma  | IBC | Ductal Carcinoma  | Lobular Carcinoma  | Triple-Negative Breast Cancer| Triple Negative Breast Cancer | TNBC | Hormone Receptor-Positive Breast Cancer | Hormone Receptor Positive Breast Cancer | HR+ BC | HER2-Positive Breast Cancer | HER2+ BC |mBC | ER+ BC | metastatic breast cancer | Breast Cancer | t-nbc | Male Breast Cancer | ,01550258-e0d7-54d6-8852-08d5e7fb5cd1,https://www.icd10data.com//ICD10CM/Codes/C00-D49/C50-C50/C50-/C50.3
404,C50,Breast Cancer,Malignant neoplasm of breast,C50.31,"Malignant neoplasm of lower-inner quadrant of breast, female",C50 | C50.31  | Mammary Carcinoma | Breast Carcinoma  | IBC | Ductal Carcinoma  | Lobular Carcinoma  | Triple-Negative Breast Cancer| Triple Negative Breast Cancer | TNBC | Hormone Receptor-Positive Breast Cancer | Hormone Receptor Positive Breast Cancer | HR+ BC | HER2-Positive Breast Cancer | HER2+ BC |mBC | ER+ BC | metastatic breast cancer | Breast Cancer | t-nbc |,59ec8c78-4356-5c77-9a98-fde303079c15,https://www.icd10data.com//ICD10CM/Codes/C00-D49/C50-C50/C50-/C50.31
405,C50,Breast Cancer,Malignant neoplasm of breast,C50.311,Malignant neoplasm of lower-inner quadrant of right female breast,C50 | C50.311  | Mammary Carcinoma | Breast Carcinoma  | IBC | Ductal Carcinoma  | Lobular Carcinoma  | Triple-Negative Breast Cancer| Triple Negative Breast Cancer | TNBC | Hormone Receptor-Positive Breast Cancer | Hormone Receptor Positive Breast Cancer | HR+ BC | HER2-Positive Breast Cancer | HER2+ BC |mBC | ER+ BC | metastatic breast cancer | Breast Cancer | t-nbc |,c2b3ce0c-533a-535f-8309-3a5189f21a5e,https://www.icd10data.com//ICD10CM/Codes/C00-D49/C50-C50/C50-/C50.311
406,C50,Breast Cancer,Malignant neoplasm of breast,C50.312,Malignant neoplasm of lower-inner quadrant of left female breast,C50 | C50.312  | Mammary Carcinoma | Breast Carcinoma  | IBC | Ductal Carcinoma  | Lobular Carcinoma  | Triple-Negative Breast Cancer| Triple Negative Breast Cancer | TNBC | Hormone Receptor-Positive Breast Cancer | Hormone Receptor Positive Breast Cancer | HR+ BC | HER2-Positive Breast Cancer | HER2+ BC |mBC | ER+ BC | metastatic breast cancer | Breast Cancer | t-nbc | ,958edee3-22ce-5f5d-8839-9f57951174b4,https://www.icd10data.com//ICD10CM/Codes/C00-D49/C50-C50/C50-/C50.312
407,C50,Breast Cancer,Malignant neoplasm of breast,C50.319,Malignant neoplasm of lower-inner quadrant of unspecified female breast,C50 | C50.319  | Mammary Carcinoma | Breast Carcinoma  | IBC | Ductal Carcinoma  | Lobular Carcinoma  | Triple-Negative Breast Cancer| Triple Negative Breast Cancer | TNBC | Hormone Receptor-Positive Breast Cancer | Hormone Receptor Positive Breast Cancer | HR+ BC | HER2-Positive Breast Cancer | HER2+ BC |mBC | ER+ BC | metastatic breast cancer | Breast Cancer | t-nbc |,1a3381f7-3779-5cca-83f5-7ad526a4c743,https://www.icd10data.com//ICD10CM/Codes/C00-D49/C50-C50/C50-/C50.319
408,C50,Breast Cancer,Malignant neoplasm of breast,C50.32,"Malignant neoplasm of lower-inner quadrant of breast, male",C50 | C50.32  | Mammary Carcinoma | Breast Carcinoma  | IBC | Ductal Carcinoma  | Lobular Carcinoma  | Triple-Negative Breast Cancer| Triple Negative Breast Cancer | TNBC | Hormone Receptor-Positive Breast Cancer | Hormone Receptor Positive Breast Cancer | HR+ BC | HER2-Positive Breast Cancer | HER2+ BC |mBC | ER+ BC | metastatic breast cancer | Breast Cancer | t-nbc | Male Breast Cancer | ,46f82104-239e-5ce3-a429-64a341746f41,https://www.icd10data.com//ICD10CM/Codes/C00-D49/C50-C50/C50-/C50.32
409,C50,Breast Cancer,Malignant neoplasm of breast,C50.321,Malignant neoplasm of lower-inner quadrant of right male breast,C50 | C50.321 | t-nbc | Male Breast Cancer | Malignant neoplasm of lower-inner quadrant of right male breast | Breast Cancer |,4641b2eb-8f6c-5a98-9cb3-4713b11d164c,https://www.icd10data.com//ICD10CM/Codes/C00-D49/C50-C50/C50-/C50.321
410,C50,Breast Cancer,Malignant neoplasm of breast,C50.322,Malignant neoplasm of lower-inner quadrant of left male breast,C50 | C50.322 | Male Breast Cancer | Breast Cancer |,8ce083c4-f483-558a-affb-395de0e8b1f3,https://www.icd10data.com//ICD10CM/Codes/C00-D49/C50-C50/C50-/C50.322
411,C50,Breast Cancer,Malignant neoplasm of breast,C50.329,Malignant neoplasm of lower-inner quadrant of unspecified male breast,C50 | C50.329 | Male Breast Cancer | Breast Cancer |,cedd3395-78a8-5010-8abf-cf84c2c88bb4,https://www.icd10data.com//ICD10CM/Codes/C00-D49/C50-C50/C50-/C50.329
412,C50,Breast Cancer,Malignant neoplasm of breast,C50.4,Malignant neoplasm of upper-outer quadrant of breast,C50 | C50.4  | Mammary Carcinoma | Breast Carcinoma  | IBC | Ductal Carcinoma  | Lobular Carcinoma  | Triple-Negative Breast Cancer| Triple Negative Breast Cancer | TNBC | Hormone Receptor-Positive Breast Cancer | Hormone Receptor Positive Breast Cancer | HR+ BC | HER2-Positive Breast Cancer | HER2+ BC |mBC | ER+ BC | metastatic breast cancer | Breast Cancer | t-nbc | Male Breast Cancer | Breast Cancer |,e1c752bb-0fc5-5dad-85c1-b10f598617a0,https://www.icd10data.com//ICD10CM/Codes/C00-D49/C50-C50/C50-/C50.4
413,C50,Breast Cancer,Malignant neoplasm of breast,C50.41,"Malignant neoplasm of upper-outer quadrant of breast, female",C50 | C50.41  | Mammary Carcinoma | Breast Carcinoma  | IBC | Ductal Carcinoma  | Lobular Carcinoma  | Triple-Negative Breast Cancer| Triple Negative Breast Cancer | TNBC | Hormone Receptor-Positive Breast Cancer | Hormone Receptor Positive Breast Cancer | HR+ BC | HER2-Positive Breast Cancer | HER2+ BC |mBC | ER+ BC | metastatic breast cancer | Breast Cancer | t-nbc |,5acaab26-5c18-5c6b-a87e-84e85e8bf664,https://www.icd10data.com//ICD10CM/Codes/C00-D49/C50-C50/C50-/C50.41
414,C50,Breast Cancer,Malignant neoplasm of breast,C50.411,Malignant neoplasm of upper-outer quadrant of right female breast,C50 | C50.411  | Mammary Carcinoma | Breast Carcinoma  | IBC | Ductal Carcinoma  | Lobular Carcinoma  | Triple-Negative Breast Cancer| Triple Negative Breast Cancer | TNBC | Hormone Receptor-Positive Breast Cancer | Hormone Receptor Positive Breast Cancer | HR+ BC | HER2-Positive Breast Cancer | HER2+ BC |mBC | ER+ BC | metastatic breast cancer | Breast Cancer | t-nbc |,4bc61fbb-f470-5d32-97c6-0dd8a4e3d89a,https://www.icd10data.com//ICD10CM/Codes/C00-D49/C50-C50/C50-/C50.411
415,C50,Breast Cancer,Malignant neoplasm of breast,C50.412,Malignant neoplasm of upper-outer quadrant of left female breast,C50 | C50.412  | Mammary Carcinoma | Breast Carcinoma  | IBC | Ductal Carcinoma  | Lobular Carcinoma  | Triple-Negative Breast Cancer| Triple Negative Breast Cancer | TNBC | Hormone Receptor-Positive Breast Cancer | Hormone Receptor Positive Breast Cancer | HR+ BC | HER2-Positive Breast Cancer | HER2+ BC |mBC | ER+ BC | metastatic breast cancer | Breast Cancer | t-nbc |,c4101cc0-3211-57d3-9352-87ece3ad4e27,https://www.icd10data.com//ICD10CM/Codes/C00-D49/C50-C50/C50-/C50.412
416,C50,Breast Cancer,Malignant neoplasm of breast,C50.419,Malignant neoplasm of upper-outer quadrant of unspecified female breast,C50 | C50.419  | Mammary Carcinoma | Breast Carcinoma  | IBC | Ductal Carcinoma  | Lobular Carcinoma  | Triple-Negative Breast Cancer| Triple Negative Breast Cancer | TNBC | Hormone Receptor-Positive Breast Cancer | Hormone Receptor Positive Breast Cancer | HR+ BC | HER2-Positive Breast Cancer | HER2+ BC |mBC | ER+ BC | metastatic breast cancer | Breast Cancer | t-nbc | ,d5851aa8-a6c9-5e15-97ae-c361379b02e9,https://www.icd10data.com//ICD10CM/Codes/C00-D49/C50-C50/C50-/C50.419
417,C50,Breast Cancer,Malignant neoplasm of breast,C50.42,"Malignant neoplasm of upper-outer quadrant of breast, male",C50 | C50.42 | Male Breast Cancer | Breast Cancer |,8808d126-29d2-5aaa-a0b0-4398ac418353,https://www.icd10data.com//ICD10CM/Codes/C00-D49/C50-C50/C50-/C50.42
418,C50,Breast Cancer,Malignant neoplasm of breast,C50.421,Malignant neoplasm of upper-outer quadrant of right male breast,C50 | C50.421| Male Breast Cancer | Breast Cancer |,ad1dc328-f389-5b78-bed4-7f9a0e5ba9fa,https://www.icd10data.com//ICD10CM/Codes/C00-D49/C50-C50/C50-/C50.421
419,C50,Breast Cancer,Malignant neoplasm of breast,C50.422,Malignant neoplasm of upper-outer quadrant of left male breast,C50 | C50.422 | Male Breast Cancer | Breast Cancer |,d7261c20-f178-53e7-b069-11dead5e4a13,https://www.icd10data.com//ICD10CM/Codes/C00-D49/C50-C50/C50-/C50.422
420,C50,Breast Cancer,Malignant neoplasm of breast,C50.429,Malignant neoplasm of upper-outer quadrant of unspecified male breast,C50 | C50.429 | Male Breast Cancer | Breast Cancer |,536d4dbf-3b6a-5e26-b617-bbb8977b5bc1,https://www.icd10data.com//ICD10CM/Codes/C00-D49/C50-C50/C50-/C50.429
421,C50,Breast Cancer,Malignant neoplasm of breast,C50.5,Malignant neoplasm of lower-outer quadrant of breast,C50 | C50.5  | Mammary Carcinoma | Breast Carcinoma  | IBC | Ductal Carcinoma  | Lobular Carcinoma  | Triple-Negative Breast Cancer| Triple Negative Breast Cancer | TNBC | Hormone Receptor-Positive Breast Cancer | Hormone Receptor Positive Breast Cancer | HR+ BC | HER2-Positive Breast Cancer | HER2+ BC |mBC | ER+ BC | metastatic breast cancer | Breast Cancer | t-nbc | Male Breast Cancer | ,84fe9787-7f2e-5219-b123-b4106133df6f,https://www.icd10data.com//ICD10CM/Codes/C00-D49/C50-C50/C50-/C50.5
422,C50,Breast Cancer,Malignant neoplasm of breast,C50.51,"Malignant neoplasm of lower-outer quadrant of breast, female",C50 | C50.51  | Mammary Carcinoma | Breast Carcinoma  | IBC | Ductal Carcinoma  | Lobular Carcinoma  | Triple-Negative Breast Cancer| Triple Negative Breast Cancer | TNBC | Hormone Receptor-Positive Breast Cancer | Hormone Receptor Positive Breast Cancer | HR+ BC | HER2-Positive Breast Cancer | HER2+ BC |mBC | ER+ BC | metastatic breast cancer | Breast Cancer | t-nbc | ,a5fabae1-f44d-51bc-ac66-0c9e787f6cd5,https://www.icd10data.com//ICD10CM/Codes/C00-D49/C50-C50/C50-/C50.51
593,C72,Spinal Cord Cancer,"Malignant neoplasm of spinal cord, cranial nerves and other parts of central nervous system",C72.20,Malignant neoplasm of unspecified olfactory nerve,C72 | C72.20 | Malignant Neoplasm of Unspecified Olfactory Nerve | Olfactory Nerve Cancer | Olfactory Neuroblastoma | Esthesioneuroblastoma | CNS Cancer | Spinal Cancer  ,efb12582-673a-5a7d-9fe1-6a973babbaf3,https://www.icd10data.com//ICD10CM/Codes/C00-D49/C69-C72/C72-/C72.20
423,C50,Breast Cancer,Malignant neoplasm of breast,C50.511,Malignant neoplasm of lower-outer quadrant of right female breast,C50 | C50.511  | Mammary Carcinoma | Breast Carcinoma  | IBC | Ductal Carcinoma  | Lobular Carcinoma  | Triple-Negative Breast Cancer| Triple Negative Breast Cancer | TNBC | Hormone Receptor-Positive Breast Cancer | Hormone Receptor Positive Breast Cancer | HR+ BC | HER2-Positive Breast Cancer | HER2+ BC |mBC | ER+ BC | metastatic breast cancer | Breast Cancer | t-nbc | ,50d48017-ff81-50b3-be64-92accf741787,https://www.icd10data.com//ICD10CM/Codes/C00-D49/C50-C50/C50-/C50.511
424,C50,Breast Cancer,Malignant neoplasm of breast,C50.512,Malignant neoplasm of lower-outer quadrant of left female breast,C50 | C50.512  | Mammary Carcinoma | Breast Carcinoma  | IBC | Ductal Carcinoma  | Lobular Carcinoma  | Triple-Negative Breast Cancer| Triple Negative Breast Cancer | TNBC | Hormone Receptor-Positive Breast Cancer | Hormone Receptor Positive Breast Cancer | HR+ BC | HER2-Positive Breast Cancer | HER2+ BC |mBC | ER+ BC | metastatic breast cancer | Breast Cancer | t-nbc |,f443b86e-3770-5276-995a-e14102624a29,https://www.icd10data.com//ICD10CM/Codes/C00-D49/C50-C50/C50-/C50.512
425,C50,Breast Cancer,Malignant neoplasm of breast,C50.519,Malignant neoplasm of lower-outer quadrant of unspecified female breast,C50 | C50.519  | Mammary Carcinoma | Breast Carcinoma  | IBC | Ductal Carcinoma  | Lobular Carcinoma  | Triple-Negative Breast Cancer| Triple Negative Breast Cancer | TNBC | Hormone Receptor-Positive Breast Cancer | Hormone Receptor Positive Breast Cancer | HR+ BC | HER2-Positive Breast Cancer | HER2+ BC |mBC | ER+ BC | metastatic breast cancer | Breast Cancer | t-nbc | ,79ed6a18-1a30-56c4-8328-32699cbeb2a9,https://www.icd10data.com//ICD10CM/Codes/C00-D49/C50-C50/C50-/C50.519
426,C50,Breast Cancer,Malignant neoplasm of breast,C50.52,"Malignant neoplasm of lower-outer quadrant of breast, male",C50 | C50.52 | Male Breast Cancer |  Breast Cancer |,596e165a-6806-5b15-ac3e-a02166f9fe3a,https://www.icd10data.com//ICD10CM/Codes/C00-D49/C50-C50/C50-/C50.52
427,C50,Breast Cancer,Malignant neoplasm of breast,C50.521,Malignant neoplasm of lower-outer quadrant of right male breast,C50 | C50.521 | Male Breast Cancer | Breast Cancer |,1a5dfe1c-d435-574b-82d7-50b6b424d3d4,https://www.icd10data.com//ICD10CM/Codes/C00-D49/C50-C50/C50-/C50.521
428,C50,Breast Cancer,Malignant neoplasm of breast,C50.522,Malignant neoplasm of lower-outer quadrant of left male breast,C50 | C50.522 | Male Breast Cancer | Breast Cancer |,2d89a5ce-8869-53d2-839a-4def2daa807b,https://www.icd10data.com//ICD10CM/Codes/C00-D49/C50-C50/C50-/C50.522
429,C50,Breast Cancer,Malignant neoplasm of breast,C50.529,Malignant neoplasm of lower-outer quadrant of unspecified male breast,C50 | C50.529 | Male Breast Cancer | Breast Cancer |,ab9d9972-b4dc-5dd1-8118-1192a12a4af8,https://www.icd10data.com//ICD10CM/Codes/C00-D49/C50-C50/C50-/C50.529
430,C50,Breast Cancer,Malignant neoplasm of breast,C50.6,Malignant neoplasm of axillary tail of breast,C50 | C50.6  |Breast cancer in the axillary tail of Spence | Breast Cancer |,4d3f0cf2-0da7-5b7e-bc71-09325fc65a3d,https://www.icd10data.com//ICD10CM/Codes/C00-D49/C50-C50/C50-/C50.6
431,C50,Breast Cancer,Malignant neoplasm of breast,C50.61,"Malignant neoplasm of axillary tail of breast, female",C50 | C50.61  | Mammary Carcinoma | Breast Carcinoma  | IBC | Ductal Carcinoma  | Lobular Carcinoma  | Triple-Negative Breast Cancer| Triple Negative Breast Cancer | TNBC | Hormone Receptor-Positive Breast Cancer | Hormone Receptor Positive Breast Cancer | HR+ BC | HER2-Positive Breast Cancer | HER2+ BC |mBC | ER+ BC | metastatic breast cancer | Breast Cancer | t-nbc | Breast cancer in the axillary tail of Spence |,c5ccd097-38cc-51f2-a3ac-88a8cebf47af,https://www.icd10data.com//ICD10CM/Codes/C00-D49/C50-C50/C50-/C50.61
432,C50,Breast Cancer,Malignant neoplasm of breast,C50.611,Malignant neoplasm of axillary tail of right female breast,C50 | C50.611  | Mammary Carcinoma | Breast Carcinoma  | IBC | Ductal Carcinoma  | Lobular Carcinoma  | Triple-Negative Breast Cancer| Triple Negative Breast Cancer | TNBC | Hormone Receptor-Positive Breast Cancer | Hormone Receptor Positive Breast Cancer | HR+ BC | HER2-Positive Breast Cancer | HER2+ BC |mBC | ER+ BC | metastatic breast cancer | Breast Cancer | t-nbc | Breast cancer in the axillary tail of Spence |,8c8d5d2a-eb5e-50f0-96c6-428750d15832,https://www.icd10data.com//ICD10CM/Codes/C00-D49/C50-C50/C50-/C50.611
433,C50,Breast Cancer,Malignant neoplasm of breast,C50.612,Malignant neoplasm of axillary tail of left female breast,C50 | C50.612  | Mammary Carcinoma | Breast Carcinoma  | IBC | Ductal Carcinoma  | Lobular Carcinoma  | Triple-Negative Breast Cancer| Triple Negative Breast Cancer | TNBC | Hormone Receptor-Positive Breast Cancer | Hormone Receptor Positive Breast Cancer | HR+ BC | HER2-Positive Breast Cancer | HER2+ BC |mBC | ER+ BC | metastatic breast cancer | Breast Cancer | t-nbc | Breast cancer in the axillary tail of Spence |,914360d6-813f-5890-8aaf-f390dec2eb66,https://www.icd10data.com//ICD10CM/Codes/C00-D49/C50-C50/C50-/C50.612
594,C72,Spinal Cord Cancer,"Malignant neoplasm of spinal cord, cranial nerves and other parts of central nervous system",C72.21,Malignant neoplasm of right olfactory nerve,C72 | C72.21 | Malignant Neoplasm of Right Olfactory Nerve | Olfactory Nerve Cancer (Right) | Olfactory Neuroblastoma (Right) | Esthesioneuroblastoma (Right) | CNS Cancer | Spinal Cancer  ,318e1a79-26b2-5f45-b6d6-d7a985b669ef,https://www.icd10data.com//ICD10CM/Codes/C00-D49/C69-C72/C72-/C72.21
434,C50,Breast Cancer,Malignant neoplasm of breast,C50.619,Malignant neoplasm of axillary tail of unspecified female breast,C50 | C50.619  | Mammary Carcinoma | Breast Carcinoma  | IBC | Ductal Carcinoma  | Lobular Carcinoma  | Triple-Negative Breast Cancer| Triple Negative Breast Cancer | TNBC | Hormone Receptor-Positive Breast Cancer | Hormone Receptor Positive Breast Cancer | HR+ BC | HER2-Positive Breast Cancer | HER2+ BC |mBC | ER+ BC | metastatic breast cancer | Breast Cancer | t-nbc |Breast cancer in the axillary tail of Spence |,5f4722c1-214c-587c-b753-e75f9ea479d0,https://www.icd10data.com//ICD10CM/Codes/C00-D49/C50-C50/C50-/C50.619
435,C50,Breast Cancer,Malignant neoplasm of breast,C50.62,"Malignant neoplasm of axillary tail of breast, male",C50 | C50.62  | Male Breast Cancer | Breast Cancer | Breast cancer in the axillary tail of Spence |,e6d170a3-9857-52a9-81ee-5f44a4281601,https://www.icd10data.com//ICD10CM/Codes/C00-D49/C50-C50/C50-/C50.62
436,C50,Breast Cancer,Malignant neoplasm of breast,C50.621,Malignant neoplasm of axillary tail of right male breast,C50 | C50.621  | Breast cancer in the axillary tail of Spence | Male Breast Cancer | ,fc046deb-538d-5ae8-bf9c-528705fc6e38,https://www.icd10data.com//ICD10CM/Codes/C00-D49/C50-C50/C50-/C50.621
437,C50,Breast Cancer,Malignant neoplasm of breast,C50.622,Malignant neoplasm of axillary tail of left male breast,C50 | C50.622  | Breast cancer in the axillary tail of Spence | Male Breast Cancer | ,a09ebeea-4399-5b9f-9dc2-abdbe336d934,https://www.icd10data.com//ICD10CM/Codes/C00-D49/C50-C50/C50-/C50.622
438,C50,Breast Cancer,Malignant neoplasm of breast,C50.629,Malignant neoplasm of axillary tail of unspecified male breast,C50 | C50.629  | Breast cancer in the unspecified axillary tail | Male Breast Cancer | ,7b3c2e1c-c19f-51e8-92f1-895fde16bf15,https://www.icd10data.com//ICD10CM/Codes/C00-D49/C50-C50/C50-/C50.629
439,C50,Breast Cancer,Malignant neoplasm of breast,C50.8,Malignant neoplasm of overlapping sites of breast,C50 | C50.8  | Mammary Carcinoma | Breast Carcinoma  | IBC | Ductal Carcinoma  | Lobular Carcinoma  | Triple-Negative Breast Cancer| Triple Negative Breast Cancer | TNBC | Hormone Receptor-Positive Breast Cancer | Hormone Receptor Positive Breast Cancer | HR+ BC | HER2-Positive Breast Cancer | HER2+ BC |mBC | ER+ BC | metastatic breast cancer | Breast Cancer | t-nbc |,e33e3d57-3acb-5f29-adc1-27bb85f74d77,https://www.icd10data.com//ICD10CM/Codes/C00-D49/C50-C50/C50-/C50.8
440,C50,Breast Cancer,Malignant neoplasm of breast,C50.81,"Malignant neoplasm of overlapping sites of breast, female",C50 | C50.81  | Mammary Carcinoma | Breast Carcinoma  | IBC | Ductal Carcinoma  | Lobular Carcinoma  | Triple-Negative Breast Cancer| Triple Negative Breast Cancer | TNBC | Hormone Receptor-Positive Breast Cancer | Hormone Receptor Positive Breast Cancer | HR+ BC | HER2-Positive Breast Cancer | HER2+ BC |mBC | ER+ BC | metastatic breast cancer | Breast Cancer | t-nbc | Male Breast Cancer | ,0f75cd62-003e-5178-b0b4-d2176bba706b,https://www.icd10data.com//ICD10CM/Codes/C00-D49/C50-C50/C50-/C50.81
441,C50,Breast Cancer,Malignant neoplasm of breast,C50.811,Malignant neoplasm of overlapping sites of right female breast,C50 | C50.811  | Mammary Carcinoma | Breast Carcinoma  | IBC | Ductal Carcinoma  | Lobular Carcinoma  | Triple-Negative Breast Cancer| Triple Negative Breast Cancer | TNBC | Hormone Receptor-Positive Breast Cancer | Hormone Receptor Positive Breast Cancer | HR+ BC | HER2-Positive Breast Cancer | HER2+ BC |mBC | ER+ BC | metastatic breast cancer | Breast Cancer | t-nbc | Male Breast Cancer | ,c7f5975b-17ce-5ec7-ace5-d2d0cde5ed89,https://www.icd10data.com//ICD10CM/Codes/C00-D49/C50-C50/C50-/C50.811
442,C50,Breast Cancer,Malignant neoplasm of breast,C50.812,Malignant neoplasm of overlapping sites of left female breast,C50 | C50.812  | Mammary Carcinoma | Breast Carcinoma  | IBC | Ductal Carcinoma  | Lobular Carcinoma  | Triple-Negative Breast Cancer| Triple Negative Breast Cancer | TNBC | Hormone Receptor-Positive Breast Cancer | Hormone Receptor Positive Breast Cancer | HR+ BC | HER2-Positive Breast Cancer | HER2+ BC |mBC | ER+ BC | metastatic breast cancer | Breast Cancer | t-nbc | Male Breast Cancer | ,1498a5ac-2297-54c7-8ff6-b1ae2674ac2a,https://www.icd10data.com//ICD10CM/Codes/C00-D49/C50-C50/C50-/C50.812
443,C50,Breast Cancer,Malignant neoplasm of breast,C50.819,Malignant neoplasm of overlapping sites of unspecified female breast,C50 | C50.819  | Mammary Carcinoma | Breast Carcinoma  | IBC | Ductal Carcinoma  | Lobular Carcinoma  | Triple-Negative Breast Cancer| Triple Negative Breast Cancer | TNBC | Hormone Receptor-Positive Breast Cancer | Hormone Receptor Positive Breast Cancer | HR+ BC | HER2-Positive Breast Cancer | HER2+ BC |mBC | ER+ BC | metastatic breast cancer | Breast Cancer | t-nbc | Male Breast Cancer | ,860f747c-8272-5f78-9340-63eb427e9c07,https://www.icd10data.com//ICD10CM/Codes/C00-D49/C50-C50/C50-/C50.819
444,C50,Breast Cancer,Malignant neoplasm of breast,C50.82,"Malignant neoplasm of overlapping sites of breast, male",C50 | C50.82  | Mammary Carcinoma | Breast Carcinoma  | IBC | Ductal Carcinoma  | Lobular Carcinoma  | Triple-Negative Breast Cancer| Triple Negative Breast Cancer | TNBC | Hormone Receptor-Positive Breast Cancer | Hormone Receptor Positive Breast Cancer | HR+ BC | HER2-Positive Breast Cancer | HER2+ BC |mBC | ER+ BC | metastatic breast cancer | Breast Cancer | t-nbc | Male Breast Cancer | ,f836b8a9-7322-542a-8486-024fc94cbca4,https://www.icd10data.com//ICD10CM/Codes/C00-D49/C50-C50/C50-/C50.82
474,C56,Ovarian Cancer,Malignant neoplasm of ovary,C56.3,Malignant neoplasm of bilateral ovaries,C56 | C56.3 | Ovarian Carcinoma | Ovarian Germ Cell Tumor  |Ovary Cancer | Ovarian Cancer | Bilateral Ovarian Cancer |Bilateral-Ovarian Cancer |,dcbd26a8-5909-5e49-b33c-b4957e52878d,https://www.icd10data.com//ICD10CM/Codes/C00-D49/C51-C58/C56-/C56.3
445,C50,Breast Cancer,Malignant neoplasm of breast,C50.821,Malignant neoplasm of overlapping sites of right male breast,C50 | C50.821  | Mammary Carcinoma | Breast Carcinoma  | IBC | Ductal Carcinoma  | Lobular Carcinoma  | Triple-Negative Breast Cancer| Triple Negative Breast Cancer | TNBC | Hormone Receptor-Positive Breast Cancer | Hormone Receptor Positive Breast Cancer | HR+ BC | HER2-Positive Breast Cancer | HER2+ BC |mBC | ER+ BC | metastatic breast cancer | Breast Cancer | t-nbc | Male Breast Cancer | ,42464211-ee7d-5518-b898-923fbced81a5,https://www.icd10data.com//ICD10CM/Codes/C00-D49/C50-C50/C50-/C50.821
446,C50,Breast Cancer,Malignant neoplasm of breast,C50.822,Malignant neoplasm of overlapping sites of left male breast,C50 | C50.822  | Mammary Carcinoma | Breast Carcinoma  | IBC | Ductal Carcinoma  | Lobular Carcinoma  | Triple-Negative Breast Cancer| Triple Negative Breast Cancer | TNBC | Hormone Receptor-Positive Breast Cancer | Hormone Receptor Positive Breast Cancer | HR+ BC | HER2-Positive Breast Cancer | HER2+ BC |mBC | ER+ BC | metastatic breast cancer | Breast Cancer | t-nbc | Male Breast Cancer | ,1b0c9b76-5d64-5355-ae2f-b138cf9d6efe,https://www.icd10data.com//ICD10CM/Codes/C00-D49/C50-C50/C50-/C50.822
447,C50,Breast Cancer,Malignant neoplasm of breast,C50.829,Malignant neoplasm of overlapping sites of unspecified male breast,C50 | C50.829  | Mammary Carcinoma | Breast Carcinoma  | IBC | Ductal Carcinoma  | Lobular Carcinoma  | Triple-Negative Breast Cancer| Triple Negative Breast Cancer | TNBC | Hormone Receptor-Positive Breast Cancer | Hormone Receptor Positive Breast Cancer | HR+ BC | HER2-Positive Breast Cancer | HER2+ BC |mBC | ER+ BC | metastatic breast cancer | Breast Cancer | t-nbc | Male Breast Cancer | ,5ef97587-879e-5e03-9e16-3f1fab6f8fbc,https://www.icd10data.com//ICD10CM/Codes/C00-D49/C50-C50/C50-/C50.829
448,C50,Breast Cancer,Malignant neoplasm of breast,C50.9,Malignant neoplasm of breast of unspecified site,C50 | C50.9  | Mammary Carcinoma | Breast Carcinoma  | IBC | Ductal Carcinoma  | Lobular Carcinoma  | Triple-Negative Breast Cancer| Triple Negative Breast Cancer | TNBC | Hormone Receptor-Positive Breast Cancer | Hormone Receptor Positive Breast Cancer | HR+ BC | HER2-Positive Breast Cancer | HER2+ BC |mBC | ER+ BC | metastatic breast cancer | Breast Cancer | t-nbc | Male Breast Cancer | ,3104e052-9c27-5435-ba56-001789952e85,https://www.icd10data.com//ICD10CM/Codes/C00-D49/C50-C50/C50-/C50.9
449,C50,Breast Cancer,Malignant neoplasm of breast,C50.91,"Malignant neoplasm of breast of unspecified site, female",C50 | C50.91  | Mammary Carcinoma | Breast Carcinoma  | IBC | Ductal Carcinoma  | Lobular Carcinoma  | Triple-Negative Breast Cancer| Triple Negative Breast Cancer | TNBC | Hormone Receptor-Positive Breast Cancer | Hormone Receptor Positive Breast Cancer | HR+ BC | HER2-Positive Breast Cancer | HER2+ BC |mBC | ER+ BC | metastatic breast cancer | Breast Cancer | t-nbc | Male Breast Cancer | ,0c075343-1298-5b22-af6c-7ffdf58bd41d,https://www.icd10data.com//ICD10CM/Codes/C00-D49/C50-C50/C50-/C50.91
450,C50,Breast Cancer,Malignant neoplasm of breast,C50.911,Malignant neoplasm of unspecified site of right female breast,C50 | C50.911  | Mammary Carcinoma | Breast Carcinoma  | IBC | Ductal Carcinoma  | Lobular Carcinoma  | Triple-Negative Breast Cancer| Triple Negative Breast Cancer | TNBC | Hormone Receptor-Positive Breast Cancer | Hormone Receptor Positive Breast Cancer | HR+ BC | HER2-Positive Breast Cancer | HER2+ BC |mBC | ER+ BC | metastatic breast cancer | Breast Cancer | t-nbc | Male Breast Cancer | ,ee028e92-b343-5105-8146-7a15851e02cc,https://www.icd10data.com//ICD10CM/Codes/C00-D49/C50-C50/C50-/C50.911
451,C50,Breast Cancer,Malignant neoplasm of breast,C50.912,Malignant neoplasm of unspecified site of left female breast,C50 | C50.912  | Mammary Carcinoma | Breast Carcinoma  | IBC | Ductal Carcinoma  | Lobular Carcinoma  | Triple-Negative Breast Cancer| Triple Negative Breast Cancer | TNBC | Hormone Receptor-Positive Breast Cancer | Hormone Receptor Positive Breast Cancer | HR+ BC | HER2-Positive Breast Cancer | HER2+ BC |mBC | ER+ BC | metastatic breast cancer | Breast Cancer | t-nbc | Male Breast Cancer | ,264aedcb-06f7-5da8-b62d-7df18aabbc4d,https://www.icd10data.com//ICD10CM/Codes/C00-D49/C50-C50/C50-/C50.912
452,C50,Breast Cancer,Malignant neoplasm of breast,C50.919,Malignant neoplasm of unspecified site of unspecified female breast,C50 | C50.919  | Mammary Carcinoma | Breast Carcinoma  | IBC | Ductal Carcinoma  | Lobular Carcinoma  | Triple-Negative Breast Cancer| Triple Negative Breast Cancer | TNBC | Hormone Receptor-Positive Breast Cancer | Hormone Receptor Positive Breast Cancer | HR+ BC | HER2-Positive Breast Cancer | HER2+ BC |mBC | ER+ BC | metastatic breast cancer | Breast Cancer | t-nbc | Male Breast Cancer | ,a7c690aa-bd2d-5141-aa68-4e4bab12468b,https://www.icd10data.com//ICD10CM/Codes/C00-D49/C50-C50/C50-/C50.919
453,C50,Breast Cancer,Malignant neoplasm of breast,C50.92,"Malignant neoplasm of breast of unspecified site, male",C50 | C50.92  | Mammary Carcinoma | Breast Carcinoma  | IBC | Ductal Carcinoma  | Lobular Carcinoma  | Triple-Negative Breast Cancer| Triple Negative Breast Cancer | TNBC | Hormone Receptor-Positive Breast Cancer | Hormone Receptor Positive Breast Cancer | HR+ BC | HER2-Positive Breast Cancer | HER2+ BC |mBC | ER+ BC | metastatic breast cancer | Breast Cancer | t-nbc | Male Breast Cancer | ,0c57c8cc-b02d-54c0-9ed1-d0cfe21b4da3,https://www.icd10data.com//ICD10CM/Codes/C00-D49/C50-C50/C50-/C50.92
454,C50,Breast Cancer,Malignant neoplasm of breast,C50.921,Malignant neoplasm of unspecified site of right male breast,C50 | C50.921  | Mammary Carcinoma | Breast Carcinoma  | IBC | Ductal Carcinoma  | Lobular Carcinoma  | Triple-Negative Breast Cancer| Triple Negative Breast Cancer | TNBC | Hormone Receptor-Positive Breast Cancer | Hormone Receptor Positive Breast Cancer | HR+ BC | HER2-Positive Breast Cancer | HER2+ BC |mBC | ER+ BC | metastatic breast cancer | Breast Cancer | t-nbc | Male Breast Cancer | ,4484456b-6b7d-5a51-a12d-529553f9496b,https://www.icd10data.com//ICD10CM/Codes/C00-D49/C50-C50/C50-/C50.921
455,C50,Breast Cancer,Malignant neoplasm of breast,C50.922,Malignant neoplasm of unspecified site of left male breast,C50 | C50.922  | Mammary Carcinoma | Breast Carcinoma  | IBC | Ductal Carcinoma  | Lobular Carcinoma  | Triple-Negative Breast Cancer| Triple Negative Breast Cancer | TNBC | Hormone Receptor-Positive Breast Cancer | Hormone Receptor Positive Breast Cancer | HR+ BC | HER2-Positive Breast Cancer | HER2+ BC |mBC | ER+ BC | metastatic breast cancer | Breast Cancer | t-nbc | Male Breast Cancer | ,15256e1d-fe0c-5d23-8e59-c0b540d42395,https://www.icd10data.com//ICD10CM/Codes/C00-D49/C50-C50/C50-/C50.922
475,C56,Ovarian Cancer,Malignant neoplasm of ovary,C56.9,Malignant neoplasm of unspecified ovary,C56 | C56.9 | Ovarian Carcinoma | Ovarian Germ Cell Tumor  |Ovary Cancer | Ovarian Sertoli-Leydig cell  cancer| Ovarian Cancer | Unspecified Ovarian Cancer |,765a3890-70e4-5176-a6b4-bde3fed43baf,https://www.icd10data.com//ICD10CM/Codes/C00-D49/C51-C58/C56-/C56.9
456,C50,Breast Cancer,Malignant neoplasm of breast,C50.929,Malignant neoplasm of unspecified site of unspecified male breast,C50 | C50.929  | Mammary Carcinoma | Breast Carcinoma  | IBC | Ductal Carcinoma  | Lobular Carcinoma  | Triple-Negative Breast Cancer| Triple Negative Breast Cancer | TNBC | Hormone Receptor-Positive Breast Cancer | Hormone Receptor Positive Breast Cancer | HR+ BC | HER2-Positive Breast Cancer | HER2+ BC |mBC | ER+ BC | metastatic breast cancer | Breast Cancer | t-nbc | Male Breast Cancer | ,5f97153b-0df9-57a5-80a9-6cb1d476fad1,https://www.icd10data.com//ICD10CM/Codes/C00-D49/C50-C50/C50-/C50.929
457,C51,Vulvar Cancer,Malignant neoplasm of vulva,C51.0,Malignant neoplasm of labium majus,C51 | C51.0 | Vulvar Carcinoma | Squamous Cell Carcinoma of the Vulva | SCCV | Vulvar Squamous Cell Carcinoma| HPV-Associated Vulvar Cancer | Vulval Cancer | Vulvar Cancer |HPV Associated Vulvar Cancer | Malignant neoplasm of labium majus | Vulvar Cancer |,8f6cf209-2798-587f-9441-f67b1cfde194,https://www.icd10data.com//ICD10CM/Codes/C00-D49/C51-C58/C51-/C51.0
458,C51,Vulvar Cancer,Malignant neoplasm of vulva,C51.1,Malignant neoplasm of labium minus,C51 | C51.1 | Vulvar Carcinoma | Squamous Cell Carcinoma of the Vulva | SCCV | Vulvar Squamous Cell Carcinoma| HPV-Associated Vulvar Cancer | Vulval Cancer | Vulvar Cancer |HPV Associated Vulvar Cancer | Malignant neoplasm of labium minus | Vulvar Cancer | ,3e856c0a-1f6c-5cd2-8843-12c172818241,https://www.icd10data.com//ICD10CM/Codes/C00-D49/C51-C58/C51-/C51.1
459,C51,Vulvar Cancer,Malignant neoplasm of vulva,C51.2,Malignant neoplasm of clitoris,C51 | C51.2 | Vulvar Carcinoma | Squamous Cell Carcinoma of the Vulva | SCCV | Vulvar Squamous Cell Carcinoma| HPV-Associated Vulvar Cancer | Vulval Cancer | Vulvar Cancer |HPV Associated Vulvar Cancer | Malignant neoplasm of clitoris | Vulvar Cancer |,3609f835-c6ba-55d9-a279-91033eb62b43,https://www.icd10data.com//ICD10CM/Codes/C00-D49/C51-C58/C51-/C51.2
460,C51,Vulvar Cancer,Malignant neoplasm of vulva,C51.8,Malignant neoplasm of overlapping sites of vulva,C51 | C51.8 | Vulvar Carcinoma | Squamous Cell Carcinoma of the Vulva | SCCV | Vulvar Squamous Cell Carcinoma| HPV-Associated Vulvar Cancer | Vulval Cancer | Vulvar Cancer |HPV Associated Vulvar Cancer | Vulvar Cancer | Malignant neoplasm of overlapping sites of vulva |,7d7dcf5c-a282-5d47-abd3-dcf7308829c2,https://www.icd10data.com//ICD10CM/Codes/C00-D49/C51-C58/C51-/C51.8
461,C51,Vulvar Cancer,Malignant neoplasm of vulva,C51.9,"Malignant neoplasm of vulva, unspecified",C51 | C51.9 | Vulvar Carcinoma | Squamous Cell Carcinoma of the Vulva | SCCV | Vulvar Squamous Cell Carcinoma| HPV-Associated Vulvar Cancer | Vulval Cancer | Vulvar Cancer |HPV Associated Vulvar Cancer |Vulvar Cancer | Unspecified Vulvar Cancer |,b527b080-0a9c-50a4-ad32-04b632fee79e,https://www.icd10data.com//ICD10CM/Codes/C00-D49/C51-C58/C51-/C51.9
462,C53,Cervical Cancer,Malignant neoplasm of cervix uteri,C53.0,Malignant neoplasm of endocervix,C53 | C53.0 | Cervical Carcinoma | Cervical Squamous Cell Carcinoma | CSCC | Squamous Cell Carcinoma of the Cervix | SCC-Cx | Adenocarcinoma of the Cervix | ACC | Cervical Adenocarcinoma | CAC | Cervical Adenosquamous Carcinoma | Cervix Carcinoma | Cervical cancer | Malignant neoplasm of endocervix |,40b3bf73-5b89-532b-a320-ce60d12bf939,https://www.icd10data.com//ICD10CM/Codes/C00-D49/C51-C58/C53-/C53.0
463,C53,Cervical Cancer,Malignant neoplasm of cervix uteri,C53.1,Malignant neoplasm of exocervix,C53 | C53.1 | Cervical Carcinoma | Cervical Squamous Cell Carcinoma | CSCC | Squamous Cell Carcinoma of the Cervix | SCC-Cx | Adenocarcinoma of the Cervix | ACC | Cervical Adenocarcinoma | CAC | Cervical Adenosquamous Carcinoma | Cervix Carcinoma | Cervical cancer | Malignant neoplasm of exocervix |,80bb3ddb-5ea0-5ff3-8b74-7b38dae5b116,https://www.icd10data.com//ICD10CM/Codes/C00-D49/C51-C58/C53-/C53.1
464,C53,Cervical Cancer,Malignant neoplasm of cervix uteri,C53.8,Malignant neoplasm of overlapping sites of cervix uteri,C53 | C53.8 | Cervical Carcinoma | Cervical Squamous Cell Carcinoma | CSCC | Squamous Cell Carcinoma of the Cervix | SCC-Cx | Adenocarcinoma of the Cervix | ACC | Cervical Adenocarcinoma | CAC | Cervical Adenosquamous Carcinoma | Cervix Carcinoma | Cervical cancer | Malignant neoplasm of overlapping sites of cervix uteri |,844c1eb3-a43b-5189-a971-1f76d2e30489,https://www.icd10data.com//ICD10CM/Codes/C00-D49/C51-C58/C53-/C53.8
465,C53,Cervical Cancer,Malignant neoplasm of cervix uteri,C53.9,"Malignant neoplasm of cervix uteri, unspecified",C53 | C53.9 | Cervical Carcinoma | Cervical Squamous Cell Carcinoma | CSCC | Squamous Cell Carcinoma of the Cervix | SCC-Cx | Adenocarcinoma of the Cervix | ACC | Cervical Adenocarcinoma | CAC | Cervical Adenosquamous Carcinoma | Cervix Carcinoma | Cervical cancer | Unspecified cervix uteri Cancer |,c53b731a-24c6-57f3-869f-b2ed14dbce37,https://www.icd10data.com//ICD10CM/Codes/C00-D49/C51-C58/C53-/C53.9
466,C54,Uterine cancer,Malignant neoplasm of corpus uteri,C54.0,Malignant neoplasm of isthmus uteri,C54 | C54.0 | Uterine Carcinoma | Uterine Cancer |Isthmus Uteri Cancer |,a298cfc1-dd98-52e2-85c9-071ff8e27aa5,https://www.icd10data.com//ICD10CM/Codes/C00-D49/C51-C58/C54-/C54.0
467,C54,Uterine cancer,Malignant neoplasm of corpus uteri,C54.1,Malignant neoplasm of endometrium,C54 | C54.1 | Uterine Carcinoma | Endometrial Cancer | Endometrial Carcinoma | EMC | Uterine Sarcoma |Womb Cancer | Uterine Cancer |,4a41aac1-6502-59ac-9449-1cbb35cee951,https://www.icd10data.com//ICD10CM/Codes/C00-D49/C51-C58/C54-/C54.1
468,C54,Uterine cancer,Malignant neoplasm of corpus uteri,C54.2,Malignant neoplasm of myometrium,C54 | C54.2 | Uterine Carcinoma |Womb Cancer | Uterine Cancer | Myometrium Cancer |,2b406d84-211a-53ef-8c64-35f1141ea379,https://www.icd10data.com//ICD10CM/Codes/C00-D49/C51-C58/C54-/C54.2
469,C54,Uterine cancer,Malignant neoplasm of corpus uteri,C54.3,Malignant neoplasm of fundus uteri,C54 | C54.3 | Uterine Carcinoma |Uterine Cancer |Fundus-uteri Cancer | Fundus uteri Cancer |,84959794-94e2-5745-909e-ad0c3c866bde,https://www.icd10data.com//ICD10CM/Codes/C00-D49/C51-C58/C54-/C54.3
470,C54,Uterine cancer,Malignant neoplasm of corpus uteri,C54.8,Malignant neoplasm of overlapping sites of corpus uteri,C54 | C54.8 | Uterine Carcinoma | Uterine Cancer | Corpus Uteri Cancer | Corpus-Uteri Cancer |,794d991e-ec52-5814-9f9b-6ce9981270c3,https://www.icd10data.com//ICD10CM/Codes/C00-D49/C51-C58/C54-/C54.8
471,C54,Uterine cancer,Malignant neoplasm of corpus uteri,C54.9,"Malignant neoplasm of corpus uteri, unspecified",C54 | C54.9 | Uterine Carcinoma | Uterine Cancer | Unspecified cancer of corpus uteri |,baaf0a45-8d93-594b-b256-52bb868b4f15,https://www.icd10data.com//ICD10CM/Codes/C00-D49/C51-C58/C54-/C54.9
476,C57,Fallopian Tube Cancer,Malignant neoplasm of other and unspecified female genital organs,C57.0,Malignant neoplasm of fallopian tube,C57 | C57.0 | FTC | Fallopian Tube Cancer |,36754c48-9dfa-5989-8adb-ebb874fe56c6,https://www.icd10data.com//ICD10CM/Codes/C00-D49/C51-C58/C57-/C57.0
477,C57,Fallopian Tube Cancer,Malignant neoplasm of other and unspecified female genital organs,C57.00,Malignant neoplasm of unspecified fallopian tube,C57 | C57.00 | FTC | R-FTC | L-FTC | BLC | L-BLC | R-BLC | L-BLC | R-RLC | L-RLC | RLC | Fallopian Tube Cancer | Broad Ligament Cancer | Round ligament cancer | Parametrial cancer | Uterine adnexal cancer | Fallopian Tube Cancer | Unspecified fallopian tube Cancer |,5da891b7-c4c5-56b6-9287-ed33f705a62c,https://www.icd10data.com//ICD10CM/Codes/C00-D49/C51-C58/C57-/C57.00
478,C57,Fallopian Tube Cancer,Malignant neoplasm of other and unspecified female genital organs,C57.01,Malignant neoplasm of right fallopian tube,C57 | C57.01 | FTC | R-FTC | Fallopian Tube Cancer | Right Fallopian Tube Cancer |,e959e164-fac4-5aae-805a-54053a292a1e,https://www.icd10data.com//ICD10CM/Codes/C00-D49/C51-C58/C57-/C57.01
479,C57,Fallopian Tube Cancer,Malignant neoplasm of other and unspecified female genital organs,C57.02,Malignant neoplasm of left fallopian tube,C57 | C57.02 | FTC | Fallopian Tube Cancer | Left Fallopian Tube Cancer |,603388cf-09ec-5648-815e-310b3a1820c4,https://www.icd10data.com//ICD10CM/Codes/C00-D49/C51-C58/C57-/C57.02
480,C57,Fallopian Tube Cancer,Malignant neoplasm of other and unspecified female genital organs,C57.1,Malignant neoplasm of broad ligament,C57 | C57.1 | BLC | Fallopian Tube Cancer | Broad Ligament Cancer | ,a9d46f7e-27b0-50b9-b368-1797e20058ae,https://www.icd10data.com//ICD10CM/Codes/C00-D49/C51-C58/C57-/C57.1
481,C57,Fallopian Tube Cancer,Malignant neoplasm of other and unspecified female genital organs,C57.10,Malignant neoplasm of unspecified broad ligament,C57 | C57.10 | BLC | Fallopian Tube Cancer | Broad Ligament Cancer | Broad Ligament Cancer Unspecified |,5924ea14-55b3-5d02-bc04-380eea9accd4,https://www.icd10data.com//ICD10CM/Codes/C00-D49/C51-C58/C57-/C57.10
482,C57,Fallopian Tube Cancer,Malignant neoplasm of other and unspecified female genital organs,C57.11,Malignant neoplasm of right broad ligament,C57 | C57.11 | R-BLC | Round Broad Ligament Cancer | Broad Round Ligament Cancer | Broad-Round Ligament Cancer | Fallopian Tube Cancer |,2f8d2fdc-d0ca-599c-90fb-c59932009634,https://www.icd10data.com//ICD10CM/Codes/C00-D49/C51-C58/C57-/C57.11
483,C57,Fallopian Tube Cancer,Malignant neoplasm of other and unspecified female genital organs,C57.12,Malignant neoplasm of left broad ligament,C57 | C57.12 | L-FTC |Malignant neoplasm of left broad ligament | Broad ligament Cancer |Broad-ligament Cancer | Fallopian Tube Cancer |,b3c96426-2db3-51d7-8a5d-e2122fac03a7,https://www.icd10data.com//ICD10CM/Codes/C00-D49/C51-C58/C57-/C57.12
484,C57,Fallopian Tube Cancer,Malignant neoplasm of other and unspecified female genital organs,C57.2,Malignant neoplasm of round ligament,C57 | C57.2| R-RLC | Round Ligament Cancer | Round-Ligament Cancer | Fallopian Tube Cancer |,75aed8ce-053c-5667-bcfa-7cd2d2fa7be6,https://www.icd10data.com//ICD10CM/Codes/C00-D49/C51-C58/C57-/C57.2
485,C57,Fallopian Tube Cancer,Malignant neoplasm of other and unspecified female genital organs,C57.20,Malignant neoplasm of unspecified round ligament,C57 | C57.20 | Malignant neoplasm of unspecified round ligament | Unspecified round ligament Cancer | Fallopian Tube Cancer |,d3527439-7111-5f5a-b1c8-08b6c444de57,https://www.icd10data.com//ICD10CM/Codes/C00-D49/C51-C58/C57-/C57.20
486,C57,Fallopian Tube Cancer,Malignant neoplasm of other and unspecified female genital organs,C57.21,Malignant neoplasm of right round ligament,C57 | C57.21 | Malignant neoplasm of right round ligament | Fallopian Tube Cancer |,c3adbd6c-b3c2-5139-911c-de898051f263,https://www.icd10data.com//ICD10CM/Codes/C00-D49/C51-C58/C57-/C57.21
487,C57,Fallopian Tube Cancer,Malignant neoplasm of other and unspecified female genital organs,C57.22,Malignant neoplasm of left round ligament,C57 | C57.22 |Malignant neoplasm of left round ligament | Fallopian Tube Cancer |,519f1783-0115-5836-a9aa-188a7f806e78,https://www.icd10data.com//ICD10CM/Codes/C00-D49/C51-C58/C57-/C57.22
488,C57,Fallopian Tube Cancer,Malignant neoplasm of other and unspecified female genital organs,C57.3,Malignant neoplasm of parametrium,C57 | C57.3 | Parametrial cancer | Fallopian Tube Cancer |,d6683bb3-d6de-5541-95dc-89d8a149eb02,https://www.icd10data.com//ICD10CM/Codes/C00-D49/C51-C58/C57-/C57.3
489,C57,Fallopian Tube Cancer,Malignant neoplasm of other and unspecified female genital organs,C57.4,"Malignant neoplasm of uterine adnexa, unspecified",C57 | C57.4 |Unspecified Uterine Adnexa Cancer | Fallopian Tube Cancer |,9d49157d-55b5-574c-93b7-c7fae753ae62,https://www.icd10data.com//ICD10CM/Codes/C00-D49/C51-C58/C57-/C57.4
490,C57,Fallopian Tube Cancer,Malignant neoplasm of other and unspecified female genital organs,C57.7,Malignant neoplasm of other specified female genital organs,C57 | C57.7 | Malignant neoplasm of other specified female genital organs | FTC |Fallopian Tube Cancer |,c7ba4ab7-cac1-5f5f-a07a-52cd3e8f234a,https://www.icd10data.com//ICD10CM/Codes/C00-D49/C51-C58/C57-/C57.7
491,C57,Fallopian Tube Cancer,Malignant neoplasm of other and unspecified female genital organs,C57.8,Malignant neoplasm of overlapping sites of female genital organs,C57 | C57.8 | Malignant neoplasm of overlapping sites of female genital organs | FTC | Fallopian Tube Cancer |,6c905ccc-e645-56a1-9438-cb1108988366,https://www.icd10data.com//ICD10CM/Codes/C00-D49/C51-C58/C57-/C57.8
492,C57,Fallopian Tube Cancer,Malignant neoplasm of other and unspecified female genital organs,C57.9,"Malignant neoplasm of female genital organ, unspecified",C57 | C57.9 | FTC | Fallopian Tube Cancer | Malignant neoplasm of female genital organ  unspecified |,558e20e0-0424-56cd-8ccf-b32cd65333c0,https://www.icd10data.com//ICD10CM/Codes/C00-D49/C51-C58/C57-/C57.9
493,C60,Penile cancer,Malignant neoplasm of penis,C60.0,Malignant neoplasm of prepuce,C60 | C60.0 | Penile Carcinoma  | Carcinoma of the Penis | Penile Malignancy | sarcomatous carcinoma of the penis | Penile tumor | sarcomatoid penile squamous cell carcinoma | Preputial cancer | Penile Cancer |,d8986d20-881b-503d-834e-19f80e96c6e5,https://www.icd10data.com//ICD10CM/Codes/C00-D49/C60-C63/C60-/C60.0
494,C60,Penile cancer,Malignant neoplasm of penis,C60.1,Malignant neoplasm of glans penis,C60 | C60.1 | Penile Carcinoma  | Carcinoma of the Penis | Penile Malignancy | sarcomatous carcinoma of the penis | Penile tumor | sarcomatoid penile squamous cell carcinoma | Glans penis cancer | GPC | Penile Cancer |,da81c12f-c641-5598-a447-c5555ba709e4,https://www.icd10data.com//ICD10CM/Codes/C00-D49/C60-C63/C60-/C60.1
495,C60,Penile cancer,Malignant neoplasm of penis,C60.2,Malignant neoplasm of body of penis,C60 | C60.2 | Penile Carcinoma  | Carcinoma of the Penis | Penile Malignancy | sarcomatous carcinoma of the penis | Penile tumor | sarcomatoid penile squamous cell carcinoma | Penile shaft cancer | PSC | Penile Cancer |,ce409200-d644-5885-a4b0-6d83e7c363c9,https://www.icd10data.com//ICD10CM/Codes/C00-D49/C60-C63/C60-/C60.2
496,C60,Penile cancer,Malignant neoplasm of penis,C60.8,Malignant neoplasm of overlapping sites of penis,C60 | C60.8 | Penile Carcinoma  | Carcinoma of the Penis | Penile Malignancy | sarcomatous carcinoma of the penis | Penile tumor | sarcomatoid penile squamous cell carcinoma | Squamous Cell Carcinoma of the Penis | Basal Cell Carcinoma of the Penis | Melanoma of the Penis | Adenocarcinoma of the Penis | Paget’s Disease of the Penis | Sarcoma of the Penis | Penile Cancer |,a0a11a49-1e8b-551d-8e58-c0ff1ebcc380,https://www.icd10data.com//ICD10CM/Codes/C00-D49/C60-C63/C60-/C60.8
497,C60,Penile cancer,Malignant neoplasm of penis,C60.9,"Malignant neoplasm of penis, unspecified",C60 | C60.9 | Penile Carcinoma  | Penile Cancer | Penile Cancer unspecified |,fb7b3e51-943a-5806-b82d-df3879bd7729,https://www.icd10data.com//ICD10CM/Codes/C00-D49/C60-C63/C60-/C60.9
498,C62,Testicular cancer,Malignant neoplasm of testis,C62.0,Malignant neoplasm of undescended testis,C62 | C62.0 | Testicular Cancer | Testis Tumor | Neoplasm of Testis | Testis Germ Cell Tumor | TGCT | Testicular Germ Cell Neoplasm | Testicular Carcinoma | Testis Seminoma | Non-Seminomatous Testis Cancer | Testis Teratoma | Testis Embryonal Carcinoma | Testis Choriocarcinoma | Testis Yolk Sac Tumor | Metastatic Testicular Cancer | Malignant Neoplasm of Testis | Testis Sarcoma | Testis Lymphoma | Testis Sertoli Cell Tumor | Testis Leydig Cell Tumor | Testis Stromal Tumor | Primary Testicular Neoplasm |,104e4096-6134-59fa-97cc-413fb326d605,https://www.icd10data.com//ICD10CM/Codes/C00-D49/C60-C63/C62-/C62.0
499,C62,Testicular cancer,Malignant neoplasm of testis,C62.00,Malignant neoplasm of unspecified undescended testis,C62 | C62.00 | Testicular Cancer | Testis Tumor | Neoplasm of Testis | Testis Germ Cell Tumor | TGCT | Testicular Germ Cell Neoplasm | Testicular Carcinoma | Testis Seminoma | Non-Seminomatous Testis Cancer | Testis Teratoma | Testis Embryonal Carcinoma | Testis Choriocarcinoma | Testis Yolk Sac Tumor | Metastatic Testicular Cancer | Malignant Neoplasm of Testis | Testis Sarcoma | Testis Lymphoma | Testis Sertoli Cell Tumor | Testis Leydig Cell Tumor | Testis Stromal Tumor | Primary Testicular Neoplasm |Testicular Cancer of undescended testis |,af673fe6-69c6-5c64-a86f-3c068c5483c2,https://www.icd10data.com//ICD10CM/Codes/C00-D49/C60-C63/C62-/C62.00
549,C69,Eye Cancer,Malignant neoplasm of eye and adnexa,C69.2,Malignant neoplasm of retina,C69 | C69.2 | Ocular Cancer | Ocular Malignancy | Retinal Cancer | Retinoblastoma | Eye Cancer |,3cf3435a-187d-5594-83a2-266ddd896be4,https://www.icd10data.com//ICD10CM/Codes/C00-D49/C69-C72/C69-/C69.2
500,C62,Testicular cancer,Malignant neoplasm of testis,C62.01,Malignant neoplasm of undescended right testis,C62 | C62.01 | Testicular Cancer | Testis Tumor | Neoplasm of Testis | Testis Germ Cell Tumor | TGCT | Testicular Germ Cell Neoplasm | Testicular Carcinoma | Testis Seminoma | Non-Seminomatous Testis Cancer | Testis Teratoma | Testis Embryonal Carcinoma | Testis Choriocarcinoma | Testis Yolk Sac Tumor | Metastatic Testicular Cancer | Malignant Neoplasm of Testis | Testis Sarcoma | Testis Lymphoma | Testis Sertoli Cell Tumor | Testis Leydig Cell Tumor | Testis Stromal Tumor | Primary Testicular Neoplasm | Teticular Cancer of undescended right testis |,f800da9f-e4c2-5619-99c5-52d7eac174d8,https://www.icd10data.com//ICD10CM/Codes/C00-D49/C60-C63/C62-/C62.01
501,C62,Testicular cancer,Malignant neoplasm of testis,C62.02,Malignant neoplasm of undescended left testis,C62 | C62.02 | Testicular Cancer | Testis Tumor | Neoplasm of Testis | Testis Germ Cell Tumor | TGCT | Testicular Germ Cell Neoplasm | Testicular Carcinoma | Testis Seminoma | Non-Seminomatous Testis Cancer | Testis Teratoma | Testis Embryonal Carcinoma | Testis Choriocarcinoma | Testis Yolk Sac Tumor | Metastatic Testicular Cancer | Malignant Neoplasm of Testis | Testis Sarcoma | Testis Lymphoma | Testis Sertoli Cell Tumor | Testis Leydig Cell Tumor | Testis Stromal Tumor | Primary Testicular Neoplasm |Testicular Cancer of undescended left testis |,35de4b42-7c6d-52c7-a83c-918a6a7c20bb,https://www.icd10data.com//ICD10CM/Codes/C00-D49/C60-C63/C62-/C62.02
502,C62,Testicular cancer,Malignant neoplasm of testis,C62.1,Malignant neoplasm of descended testis,C62 | C62.1 | Testicular Cancer | Testis Tumor | Neoplasm of Testis | Testis Germ Cell Tumor | TGCT | Testicular Germ Cell Neoplasm | Testicular Carcinoma | Testis Seminoma | Non-Seminomatous Testis Cancer | Testis Teratoma | Testis Embryonal Carcinoma | Testis Choriocarcinoma | Testis Yolk Sac Tumor | Metastatic Testicular Cancer | Malignant Neoplasm of Testis | Testis Sarcoma | Testis Lymphoma | Testis Sertoli Cell Tumor | Testis Leydig Cell Tumor | Testis Stromal Tumor | Primary Testicular Neoplasm | Testicular cancer of descended testis |,5699e551-8a62-5944-9b80-8ba4a36abe29,https://www.icd10data.com//ICD10CM/Codes/C00-D49/C60-C63/C62-/C62.1
503,C62,Testicular cancer,Malignant neoplasm of testis,C62.10,Malignant neoplasm of unspecified descended testis,C62 | C62.10 | Testicular Cancer | Testis Tumor | Neoplasm of Testis | Testis Germ Cell Tumor | TGCT | Testicular Germ Cell Neoplasm | Testicular Carcinoma | Testis Seminoma | Non-Seminomatous Testis Cancer | Testis Teratoma | Testis Embryonal Carcinoma | Testis Choriocarcinoma | Testis Yolk Sac Tumor | Metastatic Testicular Cancer | Malignant Neoplasm of Testis | Testis Sarcoma | Testis Lymphoma | Testis Sertoli Cell Tumor | Testis Leydig Cell Tumor | Testis Stromal Tumor | Primary Testicular Neoplasm | Testicular cancer of unspecified descended testis |,d880b7ed-7b9d-5648-8837-927da4d38453,https://www.icd10data.com//ICD10CM/Codes/C00-D49/C60-C63/C62-/C62.10
504,C62,Testicular cancer,Malignant neoplasm of testis,C62.11,Malignant neoplasm of descended right testis,C62 | C62.11 | Testicular Cancer | Testis Tumor | Neoplasm of Testis | Testis Germ Cell Tumor | TGCT | Testicular Germ Cell Neoplasm | Testicular Carcinoma | Testis Seminoma | Non-Seminomatous Testis Cancer | Testis Teratoma | Testis Embryonal Carcinoma | Testis Choriocarcinoma | Testis Yolk Sac Tumor | Metastatic Testicular Cancer | Malignant Neoplasm of Testis | Testis Sarcoma | Testis Lymphoma | Testis Sertoli Cell Tumor | Testis Leydig Cell Tumor | Testis Stromal Tumor | Primary Testicular Neoplasm | Testicular Cancer of descended right testis |,75bdd4e8-bc4f-58a0-9a9a-e304400324db,https://www.icd10data.com//ICD10CM/Codes/C00-D49/C60-C63/C62-/C62.11
505,C62,Testicular cancer,Malignant neoplasm of testis,C62.12,Malignant neoplasm of descended left testis,C62 | C62.12 | Testicular Cancer | Testis Tumor | Neoplasm of Testis | Testis Germ Cell Tumor | TGCT | Testicular Germ Cell Neoplasm | Testicular Carcinoma | Testis Seminoma | Non-Seminomatous Testis Cancer | Testis Teratoma | Testis Embryonal Carcinoma | Testis Choriocarcinoma | Testis Yolk Sac Tumor | Metastatic Testicular Cancer | Malignant Neoplasm of Testis | Testis Sarcoma | Testis Lymphoma | Testis Sertoli Cell Tumor | Testis Leydig Cell Tumor | Testis Stromal Tumor | Primary Testicular Neoplasm | Testicular cancer of descended left testis |,50e62a4a-866c-54cd-bf75-58e9d2360716,https://www.icd10data.com//ICD10CM/Codes/C00-D49/C60-C63/C62-/C62.12
506,C62,Testicular cancer,Malignant neoplasm of testis,C62.9,"Malignant neoplasm of testis, unspecified whether descended or undescended",C62 | C62.9 | Testicular Cancer | Testis Tumor | Neoplasm of Testis | Testis Germ Cell Tumor | TGCT | Testicular Germ Cell Neoplasm | Testicular Carcinoma | Testis Seminoma | Non-Seminomatous Testis Cancer | Testis Teratoma | Testis Embryonal Carcinoma | Testis Choriocarcinoma | Testis Yolk Sac Tumor | Metastatic Testicular Cancer | Malignant Neoplasm of Testis | Testis Sarcoma | Testis Lymphoma | Testis Sertoli Cell Tumor | Testis Leydig Cell Tumor | Testis Stromal Tumor | Primary Testicular Neoplasm | Testicular cancer of unspecified testis whether descended or undescended |,67be674d-217a-5b04-b2a9-76fcb6363e24,https://www.icd10data.com//ICD10CM/Codes/C00-D49/C60-C63/C62-/C62.9
507,C62,Testicular cancer,Malignant neoplasm of testis,C62.90,"Malignant neoplasm of unspecified testis, unspecified whether descended or undescended","C62 | C62.90 | Testicular Cancer | Testis Tumor | Neoplasm of Testis | Testis Germ Cell Tumor | TGCT | Testicular Germ Cell Neoplasm | Testicular Carcinoma | Testis Seminoma | Non-Seminomatous Testis Cancer | Testis Teratoma | Testis Embryonal Carcinoma | Testis Choriocarcinoma | Testis Yolk Sac Tumor | Metastatic Testicular Cancer | Malignant Neoplasm of Testis | Testis Sarcoma | Testis Lymphoma | Testis Sertoli Cell Tumor | Testis Leydig Cell Tumor | Testis Stromal Tumor | Primary Testicular Neoplasm | Testicular Cancer of unspecified testis, unspecified whether descended or undescended |",77b33137-1987-56e5-85d5-efc68690049d,https://www.icd10data.com//ICD10CM/Codes/C00-D49/C60-C63/C62-/C62.90
508,C62,Testicular cancer,Malignant neoplasm of testis,C62.91,"Malignant neoplasm of right testis, unspecified whether descended or undescended","C62 | C62.91 | Testicular Cancer | Testis Tumor | Neoplasm of Testis | Testis Germ Cell Tumor | TGCT | Testicular Germ Cell Neoplasm | Testicular Carcinoma | Testis Seminoma | Non-Seminomatous Testis Cancer | Testis Teratoma | Testis Embryonal Carcinoma | Testis Choriocarcinoma | Testis Yolk Sac Tumor | Metastatic Testicular Cancer | Malignant Neoplasm of Testis | Testis Sarcoma | Testis Lymphoma | Testis Sertoli Cell Tumor | Testis Leydig Cell Tumor | Testis Stromal Tumor | Primary Testicular Neoplasm | Testicular Cancer of right testis, unspecified whether descended or undescended |",84dc2ffa-26fd-5329-a4a7-e653e6ae797e,https://www.icd10data.com//ICD10CM/Codes/C00-D49/C60-C63/C62-/C62.91
535,C67,Bladder Cancer,Malignant neoplasm of bladder,C67.4,Malignant neoplasm of anterior wall of bladder,C67 | C67.4 | Malignant Neoplasm of Bladder | Urothelial Carcinoma of the Bladder | Transitional Cell Carcinoma of the Bladder | TCCB | | Papillary Urothelial Carcinoma | PUCB | Invasive Urothelial Carcinoma | IUCB | Squamous Cell Carcinoma of the Bladder | SCCB | Adenocarcinoma of the Bladder | Small Cell Carcinoma of the Bladder | SmCCB | Bladder Cancer | Malignant neoplasm of anterior wall of bladder |,ad023a63-e2b9-54e8-8915-6c4238ee562f,https://www.icd10data.com//ICD10CM/Codes/C00-D49/C64-C68/C67-/C67.4
509,C62,Testicular cancer,Malignant neoplasm of testis,C62.92,"Malignant neoplasm of left testis, unspecified whether descended or undescended",C62 | C62.92 | Testicular Cancer | Testis Tumor | Neoplasm of Testis | Testis Germ Cell Tumor | TGCT | Testicular Germ Cell Neoplasm | Testicular Carcinoma | Testis Seminoma | Non-Seminomatous Testis Cancer | Testis Teratoma | Testis Embryonal Carcinoma | Testis Choriocarcinoma | Testis Yolk Sac Tumor | Metastatic Testicular Cancer | Malignant Neoplasm of Testis | Testis Sarcoma | Testis Lymphoma | Testis Sertoli Cell Tumor | Testis Leydig Cell Tumor | Testis Stromal Tumor | Primary Testicular Neoplasm | Testicular cancer of left testis unspecified whether descended or undescended |,38bff1aa-fb5d-59b2-929b-fae4762ed7fa,https://www.icd10data.com//ICD10CM/Codes/C00-D49/C60-C63/C62-/C62.92
510,C63,Male genital cancer,Malignant neoplasm of other and unspecified male genital organs,C63.0,Malignant neoplasm of epididymis,C63 | C63.0 | Malignant Neoplasm of Male Genital Organs | MGNO | Genital Cancer (Male) | Male Reproductive Cancer | Epididymal cancer  |,08d1496e-595f-59a1-b79f-c5c70d968b09,https://www.icd10data.com//ICD10CM/Codes/C00-D49/C60-C63/C63-/C63.0
511,C63,Male genital cancer,Malignant neoplasm of other and unspecified male genital organs,C63.00,Malignant neoplasm of unspecified epididymis,C63 | C63.00 | Malignant Neoplasm of Male Genital Organs | MGNO | Genital Cancer (Male) | Male Reproductive Cancer | Epididymal cancer  | unspecified epididymis Cancer |,fdd4d43a-843e-5d6c-b3dd-e99ed0f9aac4,https://www.icd10data.com//ICD10CM/Codes/C00-D49/C60-C63/C63-/C63.00
512,C63,Male genital cancer,Malignant neoplasm of other and unspecified male genital organs,C63.01,Malignant neoplasm of right epididymis,C63 | C63.01 | Malignant Neoplasm of Male Genital Organs | MGNO | Genital Cancer (Male) | Male Reproductive Cancer | Epididymal cancer  | Malignant neoplasm of right epididymis |,f667de88-3f9f-553a-a612-2eee85911023,https://www.icd10data.com//ICD10CM/Codes/C00-D49/C60-C63/C63-/C63.01
513,C63,Male genital cancer,Malignant neoplasm of other and unspecified male genital organs,C63.02,Malignant neoplasm of left epididymis,C63 | C63.0 | Malignant Neoplasm of Male Genital Organs | MGNO | Genital Cancer (Male) | Male Reproductive Cancer | Epididymal cancer  | Malignant neoplasm of left epididymis |,bb19bcb5-5c52-5aeb-ab69-a73c164cf152,https://www.icd10data.com//ICD10CM/Codes/C00-D49/C60-C63/C63-/C63.02
514,C63,Male genital cancer,Malignant neoplasm of other and unspecified male genital organs,C63.1,Malignant neoplasm of spermatic cord,C63 | C63.1 | Malignant Neoplasm of Male Genital Organs | MGNO | Genital Cancer (Male) | Male Reproductive Cancer | Spermatic Cord Cancer | ,42f86c4d-77a9-5a66-a362-8acf58c8dd29,https://www.icd10data.com//ICD10CM/Codes/C00-D49/C60-C63/C63-/C63.1
515,C63,Male genital cancer,Malignant neoplasm of other and unspecified male genital organs,C63.10,Malignant neoplasm of unspecified spermatic cord,C63 | C63.10 | Malignant Neoplasm of Male Genital Organs | MGNO | Genital Cancer (Male) | Male Reproductive Cancer | Spermatic Cord Cancer | ,450794ad-c9ff-5af1-9d28-e5c3dea5d8e7,https://www.icd10data.com//ICD10CM/Codes/C00-D49/C60-C63/C63-/C63.10
516,C63,Male genital cancer,Malignant neoplasm of other and unspecified male genital organs,C63.11,Malignant neoplasm of right spermatic cord,C63 | C63.11 | Malignant Neoplasm of Male Genital Organs | MGNO | Genital Cancer (Male) | Male Reproductive Cancer | Spermatic Cord Cancer | ,0cd9d6ac-0b0d-59d5-9667-5ea819edc3ff,https://www.icd10data.com//ICD10CM/Codes/C00-D49/C60-C63/C63-/C63.11
517,C63,Male genital cancer,Malignant neoplasm of other and unspecified male genital organs,C63.12,Malignant neoplasm of left spermatic cord,C63 | C63.12 | Malignant Neoplasm of Male Genital Organs | MGNO | Genital Cancer (Male) | Male Reproductive Cancer | Spermatic Cord Cancer | ,207eea07-c668-52c7-8f71-fb719e40619e,https://www.icd10data.com//ICD10CM/Codes/C00-D49/C60-C63/C63-/C63.12
518,C63,Male genital cancer,Malignant neoplasm of other and unspecified male genital organs,C63.2,Malignant neoplasm of scrotum,C63 | C63.2 | Malignant Neoplasm of Male Genital Organs | MGNO | Genital Cancer (Male) | Male Reproductive Cancer | Scrotal Cancer  | Male genital cancer |,dad222c8-d1e6-566a-bc5d-b016b7cbefc4,https://www.icd10data.com//ICD10CM/Codes/C00-D49/C60-C63/C63-/C63.2
519,C63,Male genital cancer,Malignant neoplasm of other and unspecified male genital organs,C63.7,Malignant neoplasm of other specified male genital organs,C63 | C63.7 | Malignant Neoplasm of Male Genital Organs | MGNO | Genital Cancer (Male) | Male Reproductive Cancer | Malignant neoplasm of other specified male genital organs |,82a7c31b-760a-52ee-86ec-cae35a4ebd2b,https://www.icd10data.com//ICD10CM/Codes/C00-D49/C60-C63/C63-/C63.7
520,C63,Male genital cancer,Malignant neoplasm of other and unspecified male genital organs,C63.8,Malignant neoplasm of overlapping sites of male genital organs,C63 | C63.8 | Malignant Neoplasm of Male Genital Organs | MGNO | Genital Cancer (Male) | Male Reproductive Cancer |Penile Urethral Cancer  | ,a2f42cd5-f889-56a3-9553-0ba4a8b25d8b,https://www.icd10data.com//ICD10CM/Codes/C00-D49/C60-C63/C63-/C63.8
521,C63,Male genital cancer,Malignant neoplasm of other and unspecified male genital organs,C63.9,"Malignant neoplasm of male genital organ, unspecified",C63 | C63.9 | Malignant Neoplasm of Male Genital Organs | MGNO | Genital Cancer (Male) | Male Reproductive Cancer | Spermatic Cord Cancer | Scrotal Cancer  | Male genital cancer | Squamous Cell Carcinoma of the Scrotum | Penile Urethral Cancer  | ,52d0d655-100a-5589-8ee0-3af848fb4e86,https://www.icd10data.com//ICD10CM/Codes/C00-D49/C60-C63/C63-/C63.9
522,C64,Kidney cancer,"Malignant neoplasm of kidney, except renal pelvis",C64.1,"Malignant neoplasm of right kidney, except renal pelvis",C64 | C64.1  | Renal Cancer | Renal Cell Carcinoma | RCC | Malignant Neoplasm of Kidney | Renal Malignancy | Clear Cell Renal Cell Carcinoma | ccRCC | Papillary Renal Cell Carcinoma | pRCC | Chromophobe Renal Cell Carcinoma | chRCC | Collecting Duct Carcinoma | Renal Sarcoma | Wilms Tumor | Nephroblastoma | Metastatic Renal Cell Carcinoma | mRCC | Kidney Adenocarcinoma | Transitional Cell Carcinoma of the Kidney | Kidney Cancer |,e7ab3212-d5dd-50e5-9044-f0b5d8651561,https://www.icd10data.com//ICD10CM/Codes/C00-D49/C64-C68/C64-/C64.1
523,C64,Kidney cancer,"Malignant neoplasm of kidney, except renal pelvis",C64.2,"Malignant neoplasm of left kidney, except renal pelvis",C64 | C64.2  | Renal Cancer | Renal Cell Carcinoma | RCC | Malignant Neoplasm of Kidney | Renal Malignancy | Clear Cell Renal Cell Carcinoma | ccRCC | Papillary Renal Cell Carcinoma | pRCC | Chromophobe Renal Cell Carcinoma | chRCC | Collecting Duct Carcinoma | Renal Sarcoma | Wilms Tumor | Nephroblastoma | Metastatic Renal Cell Carcinoma | mRCC | Kidney Adenocarcinoma | Transitional Cell Carcinoma of the Kidney | Kidney Cancer |,9f2c1a04-853b-5e81-b322-19f78ed91081,https://www.icd10data.com//ICD10CM/Codes/C00-D49/C64-C68/C64-/C64.2
524,C64,Kidney cancer,"Malignant neoplasm of kidney, except renal pelvis",C64.9,"Malignant neoplasm of unspecified kidney, except renal pelvis",C64 | C64.9  | Renal Cancer | Renal Cell Carcinoma | RCC | Malignant Neoplasm of Kidney | Renal Malignancy | Clear Cell Renal Cell Carcinoma | ccRCC | Papillary Renal Cell Carcinoma | pRCC | Chromophobe Renal Cell Carcinoma | chRCC | Collecting Duct Carcinoma | Renal Sarcoma | Wilms Tumor | Nephroblastoma | Metastatic Renal Cell Carcinoma | mRCC | Kidney Adenocarcinoma | Transitional Cell Carcinoma of the Kidney | Kidney Cancer |,f410b4b0-11b2-577e-b7a7-cf97f96df88e,https://www.icd10data.com//ICD10CM/Codes/C00-D49/C64-C68/C64-/C64.9
525,C65,Renal Pelvis cancer,Malignant neoplasm of renal pelvis,C65.1,Malignant neoplasm of right renal pelvis,C65 | C65.1 | Malignant Neoplasm of Renal Pelvis | Urothelial Carcinoma of the Renal Pelvis | UCRP | Renal Pelvis cancer | Malignant neoplasm of right renal pelvis |,92f7c9d7-1c02-5a6e-84c9-e0d952d22069,https://www.icd10data.com//ICD10CM/Codes/C00-D49/C64-C68/C65-/C65.1
526,C65,Renal Pelvis cancer,Malignant neoplasm of renal pelvis,C65.2,Malignant neoplasm of left renal pelvis,C65 | C65.2 | Malignant Neoplasm of Renal Pelvis | Urothelial Carcinoma of the Renal Pelvis | UCRP | Renal Pelvis cancer |Malignant neoplasm of left renal pelvis |,49effb50-8a4a-54f0-b56d-4d465335a0a7,https://www.icd10data.com//ICD10CM/Codes/C00-D49/C64-C68/C65-/C65.2
527,C65,Renal Pelvis cancer,Malignant neoplasm of renal pelvis,C65.9,Malignant neoplasm of unspecified renal pelvis,C65 | C65.9 | Malignant Neoplasm of Renal Pelvis | Urothelial Carcinoma of the Renal Pelvis | UCRP | Renal Pelvis cancer | Malignant neoplasm of unspecified renal pelvis |,766e70cf-64b4-5449-973e-0a3d058156a9,https://www.icd10data.com//ICD10CM/Codes/C00-D49/C64-C68/C65-/C65.9
528,C66,Ureteral cancer,Malignant neoplasm of ureter,C66.1,Malignant neoplasm of right ureter,C66 | C66.1 | Ureter Cancer | Urothelial Carcinoma of the Ureter | UCU | Transitional Cell Carcinoma of the Ureter | TCCU | Upper Tract Urothelial Carcinoma | UTUC | Papillary Urothelial Carcinoma of the Ureter | PUCU | Invasive Urothelial Carcinoma of the Ureter | IUCU | Metastatic Ureteral Cancer | Right Ureter Cancer |,0623b824-de7f-5ea5-b6f7-3ce8515a94b9,https://www.icd10data.com//ICD10CM/Codes/C00-D49/C64-C68/C66-/C66.1
529,C66,Ureteral cancer,Malignant neoplasm of ureter,C66.2,Malignant neoplasm of left ureter,C66 | C66.2 | Ureter Cancer | Urothelial Carcinoma of the Ureter | UCU | Transitional Cell Carcinoma of the Ureter | TCCU | Upper Tract Urothelial Carcinoma | UTUC | Papillary Urothelial Carcinoma of the Ureter | PUCU | Invasive Urothelial Carcinoma of the Ureter | IUCU | Metastatic Ureteral Cancer | Left Ureter Cancer |,eecd31c2-d001-50ca-893a-2b3135426e03,https://www.icd10data.com//ICD10CM/Codes/C00-D49/C64-C68/C66-/C66.2
530,C66,Ureteral cancer,Malignant neoplasm of ureter,C66.9,Malignant neoplasm of unspecified ureter,C66 | C66.9 | Ureter Cancer | Urothelial Carcinoma of the Ureter | UCU | Transitional Cell Carcinoma of the Ureter | TCCU | Upper Tract Urothelial Carcinoma | UTUC | Papillary Urothelial Carcinoma of the Ureter | PUCU | Invasive Urothelial Carcinoma of the Ureter | IUCU | Metastatic Ureteral Cancer | unspecified ureter Cancer |,ba494585-c816-5cb9-8a27-ee97b63121f7,https://www.icd10data.com//ICD10CM/Codes/C00-D49/C64-C68/C66-/C66.9
531,C67,Bladder Cancer,Malignant neoplasm of bladder,C67.0,Malignant neoplasm of trigone of bladder,C67 | C67.0 | Malignant Neoplasm of Bladder | Urothelial Carcinoma of the Bladder | Transitional Cell Carcinoma of the Bladder | TCCB | | Papillary Urothelial Carcinoma | PUCB | Invasive Urothelial Carcinoma | IUCB | Squamous Cell Carcinoma of the Bladder | SCCB | Adenocarcinoma of the Bladder | Small Cell Carcinoma of the Bladder | SmCCB | Bladder Cancer | bladder cancer of Trigone |,d8a36bdc-6ca1-5815-83f2-4941a4e2b155,https://www.icd10data.com//ICD10CM/Codes/C00-D49/C64-C68/C67-/C67.0
532,C67,Bladder Cancer,Malignant neoplasm of bladder,C67.1,Malignant neoplasm of dome of bladder,C67 | C67.1 | Malignant Neoplasm of Bladder | Urothelial Carcinoma of the Bladder | Transitional Cell Carcinoma of the Bladder | TCCB | | Papillary Urothelial Carcinoma | PUCB | Invasive Urothelial Carcinoma | IUCB | Squamous Cell Carcinoma of the Bladder | SCCB | Adenocarcinoma of the Bladder | Small Cell Carcinoma of the Bladder | SmCCB | Bladder Cancer | Malignant neoplasm of dome of bladder |,be2132cf-0dd8-58e2-b780-b152c3761dc5,https://www.icd10data.com//ICD10CM/Codes/C00-D49/C64-C68/C67-/C67.1
533,C67,Bladder Cancer,Malignant neoplasm of bladder,C67.2,Malignant neoplasm of lateral wall of bladder,C67 | C67.2 | Malignant Neoplasm of Bladder | Urothelial Carcinoma of the Bladder | Transitional Cell Carcinoma of the Bladder | TCCB | | Papillary Urothelial Carcinoma | PUCB | Invasive Urothelial Carcinoma | IUCB | Squamous Cell Carcinoma of the Bladder | SCCB | Adenocarcinoma of the Bladder | Small Cell Carcinoma of the Bladder | SmCCB | Bladder Cancer | Malignant neoplasm of lateral wall of bladder |,ca30b324-c389-5449-8804-3674611ba587,https://www.icd10data.com//ICD10CM/Codes/C00-D49/C64-C68/C67-/C67.2
534,C67,Bladder Cancer,Malignant neoplasm of bladder,C67.3,Malignant neoplasm of anterior wall of bladder,C67 | C67.3 | Malignant Neoplasm of Bladder | Urothelial Carcinoma of the Bladder | Transitional Cell Carcinoma of the Bladder | TCCB | | Papillary Urothelial Carcinoma | PUCB | Invasive Urothelial Carcinoma | IUCB | Squamous Cell Carcinoma of the Bladder | SCCB | Adenocarcinoma of the Bladder | Small Cell Carcinoma of the Bladder | SmCCB | Bladder Cancer | Malignant neoplasm of anterior wall of bladder |,6eea9bcf-b594-5050-be29-313cfaa619f2,https://www.icd10data.com//ICD10CM/Codes/C00-D49/C64-C68/C67-/C67.3
536,C67,Bladder Cancer,Malignant neoplasm of bladder,C67.5,Malignant neoplasm of bladder neck,C67 | C67.5 | Malignant Neoplasm of Bladder | Urothelial Carcinoma of the Bladder | Transitional Cell Carcinoma of the Bladder | TCCB | | Papillary Urothelial Carcinoma | PUCB | Invasive Urothelial Carcinoma | IUCB | Squamous Cell Carcinoma of the Bladder | SCCB | Adenocarcinoma of the Bladder | Small Cell Carcinoma of the Bladder | SmCCB | Bladder Cancer |,2b5a9740-4aa1-57df-8181-28540f93f477,https://www.icd10data.com//ICD10CM/Codes/C00-D49/C64-C68/C67-/C67.5
537,C67,Bladder Cancer,Malignant neoplasm of bladder,C67.6,Malignant neoplasm of ureteric orifice,C67 | C67.6 | Malignant Neoplasm of Bladder | Urothelial Carcinoma of the Bladder | Transitional Cell Carcinoma of the Bladder | TCCB | | Papillary Urothelial Carcinoma | PUCB | Invasive Urothelial Carcinoma | IUCB | Squamous Cell Carcinoma of the Bladder | SCCB | Adenocarcinoma of the Bladder | Small Cell Carcinoma of the Bladder | SmCCB | Bladder Cancer | Malignant neoplasm of ureteric orifice Cancer | ureteric orifice Cancer |,d7feec54-419e-541d-98c7-51f49eeff1b4,https://www.icd10data.com//ICD10CM/Codes/C00-D49/C64-C68/C67-/C67.6
538,C67,Bladder Cancer,Malignant neoplasm of bladder,C67.7,Malignant neoplasm of urachus,C67 | C67.7 | Malignant Neoplasm of Bladder | Urothelial Carcinoma of the Bladder | Transitional Cell Carcinoma of the Bladder | TCCB | | Papillary Urothelial Carcinoma | PUCB | Invasive Urothelial Carcinoma | IUCB | Squamous Cell Carcinoma of the Bladder | SCCB | Adenocarcinoma of the Bladder | Small Cell Carcinoma of the Bladder | SmCCB | Bladder Cancer | Urachus Cancer |,43d682ce-3b49-5d3e-ba8c-4e102e019d9d,https://www.icd10data.com//ICD10CM/Codes/C00-D49/C64-C68/C67-/C67.7
539,C67,Bladder Cancer,Malignant neoplasm of bladder,C67.8,Malignant neoplasm of overlapping sites of bladder,C67 | C67.8 | Malignant neoplasm of overlapping sites of bladder |,d9410a10-a164-5692-8de3-d42f4f507fef,https://www.icd10data.com//ICD10CM/Codes/C00-D49/C64-C68/C67-/C67.8
540,C67,Bladder Cancer,Malignant neoplasm of bladder,C67.9,"Malignant neoplasm of bladder, unspecified",C67 | C67.9 |Unspecified bladder Cancer |,e7eff44c-db36-52b1-86f8-0c4b8b67aa60,https://www.icd10data.com//ICD10CM/Codes/C00-D49/C64-C68/C67-/C67.9
541,C69,Eye Cancer,Malignant neoplasm of eye and adnexa,C69.0,Malignant neoplasm of conjunctiva,C69 | C69.0 | Ocular Cancer | Ocular Malignancy | Eye Cancer | Conjunctiva Cancer |,3450874d-9976-556b-8d1f-52107bc753c3,https://www.icd10data.com//ICD10CM/Codes/C00-D49/C69-C72/C69-/C69.0
542,C69,Eye Cancer,Malignant neoplasm of eye and adnexa,C69.00,Malignant neoplasm of unspecified conjunctiva,C69 | C69.00 | Ocular Cancer | Ocular Malignancy | Eye Cancer | Conjunctiva Cancer |,ac4644b3-ad63-54e1-9221-b4c014ad5d1c,https://www.icd10data.com//ICD10CM/Codes/C00-D49/C69-C72/C69-/C69.00
543,C69,Eye Cancer,Malignant neoplasm of eye and adnexa,C69.01,Malignant neoplasm of right conjunctiva,C69 | C69.01 | Ocular Cancer | Ocular Malignancy | Eye Cancer | Conjunctiva Cancer |,e2fc0e5f-0594-5c61-a66e-684f4c711c36,https://www.icd10data.com//ICD10CM/Codes/C00-D49/C69-C72/C69-/C69.01
544,C69,Eye Cancer,Malignant neoplasm of eye and adnexa,C69.02,Malignant neoplasm of left conjunctiva,C69 | C69.02 | Ocular Cancer | Ocular Malignancy | Eye Cancer | Conjunctiva Cancer |,2dbe8789-9467-5069-8797-b704ad644a7e,https://www.icd10data.com//ICD10CM/Codes/C00-D49/C69-C72/C69-/C69.02
545,C69,Eye Cancer,Malignant neoplasm of eye and adnexa,C69.1,Malignant neoplasm of cornea,C69 | C69.1 | Ocular Cancer | Ocular Malignancy | Corneal Cancer| Eye Cancer |,baa3e8e3-8505-5f77-b0da-de4a919be36f,https://www.icd10data.com//ICD10CM/Codes/C00-D49/C69-C72/C69-/C69.1
546,C69,Eye Cancer,Malignant neoplasm of eye and adnexa,C69.10,Malignant neoplasm of unspecified cornea,C69 | C69.10 | Ocular Cancer | Ocular Malignancy | Corneal Cancer| Eye Cancer |,e8807c3c-3752-579c-bc82-d0397c367193,https://www.icd10data.com//ICD10CM/Codes/C00-D49/C69-C72/C69-/C69.10
547,C69,Eye Cancer,Malignant neoplasm of eye and adnexa,C69.11,Malignant neoplasm of right cornea,C69 | C69.11 | Ocular Cancer | Ocular Malignancy | Corneal Cancer| Eye Cancer |,4816ab1c-1bfe-523d-91a5-8463201c9f64,https://www.icd10data.com//ICD10CM/Codes/C00-D49/C69-C72/C69-/C69.11
548,C69,Eye Cancer,Malignant neoplasm of eye and adnexa,C69.12,Malignant neoplasm of left cornea,C69 | C69.12 | Ocular Cancer | Ocular Malignancy | Corneal Cancer| Eye Cancer |,28bea636-3748-585c-9d55-f88e67d17a19,https://www.icd10data.com//ICD10CM/Codes/C00-D49/C69-C72/C69-/C69.12
550,C69,Eye Cancer,Malignant neoplasm of eye and adnexa,C69.20,Malignant neoplasm of unspecified retina,C69 | C69.20 | Ocular Cancer | Ocular Malignancy | Retinal Cancer | Retinoblastoma | Eye Cancer |,d589098b-5d44-57e6-b5bf-698bb0f3e8e7,https://www.icd10data.com//ICD10CM/Codes/C00-D49/C69-C72/C69-/C69.20
551,C69,Eye Cancer,Malignant neoplasm of eye and adnexa,C69.21,Malignant neoplasm of right retina,C69 | C69.21 | Ocular Cancer | Ocular Malignancy | Retinal Cancer | Retinoblastoma | Eye Cancer |,76b5189f-47dd-5854-b796-c8468eff985b,https://www.icd10data.com//ICD10CM/Codes/C00-D49/C69-C72/C69-/C69.21
552,C69,Eye Cancer,Malignant neoplasm of eye and adnexa,C69.22,Malignant neoplasm of left retina,C69 | C69.22 | Ocular Cancer | Ocular Malignancy | Retinal Cancer | Retinoblastoma | Eye Cancer |,5aa8cfaf-0c48-5071-a464-6dee08861bc8,https://www.icd10data.com//ICD10CM/Codes/C00-D49/C69-C72/C69-/C69.22
553,C69,Eye Cancer,Malignant neoplasm of eye and adnexa,C69.3,Malignant neoplasm of choroid,C69 | C69.3 | Ocular Cancer | Ocular Malignancy | Choroidal Melanoma | Eye Cancer |,0b4e0647-1dcb-538a-b50d-2c8dfa77fa38,https://www.icd10data.com//ICD10CM/Codes/C00-D49/C69-C72/C69-/C69.3
554,C69,Eye Cancer,Malignant neoplasm of eye and adnexa,C69.30,Malignant neoplasm of unspecified choroid,C69 | C69.30 | Ocular Cancer | Ocular Malignancy | Choroidal Melanoma | Eye Cancer |,7ff20be5-ecde-5973-ad6c-72ef39b4ba4c,https://www.icd10data.com//ICD10CM/Codes/C00-D49/C69-C72/C69-/C69.30
555,C69,Eye Cancer,Malignant neoplasm of eye and adnexa,C69.31,Malignant neoplasm of right choroid,C69 | C69.31 | Ocular Cancer | Ocular Malignancy | Choroidal Melanoma | Eye Cancer |,1ca62655-e262-5be2-9a2b-4bfe504a041c,https://www.icd10data.com//ICD10CM/Codes/C00-D49/C69-C72/C69-/C69.31
556,C69,Eye Cancer,Malignant neoplasm of eye and adnexa,C69.32,Malignant neoplasm of left choroid,C69 | C69.32 | Ocular Cancer | Ocular Malignancy | Choroidal Melanoma | Eye Cancer |,22b80de2-fb6e-5963-ade8-431130bbf029,https://www.icd10data.com//ICD10CM/Codes/C00-D49/C69-C72/C69-/C69.32
557,C69,Eye Cancer,Malignant neoplasm of eye and adnexa,C69.4,Malignant neoplasm of ciliary body,C69 | C69.4 | Ocular Cancer | Ocular Malignancy |ciliary body melanoma | Eye Cancer |,add0b964-9b8c-5529-9980-8f62b5480093,https://www.icd10data.com//ICD10CM/Codes/C00-D49/C69-C72/C69-/C69.4
558,C69,Eye Cancer,Malignant neoplasm of eye and adnexa,C69.40,Malignant neoplasm of unspecified ciliary body,C69 | C69.40 | Ocular Cancer | Ocular Malignancy |ciliary body melanoma | Eye Cancer |,ebf33645-cfce-5ad6-ba33-7f586ccc60a6,https://www.icd10data.com//ICD10CM/Codes/C00-D49/C69-C72/C69-/C69.40
559,C69,Eye Cancer,Malignant neoplasm of eye and adnexa,C69.41,Malignant neoplasm of right ciliary body,C69 | C69.41 | Ocular Cancer | Ocular Malignancy |ciliary body melanoma | Eye Cancer |,860d9f95-3950-55c6-b1fc-2f6d674209dd,https://www.icd10data.com//ICD10CM/Codes/C00-D49/C69-C72/C69-/C69.41
560,C69,Eye Cancer,Malignant neoplasm of eye and adnexa,C69.42,Malignant neoplasm of left ciliary body,C69 | C69.42 | Ocular Cancer | Ocular Malignancy |ciliary body melanoma | Eye Cancer | Ciliary Cancer,6169c6f8-084a-55b6-b275-4459a09c1b0c,https://www.icd10data.com//ICD10CM/Codes/C00-D49/C69-C72/C69-/C69.42
561,C69,Eye Cancer,Malignant neoplasm of eye and adnexa,C69.5,Malignant neoplasm of lacrimal gland and duct,C69 | C69.5 | Ocular Cancer | Ocular Malignancy | Ocular Melanoma | Lacrimal gland cancer | Lacrimal Gland Carcinoma  | Eye Cancer | Ciliary Cancer,0ee29354-a05b-5424-a1e4-78a36638185d,https://www.icd10data.com//ICD10CM/Codes/C00-D49/C69-C72/C69-/C69.5
562,C69,Eye Cancer,Malignant neoplasm of eye and adnexa,C69.50,Malignant neoplasm of unspecified lacrimal gland and duct,C69 | C69.50 | Ocular Cancer | Ocular Malignancy | Intraocular Cancer | Choroidal Melanoma | Corneal Cancer | Retinal Cancer | Retinoblastoma | Ocular Melanoma | Lacrimal gland cancer | Orbital Tumor | Lacrimal Gland Carcinoma  | Eye Cancer |,631353f4-3af2-529b-8f42-ddc038c21949,https://www.icd10data.com//ICD10CM/Codes/C00-D49/C69-C72/C69-/C69.50
563,C69,Eye Cancer,Malignant neoplasm of eye and adnexa,C69.51,Malignant neoplasm of right lacrimal gland and duct,C69 | C69.51 | Ocular Cancer | Ocular Malignancy | Intraocular Cancer | Choroidal Melanoma | Corneal Cancer | Retinal Cancer | Retinoblastoma | Ocular Melanoma | Lacrimal gland cancer | Orbital Tumor | Lacrimal Gland Carcinoma  | Eye Cancer |,14d83abd-6bd5-5867-9035-4ffdd4cfe560,https://www.icd10data.com//ICD10CM/Codes/C00-D49/C69-C72/C69-/C69.51
564,C69,Eye Cancer,Malignant neoplasm of eye and adnexa,C69.52,Malignant neoplasm of left lacrimal gland and duct,C69 | C69.52 | Ocular Cancer | Ocular Malignancy | Intraocular Cancer | Choroidal Melanoma | Corneal Cancer | Retinal Cancer | Retinoblastoma | Ocular Melanoma | Lacrimal gland cancer | Orbital Tumor | Lacrimal Gland Carcinoma  | Eye Cancer |,9dbe08af-c199-5f3d-907f-575e717f5631,https://www.icd10data.com//ICD10CM/Codes/C00-D49/C69-C72/C69-/C69.52
565,C69,Eye Cancer,Malignant neoplasm of eye and adnexa,C69.6,Malignant neoplasm of orbit,C69 | C69.6 | Ocular Cancer | Ocular Malignancy | Orbital Tumor | Eye Cancer |,e9518608-619f-5043-abb7-8889968a912f,https://www.icd10data.com//ICD10CM/Codes/C00-D49/C69-C72/C69-/C69.6
566,C69,Eye Cancer,Malignant neoplasm of eye and adnexa,C69.60,Malignant neoplasm of unspecified orbit,C69 | C69.60 | Ocular Cancer | Ocular Malignancy | Orbital Tumor | Eye Cancer |,2a115b8b-1992-5a29-a2f4-73440a18efd2,https://www.icd10data.com//ICD10CM/Codes/C00-D49/C69-C72/C69-/C69.60
567,C69,Eye Cancer,Malignant neoplasm of eye and adnexa,C69.61,Malignant neoplasm of right orbit,C69 | C69.61 | Ocular Cancer | Ocular Malignancy | Orbital Tumor | Eye Cancer |,5350d6e7-8ace-5257-8310-d381d0590a20,https://www.icd10data.com//ICD10CM/Codes/C00-D49/C69-C72/C69-/C69.61
568,C69,Eye Cancer,Malignant neoplasm of eye and adnexa,C69.62,Malignant neoplasm of left orbit,C69 | C69.62 | Ocular Cancer | Ocular Malignancy | Orbital Tumor | Eye Cancer |,6f816eb3-4c7e-5af4-865b-6981083f19a6,https://www.icd10data.com//ICD10CM/Codes/C00-D49/C69-C72/C69-/C69.62
569,C69,Eye Cancer,Malignant neoplasm of eye and adnexa,C69.8,Malignant neoplasm of overlapping sites of eye and adnexa,C69 | C69.8 | Uveal Melanoma | Choroidal Melanoma | Conjunctival Melanoma | Eyelid Melanoma | Retinoblastoma with Orbital Extension | Sebaceous Carcinoma with Orbital Spread | Squamous Cell Carcinoma with Multisite Involvement | Orbital Rhabdomyosarcoma | Lacrimal Gland Carcinoma | Optic Nerve Glioma | Hemangiopericytoma of the Eye | Adenoid Cystic Carcinoma of the Lacrimal Gland | Eye Cancer | Basal Cell Carcinoma of the Eyelid | Orbital Lymphoma | Metastatic Tumors to the Eye or Orbit | Lacrimal Sac Tumor  ,d8fdf3a2-5be3-5afc-b87e-1b56b9d317df,https://www.icd10data.com//ICD10CM/Codes/C00-D49/C69-C72/C69-/C69.8
570,C69,Eye Cancer,Malignant neoplasm of eye and adnexa,C69.80,Malignant neoplasm of overlapping sites of unspecified eye and adnexa,C69 | C69.80 | Ocular Cancer | Ocular Malignancy | Intraocular Cancer | Choroidal Melanoma | Corneal Cancer | Retinal Cancer | Retinoblastoma | Ocular Melanoma | Lacrimal Gland Cancer | Orbital Tumor | Lacrimal Gland Carcinoma | Eye Cancer | Squamous Cell Carcinoma of the Conjunctiva | Sebaceous Carcinoma | Basal Cell Carcinoma of the Eyelid | Orbital Lymphoma | Rhabdomyosarcoma | Metastatic Tumors to the Eye or Orbit  ,9ec795af-45dc-51ec-ba66-3d38c4d5c9b7,https://www.icd10data.com//ICD10CM/Codes/C00-D49/C69-C72/C69-/C69.80
571,C69,Eye Cancer,Malignant neoplasm of eye and adnexa,C69.81,Malignant neoplasm of overlapping sites of right eye and adnexa,C69 | C69.81 | Ocular Cancer | Ocular Malignancy | Intraocular Cancer | Choroidal Melanoma | Corneal Cancer | Retinal Cancer | Retinoblastoma | Ocular Melanoma | Lacrimal Gland Cancer | Orbital Tumor | Lacrimal Gland Carcinoma | Eye Cancer | Squamous Cell Carcinoma of the Conjunctiva | Sebaceous Carcinoma | Basal Cell Carcinoma of the Right Eyelid | Orbital Lymphoma (Right) | Rhabdomyosarcoma (Right) | Metastatic Tumors to the Right Eye or Orbit  ,c7d52dfa-3595-5d70-8345-4e82a9f34ea4,https://www.icd10data.com//ICD10CM/Codes/C00-D49/C69-C72/C69-/C69.81
572,C69,Eye Cancer,Malignant neoplasm of eye and adnexa,C69.82,Malignant neoplasm of overlapping sites of left eye and adnexa,C69 | C69.82 | Ocular Cancer | Ocular Malignancy | Intraocular Cancer | Choroidal Melanoma | Corneal Cancer | Retinal Cancer | Retinoblastoma | Ocular Melanoma | Lacrimal Gland Cancer | Orbital Tumor | Lacrimal Gland Carcinoma | Eye Cancer | Squamous Cell Carcinoma of the Conjunctiva | Sebaceous Carcinoma | Basal Cell Carcinoma of the Left Eyelid | Orbital Lymphoma (Left) | Rhabdomyosarcoma (Left) | Metastatic Tumors to the Left Eye or Orbit  ,04720f64-88ff-54f0-ae90-0175479c564a,https://www.icd10data.com//ICD10CM/Codes/C00-D49/C69-C72/C69-/C69.82
573,C69,Eye Cancer,Malignant neoplasm of eye and adnexa,C69.9,Malignant neoplasm of unspecified site of eye,C69 | C69.9 | Ocular Cancer | Ocular Malignancy | Intraocular Cancer | Choroidal Melanoma | Corneal Cancer | Retinal Cancer | Retinoblastoma | Ocular Melanoma | Lacrimal gland cancer | Orbital Tumor | Lacrimal Gland Carcinoma  | Eye Cancer |,79ed130b-1861-5850-aa9c-6283a544ae27,https://www.icd10data.com//ICD10CM/Codes/C00-D49/C69-C72/C69-/C69.9
574,C69,Eye Cancer,Malignant neoplasm of eye and adnexa,C69.90,Malignant neoplasm of unspecified site of unspecified eye,C69 | C69.90 | Ocular Cancer | Ocular Malignancy | Intraocular Cancer | Choroidal Melanoma | Corneal Cancer | Retinal Cancer | Retinoblastoma | Ocular Melanoma | Lacrimal gland cancer | Orbital Tumor | Lacrimal Gland Carcinoma  | Eye Cancer |,7929baf7-07cd-5032-87f3-7db3fc15e67e,https://www.icd10data.com//ICD10CM/Codes/C00-D49/C69-C72/C69-/C69.90
575,C69,Eye Cancer,Malignant neoplasm of eye and adnexa,C69.91,Malignant neoplasm of unspecified site of right eye,C69 | C69.91 | Ocular Cancer | Ocular Malignancy | Intraocular Cancer | Choroidal Melanoma | Corneal Cancer | Retinal Cancer | Retinoblastoma | Ocular Melanoma | Lacrimal gland cancer | Orbital Tumor | Lacrimal Gland Carcinoma  | Eye Cancer |,8cc5e98d-e2f4-53ee-abda-37f22b6ec17e,https://www.icd10data.com//ICD10CM/Codes/C00-D49/C69-C72/C69-/C69.91
576,C69,Eye Cancer,Malignant neoplasm of eye and adnexa,C69.92,Malignant neoplasm of unspecified site of left eye,C69 | C69.92 | Ocular Cancer | Ocular Malignancy | Intraocular Cancer | Choroidal Melanoma | Corneal Cancer | Retinal Cancer | Retinoblastoma | Ocular Melanoma | Lacrimal gland cancer | Orbital Tumor | Lacrimal Gland Carcinoma  | Eye Cancer |,ada987b6-3906-599e-a2f7-06a12a82b44d,https://www.icd10data.com//ICD10CM/Codes/C00-D49/C69-C72/C69-/C69.92
577,C70,Meningioma,Malignant neoplasm of meninges,C70.0,Malignant neoplasm of cerebral meninges,C70 | C70.0 | Meningeal Tumor | Meningeal Neoplasm | Meningioma | Cerebral Meningioma |,93aef870-1138-5e51-8443-27de7a90b405,https://www.icd10data.com//ICD10CM/Codes/C00-D49/C69-C72/C70-/C70.0
579,C70,Meningioma,Malignant neoplasm of meninges,C70.9,"Malignant neoplasm of meninges, unspecified",C70 | C70.9 | Meningeal Tumor | Meningeal Neoplasm | Meningioma |,43e42a0d-687b-5ba5-a0cd-b202f043acb8,https://www.icd10data.com//ICD10CM/Codes/C00-D49/C69-C72/C70-/C70.9
580,C71,Brain Cancer,Malignant neoplasm of brain,C71.0,"Malignant neoplasm of cerebrum, except lobes and ventricles",C71 | C71.0 | Gliomas | Astrocytomas | Ependymomas | Glioblastoma Multiforme | GBM |  Pituitary Adenomas | Medulloblastoma | Brain tumor | Glial cell tumor| Glioma |Astro-cytoma| Astrocytoma|Ependymal tumor | Cerebral Cancer| Glioblastoma | Brain Cancer |,26bffaa5-d43b-51f8-aa2c-fa9caab99249,https://www.icd10data.com//ICD10CM/Codes/C00-D49/C69-C72/C71-/C71.0
581,C71,Brain Cancer,Malignant neoplasm of brain,C71.1,Malignant neoplasm of frontal lobe,C71 | C71.1 | Frontal Lobe Cancer | Frontal-Lobe Cancer|,7a559d81-9b11-58de-ad8b-ff7adc184a8b,https://www.icd10data.com//ICD10CM/Codes/C00-D49/C69-C72/C71-/C71.1
582,C71,Brain Cancer,Malignant neoplasm of brain,C71.2,Malignant neoplasm of temporal lobe,C71 | C71.2 | Temporal lobe cancer |Brain Cancer |,9aba6982-252c-51f9-8e4d-c741baa834c1,https://www.icd10data.com//ICD10CM/Codes/C00-D49/C69-C72/C71-/C71.2
583,C71,Brain Cancer,Malignant neoplasm of brain,C71.3,Malignant neoplasm of parietal lobe,C71 | C71.3 | Parietal lobe cancer | Brain Cancer |,a5585b91-2e73-55d7-a556-3848ac869630,https://www.icd10data.com//ICD10CM/Codes/C00-D49/C69-C72/C71-/C71.3
584,C71,Brain Cancer,Malignant neoplasm of brain,C71.4,Malignant neoplasm of occipital lobe,C71 | C71.4 |Occipital lobe cancer | Brain Cancer |,e6fa33fa-858c-5ce3-bcd4-34b3e3b2568e,https://www.icd10data.com//ICD10CM/Codes/C00-D49/C69-C72/C71-/C71.4
585,C71,Brain Cancer,Malignant neoplasm of brain,C71.5,Malignant neoplasm of cerebral ventricle,C71 | C71.5 | Cerebral Cancer | Brain Cancer |,6de2ad9c-9ba5-5998-904b-8b2bc2aa4100,https://www.icd10data.com//ICD10CM/Codes/C00-D49/C69-C72/C71-/C71.5
586,C71,Brain Cancer,Malignant neoplasm of brain,C71.6,Malignant neoplasm of cerebellum,C71 | C71.6 | Cerebellum cancer |Brain Cancer |,37f8f366-2f08-5415-9454-fff55bd1f9ff,https://www.icd10data.com//ICD10CM/Codes/C00-D49/C69-C72/C71-/C71.6
587,C71,Brain Cancer,Malignant neoplasm of brain,C71.7,Malignant neoplasm of brain stem,C71 | C71.7 |Brain Stem glioma | Brain Cancer |,3a3dffde-4417-5bac-a773-8ea07a46e17a,https://www.icd10data.com//ICD10CM/Codes/C00-D49/C69-C72/C71-/C71.7
588,C71,Brain Cancer,Malignant neoplasm of brain,C71.8,Malignant neoplasm of overlapping sites of brain,C71 | C71.8 | Gliomas | Astrocytomas | Ependymomas | Glioblastoma Multiforme | GBM | Pituitary Adenomas | Medulloblastoma | Brain tumor | Glial cell tumor| Glioma |Astro-cytoma| Astrocytoma| Ependymal tumor | Glioblastoma | Brain Cancer | Oligoastrocytoma |,96005e21-73e0-5578-83d3-b95ec0278e76,https://www.icd10data.com//ICD10CM/Codes/C00-D49/C69-C72/C71-/C71.8
589,C71,Brain Cancer,Malignant neoplasm of brain,C71.9,"Malignant neoplasm of brain, unspecified",C71 | C71.9 | Gliomas | Astrocytomas | Ependymomas | Glioblastoma Multiforme | GBM |  Brain tumor | Glial cell tumor| Glioma |Astro-cytoma| Astrocytoma|Ependymal tumor | Frontal Lobe Cancer | Frontal-Lobe Cancer| Glioblastoma | Brain Cancer |,dfb650a5-3df1-5e98-a599-463866fee357,https://www.icd10data.com//ICD10CM/Codes/C00-D49/C69-C72/C71-/C71.9
590,C72,Spinal Cord Cancer,"Malignant neoplasm of spinal cord, cranial nerves and other parts of central nervous system",C72.0,Malignant neoplasm of spinal cord,C72 | C72.0 | Malignant Neoplasm of Spinal Cord | Spinal Cord Cancer | Intramedullary Spinal Cord Tumor | Ependymoma | Astrocytoma | Glioblastoma | Oligodendroglioma | Oligodendrogliomas| Hemangioblastoma | Metastatic Spinal Cord Tumor | Primary Spinal Glioma | Spinal Sarcoma | Spinal Cancer | Central Nervous System Tumor | CNS Cancer  ,e4a88e4e-9f9e-5a63-9724-9cf3f6490d61,https://www.icd10data.com//ICD10CM/Codes/C00-D49/C69-C72/C72-/C72.0
591,C72,Spinal Cord Cancer,"Malignant neoplasm of spinal cord, cranial nerves and other parts of central nervous system",C72.1,Malignant neoplasm of cauda equina,C72 | C72.1 | Malignant Neoplasm of Cauda Equina | Cauda Equina Cancer | Ependymoma of Cauda Equina | Astrocytoma of Cauda Equina | Schwannoma | Neurofibroma | Peripheral Nerve Sheath Tumor | Spinal Cancer | CNS Cancer | Central Nervous System Tumor  ,57e46ee2-3155-5db8-bc4e-0146087a403f,https://www.icd10data.com//ICD10CM/Codes/C00-D49/C69-C72/C72-/C72.1
595,C72,Spinal Cord Cancer,"Malignant neoplasm of spinal cord, cranial nerves and other parts of central nervous system",C72.22,Malignant neoplasm of left olfactory nerve,C72 | C72.22 | Malignant Neoplasm of Left Olfactory Nerve | Olfactory Nerve Cancer (Left) | Olfactory Neuroblastoma (Left) | Esthesioneuroblastoma (Left) | CNS Cancer | Spinal Cancer  ,8db9d07f-5e4e-517a-b479-b7ecc5f60726,https://www.icd10data.com//ICD10CM/Codes/C00-D49/C69-C72/C72-/C72.22
596,C72,Spinal Cord Cancer,"Malignant neoplasm of spinal cord, cranial nerves and other parts of central nervous system",C72.3,Malignant neoplasm of optic nerve,C72 | C72.3 | Malignant Neoplasm of Optic Nerve | Optic Nerve Glioma | Optic Pathway Glioma | Primary Optic Nerve Tumor | Astrocytoma of Optic Nerve | Meningioma of Optic Nerve | CNS Cancer | Spinal Cancer  ,0475f85a-6ea9-5182-a295-52656a1e9747,https://www.icd10data.com//ICD10CM/Codes/C00-D49/C69-C72/C72-/C72.3
597,C72,Spinal Cord Cancer,"Malignant neoplasm of spinal cord, cranial nerves and other parts of central nervous system",C72.30,Malignant neoplasm of unspecified optic nerve,C72 | C72.30 | Malignant Neoplasm of Unspecified Optic Nerve | Optic Nerve Glioma | Optic Pathway Glioma | Primary Optic Nerve Tumor | Astrocytoma of Optic Nerve | CNS Cancer | Spinal Cancer  ,f74f881c-aadd-517f-be0d-337fbf8fe4c8,https://www.icd10data.com//ICD10CM/Codes/C00-D49/C69-C72/C72-/C72.30
598,C72,Spinal Cord Cancer,"Malignant neoplasm of spinal cord, cranial nerves and other parts of central nervous system",C72.31,Malignant neoplasm of right optic nerve,C72 | C72.31 | Malignant Neoplasm of Right Optic Nerve | Optic Nerve Glioma (Right) | Optic Pathway Glioma (Right) | Primary Optic Nerve Tumor (Right) | Astrocytoma of Optic Nerve (Right) | CNS Cancer | Spinal Cancer  ,5f64bfe5-946a-510a-ae2f-eee3e6d8d748,https://www.icd10data.com//ICD10CM/Codes/C00-D49/C69-C72/C72-/C72.31
599,C72,Spinal Cord Cancer,"Malignant neoplasm of spinal cord, cranial nerves and other parts of central nervous system",C72.32,Malignant neoplasm of left optic nerve,C72 | C72.32 | Malignant Neoplasm of Left Optic Nerve | Optic Nerve Glioma (Left) | Optic Pathway Glioma (Left) | Primary Optic Nerve Tumor (Left) | Astrocytoma of Optic Nerve (Left) | CNS Cancer | Spinal Cancer  ,2979727c-4711-5909-ab77-b8f8d30841b6,https://www.icd10data.com//ICD10CM/Codes/C00-D49/C69-C72/C72-/C72.32
600,C72,Spinal Cord Cancer,"Malignant neoplasm of spinal cord, cranial nerves and other parts of central nervous system",C72.4,Malignant neoplasm of acoustic nerve,C72 | C72.4 | Malignant Neoplasm of Acoustic Nerve | Vestibular Schwannoma | Acoustic Neuroma | Cranial Nerve Tumor | CNS Cancer | Spinal Cancer  ,096c9c5b-0855-55cb-80d0-a03b9540d7bd,https://www.icd10data.com//ICD10CM/Codes/C00-D49/C69-C72/C72-/C72.4
601,C72,Spinal Cord Cancer,"Malignant neoplasm of spinal cord, cranial nerves and other parts of central nervous system",C72.40,Malignant neoplasm of unspecified acoustic nerve,C72 | C72.40 | Malignant Neoplasm of Unspecified Acoustic Nerve | Vestibular Schwannoma | Acoustic Neuroma | Cranial Nerve Tumor | CNS Cancer | Spinal Cancer  ,12803b0d-61fe-5fd1-9e73-059eb64e282a,https://www.icd10data.com//ICD10CM/Codes/C00-D49/C69-C72/C72-/C72.40
602,C72,Spinal Cord Cancer,"Malignant neoplasm of spinal cord, cranial nerves and other parts of central nervous system",C72.41,Malignant neoplasm of right acoustic nerve,C72 | C72.41 | Malignant Neoplasm of Right Acoustic Nerve | Vestibular Schwannoma | Acoustic Neuroma | Cranial Nerve Tumor |Vestibular Schwannoma (Right) | Acoustic Neuroma (Right) | Cranial Nerve Tumor (Right) | CNS Cancer | Spinal Cancer  ,ed61bcc0-3014-54cf-9364-50fe2aee5435,https://www.icd10data.com//ICD10CM/Codes/C00-D49/C69-C72/C72-/C72.41
603,C72,Spinal Cord Cancer,"Malignant neoplasm of spinal cord, cranial nerves and other parts of central nervous system",C72.42,Malignant neoplasm of left acoustic nerve,C72 | C72.42 | Malignant Neoplasm of Left Acoustic Nerve | Vestibular Schwannoma  | Acoustic Neuroma  | Cranial Nerve Tumor  | Vestibular Schwannoma (Left) | Acoustic Neuroma (Left) | Cranial Nerve Tumor (Left) | CNS Cancer | Spinal Cancer  ,04f7dd0a-60a3-54f0-b9e6-8e0736cba305,https://www.icd10data.com//ICD10CM/Codes/C00-D49/C69-C72/C72-/C72.42
604,C72,Spinal Cord Cancer,"Malignant neoplasm of spinal cord, cranial nerves and other parts of central nervous system",C72.5,Malignant neoplasm of other and unspecified cranial nerves,C72 | C72.5 | Malignant Neoplasm of Other and Unspecified Cranial Nerves | Cranial Nerve Tumor | Peripheral Nerve Sheath Tumor | Schwannoma | Neurofibroma | CNS Cancer | Spinal Cancer  ,5d52dcd3-ff71-5e40-acee-4fdded8cdf09,https://www.icd10data.com//ICD10CM/Codes/C00-D49/C69-C72/C72-/C72.5
605,C72,Spinal Cord Cancer,"Malignant neoplasm of spinal cord, cranial nerves and other parts of central nervous system",C72.50,Malignant neoplasm of unspecified cranial nerve,C72 | C72.50 | Malignant Neoplasm of Unspecified Cranial Nerve | Cranial Nerve Tumor | Peripheral Nerve Sheath Tumor | Schwannoma | Neurofibroma | CNS Cancer | Spinal Cancer  ,23de0694-0c1b-589f-8a0c-2329ec4e1ffa,https://www.icd10data.com//ICD10CM/Codes/C00-D49/C69-C72/C72-/C72.50
606,C72,Spinal Cord Cancer,"Malignant neoplasm of spinal cord, cranial nerves and other parts of central nervous system",C72.59,Malignant neoplasm of other cranial nerves,C72 | C72.59 | Malignant Neoplasm of Other Cranial Nerves | Cranial Nerve Tumor | Peripheral Nerve Sheath Tumor | Schwannoma | Neurofibroma | CNS Cancer | Spinal Cancer  ,4c6a070f-dfc1-51cc-b7bf-aeeb87a94f3e,https://www.icd10data.com//ICD10CM/Codes/C00-D49/C69-C72/C72-/C72.59
607,C72,Spinal Cord Cancer,"Malignant neoplasm of spinal cord, cranial nerves and other parts of central nervous system",C72.9,"Malignant neoplasm of central nervous system, unspecified","C72 | C72.9 | Malignant Neoplasm of Central Nervous System, Unspecified | Primary CNS Tumor | Glioblastoma | Astrocytoma | Oligodendroglioma | Oligodendrogliomas| Ependymoma | CNS Cancer | Spinal Cancer | Central Nervous System Tumor  ",4190a5f9-e265-5190-8ef9-2c47920f5f1a,https://www.icd10data.com//ICD10CM/Codes/C00-D49/C69-C72/C72-/C72.9
608,C74,Adrenal cancer,Malignant neoplasm of adrenal gland,C74.0,Malignant neoplasm of cortex of adrenal gland,C74 | C74.0 | Adrenocortical carcinoma | Adrenal Cortex Carcinoma | Malignant Adrenal Tumor | Adrenal Cancer |,7619f6de-63dc-5b6d-940b-70a67a05e650,https://www.icd10data.com//ICD10CM/Codes/C00-D49/C73-C75/C74-/C74.0
609,C74,Adrenal cancer,Malignant neoplasm of adrenal gland,C74.00,Malignant neoplasm of cortex of unspecified adrenal gland,C74 | C74.00 | Adrenocortical carcinoma | Adrenal Cortex Carcinoma | Paraganglioma | Malignant Adrenal Tumor | Metastatic Adrenal Cancer | Macc | Adrenal Cancer |,dfe3f0df-047e-585f-8d1a-54a3f6d04b11,https://www.icd10data.com//ICD10CM/Codes/C00-D49/C73-C75/C74-/C74.00
610,C74,Adrenal cancer,Malignant neoplasm of adrenal gland,C74.01,Malignant neoplasm of cortex of right adrenal gland,C74 | C74.01 | Adrenocortical carcinoma | Adrenal Cortex Carcinoma  | Paraganglioma | Malignant Adrenal Tumor | Metastatic Adrenal Cancer | Macc | Adrenal Cancer |,27d34c4c-c7b2-5dce-85f5-8465c19a74e8,https://www.icd10data.com//ICD10CM/Codes/C00-D49/C73-C75/C74-/C74.01
611,C74,Adrenal cancer,Malignant neoplasm of adrenal gland,C74.02,Malignant neoplasm of cortex of left adrenal gland,C74 | C74.02 | Adrenocortical carcinoma | Adrenal Cortex Carcinoma | Paraganglioma | Malignant Adrenal Tumor | Metastatic Adrenal Cancer | Macc | Adrenal Cancer |,82307085-edc0-541c-a994-32484e856d7a,https://www.icd10data.com//ICD10CM/Codes/C00-D49/C73-C75/C74-/C74.02
612,C74,Adrenal cancer,Malignant neoplasm of adrenal gland,C74.1,Malignant neoplasm of medulla of adrenal gland,C74 | C74.1 | Adrenocortical carcinoma |  Adrenal Medullary Tumor | Paraganglioma | Malignant Adrenal Tumor | Metastatic Adrenal Cancer | Macc | Adrenal Cancer |,a038b326-1a42-5e02-9477-fbcedee362f4,https://www.icd10data.com//ICD10CM/Codes/C00-D49/C73-C75/C74-/C74.1
613,C74,Adrenal cancer,Malignant neoplasm of adrenal gland,C74.10,Malignant neoplasm of medulla of unspecified adrenal gland,C74 | C74.10 | Adrenocortical carcinoma |  Adrenal Medullary Tumor | Paraganglioma | Malignant Adrenal Tumor | Metastatic Adrenal Cancer | Macc | Adrenal Cancer |,714b0259-3c02-53bb-9dd0-4cbd5870e7c1,https://www.icd10data.com//ICD10CM/Codes/C00-D49/C73-C75/C74-/C74.10
614,C74,Adrenal cancer,Malignant neoplasm of adrenal gland,C74.11,Malignant neoplasm of medulla of right adrenal gland,C74 | C74.11 | Adrenocortical carcinoma | Adrenal Medullary Tumor | Paraganglioma | Malignant Adrenal Tumor | Metastatic Adrenal Cancer | Macc | Adrenal Cancer |,2cfa2210-19cd-539a-af3f-54a20a4cf2aa,https://www.icd10data.com//ICD10CM/Codes/C00-D49/C73-C75/C74-/C74.11
615,C74,Adrenal cancer,Malignant neoplasm of adrenal gland,C74.12,Malignant neoplasm of medulla of left adrenal gland,C74 | C74.12 | Adrenocortical carcinoma |  Adrenal Medullary Tumor | Paraganglioma | Malignant Adrenal Tumor | Metastatic Adrenal Cancer | Macc | Adrenal Cancer |,7a790535-c0e9-5af8-804c-56b6bc54f42e,https://www.icd10data.com//ICD10CM/Codes/C00-D49/C73-C75/C74-/C74.12
616,C74,Adrenal cancer,Malignant neoplasm of adrenal gland,C74.9,Malignant neoplasm of unspecified part of adrenal gland,C74 | C74.9 | Adrenocortical carcinoma | Adrenal Cortex Carcinoma |  Adrenal Medullary Tumor | Paraganglioma | Malignant Adrenal Tumor | Metastatic Adrenal Cancer | Macc | Adrenal Cancer |,4e37f623-7fc9-592b-9104-9e4f5f052f1e,https://www.icd10data.com//ICD10CM/Codes/C00-D49/C73-C75/C74-/C74.9
617,C74,Adrenal cancer,Malignant neoplasm of adrenal gland,C74.90,Malignant neoplasm of unspecified part of unspecified adrenal gland,C74 | C74.90 | Adrenocortical carcinoma | Adrenal Cortex Carcinoma |  Adrenal Medullary Tumor | Paraganglioma | Malignant Adrenal Tumor | Metastatic Adrenal Cancer | Macc | Adrenal Cancer |,7253f3b3-f8c4-5689-8f5d-a2a25f455965,https://www.icd10data.com//ICD10CM/Codes/C00-D49/C73-C75/C74-/C74.90
618,C74,Adrenal cancer,Malignant neoplasm of adrenal gland,C74.91,Malignant neoplasm of unspecified part of right adrenal gland,C74 | C74.91 | Adrenocortical carcinoma | Adrenal Cortex Carcinoma |  Adrenal Medullary Tumor | Paraganglioma | Malignant Adrenal Tumor | Metastatic Adrenal Cancer | Macc | Adrenal Cancer |,a29e7d29-6787-5c41-afcb-4de4e78eeac8,https://www.icd10data.com//ICD10CM/Codes/C00-D49/C73-C75/C74-/C74.91
619,C74,Adrenal cancer,Malignant neoplasm of adrenal gland,C74.92,Malignant neoplasm of unspecified part of left adrenal gland,C74 | C74.92 | Adrenocortical carcinoma | Adrenal Cortex Carcinoma |  Adrenal Medullary Tumor | Paraganglioma | Malignant Adrenal Tumor | Metastatic Adrenal Cancer | Macc | Adrenal Cancer |,60a00026-d5c0-5766-99b2-3edd76686f7d,https://www.icd10data.com//ICD10CM/Codes/C00-D49/C73-C75/C74-/C74.92
620,C75,Endocrine Cancer,Malignant neoplasm of other endocrine glands and related structures,C75.0,Malignant neoplasm of parathyroid gland,C75 | C75.0 | Malignant Neoplasm of Endocrine Glands| Endocrine Tumor | Endocrine Cancer | Endocrine gland cancer | EGC |Parathyroid gland cancer | para-thyroid gland cancer | Para Thyroid Cancer |,fc580665-abb1-5315-b3ce-2492642ef59b,https://www.icd10data.com//ICD10CM/Codes/C00-D49/C73-C75/C75-/C75.0
621,C75,Endocrine Cancer,Malignant neoplasm of other endocrine glands and related structures,C75.1,Malignant neoplasm of pituitary gland,C75 | C75.1 | Malignant Neoplasm of Endocrine Glands| Endocrine Tumor | Endocrine gland cancer | EGC |Pituitary cancer | Pituitary gland cancer | Pituitary Carcinoma | Pituitary tumor | ,cef60c82-cc02-5269-9dcc-4e4bafb8eaed,https://www.icd10data.com//ICD10CM/Codes/C00-D49/C73-C75/C75-/C75.1
622,C75,Endocrine Cancer,Malignant neoplasm of other endocrine glands and related structures,C75.2,Malignant neoplasm of craniopharyngeal duct,C75 | C75.2 | Malignant Neoplasm of Endocrine Glands| Endocrine Tumor | Endocrine Cancer | Endocrine gland cancer | EGC | Craniopharyngeal Duct Cancer | ,3690df7b-ba8c-5dfa-90c3-7bdf9fb3eb8e,https://www.icd10data.com//ICD10CM/Codes/C00-D49/C73-C75/C75-/C75.2
623,C75,Endocrine Cancer,Malignant neoplasm of other endocrine glands and related structures,C75.3,Malignant neoplasm of pineal gland,C75 | C75.3 | Malignant Neoplasm of Endocrine Glands| Endocrine Tumor |Pineal Gland Cancer | Endocrine gland cancer | EGC |Endocrine Cancer|,541c908a-102e-5abc-8ac8-9c9760c7cdd3,https://www.icd10data.com//ICD10CM/Codes/C00-D49/C73-C75/C75-/C75.3
624,C75,Endocrine Cancer,Malignant neoplasm of other endocrine glands and related structures,C75.4,Malignant neoplasm of carotid body,C75 | C75.4 | Malignant Neoplasm of Endocrine Glands| Endocrine Tumor | Carotid Body tumor | Endocrine gland cancer | EGC | Endocrine Cancer |,d6f05abe-fde5-541d-a95d-34eef5178e2e,https://www.icd10data.com//ICD10CM/Codes/C00-D49/C73-C75/C75-/C75.4
625,C75,Endocrine Cancer,Malignant neoplasm of other endocrine glands and related structures,C75.5,Malignant neoplasm of aortic body and other paraganglia,C75 | C75.5 | Malignant Neoplasm of Endocrine Glands| Endocrine Tumor | Endocrine gland cancer | EGC | Extra-Adrenal Paraganglioma | Paraganglioma | Endocrine Cancer |,c7a8596a-d6fe-5461-aa4e-d4b5ee92b98e,https://www.icd10data.com//ICD10CM/Codes/C00-D49/C73-C75/C75-/C75.5
1013,C85,Lymphoma,Other specified and unspecified types of non-Hodgkin lymphoma,C85.11,"Unspecified B-cell lymphoma lymph nodes of head, face, and neck",C85 | C85.11 | NHL|Non-Hodgkin lymphoma| Non Hodgkin lymphoma |Non-Hodgkin's  | Non Hodgkin's Lymphoma | B-Cell Lymphoma | B Cell Lymphoma,9aca9a06-4f12-53e6-bff9-54a0cb2a1b43,https://www.icd10data.com//ICD10CM/Codes/C00-D49/C81-C96/C85-/C85.11
626,C75,Endocrine Cancer,Malignant neoplasm of other endocrine glands and related structures,C75.8,"Malignant neoplasm with pluriglandular involvement, unspecified",C75 | C75.8 | Malignant Neoplasm of Endocrine Glands| Endocrine Tumor | Endocrine Cancer | Endocrine gland cancer | EGC | Multiple Endocrine Neoplasia |,34420e87-7fef-50f9-b535-161e6ff0b50a,https://www.icd10data.com//ICD10CM/Codes/C00-D49/C73-C75/C75-/C75.8
627,C75,Endocrine Cancer,Malignant neoplasm of other endocrine glands and related structures,C75.9,"Malignant neoplasm of endocrine gland, unspecified",C75 | C75.9 | Malignant Neoplasm of Endocrine Glands| Endocrine Tumor | Endocrine gland cancer | EGC | Extra-Adrenal Paraganglioma | Endocrine Cancer |,893806d9-ea75-585b-82ca-257b5b9e24c1,https://www.icd10data.com//ICD10CM/Codes/C00-D49/C73-C75/C75-/C75.9
628,C77,Lymph node cancer,Secondary and unspecified malignant neoplasm of lymph nodes,C77.0,"Secondary and unspecified malignant neoplasm of lymph nodes of head, face and neck",C77 | C77.0 | Lymph-nodal Cancer | Lymph nodal cancer | LNC | Lymph Node Cancer | Lymph-Node Cancer | ,8a3d9799-7879-5e76-b0ce-669fbd063fc9,https://www.icd10data.com//ICD10CM/Codes/C00-D49/C76-C80/C77-/C77.0
629,C77,Lymph node cancer,Secondary and unspecified malignant neoplasm of lymph nodes,C77.1,Secondary and unspecified malignant neoplasm of intrathoracic lymph nodes,C77 | C77.1 | Lymph-nodal Cancer | Lymph nodal cancer | LNC | Lymph Node Cancer | Lymph-Node Cancer |,58c41def-717b-544a-8ea5-972b646bbb17,https://www.icd10data.com//ICD10CM/Codes/C00-D49/C76-C80/C77-/C77.1
630,C77,Lymph node cancer,Secondary and unspecified malignant neoplasm of lymph nodes,C77.2,Secondary and unspecified malignant neoplasm of intra-abdominal lymph nodes,C77 | C77.2 | Lymph-nodal Cancer | Lymph nodal cancer | LNC | Lymph Node Cancer | Lymph-Node Cancer |,4e49f887-4ff3-5c58-b479-ac4a7d958276,https://www.icd10data.com//ICD10CM/Codes/C00-D49/C76-C80/C77-/C77.2
631,C77,Lymph node cancer,Secondary and unspecified malignant neoplasm of lymph nodes,C77.3,Secondary and unspecified malignant neoplasm of axilla and upper limb lymph nodes,C77 | C77.3 | Lymph-nodal Cancer | Lymph nodal cancer | LNC | Lymph Node Cancer | Lymph-Node Cancer |,66e97cc1-c254-5feb-bb7c-5e8a6cc4cb4a,https://www.icd10data.com//ICD10CM/Codes/C00-D49/C76-C80/C77-/C77.3
632,C77,Lymph node cancer,Secondary and unspecified malignant neoplasm of lymph nodes,C77.4,Secondary and unspecified malignant neoplasm of inguinal and lower limb lymph nodes,C77 | C77.4 | Lymph-nodal Cancer | Lymph nodal cancer | LNC | Lymph Node Cancer | Lymph-Node Cancer |,ed36f4c9-6b01-5d23-b037-921b3ea97023,https://www.icd10data.com//ICD10CM/Codes/C00-D49/C76-C80/C77-/C77.4
633,C77,Lymph node cancer,Secondary and unspecified malignant neoplasm of lymph nodes,C77.5,Secondary and unspecified malignant neoplasm of intrapelvic lymph nodes,C77 | C77.5 | Lymph-nodal Cancer | Lymph nodal cancer | LNC | Lymph Node Cancer | Lymph-Node Cancer |,be265eb1-3867-5ca2-9b42-8bec1990db1f,https://www.icd10data.com//ICD10CM/Codes/C00-D49/C76-C80/C77-/C77.5
634,C77,Lymph node cancer,Secondary and unspecified malignant neoplasm of lymph nodes,C77.8,Secondary and unspecified malignant neoplasm of lymph nodes of multiple regions,C77 | C77.8 | Lymph-nodal Cancer | Lymph nodal cancer | LNC | Lymph Node Cancer | Lymph-Node Cancer |,1914a0f4-631f-568c-8ef9-a25349251469,https://www.icd10data.com//ICD10CM/Codes/C00-D49/C76-C80/C77-/C77.8
635,C77,Lymph node cancer,Secondary and unspecified malignant neoplasm of lymph nodes,C77.9,"Secondary and unspecified malignant neoplasm of lymph node, unspecified",C77 | C77.9 | Lymph-nodal Cancer | Lymph nodal cancer | LNC | Lymph Node Cancer | Lymph-Node Cancer |,cc9e4548-a740-5dde-b8d3-a95cd5c234fd,https://www.icd10data.com//ICD10CM/Codes/C00-D49/C76-C80/C77-/C77.9
636,C81,Lymphoma,Hodgkin lymphoma,C81.0,Nodular lymphocyte predominant Hodgkin lymphoma,C81 | C81.0 | Nodular Lymphocyte Predominant Hodgkin Lymphoma | NLPHL | Nodular Lymphocyte Predominant HL | LP Hodgkin Lymphoma | Lymphocyte Predominant HL | Hodgkin Lymphoma | Classical Hodgkin Lymphoma | HL | Hodgkin's Lymphoma |,4aee0f4d-792e-5550-a41d-5e0a34907ef4,https://www.icd10data.com//ICD10CM/Codes/C00-D49/C81-C96/C81-/C81.0
637,C81,Lymphoma,Hodgkin lymphoma,C81.00,Nodular lymphocyte predominant Hodgkin lymphoma unspecified site,C81 | C81.00 | Nodular Lymphocyte Predominant Hodgkin Lymphoma | NLPHL | Nodular Lymphocyte Predominant HL | LP Hodgkin Lymphoma | Lymphocyte Predominant HL | Hodgkin Lymphoma | Classical Hodgkin Lymphoma | HL | Hodgkin's Lymphoma |,411ad9f8-f4b2-5542-98cd-525525ce5ab7,https://www.icd10data.com//ICD10CM/Codes/C00-D49/C81-C96/C81-/C81.00
921,C84,Lymphoma,Mature T/NK-cell lymphomas,C84.06,Mycosis fungoides intrapelvic lymph nodes,C84 | C84.06 | T cell Lymphoma  | T-cell lymphoma | T cell lymphoma |Cutaneous T-cell lymphoma| Lymphoma | Mycosis Fungoides | Cutaneous- T cell Lymphoma | CTCL | C-TCL | |  T cell Lymphoma | Mycosis fungoides of intrapelvic lymph nodes | Mycosis fungoides of lymph nodes | Lymphoidal Mycosis fungoides | NK Cell Lymphoma  | T/NK-cell lymphoma | Lymphoma |,541143a8-bced-5729-b830-26cc296555e9,https://www.icd10data.com//ICD10CM/Codes/C00-D49/C81-C96/C84-/C84.06
638,C81,Lymphoma,Hodgkin lymphoma,C81.01,"Nodular lymphocyte predominant Hodgkin lymphoma lymph nodes of head, face, and neck","C81 | C81.01 | Nodular Lymphocyte Predominant Hodgkin Lymphoma Lymph Nodes of Head, Face, and Neck | NLPHL | LP Hodgkin Lymphoma | Cervical Lymphoma | Head and Neck Hodgkin Lymphoma | HL | Hodgkin's Lymphoma",685148b6-d30c-5243-91c7-c35002962e5c,https://www.icd10data.com//ICD10CM/Codes/C00-D49/C81-C96/C81-/C81.01
639,C81,Lymphoma,Hodgkin lymphoma,C81.02,Nodular lymphocyte predominant Hodgkin lymphoma intrathoracic lymph nodes,C81 | C81.02 | Nodular Lymphocyte Predominant Hodgkin Lymphoma Intrathoracic Lymph Nodes | NLPHL | LP Hodgkin Lymphoma | Mediastinal Hodgkin Lymphoma | Chest Hodgkin Lymphoma | HL | Hodgkin's Lymphoma,89b0295e-bd3f-50b9-a3a6-d44974db244d,https://www.icd10data.com//ICD10CM/Codes/C00-D49/C81-C96/C81-/C81.02
640,C81,Lymphoma,Hodgkin lymphoma,C81.03,Nodular lymphocyte predominant Hodgkin lymphoma intra-abdominal lymph nodes,C81 | C81.03 | Nodular Lymphocyte Predominant Hodgkin Lymphoma Intra-Abdominal Lymph Nodes | NLPHL | LP Hodgkin Lymphoma | Abdominal Hodgkin Lymphoma | Retroperitoneal Hodgkin Lymphoma | HL | Hodgkin's Lymphoma,ce567fb2-8b73-5f75-940f-5aef52c5fa02,https://www.icd10data.com//ICD10CM/Codes/C00-D49/C81-C96/C81-/C81.03
641,C81,Lymphoma,Hodgkin lymphoma,C81.04,Nodular lymphocyte predominant Hodgkin lymphoma lymph nodes of axilla and upper limb,C81 | C81.04 | Nodular Lymphocyte Predominant Hodgkin Lymphoma Lymph Nodes of Axilla and Upper Limb | NLPHL | LP Hodgkin Lymphoma | Axillary Hodgkin Lymphoma | HL | Hodgkin's Lymphoma,f62101c7-bbea-54f1-85d6-874c3c3c12c6,https://www.icd10data.com//ICD10CM/Codes/C00-D49/C81-C96/C81-/C81.04
642,C81,Lymphoma,Hodgkin lymphoma,C81.05,Nodular lymphocyte predominant Hodgkin lymphoma lymph nodes of inguinal region and lower limb,C81 | C81.05 | Nodular Lymphocyte Predominant Hodgkin Lymphoma Lymph Nodes of Inguinal Region and Lower Limb | NLPHL | LP Hodgkin Lymphoma | Inguinal Hodgkin Lymphoma | HL | Hodgkin's Lymphoma,44b20bd7-02a7-5ae1-9398-27d8e3dee0be,https://www.icd10data.com//ICD10CM/Codes/C00-D49/C81-C96/C81-/C81.05
643,C81,Lymphoma,Hodgkin lymphoma,C81.06,Nodular lymphocyte predominant Hodgkin lymphoma intrapelvic lymph nodes,C81 | C81.06 | Nodular Lymphocyte Predominant Hodgkin Lymphoma Intrapelvic Lymph Nodes | NLPHL | LP Hodgkin Lymphoma | Pelvic Hodgkin Lymphoma | HL | Hodgkin's Lymphoma,b1b180d9-04b8-562d-9c7b-6943582912a9,https://www.icd10data.com//ICD10CM/Codes/C00-D49/C81-C96/C81-/C81.06
644,C81,Lymphoma,Hodgkin lymphoma,C81.07,Nodular lymphocyte predominant Hodgkin lymphoma spleen,C81 | C81.07 | Nodular Lymphocyte Predominant Hodgkin Lymphoma Spleen | NLPHL | LP Hodgkin Lymphoma | Splenic Hodgkin Lymphoma | HL | Hodgkin's Lymphoma,b8834282-dd96-5bd6-b6d8-ce34a5c8f451,https://www.icd10data.com//ICD10CM/Codes/C00-D49/C81-C96/C81-/C81.07
1229,C94,Leukemia,Other leukemias of specified cell type,C94.81,Other specified leukemias in remission,C94 | C94.81 | Blastic Plasmacytoid Dendritic Cell Neoplasm in Rel | BPDCN-Rel | Blastic Plasmacytoid Dendritic Cell Neoplasm-Rel | Transient Abnormal Myelopoiesis in Rel | Transient Abnormal Myelopoiesis-Rel | Acute Basophilic Leukemia in Rel | Acute Basophilic Leukemia-Rel | Leukemia ,3d021313-660f-57b9-bad0-67b991aebf57,https://www.icd10data.com//ICD10CM/Codes/C00-D49/C81-C96/C94-/C94.81
645,C81,Lymphoma,Hodgkin lymphoma,C81.08,Nodular lymphocyte predominant Hodgkin lymphoma lymph nodes of multiple sites,C81 | C81.08 | Nodular Lymphocyte Predominant Hodgkin Lymphoma Lymph Nodes of Multiple Sites | NLPHL | LP Hodgkin Lymphoma | Generalized Hodgkin Lymphoma | HL | Hodgkin's Lymphoma,55f1508e-86b2-57b2-b6fe-98c5c5117290,https://www.icd10data.com//ICD10CM/Codes/C00-D49/C81-C96/C81-/C81.08
646,C81,Lymphoma,Hodgkin lymphoma,C81.09,Nodular lymphocyte predominant Hodgkin lymphoma extranodal and solid organ sites,C81 | C81.09 | Nodular Lymphocyte Predominant Hodgkin Lymphoma Extranodal and Solid Organ Sites | NLPHL | LP Hodgkin Lymphoma | Extranodal Hodgkin Lymphoma | HL | Hodgkin's Lymphoma,71a26e8e-f422-561d-b31e-08adc3695ccc,https://www.icd10data.com//ICD10CM/Codes/C00-D49/C81-C96/C81-/C81.09
647,C81,Lymphoma,Hodgkin lymphoma,C81.0A,Nodular lymphocyte predominant Hodgkin lymphoma in remission,C81 | C81.0A | Nodular Lymphocyte Predominant Hodgkin Lymphoma In Remission | NLPHL | LP Hodgkin Lymphoma | Hodgkin Lymphoma Remission | HL | Hodgkin's Lymphoma,b775ed54-2e9d-5b27-9167-d912b1c8a8b4,https://www.icd10data.com//ICD10CM/Codes/C00-D49/C81-C96/C81-/C81.0A
648,C81,Lymphoma,Hodgkin lymphoma,C81.1,Nodular sclerosis Hodgkin lymphoma,C81 | C81.1 | Nodular Sclerosis Hodgkin Lymphoma | NSHL | Nodular Sclerosis HL | NS Hodgkin Lymphoma | Classical HL - Nodular Sclerosis | Hodgkin Lymphoma | HL | Hodgkin's Lymphoma,c1bf3278-0c66-5f8f-989d-81186f944127,https://www.icd10data.com//ICD10CM/Codes/C00-D49/C81-C96/C81-/C81.1
649,C81,Lymphoma,Hodgkin lymphoma,C81.10,Nodular sclerosis Hodgkin lymphoma unspecified site,C81 | C81.10 | Nodular Sclerosis Hodgkin Lymphoma Unspecified Site | NSHL | Nodular Sclerosis HL | Hodgkin Lymphoma | HL | Hodgkin's Lymphoma,55dc3992-7f8e-553b-8df2-93b857c406ea,https://www.icd10data.com//ICD10CM/Codes/C00-D49/C81-C96/C81-/C81.10
650,C81,Lymphoma,Hodgkin lymphoma,C81.11,"Nodular sclerosis Hodgkin lymphoma lymph nodes of head, face, and neck","C81 | C81.11 | Nodular Sclerosis Hodgkin Lymphoma Lymph Nodes of Head, Face, and Neck | NSHL | Cervical Hodgkin Lymphoma | HL | Hodgkin's Lymphoma",2830ead4-ec65-5a27-968e-8f8e14f67846,https://www.icd10data.com//ICD10CM/Codes/C00-D49/C81-C96/C81-/C81.11
651,C81,Lymphoma,Hodgkin lymphoma,C81.12,Nodular sclerosis Hodgkin lymphoma intrathoracic lymph nodes,C81 | C81.12 | Nodular Sclerosis Hodgkin Lymphoma Intrathoracic Lymph Nodes | NSHL | Mediastinal Hodgkin Lymphoma | HL | Hodgkin's Lymphoma,0e2f4d82-2bbd-53b6-a8c7-8ba99d6510da,https://www.icd10data.com//ICD10CM/Codes/C00-D49/C81-C96/C81-/C81.12
922,C84,Lymphoma,Mature T/NK-cell lymphomas,C84.07,Mycosis fungoides spleen,C84 | C84.07 | T cell Lymphoma  | T-cell lymphoma | T cell lymphoma |Cutaneous T-cell lymphoma| Lymphoma | Mycosis Fungoides | Cutaneous- T cell Lymphoma | CTCL | C-TCL | |  T cell Lymphoma | Mycosis fungoides of Spleen | Spleen Mycosis fungoides | NK Cell Lymphoma  | Mycosis fungoides of Spleen | T/NK-cell lymphoma | Lymphoma |,05c7aadd-2438-5127-8724-ab6aad7939cf,https://www.icd10data.com//ICD10CM/Codes/C00-D49/C81-C96/C84-/C84.07
652,C81,Lymphoma,Hodgkin lymphoma,C81.13,Nodular sclerosis Hodgkin lymphoma intra-abdominal lymph nodes,C81 | C81.13 | Nodular Sclerosis Hodgkin Lymphoma Intra-Abdominal Lymph Nodes | NSHL | Abdominal Hodgkin Lymphoma | HL | Hodgkin's Lymphoma,ad25e45b-563a-550d-b265-20e6b9eaa16f,https://www.icd10data.com//ICD10CM/Codes/C00-D49/C81-C96/C81-/C81.13
653,C81,Lymphoma,Hodgkin lymphoma,C81.14,Nodular sclerosis Hodgkin lymphoma lymph nodes of axilla and upper limb,C81 | C81.14 | Nodular Sclerosis Hodgkin Lymphoma Lymph Nodes of Axilla and Upper Limb | NSHL | Axillary Hodgkin Lymphoma | HL | Hodgkin's Lymphoma,9d8231a8-5d7e-56b7-a061-bc062996d528,https://www.icd10data.com//ICD10CM/Codes/C00-D49/C81-C96/C81-/C81.14
654,C81,Lymphoma,Hodgkin lymphoma,C81.15,Nodular sclerosis Hodgkin lymphoma lymph nodes of inguinal region and lower limb,C81 | C81.15 | Nodular Sclerosis Hodgkin Lymphoma Lymph Nodes of Inguinal Region and Lower Limb | NSHL | Inguinal Hodgkin Lymphoma | HL | Hodgkin's Lymphoma,8e0f007f-de60-52ad-8f67-687618958531,https://www.icd10data.com//ICD10CM/Codes/C00-D49/C81-C96/C81-/C81.15
655,C81,Lymphoma,Hodgkin lymphoma,C81.16,Nodular sclerosis Hodgkin lymphoma intrapelvic lymph nodes,C81 | C81.16 | Nodular Sclerosis Hodgkin Lymphoma Intrapelvic Lymph Nodes | NSHL | Pelvic Hodgkin Lymphoma | HL | Hodgkin's Lymphoma,37141af8-3254-53d4-b5ba-45b52e979d51,https://www.icd10data.com//ICD10CM/Codes/C00-D49/C81-C96/C81-/C81.16
656,C81,Lymphoma,Hodgkin lymphoma,C81.17,Nodular sclerosis Hodgkin lymphoma spleen,C81 | C81.17 | Nodular Sclerosis Hodgkin Lymphoma Spleen | NSHL | Splenic Hodgkin Lymphoma | HL | Hodgkin's Lymphoma,a8a7a78b-9e35-5b08-a0d9-c3a4fc7e1a6c,https://www.icd10data.com//ICD10CM/Codes/C00-D49/C81-C96/C81-/C81.17
657,C81,Lymphoma,Hodgkin lymphoma,C81.18,Nodular sclerosis Hodgkin lymphoma lymph nodes of multiple sites,C81 | C81.18 | Nodular Sclerosis Hodgkin Lymphoma Lymph Nodes of Multiple Sites | NSHL | Generalized Hodgkin Lymphoma | HL | Hodgkin's Lymphoma,92892aaf-b23a-5196-9969-2c5516352490,https://www.icd10data.com//ICD10CM/Codes/C00-D49/C81-C96/C81-/C81.18
658,C81,Lymphoma,Hodgkin lymphoma,C81.19,Nodular sclerosis Hodgkin lymphoma extranodal and solid organ sites,C81 | C81.19 | Nodular Sclerosis Hodgkin Lymphoma Extranodal and Solid Organ Sites | NSHL | Extranodal Hodgkin Lymphoma | HL | Hodgkin's Lymphoma,5a3af35b-06a5-57d6-84dd-313776fd519d,https://www.icd10data.com//ICD10CM/Codes/C00-D49/C81-C96/C81-/C81.19
1014,C85,Lymphoma,Other specified and unspecified types of non-Hodgkin lymphoma,C85.12,Unspecified B-cell lymphoma intrathoracic lymph nodes,C85 | C85.12 |  NHL|Non-Hodgkin lymphoma| Non Hodgkin lymphoma |Non-Hodgkin's  | Non Hodgkin's Lymphoma | B-Cell Lymphoma | B Cell Lymphoma,4d206513-45e0-5dd8-aa5f-4e711525d36b,https://www.icd10data.com//ICD10CM/Codes/C00-D49/C81-C96/C85-/C85.12
659,C81,Lymphoma,Hodgkin lymphoma,C81.1A,Nodular sclerosis Hodgkin lymphoma in remission,C81 | C81.1A | Nodular Sclerosis Hodgkin Lymphoma In Remission | NSHL | Hodgkin Lymphoma Remission | HL | Hodgkin's Lymphoma,2a5cf0af-1e9d-5501-9ca7-629ff5cfc96a,https://www.icd10data.com//ICD10CM/Codes/C00-D49/C81-C96/C81-/C81.1A
660,C81,Lymphoma,Hodgkin lymphoma,C81.2,Mixed cellularity Hodgkin lymphoma,C81 | C81.2 | Mixed Cellularity Hodgkin Lymphoma | MCHL | Mixed Cellularity HL | MC Hodgkin Lymphoma | Classical HL - Mixed Cellularity | Hodgkin Lymphoma | HL | Hodgkin's Lymphoma,69a19d31-3bc2-54f7-bcd4-8dc3218ff908,https://www.icd10data.com//ICD10CM/Codes/C00-D49/C81-C96/C81-/C81.2
661,C81,Lymphoma,Hodgkin lymphoma,C81.20,Mixed cellularity Hodgkin lymphoma unspecified site,C81 | C81.20 | Mixed Cellularity Hodgkin Lymphoma | MCHL | Mixed Cellularity HL | MC Hodgkin Lymphoma | Classical HL - Mixed Cellularity | Hodgkin Lymphoma |,3a8215a8-ff73-5b26-8a68-f59d09db1d63,https://www.icd10data.com//ICD10CM/Codes/C00-D49/C81-C96/C81-/C81.20
662,C81,Lymphoma,Hodgkin lymphoma,C81.21,"Mixed cellularity Hodgkin lymphoma lymph nodes of head, face, and neck","C81 | C81.21 | Mixed Cellularity Hodgkin Lymphoma | MCHL | Mixed Cellularity HL | MC Hodgkin Lymphoma | Lymph Nodes of Head, Face, and Neck | Classical HL - Mixed Cellularity | Hodgkin Lymphoma |",739d9845-91ab-5e8b-9d75-21007d23e7ee,https://www.icd10data.com//ICD10CM/Codes/C00-D49/C81-C96/C81-/C81.21
663,C81,Lymphoma,Hodgkin lymphoma,C81.22,Mixed cellularity Hodgkin lymphoma intrathoracic lymph nodes,C81 | C81.22 | Mixed Cellularity Hodgkin Lymphoma | MCHL | Mixed Cellularity HL | MC Hodgkin Lymphoma | Intrathoracic Lymph Nodes | Classical HL - Mixed Cellularity | Hodgkin Lymphoma |,f92cb88f-5475-5925-b2c1-12e1fbff5d21,https://www.icd10data.com//ICD10CM/Codes/C00-D49/C81-C96/C81-/C81.22
664,C81,Lymphoma,Hodgkin lymphoma,C81.23,Mixed cellularity Hodgkin lymphoma intra-abdominal lymph nodes,C81 | C81.23 | Mixed Cellularity Hodgkin Lymphoma | MCHL | Mixed Cellularity HL | MC Hodgkin Lymphoma | Intra-abdominal Lymph Nodes | Classical HL - Mixed Cellularity | Hodgkin Lymphoma |,cc1c4bdf-ecd7-5620-a086-86eef13688b4,https://www.icd10data.com//ICD10CM/Codes/C00-D49/C81-C96/C81-/C81.23
665,C81,Lymphoma,Hodgkin lymphoma,C81.24,Mixed cellularity Hodgkin lymphoma lymph nodes of axilla and upper limb,C81 | C81.24 | Mixed Cellularity Hodgkin Lymphoma | MCHL | Mixed Cellularity HL | MC Hodgkin Lymphoma | Lymph Nodes of Axilla and Upper Limb | Classical HL - Mixed Cellularity | Hodgkin Lymphoma |,29fb7fad-aa9f-5227-95fa-76d30ca000b5,https://www.icd10data.com//ICD10CM/Codes/C00-D49/C81-C96/C81-/C81.24
923,C84,Lymphoma,Mature T/NK-cell lymphomas,C84.08,Mycosis fungoides lymph nodes of multiple sites,C84 | C84.07 | T cell Lymphoma  | T-cell lymphoma | T cell lymphoma |Cutaneous T-cell lymphoma| Lymphoma | Mycosis Fungoides | Cutaneous- T cell Lymphoma | CTCL | C-TCL | |  Mycosis Fungoides lymph node | NK Cell Lymphoma | T/NK-cell lymphoma | Lymphoma |,2c65aa9a-1ab9-5f0c-a61c-a2bf9beb4ed1,https://www.icd10data.com//ICD10CM/Codes/C00-D49/C81-C96/C84-/C84.08
666,C81,Lymphoma,Hodgkin lymphoma,C81.25,Mixed cellularity Hodgkin lymphoma lymph nodes of inguinal region and lower limb,C81 | C81.25 | Mixed Cellularity Hodgkin Lymphoma | MCHL | Mixed Cellularity HL | MC Hodgkin Lymphoma | Lymph Nodes of Inguinal Region and Lower Limb | Classical HL - Mixed Cellularity | Hodgkin Lymphoma |,476571fd-46ad-52da-b4d4-8251b4c3c897,https://www.icd10data.com//ICD10CM/Codes/C00-D49/C81-C96/C81-/C81.25
667,C81,Lymphoma,Hodgkin lymphoma,C81.26,Mixed cellularity Hodgkin lymphoma intrapelvic lymph nodes,C81 | C81.26 | Mixed Cellularity Hodgkin Lymphoma | MCHL | Mixed Cellularity HL | MC Hodgkin Lymphoma | Intrapelvic Lymph Nodes | Classical HL - Mixed Cellularity | Hodgkin Lymphoma |,8f20496c-8990-55c4-9f53-669105a291b4,https://www.icd10data.com//ICD10CM/Codes/C00-D49/C81-C96/C81-/C81.26
668,C81,Lymphoma,Hodgkin lymphoma,C81.27,Mixed cellularity Hodgkin lymphoma spleen,C81 | C81.27 | Mixed Cellularity Hodgkin Lymphoma | MCHL | Mixed Cellularity HL | MC Hodgkin Lymphoma | Spleen | Classical HL - Mixed Cellularity | Hodgkin Lymphoma |,921c60f6-23c3-5ea3-a2e0-649c78647f8d,https://www.icd10data.com//ICD10CM/Codes/C00-D49/C81-C96/C81-/C81.27
669,C81,Lymphoma,Hodgkin lymphoma,C81.28,Mixed cellularity Hodgkin lymphoma lymph nodes of multiple sites,C81 | C81.28 | Mixed Cellularity Hodgkin Lymphoma | MCHL | Mixed Cellularity HL | MC Hodgkin Lymphoma | Lymph Nodes of Multiple Sites | Classical HL - Mixed Cellularity | Hodgkin Lymphoma |,ef42126c-da66-584d-a0dc-b52aee14e5f3,https://www.icd10data.com//ICD10CM/Codes/C00-D49/C81-C96/C81-/C81.28
670,C81,Lymphoma,Hodgkin lymphoma,C81.29,Mixed cellularity Hodgkin lymphoma extranodal and solid organ sites,C81 | C81.29 | Mixed Cellularity Hodgkin Lymphoma | MCHL | Mixed Cellularity HL | MC Hodgkin Lymphoma | Extranodal and Solid Organ Sites | Classical HL - Mixed Cellularity | Hodgkin Lymphoma |,0789534f-4f64-562a-bbbf-d5553951c246,https://www.icd10data.com//ICD10CM/Codes/C00-D49/C81-C96/C81-/C81.29
671,C81,Lymphoma,Hodgkin lymphoma,C81.2A,Mixed cellularity Hodgkin lymphoma in remission,C81 | C81.2A | Mixed Cellularity Hodgkin Lymphoma | MCHL | Mixed Cellularity HL | MC Hodgkin Lymphoma | In Remission | Hodgkin Lymphoma |,6f9581f0-696c-5570-b0f5-3b39bfb54ade,https://www.icd10data.com//ICD10CM/Codes/C00-D49/C81-C96/C81-/C81.2A
672,C81,Lymphoma,Hodgkin lymphoma,C81.3,Lymphocyte depleted Hodgkin lymphoma,C81 | C81.3 | Lymphocyte Depleted Hodgkin Lymphoma | LDHL | Lymphocyte Depleted HL | LD Hodgkin Lymphoma | Classical HL - Lymphocyte Depleted | Hodgkin Lymphoma |,245b3609-58f7-5a9a-95e3-1961e6b14293,https://www.icd10data.com//ICD10CM/Codes/C00-D49/C81-C96/C81-/C81.3
924,C84,Lymphoma,Mature T/NK-cell lymphomas,C84.09,Mycosis fungoides extranodal and solid organ sites,C84 | C84.09 | T cell Lymphoma  | T-cell lymphoma | T cell lymphoma |Cutaneous T-cell lymphoma| Lymphoma | Mycosis Fungoides | Cutaneous- T cell Lymphoma | CTCL | C-TCL | |  Mycosis Fungoides lymph node | NK Cell Lymphoma | Extra nodal Mycosis fungoides |  Extra-nodal Mycosis fungoides | T/NK-cell lymphoma | Lymphoma |,9acf9b86-0214-5326-85c8-cdd009431467,https://www.icd10data.com//ICD10CM/Codes/C00-D49/C81-C96/C84-/C84.09
673,C81,Lymphoma,Hodgkin lymphoma,C81.30,Lymphocyte depleted Hodgkin lymphoma unspecified site,C81 | C81.30 | Lymphocyte Depleted Hodgkin Lymphoma | LDHL | Lymphocyte Depleted HL | LD Hodgkin Lymphoma | Unspecified Site | Classical HL - Lymphocyte Depleted | Hodgkin Lymphoma |,39a80111-d40c-5da7-b03d-930d055fa5ec,https://www.icd10data.com//ICD10CM/Codes/C00-D49/C81-C96/C81-/C81.30
674,C81,Lymphoma,Hodgkin lymphoma,C81.31,"Lymphocyte depleted Hodgkin lymphoma lymph nodes of head, face, and neck","C81 | C81.31 | Lymphocyte Depleted Hodgkin Lymphoma | LDHL | Lymphocyte Depleted HL | LD Hodgkin Lymphoma | Lymph Nodes of Head, Face, and Neck | Classical HL - Lymphocyte Depleted | Hodgkin Lymphoma |",a4e8fe04-5b3e-5c06-a6ed-5f838f986208,https://www.icd10data.com//ICD10CM/Codes/C00-D49/C81-C96/C81-/C81.31
675,C81,Lymphoma,Hodgkin lymphoma,C81.32,Lymphocyte depleted Hodgkin lymphoma intrathoracic lymph nodes,C81 | C81.32 | Lymphocyte Depleted Hodgkin Lymphoma | LDHL | Lymphocyte Depleted HL | LD Hodgkin Lymphoma | Intrathoracic Lymph Nodes | Classical HL - Lymphocyte Depleted | Hodgkin Lymphoma |,1176b55a-c0f7-5c48-a0b6-170c3b59d457,https://www.icd10data.com//ICD10CM/Codes/C00-D49/C81-C96/C81-/C81.32
676,C81,Lymphoma,Hodgkin lymphoma,C81.33,Lymphocyte depleted Hodgkin lymphoma intra-abdominal lymph nodes,C81 | C81.33 | Lymphocyte Depleted Hodgkin Lymphoma | LDHL | Lymphocyte Depleted HL | LD Hodgkin Lymphoma | Intra-abdominal Lymph Nodes | Classical HL - Lymphocyte Depleted | Hodgkin Lymphoma |,e84f9256-94da-55ee-aba5-3702aea738f6,https://www.icd10data.com//ICD10CM/Codes/C00-D49/C81-C96/C81-/C81.33
677,C81,Lymphoma,Hodgkin lymphoma,C81.34,Lymphocyte depleted Hodgkin lymphoma lymph nodes of axilla and upper limb,C81 | C81.34 | Lymphocyte Depleted Hodgkin Lymphoma | LDHL | Lymphocyte Depleted HL | LD Hodgkin Lymphoma | Lymph Nodes of Axilla and Upper Limb | Classical HL - Lymphocyte Depleted | Hodgkin Lymphoma |,c735d54d-ff4d-5099-ab7e-79d6fe02d513,https://www.icd10data.com//ICD10CM/Codes/C00-D49/C81-C96/C81-/C81.34
678,C81,Lymphoma,Hodgkin lymphoma,C81.35,Lymphocyte depleted Hodgkin lymphoma lymph nodes of inguinal region and lower limb,C81 | C81.35 | Lymphocyte Depleted Hodgkin Lymphoma | LDHL | Lymphocyte Depleted HL | LD Hodgkin Lymphoma | Lymph Nodes of Inguinal Region and Lower Limb | Classical HL - Lymphocyte Depleted | Hodgkin Lymphoma |,da6400ac-e669-5952-885c-6885c0bfbebe,https://www.icd10data.com//ICD10CM/Codes/C00-D49/C81-C96/C81-/C81.35
679,C81,Lymphoma,Hodgkin lymphoma,C81.36,Lymphocyte depleted Hodgkin lymphoma intrapelvic lymph nodes,C81 | C81.36 | Lymphocyte Depleted Hodgkin Lymphoma | LDHL | Lymphocyte Depleted HL | LD Hodgkin Lymphoma | Intrapelvic Lymph Nodes | Classical HL - Lymphocyte Depleted | Hodgkin Lymphoma |,9c798f1b-1248-5075-97a4-72a1d2d6d4c7,https://www.icd10data.com//ICD10CM/Codes/C00-D49/C81-C96/C81-/C81.36
1015,C85,Lymphoma,Other specified and unspecified types of non-Hodgkin lymphoma,C85.13,Unspecified B-cell lymphoma intra-abdominal lymph nodes,C85 | C85.13 | NHL|Non-Hodgkin lymphoma| Non Hodgkin lymphoma |Non-Hodgkin's  | Non Hodgkin's Lymphoma | B-Cell Lymphoma | B Cell Lymphoma,62547f6d-e523-509a-b306-84288c90f41b,https://www.icd10data.com//ICD10CM/Codes/C00-D49/C81-C96/C85-/C85.13
680,C81,Lymphoma,Hodgkin lymphoma,C81.37,Lymphocyte depleted Hodgkin lymphoma spleen,C81 | C81.37 | Lymphocyte Depleted Hodgkin Lymphoma | LDHL | Lymphocyte Depleted HL | LD Hodgkin Lymphoma | Spleen | Classical HL - Lymphocyte Depleted | Hodgkin Lymphoma |,e853c710-062e-5843-b717-5ae557b39686,https://www.icd10data.com//ICD10CM/Codes/C00-D49/C81-C96/C81-/C81.37
681,C81,Lymphoma,Hodgkin lymphoma,C81.38,Lymphocyte depleted Hodgkin lymphoma lymph nodes of multiple sites,C81 | C81.38 | Lymphocyte Depleted Hodgkin Lymphoma | LDHL | Lymphocyte Depleted HL | LD Hodgkin Lymphoma | Lymph Nodes of Multiple Sites | Classical HL - Lymphocyte Depleted | Hodgkin Lymphoma |,c921eacf-eaba-512d-8694-1b0c55b565fd,https://www.icd10data.com//ICD10CM/Codes/C00-D49/C81-C96/C81-/C81.38
682,C81,Lymphoma,Hodgkin lymphoma,C81.39,Lymphocyte depleted Hodgkin lymphoma extranodal and solid organ sites,C81 | C81.39 | Lymphocyte Depleted Hodgkin Lymphoma | LDHL | Lymphocyte Depleted HL | LD Hodgkin Lymphoma | Extranodal and Solid Organ Sites | Classical HL - Lymphocyte Depleted | Hodgkin Lymphoma |,13c7e500-6915-5fef-b121-b1316d2fa626,https://www.icd10data.com//ICD10CM/Codes/C00-D49/C81-C96/C81-/C81.39
683,C81,Lymphoma,Hodgkin lymphoma,C81.3A,Lymphocyte depleted Hodgkin lymphoma in remission,C81 | C81.3A | Lymphocyte Depleted Hodgkin Lymphoma | LDHL | Lymphocyte Depleted HL | LD Hodgkin Lymphoma | In Remission | Hodgkin Lymphoma |,0aee9ffa-632d-5cf9-bf57-e300fc4e7a95,https://www.icd10data.com//ICD10CM/Codes/C00-D49/C81-C96/C81-/C81.3A
684,C81,Lymphoma,Hodgkin lymphoma,C81.4,Lymphocyte-rich Hodgkin lymphoma,C81 | C81.4 | Lymphocyte Rich Hodgkin Lymphoma | LRHL | Lymphocyte Rich HL | LR Hodgkin Lymphoma | Classical HL - Lymphocyte Rich | Hodgkin Lymphoma |,a9c2e59d-b212-5bd1-a857-be8a0bf3608c,https://www.icd10data.com//ICD10CM/Codes/C00-D49/C81-C96/C81-/C81.4
685,C81,Lymphoma,Hodgkin lymphoma,C81.40,Lymphocyte-rich Hodgkin lymphoma unspecified site,C81 | C81.40 | Lymphocyte Rich Hodgkin Lymphoma | LRHL | Lymphocyte Rich HL | LR Hodgkin Lymphoma | Unspecified Site | Classical HL - Lymphocyte Rich | Hodgkin Lymphoma |,ee71b5b1-0ce4-5688-80b2-4565ce175377,https://www.icd10data.com//ICD10CM/Codes/C00-D49/C81-C96/C81-/C81.40
686,C81,Lymphoma,Hodgkin lymphoma,C81.41,"Lymphocyte-rich Hodgkin lymphoma lymph nodes of head, face, and neck",C81 | C81.41 | Lymphocyte-Rich Hodgkin Lymphoma | LRHL | Lymphocyte-Rich HL | LR Hodgkin Lymphoma | Hodgkin Lymphoma | Hodgkin's Lymphoma | Classical HL - Lymphocyte Rich |,2dcf9dc8-357f-57fd-9ff3-7ecf0cb8fd72,https://www.icd10data.com//ICD10CM/Codes/C00-D49/C81-C96/C81-/C81.41
925,C84,Lymphoma,Mature T/NK-cell lymphomas,C84.0A,Mycosis fungoides in remission,C84 | C84.0A | T cell Lymphoma  | T-cell lymphoma | T cell lymphoma |Cutaneous T-cell lymphoma| Lymphoma | Mycosis Fungoides | Cutaneous- T cell Lymphoma | CTCL | C-TCL | |  Mycosis Fungoides lymph node | NK Cell Lymphoma |  T/NK-cell lymphoma | Lymphoma |,281657fc-254a-5a55-a4b2-95fae15f5b0e,https://www.icd10data.com//ICD10CM/Codes/C00-D49/C81-C96/C84-/C84.0A
687,C81,Lymphoma,Hodgkin lymphoma,C81.42,Lymphocyte-rich Hodgkin lymphoma intrathoracic lymph nodes,C81 | C81.42 | Lymphocyte-Rich Hodgkin Lymphoma | LRHL | Lymphocyte-Rich HL | LR Hodgkin Lymphoma | Hodgkin Lymphoma | Hodgkin's Lymphoma | Classical HL - Lymphocyte Rich |,bc8bfa4e-61f5-5f17-8ac8-5ee6ebbd98f8,https://www.icd10data.com//ICD10CM/Codes/C00-D49/C81-C96/C81-/C81.42
688,C81,Lymphoma,Hodgkin lymphoma,C81.43,Lymphocyte-rich Hodgkin lymphoma intra-abdominal lymph nodes,C81 | C81.43 | Lymphocyte-Rich Hodgkin Lymphoma | LRHL | Lymphocyte-Rich HL | LR Hodgkin Lymphoma | Hodgkin Lymphoma | Hodgkin's Lymphoma | Classical HL - Lymphocyte Rich |,5296a7d4-f94b-5bbc-9dfa-9ad1f4baf2ca,https://www.icd10data.com//ICD10CM/Codes/C00-D49/C81-C96/C81-/C81.43
689,C81,Lymphoma,Hodgkin lymphoma,C81.44,Lymphocyte-rich Hodgkin lymphoma lymph nodes of axilla and upper limb,C81 | C81.44 | Lymphocyte-Rich Hodgkin Lymphoma | LRHL | Lymphocyte-Rich HL | LR Hodgkin Lymphoma | Hodgkin Lymphoma | Hodgkin's Lymphoma | Classical HL - Lymphocyte Rich |,9c2fa8d4-75db-5fba-b3ed-a8aa770b58ea,https://www.icd10data.com//ICD10CM/Codes/C00-D49/C81-C96/C81-/C81.44
690,C81,Lymphoma,Hodgkin lymphoma,C81.45,Lymphocyte-rich Hodgkin lymphoma lymph nodes of inguinal region and lower limb,C81 | C81.45 | Lymphocyte-Rich Hodgkin Lymphoma | LRHL | Lymphocyte-Rich HL | LR Hodgkin Lymphoma | Hodgkin Lymphoma | Hodgkin's Lymphoma | Classical HL - Lymphocyte Rich |,5b4a2eb4-7a6e-5cb9-b268-d0eb5111ccab,https://www.icd10data.com//ICD10CM/Codes/C00-D49/C81-C96/C81-/C81.45
691,C81,Lymphoma,Hodgkin lymphoma,C81.46,Lymphocyte-rich Hodgkin lymphoma intrapelvic lymph nodes,C81 | C81.46 | Lymphocyte-Rich Hodgkin Lymphoma | LRHL | Lymphocyte-Rich HL | LR Hodgkin Lymphoma | Hodgkin Lymphoma | Hodgkin's Lymphoma | Classical HL - Lymphocyte Rich |,cf245327-4e55-52b8-a13c-d9110ff6e154,https://www.icd10data.com//ICD10CM/Codes/C00-D49/C81-C96/C81-/C81.46
692,C81,Lymphoma,Hodgkin lymphoma,C81.47,Lymphocyte-rich Hodgkin lymphoma spleen,C81 | C81.47 | Lymphocyte-Rich Hodgkin Lymphoma | LRHL | Lymphocyte-Rich HL | LR Hodgkin Lymphoma | Hodgkin Lymphoma | Hodgkin's Lymphoma | Classical HL - Lymphocyte Rich |,5c25b8e0-0fff-50bc-a713-1b6d3c11b723,https://www.icd10data.com//ICD10CM/Codes/C00-D49/C81-C96/C81-/C81.47
693,C81,Lymphoma,Hodgkin lymphoma,C81.48,Lymphocyte-rich Hodgkin lymphoma lymph nodes of multiple sites,C81 | C81.48 | Lymphocyte-Rich Hodgkin Lymphoma | LRHL | Lymphocyte-Rich HL | LR Hodgkin Lymphoma | Hodgkin Lymphoma | Hodgkin's Lymphoma | Classical HL - Lymphocyte Rich |,4775f4d9-3f2a-5687-99a0-ee9c1f508b56,https://www.icd10data.com//ICD10CM/Codes/C00-D49/C81-C96/C81-/C81.48
926,C84,Lymphoma,Mature T/NK-cell lymphomas,C84.1,Sézary disease,C84 | C84.1 | T cell Lymphoma | NK Cell Lymphoma |Sezary disease | T-cell lymphoma | T cell lymphoma |Sézary disease | Sézary’s Disease | Cutaneous- T cell Lymphoma | CTCL | C-TCL | |  T/NK-cell lymphoma | Lymphoma |,19f1fa55-d4ed-5a58-b942-4aadf2941b20,https://www.icd10data.com//ICD10CM/Codes/C00-D49/C81-C96/C84-/C84.1
694,C81,Lymphoma,Hodgkin lymphoma,C81.49,Lymphocyte-rich Hodgkin lymphoma extranodal and solid organ sites,C81 | C81.49 | Lymphocyte-Rich Hodgkin Lymphoma | LRHL | Lymphocyte-Rich HL | LR Hodgkin Lymphoma | Hodgkin Lymphoma | Hodgkin's Lymphoma | Classical HL - Lymphocyte Rich |,790653a7-2eb7-53a8-ac3e-2a0c51c85558,https://www.icd10data.com//ICD10CM/Codes/C00-D49/C81-C96/C81-/C81.49
695,C81,Lymphoma,Hodgkin lymphoma,C81.4A,Lymphocyte-rich Hodgkin lymphoma in remission,C81 | C81.4A | Lymphocyte-Rich Hodgkin Lymphoma | LRHL | Lymphocyte-Rich HL | LR Hodgkin Lymphoma | Hodgkin Lymphoma | Hodgkin's Lymphoma | Classical HL - Lymphocyte Rich | In Remission |,340406d0-591c-58ac-ad9b-8ab1ca23ddbc,https://www.icd10data.com//ICD10CM/Codes/C00-D49/C81-C96/C81-/C81.4A
696,C81,Lymphoma,Hodgkin lymphoma,C81.7,Other Hodgkin lymphoma,C81 | C81.7 | Other Hodgkin Lymphoma | OHL | Other HL | Hodgkin Lymphoma | Unclassified Hodgkin Lymphoma | Hodgkin's Lymphoma |,41bb6049-c22f-5e66-8796-9326f2f1bb7b,https://www.icd10data.com//ICD10CM/Codes/C00-D49/C81-C96/C81-/C81.7
697,C81,Lymphoma,Hodgkin lymphoma,C81.70,Other Hodgkin lymphoma unspecified site,C81 | C81.70 | Other Hodgkin Lymphoma | OHL | Other HL | Hodgkin Lymphoma | Unclassified Hodgkin Lymphoma | Hodgkin's Lymphoma |,86aadb51-393a-53c0-a002-30a2d64858b6,https://www.icd10data.com//ICD10CM/Codes/C00-D49/C81-C96/C81-/C81.70
698,C81,Lymphoma,Hodgkin lymphoma,C81.71,"Other Hodgkin lymphoma lymph nodes of head, face, and neck",C81 | C81.71 | Other Hodgkin Lymphoma | OHL | Other HL | Hodgkin Lymphoma | Unclassified Hodgkin Lymphoma | Hodgkin's Lymphoma |,a3b313c2-f080-5208-805e-77d400c2c2c6,https://www.icd10data.com//ICD10CM/Codes/C00-D49/C81-C96/C81-/C81.71
699,C81,Lymphoma,Hodgkin lymphoma,C81.72,Other Hodgkin lymphoma intrathoracic lymph nodes,C81 | C81.72 | Other Hodgkin Lymphoma | OHL | Other HL | Hodgkin Lymphoma | Unclassified Hodgkin Lymphoma | Hodgkin's Lymphoma |,2e63e213-eb2d-5e4d-b1a9-6919489c12a6,https://www.icd10data.com//ICD10CM/Codes/C00-D49/C81-C96/C81-/C81.72
700,C81,Lymphoma,Hodgkin lymphoma,C81.73,Other Hodgkin lymphoma intra-abdominal lymph nodes,C81 | C81.73 | Other Hodgkin Lymphoma | OHL | Other HL | Hodgkin Lymphoma | Unclassified Hodgkin Lymphoma | Hodgkin's Lymphoma |,c2a0e286-19c1-5846-a7b9-ebbdd02c7237,https://www.icd10data.com//ICD10CM/Codes/C00-D49/C81-C96/C81-/C81.73
927,C84,Lymphoma,Mature T/NK-cell lymphomas,C84.10,Sézary disease unspecified site,C84 | C84.10 | T cell Lymphoma | NK Cell Lymphoma |Sezary disease | T-cell lymphoma | T cell lymphoma | Sézary disease | Sézary’s Disease | Cutaneous- T cell Lymphoma | CTCL | C-TCL | |  T/NK-cell lymphoma | Lymphoma |,7745501e-b48e-5825-ad1d-bb0929c38997,https://www.icd10data.com//ICD10CM/Codes/C00-D49/C81-C96/C84-/C84.10
701,C81,Lymphoma,Hodgkin lymphoma,C81.74,Other Hodgkin lymphoma lymph nodes of axilla and upper limb,C81 | C81.74 | Other Hodgkin Lymphoma | OHL | Other HL | Hodgkin Lymphoma | Unclassified Hodgkin Lymphoma | Hodgkin's Lymphoma |,80d7b7a8-73f3-565a-9a0b-b5abb23ac639,https://www.icd10data.com//ICD10CM/Codes/C00-D49/C81-C96/C81-/C81.74
702,C81,Lymphoma,Hodgkin lymphoma,C81.75,Other Hodgkin lymphoma lymph nodes of inguinal region and lower limb,C81 | C81.75 | Other Hodgkin Lymphoma | OHL | Other HL | Hodgkin Lymphoma | Unclassified Hodgkin Lymphoma | Hodgkin's Lymphoma |,54a8ccfd-2e1d-593f-ad27-c1e38ef99230,https://www.icd10data.com//ICD10CM/Codes/C00-D49/C81-C96/C81-/C81.75
703,C81,Lymphoma,Hodgkin lymphoma,C81.76,Other Hodgkin lymphoma intrapelvic lymph nodes,C81 | C81.76 | Other Hodgkin Lymphoma | OHL | Other HL | Hodgkin Lymphoma | Unclassified Hodgkin Lymphoma | Hodgkin's Lymphoma |,7988f053-8a08-518e-b4e2-d3eeba2f0348,https://www.icd10data.com//ICD10CM/Codes/C00-D49/C81-C96/C81-/C81.76
704,C81,Lymphoma,Hodgkin lymphoma,C81.77,Other Hodgkin lymphoma spleen,C81 | C81.77 | Other Hodgkin Lymphoma | OHL | Other HL | Hodgkin Lymphoma | Unclassified Hodgkin Lymphoma | Hodgkin's Lymphoma |,0557b9fb-8bdf-5dd1-81fe-56aa4260a8cc,https://www.icd10data.com//ICD10CM/Codes/C00-D49/C81-C96/C81-/C81.77
705,C81,Lymphoma,Hodgkin lymphoma,C81.78,Other Hodgkin lymphoma lymph nodes of multiple sites,"C81.78 | Other Hodgkin Lymphoma | OHL | Other HL | Hodgkin Lymphoma | Lymphocyte Depleted Hodgkin Lymphoma | Hodgkin Lymphoma, Unspecified | UHL | HL Unspecified | Unclassified Hodgkin Lymphoma | Hodgkin's Lymphoma |",60488782-c21f-5c47-b784-aa93c383f1b1,https://www.icd10data.com//ICD10CM/Codes/C00-D49/C81-C96/C81-/C81.78
706,C81,Lymphoma,Hodgkin lymphoma,C81.79,Other Hodgkin lymphoma extranodal and solid organ sites,"C81.79 | Other Hodgkin Lymphoma | OHL | Other HL | Hodgkin Lymphoma | Lymphocyte Depleted Hodgkin Lymphoma | Hodgkin Lymphoma, Unspecified | UHL | HL Unspecified | Unclassified Hodgkin Lymphoma | Hodgkin's Lymphoma |",5de4232c-e24b-5ba8-822e-ba39c1bd3e4a,https://www.icd10data.com//ICD10CM/Codes/C00-D49/C81-C96/C81-/C81.79
707,C81,Lymphoma,Hodgkin lymphoma,C81.7A,Other Hodgkin lymphoma in remission,C81.7A | Other Hodgkin Lymphoma in Remission | OHL Remission | Hodgkin Lymphoma Remission | HL Remission |,3caea6e3-b94f-52c9-9871-fd1dfcede129,https://www.icd10data.com//ICD10CM/Codes/C00-D49/C81-C96/C81-/C81.7A
928,C84,Lymphoma,Mature T/NK-cell lymphomas,C84.11,"Sézary disease lymph nodes of head, face, and neck",C84 | C84.11 | T cell Lymphoma | NK Cell Lymphoma |Sezary disease | T-cell lymphoma | T cell lymphoma | Sézary disease | Sézary’s Disease | Cutaneous- T cell Lymphoma | CTCL | C-TCL | |  Lymph nodal sezary disease | Lymphoma | T/NK-cell lymphoma |,121aa758-173b-5ce9-a2d3-c824cd9c5b61,https://www.icd10data.com//ICD10CM/Codes/C00-D49/C81-C96/C84-/C84.11
708,C81,Lymphoma,Hodgkin lymphoma,C81.9,"Hodgkin lymphoma, unspecified","C81.9 | Hodgkin Lymphoma, Unspecified | UHL | HL Unspecified | Unclassified Hodgkin Lymphoma | Hodgkin's Lymphoma |",d9fd5898-3cd6-513f-9df0-909dde1012bf,https://www.icd10data.com//ICD10CM/Codes/C00-D49/C81-C96/C81-/C81.9
709,C81,Lymphoma,Hodgkin lymphoma,C81.90,"Hodgkin lymphoma, unspecified unspecified site","C81.90 | Hodgkin Lymphoma, Unspecified | UHL | HL Unspecified | Unclassified Hodgkin Lymphoma | Hodgkin's Lymphoma |",0348ec1b-1609-5c26-8242-97f8166992a8,https://www.icd10data.com//ICD10CM/Codes/C00-D49/C81-C96/C81-/C81.90
710,C81,Lymphoma,Hodgkin lymphoma,C81.91,"Hodgkin lymphoma, unspecified lymph nodes of head, face, and neck","C81.91 | Hodgkin Lymphoma, Unspecified | UHL | HL Unspecified | Unclassified Hodgkin Lymphoma | Hodgkin's Lymphoma |",e68dd3ba-2dc6-5910-a310-818d3ca8f35d,https://www.icd10data.com//ICD10CM/Codes/C00-D49/C81-C96/C81-/C81.91
711,C81,Lymphoma,Hodgkin lymphoma,C81.92,"Hodgkin lymphoma, unspecified intrathoracic lymph nodes","C81.92 | Hodgkin Lymphoma, Unspecified | UHL | HL Unspecified | Unclassified Hodgkin Lymphoma | Hodgkin's Lymphoma |",c0d98e80-fab9-5658-9a1f-49724d0ee09d,https://www.icd10data.com//ICD10CM/Codes/C00-D49/C81-C96/C81-/C81.92
712,C81,Lymphoma,Hodgkin lymphoma,C81.93,"Hodgkin lymphoma, unspecified intra-abdominal lymph nodes","C81.93 | Hodgkin Lymphoma, Unspecified | UHL | HL Unspecified | Unclassified Hodgkin Lymphoma | Hodgkin's Lymphoma |",43388e88-1e81-5b5b-8c30-5c5905ff997e,https://www.icd10data.com//ICD10CM/Codes/C00-D49/C81-C96/C81-/C81.93
713,C81,Lymphoma,Hodgkin lymphoma,C81.94,"Hodgkin lymphoma, unspecified lymph nodes of axilla and upper limb","C81.94 | Hodgkin Lymphoma, Unspecified | UHL | HL Unspecified | Unclassified Hodgkin Lymphoma | Hodgkin's Lymphoma |",51fb1848-5857-5989-ba6c-8bf95d3d5e42,https://www.icd10data.com//ICD10CM/Codes/C00-D49/C81-C96/C81-/C81.94
714,C81,Lymphoma,Hodgkin lymphoma,C81.95,"Hodgkin lymphoma, unspecified lymph nodes of inguinal region and lower limb","C81.95 | Hodgkin Lymphoma, Unspecified | UHL | HL Unspecified | Unclassified Hodgkin Lymphoma | Hodgkin's Lymphoma |",31b05e1a-db22-57f2-b8ba-fc907580c25b,https://www.icd10data.com//ICD10CM/Codes/C00-D49/C81-C96/C81-/C81.95
929,C84,Lymphoma,Mature T/NK-cell lymphomas,C84.12,Sézary disease intrathoracic lymph nodes,C84 | C84.12 | T cell Lymphoma | NK Cell Lymphoma |Sezary disease | T-cell lymphoma | T cell lymphoma | Sézary disease | Sézary’s Disease | Cutaneous- T cell Lymphoma | CTCL | C-TCL | |  Lymph nodal sezary disease | T/NK-cell lymphoma | Lymphoma |,ddff8dc7-d5a2-507f-bdbc-707ac3d8be22,https://www.icd10data.com//ICD10CM/Codes/C00-D49/C81-C96/C84-/C84.12
715,C81,Lymphoma,Hodgkin lymphoma,C81.96,"Hodgkin lymphoma, unspecified intrapelvic lymph nodes","C81.96 | Hodgkin Lymphoma, Unspecified | UHL | HL Unspecified | Unclassified Hodgkin Lymphoma | Hodgkin's Lymphoma |",c8bfcaba-6bd9-5c79-9c06-60e8a17f0678,https://www.icd10data.com//ICD10CM/Codes/C00-D49/C81-C96/C81-/C81.96
716,C81,Lymphoma,Hodgkin lymphoma,C81.97,"Hodgkin lymphoma, unspecified spleen","C81.97 | Hodgkin Lymphoma, Unspecified | UHL | HL Unspecified | Unclassified Hodgkin Lymphoma | Hodgkin's Lymphoma |",547daacd-d4ba-5142-b7ed-52613aa9c3dd,https://www.icd10data.com//ICD10CM/Codes/C00-D49/C81-C96/C81-/C81.97
717,C81,Lymphoma,Hodgkin lymphoma,C81.98,"Hodgkin lymphoma, unspecified lymph nodes of multiple sites","C81.98 | Hodgkin Lymphoma, Unspecified | UHL | HL Unspecified | Unclassified Hodgkin Lymphoma | Hodgkin's Lymphoma |",f9ef22ff-8bf1-51ac-b3f0-7e0c108e307a,https://www.icd10data.com//ICD10CM/Codes/C00-D49/C81-C96/C81-/C81.98
718,C81,Lymphoma,Hodgkin lymphoma,C81.99,"Hodgkin lymphoma, unspecified extranodal and solid organ sites","C81.99 | Hodgkin Lymphoma, Unspecified | UHL | HL Unspecified | Unclassified Hodgkin Lymphoma | Hodgkin's Lymphoma |",529e7511-1f79-5dca-9be9-9c27a36de073,https://www.icd10data.com//ICD10CM/Codes/C00-D49/C81-C96/C81-/C81.99
719,C81,Lymphoma,Hodgkin lymphoma,C81.9A,"Hodgkin lymphoma, unspecified in remission","C81.9A | Hodgkin Lymphoma, Unspecified in Remission | UHL Remission | HL Unspecified Remission | Hodgkin's Lymphoma Remission |",5e71df46-366b-5a82-87d2-20f5ef829444,https://www.icd10data.com//ICD10CM/Codes/C00-D49/C81-C96/C81-/C81.9A
720,C82,Lymphoma,Follicular lymphoma,C82.0,Follicular lymphoma grade I,C82 | C82.0 | Follicular Lymphoma | FL | Follicular Center Lymphoma | FCL | Nodular Lymphoma | Follicle Center Lymphoma | DFL | Low-Grade Lymphoma | LGFL | FL Grade 1 | FL-G1 | FL Head & Neck | FL-HFN | FL Thoracic | FL-Thor | FL Abdominal | FL-Abd | FL Axillary | FL-Ax | FL Inguinal | FL-IL | FL Pelvic | FL-Pel | FL Spleen | FL-Sp | FL in Remission | FL-Rem |,cf627d6b-362e-53da-9eb3-11da6d36b516,https://www.icd10data.com//ICD10CM/Codes/C00-D49/C81-C96/C82-/C82.0
721,C82,Lymphoma,Follicular lymphoma,C82.00,Follicular lymphoma grade I unspecified site,C82 | C82.00 | Follicular Lymphoma | FL | Follicular Center Lymphoma | FCL | Nodular Lymphoma | Follicle Center Lymphoma | DFL | Low-Grade Lymphoma | LGFL | FL Grade 1 | FL-G1 | FL Head & Neck | FL-HFN | FL Thoracic | FL-Thor | FL Abdominal | FL-Abd | FL Axillary | FL-Ax | FL Inguinal | FL-IL | FL Pelvic | FL-Pel | FL Spleen | FL-Sp | FL in Remission | FL-Rem |,a936774d-573f-5b94-8006-5d6127254396,https://www.icd10data.com//ICD10CM/Codes/C00-D49/C81-C96/C82-/C82.00
722,C82,Lymphoma,Follicular lymphoma,C82.01,"Follicular lymphoma grade I lymph nodes of head, face, and neck",C82 | C82.01 | Follicular Lymphoma | FL | Follicular Center Lymphoma | FCL | Nodular Lymphoma | Follicle Center Lymphoma | DFL | Low-Grade Lymphoma | LGFL | FL Grade 1 | FL-G1 | FL Head & Neck | FL-HFN | FL Thoracic | FL-Thor | FL Abdominal | FL-Abd | FL Axillary | FL-Ax | FL Inguinal | FL-IL | FL Pelvic | FL-Pel | FL Spleen | FL-Sp |,8d6e7e93-c090-5b8f-a933-3a00be8a3384,https://www.icd10data.com//ICD10CM/Codes/C00-D49/C81-C96/C82-/C82.01
723,C82,Lymphoma,Follicular lymphoma,C82.02,Follicular lymphoma grade I intrathoracic lymph nodes,C82 | C82.02 | Follicular Lymphoma | FL | Follicular Center Lymphoma | FCL | Nodular Lymphoma | Follicle Center Lymphoma | DFL | Low-Grade Lymphoma | LGFL | FL Grade 1 | FL-G1 |,d41f8c33-aff2-5b16-92a9-554f37b04010,https://www.icd10data.com//ICD10CM/Codes/C00-D49/C81-C96/C82-/C82.02
724,C82,Lymphoma,Follicular lymphoma,C82.03,Follicular lymphoma grade I intra-abdominal lymph nodes,C82 | C82.03 | Follicular Lymphoma | FL | Follicular Center Lymphoma | FCL | Nodular Lymphoma | Follicle Center Lymphoma | DFL | Low-Grade Lymphoma | LGFL | FL Grade 1 | FL-G1 |,3d25c05b-aca6-5e45-ac2e-50b1007d9826,https://www.icd10data.com//ICD10CM/Codes/C00-D49/C81-C96/C82-/C82.03
725,C82,Lymphoma,Follicular lymphoma,C82.04,Follicular lymphoma grade I lymph nodes of axilla and upper limb,C82 | C82.04 | Follicular Lymphoma | FL | Follicular Center Lymphoma | FCL | Nodular Lymphoma | Follicle Center Lymphoma | DFL | Low-Grade Lymphoma | LGFL | FL Grade 1 | FL-G1 |,9d599200-dd68-5c23-9ffd-8aeb415afa4f,https://www.icd10data.com//ICD10CM/Codes/C00-D49/C81-C96/C82-/C82.04
726,C82,Lymphoma,Follicular lymphoma,C82.05,Follicular lymphoma grade I lymph nodes of inguinal region and lower limb,C82 | C82.05 | Follicular Lymphoma | FL | Follicular Center Lymphoma | FCL | Nodular Lymphoma | Follicle Center Lymphoma | DFL | Low-Grade Lymphoma | LGFL | FL Grade 1 | FL-G1 | ,7ef89a9b-bbf0-51a3-a9ed-d29ec929cc13,https://www.icd10data.com//ICD10CM/Codes/C00-D49/C81-C96/C82-/C82.05
727,C82,Lymphoma,Follicular lymphoma,C82.06,Follicular lymphoma grade I intrapelvic lymph nodes,C82 | C82.06 | Follicular Lymphoma | FL | Follicular Center Lymphoma | FCL | Nodular Lymphoma | Follicle Center Lymphoma | DFL | Low-Grade Lymphoma | LGFL | FL Grade 1 | FL-G1 | ,5b688f51-bbec-5a5d-b348-dc0707b90f49,https://www.icd10data.com//ICD10CM/Codes/C00-D49/C81-C96/C82-/C82.06
728,C82,Lymphoma,Follicular lymphoma,C82.07,Follicular lymphoma grade I spleen,C82 | C82.07 | Follicular Lymphoma | FL | Follicular Center Lymphoma | FCL | Nodular Lymphoma | Follicle Center Lymphoma | DFL | Low-Grade Lymphoma | LGFL | FL Grade 1 | FL-G1 | ,2191a0fe-af2a-53f9-ae98-4578db4ca871,https://www.icd10data.com//ICD10CM/Codes/C00-D49/C81-C96/C82-/C82.07
729,C82,Lymphoma,Follicular lymphoma,C82.08,Follicular lymphoma grade I lymph nodes of multiple sites,C82 | C82.08 | Follicular Lymphoma | FL | Follicular Center Lymphoma | FCL | Nodular Lymphoma | Follicle Center Lymphoma | DFL | Low-Grade Lymphoma | LGFL | FL Grade 1 | FL-G1 | ,e69c3941-b22e-54d0-8e52-68318917c672,https://www.icd10data.com//ICD10CM/Codes/C00-D49/C81-C96/C82-/C82.08
730,C82,Lymphoma,Follicular lymphoma,C82.09,Follicular lymphoma grade I extranodal and solid organ sites,C82 | C82.09 | Follicular Lymphoma | FL | Follicular Center Lymphoma | FCL | Nodular Lymphoma | Follicle Center Lymphoma | DFL | Low-Grade Lymphoma | LGFL | FL Grade 1 | FL-G1 | ,df02e6a4-7585-5806-91df-01d9d7ea42dd,https://www.icd10data.com//ICD10CM/Codes/C00-D49/C81-C96/C82-/C82.09
930,C84,Lymphoma,Mature T/NK-cell lymphomas,C84.13,Sézary disease intra-abdominal lymph nodes,C84 | C84.13 | T cell Lymphoma | NK Cell Lymphoma |Sezary disease | T-cell lymphoma | T cell lymphoma | Sézary disease | Sézary’s Disease | Cutaneous- T cell Lymphoma | CTCL | C-TCL | |  Lymph nodal sezary disease | T/NK-cell lymphoma | Lymphoma |,e9233bb2-692a-57a7-a9fb-5b917c0d03a7,https://www.icd10data.com//ICD10CM/Codes/C00-D49/C81-C96/C84-/C84.13
731,C82,Lymphoma,Follicular lymphoma,C82.0A,Follicular lymphoma grade I in remission,C82 | C82.0A | Follicular Lymphoma | FL | Follicular Center Lymphoma | FCL | Nodular Lymphoma | Follicle Center Lymphoma | DFL | Low-Grade Lymphoma | LGFL | FL Grade 1 | FL-G1 |FL in Remission | FL-Rem |,91021406-435e-5294-9556-1a4ee4c6784d,https://www.icd10data.com//ICD10CM/Codes/C00-D49/C81-C96/C82-/C82.0A
732,C82,Lymphoma,Follicular lymphoma,C82.1,Follicular lymphoma grade II,C82 | C82.1 | Follicular Lymphoma | FL | Follicular Center Lymphoma | FCL | Nodular Lymphoma | Follicle Center Lymphoma | DFL | Low-Grade Lymphoma | LGFL | FL Grade 2 | FL-G2 | FL Head & Neck | FL-HFN | FL Thoracic | FL-Thor | FL Abdominal | FL-Abd | FL Axillary | FL-Ax | FL Inguinal | FL-IL | FL Pelvic | FL-Pel | FL Spleen | FL-Sp | FL in Remission | FL-Rem |,08b575ef-2489-5b56-a666-4f0d782b9597,https://www.icd10data.com//ICD10CM/Codes/C00-D49/C81-C96/C82-/C82.1
733,C82,Lymphoma,Follicular lymphoma,C82.10,Follicular lymphoma grade II unspecified site,C82 | C82.10 | Follicular Lymphoma | FL | Follicular Center Lymphoma | FCL | Nodular Lymphoma | Follicle Center Lymphoma | DFL | Low-Grade Lymphoma | LGFL | FL Grade 2 | FL-G2 | ,e92f157f-c813-5dbf-9e96-9385cd26b8aa,https://www.icd10data.com//ICD10CM/Codes/C00-D49/C81-C96/C82-/C82.10
734,C82,Lymphoma,Follicular lymphoma,C82.11,"Follicular lymphoma grade II lymph nodes of head, face, and neck",C82 | C82.11 | Follicular Lymphoma | FL | Follicular Center Lymphoma | FCL | Nodular Lymphoma | Follicle Center Lymphoma | DFL | Low-Grade Lymphoma | LGFL | FL Grade 2 | FL-G2 | FL Head & Neck | FL-HFN |,54586f5a-0eb0-5b02-a451-613763bd9065,https://www.icd10data.com//ICD10CM/Codes/C00-D49/C81-C96/C82-/C82.11
735,C82,Lymphoma,Follicular lymphoma,C82.12,Follicular lymphoma grade II intrathoracic lymph nodes,C82 | C82.12 | Follicular Lymphoma | FL | Follicular Center Lymphoma | FCL | Nodular Lymphoma | Follicle Center Lymphoma | DFL | Low-Grade Lymphoma | LGFL | FL Grade 2 | FL-G2 | FL Head & Neck |,c5ad38b7-0b6d-5237-a488-d7472a1508fb,https://www.icd10data.com//ICD10CM/Codes/C00-D49/C81-C96/C82-/C82.12
736,C82,Lymphoma,Follicular lymphoma,C82.13,Follicular lymphoma grade II intra-abdominal lymph nodes,C82 | C82.13 | Follicular Lymphoma | FL | Follicular Center Lymphoma | FCL | Nodular Lymphoma | Follicle Center Lymphoma | DFL | Low-Grade Lymphoma | LGFL | FL Grade 2 | FL-G2 | FL Head & Neck |,42389712-9d81-5cd5-ab60-0059f61a5fa9,https://www.icd10data.com//ICD10CM/Codes/C00-D49/C81-C96/C82-/C82.13
737,C82,Lymphoma,Follicular lymphoma,C82.14,Follicular lymphoma grade II lymph nodes of axilla and upper limb,C82 | C82.14 | Follicular Lymphoma | FL | Follicular Center Lymphoma | FCL | Nodular Lymphoma | Follicle Center Lymphoma | DFL | Low-Grade Lymphoma | LGFL | FL Grade 2 | FL-G2 | FL Head & Neck |,a2a2d013-b3fc-5b11-b3f1-d25649f4725e,https://www.icd10data.com//ICD10CM/Codes/C00-D49/C81-C96/C82-/C82.14
738,C82,Lymphoma,Follicular lymphoma,C82.15,Follicular lymphoma grade II lymph nodes of inguinal region and lower limb,C82 | C82.15 | Follicular Lymphoma | FL | Follicular Center Lymphoma | FCL | Nodular Lymphoma | Follicle Center Lymphoma | DFL | Low-Grade Lymphoma | LGFL | FL Grade 2 | FL-G2 | FL Inguinal | FL-IL | ,d1a87683-5b58-5b31-84d0-1d3526a575b5,https://www.icd10data.com//ICD10CM/Codes/C00-D49/C81-C96/C82-/C82.15
865,C83,Lymphoma,Non-Follicular Lymphoma,C83.3A,Diffuse large B-cell lymphoma in remission,C83 | C83.3A |DLBCL|Non-follicular (diffuse) lymphoma|Small cell B cell lymphoma|Diffuse large B cell lymphoma|Non follicular Lymphoma |DLBCL|Activated B-cell-like (ABC) DLBCL|HGBCL |B Cell Lymphoma| B-cell Lymphoma | Large B-cell Lymphoma | Large B Cell Lymphoma |,ab5fec2e-2921-5e8b-bcec-0b437bce90df,https://www.icd10data.com//ICD10CM/Codes/C00-D49/C81-C96/C83-/C83.3A
739,C82,Lymphoma,Follicular lymphoma,C82.16,Follicular lymphoma grade II intrapelvic lymph nodes,C82 | C82.16 | Follicular Lymphoma | FL | Follicular Center Lymphoma | FCL | Nodular Lymphoma | Follicle Center Lymphoma | DFL | Low-Grade Lymphoma | LGFL | FL Grade 2 | FL-G2 |,dad322a5-bbc1-50da-a21d-e92a0d8cf5ea,https://www.icd10data.com//ICD10CM/Codes/C00-D49/C81-C96/C82-/C82.16
740,C82,Lymphoma,Follicular lymphoma,C82.17,Follicular lymphoma grade II spleen,C82 | C82.17 | Follicular Lymphoma | FL | Follicular Center Lymphoma | FCL | Nodular Lymphoma | Follicle Center Lymphoma | DFL | Low-Grade Lymphoma | LGFL | FL Grade 2 | FL-G2 |FL Spleen | FL-Sp |,bdc73cd4-6ff6-5c94-a1d6-bcdbfa8bb2b0,https://www.icd10data.com//ICD10CM/Codes/C00-D49/C81-C96/C82-/C82.17
741,C82,Lymphoma,Follicular lymphoma,C82.18,Follicular lymphoma grade II lymph nodes of multiple sites,C82 | C82.18 | Follicular Lymphoma | FL | Follicular Center Lymphoma | FCL | Nodular Lymphoma | Follicle Center Lymphoma | DFL | Low-Grade Lymphoma | LGFL | FL Grade 2 | FL-G2 |Multi-nodal FL |,34c4055f-0fc4-5e76-8e07-d3497cde0e1e,https://www.icd10data.com//ICD10CM/Codes/C00-D49/C81-C96/C82-/C82.18
742,C82,Lymphoma,Follicular lymphoma,C82.19,Follicular lymphoma grade II extranodal and solid organ sites,C82 | C82.19 | Follicular Lymphoma | FL | Follicular Center Lymphoma | FCL | Nodular Lymphoma | Follicle Center Lymphoma | DFL | Low-Grade Lymphoma | LGFL | FL Grade 2 | FL-G2 |Multi-nodal FL |,6a9d03f9-324e-54c7-a137-bf0508050415,https://www.icd10data.com//ICD10CM/Codes/C00-D49/C81-C96/C82-/C82.19
743,C82,Lymphoma,Follicular lymphoma,C82.1A,Follicular lymphoma grade II in remission,C82 | C82.1A | Follicular Lymphoma | FL | Follicular Center Lymphoma | FCL | Nodular Lymphoma | Follicle Center Lymphoma | DFL | Low-Grade Lymphoma | LGFL | FL Grade 2 | FL-G2 | FL in Remission | FL-Rem |,45e41530-3115-5334-8dd6-17bb8fd78e33,https://www.icd10data.com//ICD10CM/Codes/C00-D49/C81-C96/C82-/C82.1A
744,C82,Lymphoma,Follicular lymphoma,C82.2,"Follicular lymphoma grade III, unspecified",C82 | C82.2 | Follicular Lymphoma | FL | Follicular Center Lymphoma | FCL | Nodular Lymphoma | Follicle Center Lymphoma | DFL | High-Grade Follicular Lymphoma | HFL | FL Grade 3 | FL-G3 | FL Grade 3a | FL-G3a | FL Grade 3b | FL-G3b | FL Head & Neck | FL-HFN | FL Thoracic | FL-Thor | FL Abdominal | FL-Abd | FL Axillary | FL-Ax | FL Inguinal | FL-IL | FL Pelvic | FL-Pel | FL Spleen | FL-Sp | FL in Remission | FL-Rem |,025f1ebe-b02e-51bd-b375-a3a6eafcc2de,https://www.icd10data.com//ICD10CM/Codes/C00-D49/C81-C96/C82-/C82.2
745,C82,Lymphoma,Follicular lymphoma,C82.20,"Follicular lymphoma grade III, unspecified unspecified site",C82 | C82.20 | Follicular Lymphoma | FL | Follicular Center Lymphoma | FCL | Nodular Lymphoma | Follicle Center Lymphoma | DFL | High-Grade Follicular Lymphoma | HFL | FL Grade 3 | FL-G3 | FL Grade 3a | FL-G3a | FL Grade 3b | FL-G3b | FL Head & Neck | FL-HFN | FL Thoracic | FL-Thor | FL Abdominal | FL-Abd | FL Axillary | FL-Ax | FL Inguinal | FL-IL | FL Pelvic | FL-Pel | FL Spleen | FL-Sp | FL in Remission | FL-Rem |,962a51a9-dd03-50d6-b6ba-48804d33d1a1,https://www.icd10data.com//ICD10CM/Codes/C00-D49/C81-C96/C82-/C82.20
746,C82,Lymphoma,Follicular lymphoma,C82.21,"Follicular lymphoma grade III, unspecified lymph nodes of head, face, and neck",C82 | C82.21 | Follicular Lymphoma | FL | Follicular Center Lymphoma | FCL | Nodular Lymphoma | Follicle Center Lymphoma | DFL | High-Grade Follicular Lymphoma | HFL | FL Grade 3 | FL-G3 | FL Grade 3a | FL-G3a | FL Grade 3b | FL-G3b | FL Head & Neck | FL-HFN | ,2fe888ff-3815-513b-9a2d-5ab894ceffa7,https://www.icd10data.com//ICD10CM/Codes/C00-D49/C81-C96/C82-/C82.21
866,C83,Lymphoma,Non-Follicular Lymphoma,C83.5,Lymphoblastic (diffuse) lymphoma,C83 | C83.5 | Non-Follicular Lymphoma|Non follicular Lymphoma | Lymphoblastic Diffuse Lymphoma | Lymphoma | Lymphoblastic (Diffuse) Lymphoma| LL |  ,53891181-a551-52f1-a33d-b3266868b7da,https://www.icd10data.com//ICD10CM/Codes/C00-D49/C81-C96/C83-/C83.5
747,C82,Lymphoma,Follicular lymphoma,C82.22,"Follicular lymphoma grade III, unspecified intrathoracic lymph nodes",C82 | C82.22 | Follicular Lymphoma | FL | Follicular Center Lymphoma | FCL | Nodular Lymphoma | Follicle Center Lymphoma | DFL | High-Grade Follicular Lymphoma | HFL | FL Grade 3 | FL-G3 | FL Grade 3a | FL-G3a | FL Grade 3b | FL-G3b | ,46997eaa-a815-5f9f-ab0d-3d14ff4f04d7,https://www.icd10data.com//ICD10CM/Codes/C00-D49/C81-C96/C82-/C82.22
748,C82,Lymphoma,Follicular lymphoma,C82.23,"Follicular lymphoma grade III, unspecified intra-abdominal lymph nodes",C82 | C82.23 | Follicular Lymphoma | FL | Follicular Center Lymphoma | FCL | Nodular Lymphoma | Follicle Center Lymphoma | DFL | High-Grade Follicular Lymphoma | HFL | FL Grade 3 | FL-G3 | FL Grade 3a | FL-G3a | FL Grade 3b | FL-G3b |,0549e576-7143-55a1-a298-5cb6df4ebc2a,https://www.icd10data.com//ICD10CM/Codes/C00-D49/C81-C96/C82-/C82.23
749,C82,Lymphoma,Follicular lymphoma,C82.24,"Follicular lymphoma grade III, unspecified lymph nodes of axilla and upper limb",C82 | C82.24 | Follicular Lymphoma | FL | Follicular Center Lymphoma | FCL | Nodular Lymphoma | Follicle Center Lymphoma | DFL | High-Grade Follicular Lymphoma | HFL | FL Grade 3 | FL-G3 | FL Grade 3a | FL-G3a | FL Grade 3b | FL-G3b | FL Axillary | FL-Ax | FL Inguinal | FL-IL | ,472f1882-1044-581f-b5bf-ee3c0b2f0701,https://www.icd10data.com//ICD10CM/Codes/C00-D49/C81-C96/C82-/C82.24
750,C82,Lymphoma,Follicular lymphoma,C82.25,"Follicular lymphoma grade III, unspecified lymph nodes of inguinal region and lower limb",C82 | C82.25 | Follicular Lymphoma | FL | Follicular Center Lymphoma | FCL | Nodular Lymphoma | Follicle Center Lymphoma | DFL | High-Grade Follicular Lymphoma | HFL | FL Grade 3 | FL-G3 | FL Grade 3a | FL-G3a | FL Grade 3b | FL-G3b | ,1de3fc6d-10bb-595f-a576-9088fcfbafdf,https://www.icd10data.com//ICD10CM/Codes/C00-D49/C81-C96/C82-/C82.25
751,C82,Lymphoma,Follicular lymphoma,C82.26,"Follicular lymphoma grade III, unspecified intrapelvic lymph nodes",C82 | C82.26 | Follicular Lymphoma | FL | Follicular Center Lymphoma | FCL | Nodular Lymphoma | Follicle Center Lymphoma | DFL | High-Grade Follicular Lymphoma | HFL | FL Grade 3 | FL-G3 | FL Grade 3a | FL-G3a | FL Grade 3b | FL-G3b |,b1b0c136-dc6f-559a-b68c-35a3580c5174,https://www.icd10data.com//ICD10CM/Codes/C00-D49/C81-C96/C82-/C82.26
752,C82,Lymphoma,Follicular lymphoma,C82.27,"Follicular lymphoma grade III, unspecified spleen",C82 | C82.27 | Follicular Lymphoma | FL | Follicular Center Lymphoma | FCL | Nodular Lymphoma | Follicle Center Lymphoma | DFL | High-Grade Follicular Lymphoma | HFL | FL Grade 3 | FL-G3 | FL Grade 3a | FL-G3a | FL Grade 3b | FL-G3b |FL Spleen | FL-Sp | ,a70715a9-5664-5718-a4b1-6c844dbcefb7,https://www.icd10data.com//ICD10CM/Codes/C00-D49/C81-C96/C82-/C82.27
753,C82,Lymphoma,Follicular lymphoma,C82.28,"Follicular lymphoma grade III, unspecified lymph nodes of multiple sites",C82 | C82.28 | Follicular Lymphoma | FL | Follicular Center Lymphoma | FCL | Nodular Lymphoma | Follicle Center Lymphoma | DFL | High-Grade Follicular Lymphoma | HFL | FL Grade 3 | FL-G3 | FL Grade 3a | FL-G3a | FL Grade 3b | FL-G3b |,dde3de47-b822-5fec-ba78-5c139b316f38,https://www.icd10data.com//ICD10CM/Codes/C00-D49/C81-C96/C82-/C82.28
754,C82,Lymphoma,Follicular lymphoma,C82.29,"Follicular lymphoma grade III, unspecified extranodal and solid organ sites",C82 | C82.29 | Follicular Lymphoma | FL | Follicular Center Lymphoma | FCL | Nodular Lymphoma | Follicle Center Lymphoma | DFL | High-Grade Follicular Lymphoma | HFL | FL Grade 3 | FL-G3 | FL Grade 3a | FL-G3a | FL Grade 3b | FL-G3b | ,29e255d3-3709-5a7f-af45-13c83e32fccf,https://www.icd10data.com//ICD10CM/Codes/C00-D49/C81-C96/C82-/C82.29
914,C84,Lymphoma,Mature T/NK-cell lymphomas,C84.0,Mycosis fungoides,C84 | C84.0 | T cell Lymphoma  | T-cell lymphoma | T cell lymphoma |Cutaneous T-cell lymphoma| Lymphoma | Mycosis Fungoides | Cutaneous- T cell Lymphoma | CTCL | C-TCL | | NK Cell Lymphoma  | T/NK-cell lymphoma | Lymphoma |,62e8a9fb-47b0-52c1-8737-29e9750012d2,https://www.icd10data.com//ICD10CM/Codes/C00-D49/C81-C96/C84-/C84.0
755,C82,Lymphoma,Follicular lymphoma,C82.2A,"Follicular lymphoma grade III, unspecified in remission",C82 | C82.2A | Follicular Lymphoma | FL | Follicular Center Lymphoma | FCL | Nodular Lymphoma | Follicle Center Lymphoma | DFL | High-Grade Follicular Lymphoma | HFL | FL Grade 3 | FL-G3 | FL Grade 3a | FL-G3a | FL Grade 3b | FL-G3b | FL in Remission | FL-Rem |,8c454912-3016-5db7-a7f5-a6a9f2cbc39d,https://www.icd10data.com//ICD10CM/Codes/C00-D49/C81-C96/C82-/C82.2A
756,C82,Lymphoma,Follicular lymphoma,C82.3,Follicular lymphoma grade IIIa,C82 | C82.3 | Follicular Lymphoma | FL | Follicular Center Lymphoma | FCL | Follicular Lymphoma Grade 3 | FL-G3 | Follicular Lymphoma Grade 3a | FL Extranodal | FL-Ex |,42ff4a01-a590-58b4-b8ee-1bf6f45f5822,https://www.icd10data.com//ICD10CM/Codes/C00-D49/C81-C96/C82-/C82.3
757,C82,Lymphoma,Follicular lymphoma,C82.30,Follicular lymphoma grade IIIa unspecified site,C82 | C82.30 | Follicular Lymphoma | FL | Follicular Center Lymphoma | FCL | Follicular Lymphoma Grade 3 | FL-G3 | Follicular Lymphoma Grade 3a | FL-G3a |FL Extranodal | FL-Ex |,c2fba299-daf6-52c9-afde-0820b66735cb,https://www.icd10data.com//ICD10CM/Codes/C00-D49/C81-C96/C82-/C82.30
758,C82,Lymphoma,Follicular lymphoma,C82.31,"Follicular lymphoma grade IIIa lymph nodes of head, face, and neck",C82 | C82.31 | Follicular Lymphoma | FL | Follicular Center Lymphoma | FCL | Follicular Lymphoma Grade 3 | FL-G3 | Follicular Lymphoma Grade 3a | FL-G3a |FL Extranodal | FL-Ex |,0d301efa-00b3-5e76-83fd-c83aca4fdee8,https://www.icd10data.com//ICD10CM/Codes/C00-D49/C81-C96/C82-/C82.31
759,C82,Lymphoma,Follicular lymphoma,C82.32,Follicular lymphoma grade IIIa intrathoracic lymph nodes,C82 | C82.32 | Follicular Lymphoma | FL | Follicular Center Lymphoma | FCL | Follicular Lymphoma Grade 3 | FL-G3 | Follicular Lymphoma Grade 3a | FL-G3a |  FL Extranodal | FL-Ex |,4b26785a-9d95-512d-9d0b-3d602eb821fe,https://www.icd10data.com//ICD10CM/Codes/C00-D49/C81-C96/C82-/C82.32
760,C82,Lymphoma,Follicular lymphoma,C82.33,Follicular lymphoma grade IIIa intra-abdominal lymph nodes,C82 | C82.33 | Follicular Lymphoma | FL | Follicular Center Lymphoma | FCL | Follicular Lymphoma Grade 3 | FL-G3 | Follicular Lymphoma Grade 3a | FL-G3a | FL Extranodal | FL-Ex |,86ffb68a-574c-5df6-83d1-895cc6dc7d66,https://www.icd10data.com//ICD10CM/Codes/C00-D49/C81-C96/C82-/C82.33
761,C82,Lymphoma,Follicular lymphoma,C82.34,Follicular lymphoma grade IIIa lymph nodes of axilla and upper limb,C82 | C82.34 | Follicular Lymphoma | FL | Follicular Center Lymphoma | FCL | Follicular Lymphoma Grade 3 | FL-G3 | Follicular Lymphoma Grade 3a | FL-G3a | FL Extranodal | FL-Ex |,62e3827e-4264-5498-b2d7-1739a94077e4,https://www.icd10data.com//ICD10CM/Codes/C00-D49/C81-C96/C82-/C82.34
762,C82,Lymphoma,Follicular lymphoma,C82.35,Follicular lymphoma grade IIIa lymph nodes of inguinal region and lower limb,C82 | C82.35 | Follicular Lymphoma | FL | Follicular Center Lymphoma | FCL | Follicular Lymphoma Grade 3 | FL-G3 | Follicular Lymphoma Grade 3a | FL-G3a |  FL Extranodal | FL-Ex |,4f60fdd1-d8f6-5ea6-b528-07e65c95ec80,https://www.icd10data.com//ICD10CM/Codes/C00-D49/C81-C96/C82-/C82.35
915,C84,Lymphoma,Mature T/NK-cell lymphomas,C84.00,Mycosis fungoides unspecified site,C84 | C84.00 | T cell Lymphoma  | T-cell lymphoma | T cell lymphoma |Cutaneous T-cell lymphoma| Lymphoma | Mycosis Fungoides | Cutaneous- T cell Lymphoma | CTCL | C-TCL | |  T cell Lymphoma | NK Cell Lymphoma  | T/NK-cell lymphoma | Lymphoma |,503fc3e0-6eeb-5b30-a7a1-1210b8d9e484,https://www.icd10data.com//ICD10CM/Codes/C00-D49/C81-C96/C84-/C84.00
763,C82,Lymphoma,Follicular lymphoma,C82.36,Follicular lymphoma grade IIIa intrapelvic lymph nodes,C82 | C82.36 | Follicular Lymphoma | FL | Follicular Center Lymphoma | FCL | Follicular Lymphoma Grade 3 | FL-G3 | Follicular Lymphoma Grade 3a | FL-G3a | FL Extranodal | FL-Ex |,8eb0eebd-9fa3-5ad3-b345-509bb0146983,https://www.icd10data.com//ICD10CM/Codes/C00-D49/C81-C96/C82-/C82.36
764,C82,Lymphoma,Follicular lymphoma,C82.37,Follicular lymphoma grade IIIa spleen,C82 | C82.37 | Follicular Lymphoma | FL | Follicular Center Lymphoma | FCL | Follicular Lymphoma Grade 3 | FL-G3 | Follicular Lymphoma Grade 3a | FL-G3a | FL Extranodal | FL-Ex |,6cffbf79-eaa6-5077-a61f-f0dd2a99e139,https://www.icd10data.com//ICD10CM/Codes/C00-D49/C81-C96/C82-/C82.37
765,C82,Lymphoma,Follicular lymphoma,C82.38,Follicular lymphoma grade IIIa lymph nodes of multiple sites,C82 | C82.38 | Follicular Lymphoma | FL | Follicular Center Lymphoma | FCL | Follicular Lymphoma Grade 3 | FL-G3 | Follicular Lymphoma Grade 3a | FL-G3a | FL Extranodal | FL-Ex |,f8bcad97-5965-5a0d-a97f-03a9d2b44b3e,https://www.icd10data.com//ICD10CM/Codes/C00-D49/C81-C96/C82-/C82.38
766,C82,Lymphoma,Follicular lymphoma,C82.39,Follicular lymphoma grade IIIa extranodal and solid organ sites,C82 | C82.39 | Follicular Lymphoma | FL | Follicular Center Lymphoma | FCL | Follicular Lymphoma Grade 3 | FL-G3 | Follicular Lymphoma Grade 3a | FL-G3a | FL Extranodal | FL-Ex |,9a098da5-582f-546a-b971-74ada2213c0f,https://www.icd10data.com//ICD10CM/Codes/C00-D49/C81-C96/C82-/C82.39
767,C82,Lymphoma,Follicular lymphoma,C82.3A,Follicular lymphoma grade IIIa in remission,C82 | C82.3A | Follicular Lymphoma | FL | Follicular Center Lymphoma | FCL | Follicular Lymphoma Grade 3 | FL-G3 | Follicular Lymphoma Grade 3a | FL-G3a | FL Extranodal | FL-Ex |,2ad954b1-035a-56c1-b9ed-9fda2457767d,https://www.icd10data.com//ICD10CM/Codes/C00-D49/C81-C96/C82-/C82.3A
768,C82,Lymphoma,Follicular lymphoma,C82.4,Follicular lymphoma grade IIIb,C82 | C82.4 | Follicular Lymphoma | FL | Follicular Center Lymphoma | FCL | Follicular Lymphoma Grade 3 | FL-G3 | Follicular Lymphoma Grade 3a | FL-G3a | FL Extranodal | FL-Ex |,b3ad9502-02ec-5c5f-9457-bc0a05c5f42c,https://www.icd10data.com//ICD10CM/Codes/C00-D49/C81-C96/C82-/C82.4
769,C82,Lymphoma,Follicular lymphoma,C82.40,Follicular lymphoma grade IIIb unspecified site,C82 | C82.40 | Follicular Lymphoma | FL | Follicular Center Lymphoma | FCL | Follicular Lymphoma Grade 3 | FL-G3 | Follicular Lymphoma Grade 3a | FL-G3a | FL Extranodal | FL-Ex |,211f4aac-3719-5546-bf02-ed895510cef8,https://www.icd10data.com//ICD10CM/Codes/C00-D49/C81-C96/C82-/C82.40
770,C82,Lymphoma,Follicular lymphoma,C82.41,"Follicular lymphoma grade IIIb lymph nodes of head, face, and neck",C82 | C82.41 | Follicular Lymphoma | FL | Follicular Center Lymphoma | FCL | Follicular Lymphoma Grade 3 | FL-G3 | Follicular Lymphoma Grade 3a | FL-G3a | FL Extranodal | FL-Ex |,00b9845f-5a82-58bf-ae90-9ead462da8fc,https://www.icd10data.com//ICD10CM/Codes/C00-D49/C81-C96/C82-/C82.41
838,C83,Lymphoma,Non-Follicular Lymphoma,C83.09,Small cell B-cell lymphoma extranodal and solid organ sites,C83 | C83.09 | Small cell B cell Lymphoma | Small cell B-cell Lymphoma | B Cell Lymphoma | B-cell Lymphoma | Non follicular lymphoma | Lymphoma | Non-Follicular Lymphoma |,fcdec305-a672-56b5-87e3-b5726fe45bc2,https://www.icd10data.com//ICD10CM/Codes/C00-D49/C81-C96/C83-/C83.09
771,C82,Lymphoma,Follicular lymphoma,C82.42,Follicular lymphoma grade IIIb intrathoracic lymph nodes,C82 | C82.42 | Follicular Lymphoma | FL | Follicular Center Lymphoma | FCL | Follicular Lymphoma Grade 3 | FL-G3 | Follicular Lymphoma Grade 3a | FL-G3a | FL Extranodal | FL-Ex |,1cd66d45-be11-56ea-9771-d1f377e8cb48,https://www.icd10data.com//ICD10CM/Codes/C00-D49/C81-C96/C82-/C82.42
772,C82,Lymphoma,Follicular lymphoma,C82.43,Follicular lymphoma grade IIIb intra-abdominal lymph nodes,C82 | C82.43 | Follicular Lymphoma | FL | Follicular Center Lymphoma | FCL | Follicular Lymphoma Grade 3 | FL-G3 | Follicular Lymphoma Grade 3a | FL-G3a | FL Extranodal | FL-Ex |,e26f1305-42a3-55d3-bbf0-0263a6d58897,https://www.icd10data.com//ICD10CM/Codes/C00-D49/C81-C96/C82-/C82.43
773,C82,Lymphoma,Follicular lymphoma,C82.44,Follicular lymphoma grade IIIb lymph nodes of axilla and upper limb,C82 | C82.44 | Follicular Lymphoma | FL | Follicular Center Lymphoma | FCL | Follicular Lymphoma Grade 3 | FL-G3 | Follicular Lymphoma Grade 3a | FL-G3a | FL Extranodal | FL-Ex |,02868256-8af8-501d-b511-db0e86d681ed,https://www.icd10data.com//ICD10CM/Codes/C00-D49/C81-C96/C82-/C82.44
774,C82,Lymphoma,Follicular lymphoma,C82.45,Follicular lymphoma grade IIIb lymph nodes of inguinal region and lower limb,C82 | C82.45 | Follicular Lymphoma | FL | Follicular Center Lymphoma | FCL | Follicular Lymphoma Grade 3 | FL-G3 | Follicular Lymphoma Grade 3a | FL-G3a | FL Extranodal | FL-Ex |,aabf5a56-d921-560c-abe9-6bccba16076c,https://www.icd10data.com//ICD10CM/Codes/C00-D49/C81-C96/C82-/C82.45
775,C82,Lymphoma,Follicular lymphoma,C82.46,Follicular lymphoma grade IIIb intrapelvic lymph nodes,C82 | C82.46 | Follicular Lymphoma | FL | Follicular Center Lymphoma | FCL | Follicular Lymphoma Grade 3 | FL-G3 | Follicular Lymphoma Grade 3a | FL-G3a | FL Extranodal | FL-Ex |,9f1909b3-1aa1-52fe-a69e-bb5a061b7dd5,https://www.icd10data.com//ICD10CM/Codes/C00-D49/C81-C96/C82-/C82.46
776,C82,Lymphoma,Follicular lymphoma,C82.47,Follicular lymphoma grade IIIb spleen,C82 | C82.47 | Follicular Lymphoma | FL | Follicular Center Lymphoma | FCL | Follicular Lymphoma Grade 3 | FL-G3 | Follicular Lymphoma Grade 3a | FL-G3a | FL Extranodal | FL-Ex |,d3d27b38-3e20-5c52-ab12-7b41f5de1278,https://www.icd10data.com//ICD10CM/Codes/C00-D49/C81-C96/C82-/C82.47
777,C82,Lymphoma,Follicular lymphoma,C82.48,Follicular lymphoma grade IIIb lymph nodes of multiple sites,C82 | C82.48 | Follicular Lymphoma | FL | Follicular Center Lymphoma | FCL | Follicular Lymphoma Grade 3 | FL-G3 | Follicular Lymphoma Grade 3a | FL-G3a | FL Extranodal | FL-Ex |,5465c317-2439-58fb-bf1f-11092f7c7b89,https://www.icd10data.com//ICD10CM/Codes/C00-D49/C81-C96/C82-/C82.48
778,C82,Lymphoma,Follicular lymphoma,C82.49,Follicular lymphoma grade IIIb extranodal and solid organ sites,C82 | C82.49 | Follicular Lymphoma | FL | Follicular Center Lymphoma | FCL | Follicular Lymphoma Grade 3 | FL-G3 | Follicular Lymphoma Grade 3a | FL-G3a | FL Extranodal | FL-Ex |,02382b1e-8905-5601-a872-9421a8d733ed,https://www.icd10data.com//ICD10CM/Codes/C00-D49/C81-C96/C82-/C82.49
916,C84,Lymphoma,Mature T/NK-cell lymphomas,C84.01,"Mycosis fungoides lymph nodes of head, face, and neck",C84 | C84.01 | T cell Lymphoma  | T-cell lymphoma | T cell lymphoma |Cutaneous T-cell lymphoma| Lymphoma | Mycosis Fungoides | Cutaneous- T cell Lymphoma | CTCL | C-TCL | |  T cell Lymphoma | NK Cell Lymphoma  | T/NK-cell lymphoma | Lymphoma |,bff0855a-2938-53cd-86d5-17d6eb6f2823,https://www.icd10data.com//ICD10CM/Codes/C00-D49/C81-C96/C84-/C84.01
779,C82,Lymphoma,Follicular lymphoma,C82.4A,Follicular lymphoma grade IIIb in remission,C82 | C82.4A | Follicular Lymphoma | FL | Follicular Center Lymphoma | FCL | Follicular Lymphoma Grade 3 | FL-G3 | Follicular Lymphoma Grade 3a | FL-G3a | FL Extranodal | FL-Ex |,88a95d35-4136-5493-b3c3-ca77ef4eda17,https://www.icd10data.com//ICD10CM/Codes/C00-D49/C81-C96/C82-/C82.4A
780,C82,Lymphoma,Follicular lymphoma,C82.5,Diffuse follicle center lymphoma,C82 | C82.5 | Follicular Lymphoma | FL | Follicular Center Lymphoma | FCL | Diffuse Follicle Center Lymphoma | DFCL | Nodular Lymphoma | Follicle Center Lymphoma | ,a9b07a5a-abd2-5bd6-b830-d0c4a3fb329e,https://www.icd10data.com//ICD10CM/Codes/C00-D49/C81-C96/C82-/C82.5
781,C82,Lymphoma,Follicular lymphoma,C82.50,Diffuse follicle center lymphoma unspecified site,C82 | C82.50 | Follicular Lymphoma | FL | Follicular Center Lymphoma | FCL | Diffuse Follicle Center Lymphoma | DFCL | Nodular Lymphoma | Follicle Center Lymphoma | ,1ea5d738-1a98-532b-9fad-9149e571c62b,https://www.icd10data.com//ICD10CM/Codes/C00-D49/C81-C96/C82-/C82.50
782,C82,Lymphoma,Follicular lymphoma,C82.51,"Diffuse follicle center lymphoma lymph nodes of head, face, and neck",C82 | C82.51 | Follicular Lymphoma | FL | Follicular Center Lymphoma | FCL | Diffuse Follicle Center Lymphoma | DFCL | Nodular Lymphoma | Follicle Center Lymphoma | ,bb124f31-c04c-5456-836d-bbd55efc8860,https://www.icd10data.com//ICD10CM/Codes/C00-D49/C81-C96/C82-/C82.51
783,C82,Lymphoma,Follicular lymphoma,C82.52,Diffuse follicle center lymphoma intrathoracic lymph nodes,C82 | C82.52 | Follicular Lymphoma | FL | Follicular Center Lymphoma | FCL | Diffuse Follicle Center Lymphoma | DFCL | Nodular Lymphoma | Follicle Center Lymphoma | ,d44f89bf-69fa-5ec5-810b-30d9be7302d1,https://www.icd10data.com//ICD10CM/Codes/C00-D49/C81-C96/C82-/C82.52
784,C82,Lymphoma,Follicular lymphoma,C82.53,Diffuse follicle center lymphoma intra-abdominal lymph nodes,C82 | C82.53 | Follicular Lymphoma | FL | Follicular Center Lymphoma | FCL | Diffuse Follicle Center Lymphoma | DFCL | Nodular Lymphoma | Follicle Center Lymphoma |,66835527-ccd5-597f-9b60-7a86d71e0a84,https://www.icd10data.com//ICD10CM/Codes/C00-D49/C81-C96/C82-/C82.53
785,C82,Lymphoma,Follicular lymphoma,C82.54,Diffuse follicle center lymphoma lymph nodes of axilla and upper limb,C82 | C82.54 | Follicular Lymphoma | FL | Follicular Center Lymphoma | FCL | Diffuse Follicle Center Lymphoma | DFCL | Nodular Lymphoma | Follicle Center Lymphoma | ,b578948c-4801-5fde-b3dc-833a4c6c4628,https://www.icd10data.com//ICD10CM/Codes/C00-D49/C81-C96/C82-/C82.54
786,C82,Lymphoma,Follicular lymphoma,C82.55,Diffuse follicle center lymphoma lymph nodes of inguinal region and lower limb,C82 | C82.55 | Follicular Lymphoma | FL | Follicular Center Lymphoma | FCL | Diffuse Follicle Center Lymphoma | DFCL | Nodular Lymphoma | Follicle Center Lymphoma | ,09d9d712-3d40-5aeb-9490-25a42ad0f8f9,https://www.icd10data.com//ICD10CM/Codes/C00-D49/C81-C96/C82-/C82.55
917,C84,Lymphoma,Mature T/NK-cell lymphomas,C84.02,Mycosis fungoides intrathoracic lymph nodes,C84 | C84.02 | T cell Lymphoma  | T-cell lymphoma | T cell lymphoma |Cutaneous T-cell lymphoma| Lymphoma | Mycosis Fungoides | Cutaneous- T cell Lymphoma | CTCL | C-TCL | |  T cell Lymphoma | Mycosis fungoides of intrathoracic lymph nodes | NK Cell Lymphoma  |  T/NK-cell lymphoma | Lymphoma |,605c07f2-3ccb-545a-b3f2-f244e14682ce,https://www.icd10data.com//ICD10CM/Codes/C00-D49/C81-C96/C84-/C84.02
787,C82,Lymphoma,Follicular lymphoma,C82.56,Diffuse follicle center lymphoma intrapelvic lymph nodes,C82 | C82.56 | Follicular Lymphoma | FL | Follicular Center Lymphoma | FCL | Diffuse Follicle Center Lymphoma | DFCL | Nodular Lymphoma | Follicle Center Lymphoma |,d2c1d852-74c8-5810-8235-82042cb34711,https://www.icd10data.com//ICD10CM/Codes/C00-D49/C81-C96/C82-/C82.56
788,C82,Lymphoma,Follicular lymphoma,C82.57,Diffuse follicle center lymphoma spleen,C82 | C82.57 | Follicular Lymphoma | FL | Follicular Center Lymphoma | FCL | Diffuse Follicle Center Lymphoma | DFCL | Nodular Lymphoma | Follicle Center Lymphoma | ,381804b0-b75b-5a59-90fb-1a12031e7637,https://www.icd10data.com//ICD10CM/Codes/C00-D49/C81-C96/C82-/C82.57
789,C82,Lymphoma,Follicular lymphoma,C82.58,Diffuse follicle center lymphoma lymph nodes of multiple sites,C82 | C82.58 | Follicular Lymphoma | FL | Follicular Center Lymphoma | FCL | Diffuse Follicle Center Lymphoma | DFCL | Nodular Lymphoma | Follicle Center Lymphoma |,61f493aa-ecc6-5c75-95c3-4a9d75ba2642,https://www.icd10data.com//ICD10CM/Codes/C00-D49/C81-C96/C82-/C82.58
790,C82,Lymphoma,Follicular lymphoma,C82.59,Diffuse follicle center lymphoma extranodal and solid organ sites,C82 | C82.59 | Follicular Lymphoma | FL | Follicular Center Lymphoma | FCL | Diffuse Follicle Center Lymphoma | DFCL | Nodular Lymphoma | Follicle Center Lymphoma |,ae94f54b-9b64-590d-97cb-c10f758a32f6,https://www.icd10data.com//ICD10CM/Codes/C00-D49/C81-C96/C82-/C82.59
791,C82,Lymphoma,Follicular lymphoma,C82.5A,Diffuse follicle center lymphoma in remission,C82 | C82.5A | Follicular Lymphoma | FL | Follicular Center Lymphoma | FCL | Diffuse Follicle Center Lymphoma | DFCL | Nodular Lymphoma | Follicle Center Lymphoma | ,13e3a2fb-f19c-57f4-b0f0-c69c3f1e5c18,https://www.icd10data.com//ICD10CM/Codes/C00-D49/C81-C96/C82-/C82.5A
792,C82,Lymphoma,Follicular lymphoma,C82.6,Cutaneous follicle center lymphoma,C82 | C82.6 | Follicular Center Lymphoma | FCL | Nodular Lymphoma | Follicle Center Lymphoma | DFL | Cutaneous Follicle Center Lymphoma | CFCL |  CFCL Unspecified |  CFCL Multiple Sites | FL-M | CFCL Extranodal | CFCL-Ex | CFCL Head & Neck | CFCL-HFN | CFCL Thoracic | CFCL-Thor | CFCL Abdominal | CFCL-Abd | CFCL Axillary | CFCL-Ax | CFCL Inguinal | CFCL-IL | CFCL Pelvic | CFCL-Pel | CFCL Spleen | CFCL-Sp |CFCL in Remission | CFCL-Rem |,f17e2217-fd37-5b9b-b863-37f1400c7bc5,https://www.icd10data.com//ICD10CM/Codes/C00-D49/C81-C96/C82-/C82.6
793,C82,Lymphoma,Follicular lymphoma,C82.60,Cutaneous follicle center lymphoma unspecified site,C82 | C82.60 | Follicular Center Lymphoma | FCL | Nodular Lymphoma | Follicle Center Lymphoma | DFL | Cutaneous Follicle Center Lymphoma | CFCL |  CFCL Unspecified |  CFCL Multiple Sites | FL-M | CFCL Extranodal | CFCL-Ex | CFCL Head & Neck | CFCL-HFN | CFCL Thoracic | CFCL-Thor | CFCL Abdominal | CFCL-Abd | CFCL Axillary | CFCL-Ax | CFCL Inguinal | CFCL-IL | CFCL Pelvic | CFCL-Pel | CFCL Spleen | CFCL-Sp |CFCL in Remission | CFCL-Rem |,07c8bed2-6761-5fc1-b4ef-9fda8ea286bf,https://www.icd10data.com//ICD10CM/Codes/C00-D49/C81-C96/C82-/C82.60
794,C82,Lymphoma,Follicular lymphoma,C82.61,"Cutaneous follicle center lymphoma lymph nodes of head, face, and neck",C82 | C82.61 | Follicular Center Lymphoma | FCL | Nodular Lymphoma | Follicle Center Lymphoma | DFL | Cutaneous Follicle Center Lymphoma | CFCL |  CFCL Unspecified |  CFCL Multiple Sites | FL-M | CFCL Extranodal | CFCL-Ex | CFCL Head & Neck | CFCL-HFN |,719194ab-6aa3-5e07-b9b4-c570ab47d8b7,https://www.icd10data.com//ICD10CM/Codes/C00-D49/C81-C96/C82-/C82.61
839,C83,Lymphoma,Non-Follicular Lymphoma,C83.0A,Small cell B-cell lymphoma in remission,C83 | C83.0A | Small cell B cell Lymphoma | Small cell B-cell Lymphoma | B Cell Lymphoma | B-cell Lymphoma | Non follicular lymphoma | Lymphoma | Non-Follicular Lymphoma |  B Cell Lymphoma in Remission| B-cell Lymphoma in Remission |,a9e6cd36-aa67-5834-b332-d516f1cf4d59,https://www.icd10data.com//ICD10CM/Codes/C00-D49/C81-C96/C83-/C83.0A
795,C82,Lymphoma,Follicular lymphoma,C82.62,Cutaneous follicle center lymphoma intrathoracic lymph nodes,C82 | C82.62 | Follicular Center Lymphoma | FCL | Nodular Lymphoma | Follicle Center Lymphoma | DFL | Cutaneous Follicle Center Lymphoma | CFCL |  CFCL Unspecified |  CFCL Multiple Sites | FL-M | CFCL Extranodal | CFCL-Ex | ,6296bf04-37dc-5fe7-92cf-29c722de0b4b,https://www.icd10data.com//ICD10CM/Codes/C00-D49/C81-C96/C82-/C82.62
796,C82,Lymphoma,Follicular lymphoma,C82.63,Cutaneous follicle center lymphoma intra-abdominal lymph nodes,C82 | C82.63 | Follicular Center Lymphoma | FCL | Nodular Lymphoma | Follicle Center Lymphoma | DFL | Cutaneous Follicle Center Lymphoma | CFCL |  CFCL Unspecified |  CFCL Multiple Sites | FL-M | CFCL Extranodal | CFCL-Ex |,59e5d818-cf91-5748-8471-307a0856bd57,https://www.icd10data.com//ICD10CM/Codes/C00-D49/C81-C96/C82-/C82.63
797,C82,Lymphoma,Follicular lymphoma,C82.64,Cutaneous follicle center lymphoma lymph nodes of axilla and upper limb,C82 | C82.64 | Follicular Center Lymphoma | FCL | Nodular Lymphoma | Follicle Center Lymphoma | DFL | Cutaneous Follicle Center Lymphoma | CFCL |  CFCL Unspecified |  CFCL Multiple Sites | FL-M | CFCL Extranodal | CFCL-Ex | ,cb6d792a-bdfc-5550-94aa-e246b434967f,https://www.icd10data.com//ICD10CM/Codes/C00-D49/C81-C96/C82-/C82.64
798,C82,Lymphoma,Follicular lymphoma,C82.65,Cutaneous follicle center lymphoma lymph nodes of inguinal region and lower limb,C82 | C82.65 | Follicular Center Lymphoma | FCL | Nodular Lymphoma | Follicle Center Lymphoma | DFL | Cutaneous Follicle Center Lymphoma | CFCL |  CFCL Unspecified |  CFCL Multiple Sites | FL-M | CFCL Extranodal | CFCL-Ex | CFCL Head & Neck | CFCL-HFN | CFCL Thoracic | CFCL-Thor | CFCL Abdominal | CFCL-Abd | CFCL Axillary | CFCL-Ax | CFCL Inguinal | CFCL-IL | CFCL Pelvic | CFCL-Pel | CFCL Spleen | CFCL-Sp |CFCL in Remission | CFCL-Rem |,55820021-5e2d-55ae-92b6-5ac54a041975,https://www.icd10data.com//ICD10CM/Codes/C00-D49/C81-C96/C82-/C82.65
799,C82,Lymphoma,Follicular lymphoma,C82.66,Cutaneous follicle center lymphoma intrapelvic lymph nodes,C82 | C82.66 | Follicular Center Lymphoma | FCL | Nodular Lymphoma | Follicle Center Lymphoma | DFL | Cutaneous Follicle Center Lymphoma | CFCL |  CFCL Unspecified |  CFCL Multiple Sites | FL-M | CFCL Extranodal | CFCL-Ex | ,561a1510-bb48-5d6a-913b-0c3cc6193785,https://www.icd10data.com//ICD10CM/Codes/C00-D49/C81-C96/C82-/C82.66
800,C82,Lymphoma,Follicular lymphoma,C82.67,Cutaneous follicle center lymphoma spleen,C82 | C82.67 | Follicular Center Lymphoma | FCL | Nodular Lymphoma | Follicle Center Lymphoma | DFL | Cutaneous Follicle Center Lymphoma | CFCL |  CFCL Unspecified |  CFCL Multiple Sites | FL-M | CFCL Extranodal | CFCL-Ex | CFCL Spleen | CFCL-Sp |CFCL in Remission | CFCL-Rem |,56f01d43-d370-58c7-b49d-ff3076b23ada,https://www.icd10data.com//ICD10CM/Codes/C00-D49/C81-C96/C82-/C82.67
801,C82,Lymphoma,Follicular lymphoma,C82.68,Cutaneous follicle center lymphoma lymph nodes of multiple sites,C82 | C82.68 | Follicular Center Lymphoma | FCL | Nodular Lymphoma | Follicle Center Lymphoma | DFL | Cutaneous Follicle Center Lymphoma | CFCL |  CFCL Unspecified |  CFCL Multiple Sites | FL-M | CFCL Extranodal | CFCL-Ex | ,f2678cf1-870f-52d0-b9f3-34738c7b650b,https://www.icd10data.com//ICD10CM/Codes/C00-D49/C81-C96/C82-/C82.68
802,C82,Lymphoma,Follicular lymphoma,C82.69,Cutaneous follicle center lymphoma extranodal and solid organ sites,C82 | C82.69 | Follicular Center Lymphoma | FCL | Nodular Lymphoma | Follicle Center Lymphoma | DFL | Cutaneous Follicle Center Lymphoma | CFCL |  CFCL Unspecified |  CFCL Multiple Sites | FL-M | CFCL Extranodal | CFCL-Ex | ,5c34c889-edc6-5eed-9dd2-96a882d90cd4,https://www.icd10data.com//ICD10CM/Codes/C00-D49/C81-C96/C82-/C82.69
918,C84,Lymphoma,Mature T/NK-cell lymphomas,C84.03,Mycosis fungoides intra-abdominal lymph nodes,C84 | C84.03 | T cell Lymphoma  | T-cell lymphoma | T cell lymphoma |Cutaneous T-cell lymphoma| Lymphoma | Mycosis Fungoides | Cutaneous- T cell Lymphoma | CTCL | C-TCL | |  T cell Lymphoma | Mycosis fungoides of intra-abdominal lymph nodes | Mycosis fungoides of intra abdominal lymph nodes | NK Cell Lymphoma  | Lymphoidal Mycosis fungoides | NK Cell Lymphoma  | T/NK-cell lymphoma | Lymphoma |,d3e96890-7cc9-5f7e-8b78-f400b9b7fca6,https://www.icd10data.com//ICD10CM/Codes/C00-D49/C81-C96/C84-/C84.03
803,C82,Lymphoma,Follicular lymphoma,C82.6A,Cutaneous follicle center lymphoma in remission,C82 | C82.6A | Follicular Center Lymphoma | FCL | Nodular Lymphoma | Follicle Center Lymphoma | DFL | Cutaneous Follicle Center Lymphoma | CFCL |  CFCL Unspecified |  CFCL Multiple Sites | FL-M | CFCL Extranodal | CFCL-Ex | CFCL in Remission | CFCL-Rem |,431daaa6-d62c-598e-b4f1-936d06979ab8,https://www.icd10data.com//ICD10CM/Codes/C00-D49/C81-C96/C82-/C82.6A
804,C82,Lymphoma,Follicular lymphoma,C82.8,Other types of follicular lymphoma,C82 | C82.8 | Follicular Lymphoma | FL | Follicular Center Lymphoma | FCL | Nodular Lymphoma | Follicle Center Lymphoma | DFL | Low-Grade Lymphoma | LGFL | FL Head & Neck | FL-HFN | FL Thoracic | FL-Thor | FL Abdominal | FL-Abd | FL Axillary | FL-Ax | FL Inguinal | FL-IL | FL Pelvic | FL-Pel | FL Spleen | FL-Sp | FL in Remission | FL-Rem |,76f0e394-231c-53aa-9e6d-57a12384c5f0,https://www.icd10data.com//ICD10CM/Codes/C00-D49/C81-C96/C82-/C82.8
805,C82,Lymphoma,Follicular lymphoma,C82.80,Other types of follicular lymphoma unspecified site,C82 | C82.80 | Follicular Lymphoma | FL | Follicular Center Lymphoma | FCL | Nodular Lymphoma | Follicle Center Lymphoma | DFL | Low-Grade Lymphoma | LGFL |  FL Head & Neck | FL-HFN | FL Thoracic | FL-Thor | FL Abdominal | FL-Abd | FL Axillary | FL-Ax | FL Inguinal | FL-IL | FL Pelvic | FL-Pel | FL Spleen | FL-Sp | FL in Remission | FL-Rem |,b34d4c24-4db4-5fc1-aa8e-2d810da15729,https://www.icd10data.com//ICD10CM/Codes/C00-D49/C81-C96/C82-/C82.80
806,C82,Lymphoma,Follicular lymphoma,C82.81,"Other types of follicular lymphoma lymph nodes of head, face, and neck",C82 | C82.81 | Follicular Lymphoma | FL | Follicular Center Lymphoma | FCL | Nodular Lymphoma | Follicle Center Lymphoma | DFL | Low-Grade Lymphoma | LGFL |FL Head & Neck | FL-HFN | FL Thoracic | FL-Thor | FL Abdominal | FL-Abd | FL Axillary | FL-Ax | FL Inguinal | FL-IL | FL Pelvic | FL-Pel | FL Spleen | FL-Sp |,cbf53161-2c25-53b8-807a-1b9c138be004,https://www.icd10data.com//ICD10CM/Codes/C00-D49/C81-C96/C82-/C82.81
807,C82,Lymphoma,Follicular lymphoma,C82.82,Other types of follicular lymphoma intrathoracic lymph nodes,C82 | C82.82 | Follicular Lymphoma | FL | Follicular Center Lymphoma | FCL | Nodular Lymphoma | Follicle Center Lymphoma | DFL | Low-Grade Lymphoma | LGFL | ,276f0a31-5899-562e-b5db-71e49d7b25e5,https://www.icd10data.com//ICD10CM/Codes/C00-D49/C81-C96/C82-/C82.82
808,C82,Lymphoma,Follicular lymphoma,C82.83,Other types of follicular lymphoma intra-abdominal lymph nodes,C82 | C82.83 | Follicular Lymphoma | FL | Follicular Center Lymphoma | FCL | Nodular Lymphoma | Follicle Center Lymphoma | DFL | Low-Grade Lymphoma | LGFL |,0060d4be-63c6-5906-873f-3c643d005196,https://www.icd10data.com//ICD10CM/Codes/C00-D49/C81-C96/C82-/C82.83
809,C82,Lymphoma,Follicular lymphoma,C82.84,Other types of follicular lymphoma lymph nodes of axilla and upper limb,C82 | C82.84 | Follicular Lymphoma | FL | Follicular Center Lymphoma | FCL | Nodular Lymphoma | Follicle Center Lymphoma | DFL | Low-Grade Lymphoma | LGFL |,f57b4487-6071-5bd7-863c-c6d8f1d9b108,https://www.icd10data.com//ICD10CM/Codes/C00-D49/C81-C96/C82-/C82.84
810,C82,Lymphoma,Follicular lymphoma,C82.85,Other types of follicular lymphoma lymph nodes of inguinal region and lower limb,C82 | C82.85 | Follicular Lymphoma | FL | Follicular Center Lymphoma | FCL | Nodular Lymphoma | Follicle Center Lymphoma | DFL | Low-Grade Lymphoma | LGFL |,feb6d66e-690d-5432-ad9a-56804d8dee96,https://www.icd10data.com//ICD10CM/Codes/C00-D49/C81-C96/C82-/C82.85
840,C83,Lymphoma,Non-Follicular Lymphoma,C83.1,Mantle cell lymphoma,C83 | C83.1 | MCL |Non-follicular lymphoma|Small cell B cell Lymphoma | Small cell B-cell Lymphoma |Non follicular Lymphoma |Mantle cell lymphoma | Lymphoma |  Mantle-Cell Lymphoma,cba180d0-8d4c-5929-9493-9028ad428478,https://www.icd10data.com//ICD10CM/Codes/C00-D49/C81-C96/C83-/C83.1
811,C82,Lymphoma,Follicular lymphoma,C82.86,Other types of follicular lymphoma intrapelvic lymph nodes,C82 | C82.86 | Follicular Lymphoma | FL | Follicular Center Lymphoma | FCL | Nodular Lymphoma | Follicle Center Lymphoma | DFL | Low-Grade Lymphoma | LGFL | ,b4f04462-a4f6-5199-ad1c-94cf10a6a4d3,https://www.icd10data.com//ICD10CM/Codes/C00-D49/C81-C96/C82-/C82.86
812,C82,Lymphoma,Follicular lymphoma,C82.87,Other types of follicular lymphoma spleen,C82 | C82.87 | Follicular Lymphoma | FL | Follicular Center Lymphoma | FCL | Nodular Lymphoma | Follicle Center Lymphoma | DFL | Low-Grade Lymphoma | LGFL | ,d51de2c7-5268-5bac-bdf8-76ca674f73ec,https://www.icd10data.com//ICD10CM/Codes/C00-D49/C81-C96/C82-/C82.87
813,C82,Lymphoma,Follicular lymphoma,C82.88,Other types of follicular lymphoma lymph nodes of multiple sites,C82 | C82.88 | Follicular Lymphoma | FL | Follicular Center Lymphoma | FCL | Nodular Lymphoma | Follicle Center Lymphoma | DFL | Low-Grade Lymphoma | LGFL | ,c3045a35-d586-55fb-8430-9d8c7c49531d,https://www.icd10data.com//ICD10CM/Codes/C00-D49/C81-C96/C82-/C82.88
814,C82,Lymphoma,Follicular lymphoma,C82.89,Other types of follicular lymphoma extranodal and solid organ sites,C82 | C82.89 | Follicular Lymphoma | FL | Follicular Center Lymphoma | FCL | Nodular Lymphoma | Follicle Center Lymphoma | DFL | Low-Grade Lymphoma | LGFL | ,d7abc262-2fd1-5600-be78-cf5bf2a36a10,https://www.icd10data.com//ICD10CM/Codes/C00-D49/C81-C96/C82-/C82.89
815,C82,Lymphoma,Follicular lymphoma,C82.8A,Other types of follicular lymphoma in remission,C82 | C82.8A | Follicular Lymphoma | FL | Follicular Center Lymphoma | FCL | Nodular Lymphoma | Follicle Center Lymphoma | DFL | Low-Grade Lymphoma | LGFL  |FL in Remission | FL-Rem |,cc677aa3-3470-5f8e-8082-417ab0431a96,https://www.icd10data.com//ICD10CM/Codes/C00-D49/C81-C96/C82-/C82.8A
816,C82,Lymphoma,Follicular lymphoma,C82.9,"Follicular lymphoma, unspecified",C82 | C82.9 | Follicular Center Lymphoma | FCL | Nodular Lymphoma | Follicle Center Lymphoma | DFL | Cutaneous Follicle Center Lymphoma | CFCL | Follicular B-cell Lymphoma | FBCL | Low-Grade Lymphoma | LGFL | FL Grade 1 | FL-G1 | FL Grade 2 | FL-G2 | FL Grade 3 | FL-G3 | FL Grade 3a | FL-G3a | FL Grade 3b | FL-G3b | High-Grade Follicular Lymphoma | HFL | FL Unspecified |  FL Multiple Sites | FL-M | FL Extranodal | FL-Ex | FL Head & Neck | FL-HFN | FL Thoracic | FL-Thor | FL Abdominal | FL-Abd | FL Axillary | FL-Ax | FL Inguinal | FL-IL | FL Pelvic | FL-Pel | FL Spleen | FL-Sp | FL in Remission | FL-Rem |,7cbe2536-439e-5824-b0ff-78791a555b0b,https://www.icd10data.com//ICD10CM/Codes/C00-D49/C81-C96/C82-/C82.9
817,C82,Lymphoma,Follicular lymphoma,C82.90,"Follicular lymphoma, unspecified unspecified site",C82 | C82.90 | Follicular Lymphoma | FL | Follicular Center Lymphoma | FCL | Nodular Lymphoma | Follicle Center Lymphoma | DFL | Low-Grade Lymphoma | LGFL |,a160cb87-9f3f-5946-861d-a7d3b5ec8bdb,https://www.icd10data.com//ICD10CM/Codes/C00-D49/C81-C96/C82-/C82.90
818,C82,Lymphoma,Follicular lymphoma,C82.91,"Follicular lymphoma, unspecified lymph nodes of head, face, and neck",C82 | C82.91 | Follicular Lymphoma | FL | Follicular Center Lymphoma | FCL | Nodular Lymphoma | Follicle Center Lymphoma | DFL | Low-Grade Lymphoma | LGFL | FL Grade 1 | FL-G1 | FL Head & Neck | FL-HFN | FL Thoracic | FL-Thor | FL Abdominal | FL-Abd | FL Axillary | FL-Ax | FL Inguinal | FL-IL | FL Pelvic | FL-Pel | FL Spleen | FL-Sp |,1e9fb5d3-e9c5-5221-a872-b0b928a9dd39,https://www.icd10data.com//ICD10CM/Codes/C00-D49/C81-C96/C82-/C82.91
841,C83,Lymphoma,Non-Follicular Lymphoma,C83.10,Mantle cell lymphoma unspecified site,C83 | C83.10 |  MCL |Non-follicular lymphoma|Small cell B cell Lymphoma | Small cell B-cell Lymphoma |Non follicular Lymphoma |Mantle cell lymphoma | Lymphoma |  Mantle-Cell Lymphoma,4e610d31-fd36-5ede-a7e1-366756bb7a6d,https://www.icd10data.com//ICD10CM/Codes/C00-D49/C81-C96/C83-/C83.10
819,C82,Lymphoma,Follicular lymphoma,C82.92,"Follicular lymphoma, unspecified intrathoracic lymph nodes",C82 | C82.92 | Follicular Lymphoma | FL | Follicular Center Lymphoma | FCL | Nodular Lymphoma | Follicle Center Lymphoma | DFL | Low-Grade Lymphoma | LGFL | ,e7c323ea-6366-5fba-ae82-bdb3f27b09b3,https://www.icd10data.com//ICD10CM/Codes/C00-D49/C81-C96/C82-/C82.92
820,C82,Lymphoma,Follicular lymphoma,C82.93,"Follicular lymphoma, unspecified intra-abdominal lymph nodes",C82 | C82.93 | Follicular Lymphoma | FL | Follicular Center Lymphoma | FCL | Nodular Lymphoma | Follicle Center Lymphoma | DFL | Low-Grade Lymphoma | LGFL | ,a6e1608e-d34e-534b-81d4-cd51b31c6000,https://www.icd10data.com//ICD10CM/Codes/C00-D49/C81-C96/C82-/C82.93
821,C82,Lymphoma,Follicular lymphoma,C82.94,"Follicular lymphoma, unspecified lymph nodes of axilla and upper limb",C82 | C82.94 | Follicular Lymphoma | FL | Follicular Center Lymphoma | FCL | Nodular Lymphoma | Follicle Center Lymphoma | DFL | Low-Grade Lymphoma | LGFL |,2598181b-e61c-5199-948e-cb331ad0e461,https://www.icd10data.com//ICD10CM/Codes/C00-D49/C81-C96/C82-/C82.94
822,C82,Lymphoma,Follicular lymphoma,C82.95,"Follicular lymphoma, unspecified lymph nodes of inguinal region and lower limb",C82 | C82.95 | Follicular Lymphoma | FL | Follicular Center Lymphoma | FCL | Nodular Lymphoma | Follicle Center Lymphoma | DFL | Low-Grade Lymphoma | LGFL |  ,1ad4c191-aa91-5d61-8bde-20561a17091a,https://www.icd10data.com//ICD10CM/Codes/C00-D49/C81-C96/C82-/C82.95
823,C82,Lymphoma,Follicular lymphoma,C82.96,"Follicular lymphoma, unspecified intrapelvic lymph nodes",C82 | C82.96 | Follicular Lymphoma | FL | Follicular Center Lymphoma | FCL | Nodular Lymphoma | Follicle Center Lymphoma | DFL | Low-Grade Lymphoma | LGFL |,a1b69e02-3a8f-5f88-920e-caf6a304a617,https://www.icd10data.com//ICD10CM/Codes/C00-D49/C81-C96/C82-/C82.96
824,C82,Lymphoma,Follicular lymphoma,C82.97,"Follicular lymphoma, unspecified spleen",C82 | C82.97 | Follicular Lymphoma | FL | Follicular Center Lymphoma | FCL | Nodular Lymphoma | Follicle Center Lymphoma | DFL | Low-Grade Lymphoma | LGFL | ,89d268df-4ba6-5c70-9b96-231f23e5caa2,https://www.icd10data.com//ICD10CM/Codes/C00-D49/C81-C96/C82-/C82.97
825,C82,Lymphoma,Follicular lymphoma,C82.98,"Follicular lymphoma, unspecified lymph nodes of multiple sites",C82 | C82.98 | Follicular Lymphoma | FL | Follicular Center Lymphoma | FCL | Nodular Lymphoma | Follicle Center Lymphoma | DFL | Low-Grade Lymphoma | LGFL | ,7a323ebd-cc90-52f4-b072-07a193b0f8c6,https://www.icd10data.com//ICD10CM/Codes/C00-D49/C81-C96/C82-/C82.98
826,C82,Lymphoma,Follicular lymphoma,C82.99,"Follicular lymphoma, unspecified extranodal and solid organ sites",C82 | C82.99 | Follicular Lymphoma | FL | Follicular Center Lymphoma | FCL | Nodular Lymphoma | Follicle Center Lymphoma | DFL | Low-Grade Lymphoma | LGFL | ,4fb5a89a-50e8-5451-9b07-c990a725c8e1,https://www.icd10data.com//ICD10CM/Codes/C00-D49/C81-C96/C82-/C82.99
919,C84,Lymphoma,Mature T/NK-cell lymphomas,C84.04,Mycosis fungoides lymph nodes of axilla and upper limb,C84 | C84.04 | T cell Lymphoma  | T-cell lymphoma | T cell lymphoma |Cutaneous T-cell lymphoma| Lymphoma | Mycosis Fungoides | Cutaneous- T cell Lymphoma | CTCL | C-TCL | |  T cell Lymphoma | Mycosis fungoides of upper limb |Mycosis fungoides lymph nodes of axilla| Lymphoidal Mycosis fungoides | NK Cell Lymphoma  | T/NK-cell lymphoma | Lymphoma |,77910def-b448-53d6-9bae-2a210f89078e,https://www.icd10data.com//ICD10CM/Codes/C00-D49/C81-C96/C84-/C84.04
827,C82,Lymphoma,Follicular lymphoma,C82.9A,"Follicular lymphoma, unspecified in remission",C82 | C82.9A | Follicular Lymphoma | FL | Follicular Center Lymphoma | FCL | Nodular Lymphoma | Follicle Center Lymphoma | DFL | Low-Grade Lymphoma | LGFL | FL in Remission | FL-Rem |,13453a27-756a-5da6-ade5-268f13b9d21d,https://www.icd10data.com//ICD10CM/Codes/C00-D49/C81-C96/C82-/C82.9A
828,C83,Lymphoma,Non-Follicular Lymphoma,C83.0,Small cell B-cell lymphoma,C83 | C83.0 | Non-follicular (diffuse) lymphoma | Small cell B cell Lymphoma | Small cell B-cell Lymphoma | B Cell Lymphoma | B-cell Lymphoma | Non follicular lymphoma | Lymphoma | Non-Follicular Lymphoma |,76c7e27d-bf0e-50f8-8bf2-374a06ffcfa6,https://www.icd10data.com//ICD10CM/Codes/C00-D49/C81-C96/C83-/C83.0
829,C83,Lymphoma,Non-Follicular Lymphoma,C83.00,Small cell B-cell lymphoma unspecified site,C83 | C83.00  | Small cell B cell Lymphoma | Small cell B-cell Lymphoma | B Cell Lymphoma | B-cell Lymphoma | Non follicular lymphoma | Lymphoma | Non-Follicular Lymphoma |,0eb67d9d-f05a-5404-93d8-1d87b4da1cbc,https://www.icd10data.com//ICD10CM/Codes/C00-D49/C81-C96/C83-/C83.00
830,C83,Lymphoma,Non-Follicular Lymphoma,C83.01,"Small cell B-cell lymphoma lymph nodes of head, face, and neck",C83 | C83.01 | Small cell B cell Lymphoma | Small cell B-cell Lymphoma | B Cell Lymphoma | B-cell Lymphoma | Non follicular lymphoma | Lymphoma | Non-Follicular Lymphoma |,3669997d-7d73-52ce-8e23-30859c88d24d,https://www.icd10data.com//ICD10CM/Codes/C00-D49/C81-C96/C83-/C83.01
831,C83,Lymphoma,Non-Follicular Lymphoma,C83.02,Small cell B-cell lymphoma intrathoracic lymph nodes,C83 | C83.02 |  Small cell B cell Lymphoma | Small cell B-cell Lymphoma | B Cell Lymphoma | B-cell Lymphoma | Non follicular lymphoma | Lymphoma | Non-Follicular Lymphoma | ,e187b500-5337-52c2-bfc7-e98c61540ed3,https://www.icd10data.com//ICD10CM/Codes/C00-D49/C81-C96/C83-/C83.02
832,C83,Lymphoma,Non-Follicular Lymphoma,C83.03,Small cell B-cell lymphoma intra-abdominal lymph nodes,C83 | C83.03 |  Small cell B cell Lymphoma | Small cell B-cell Lymphoma | B Cell Lymphoma | B-cell Lymphoma | Non follicular lymphoma | Lymphoma | Non-Follicular Lymphoma | ,df35126d-0784-5a4d-bf6f-ae4dab0f0ce2,https://www.icd10data.com//ICD10CM/Codes/C00-D49/C81-C96/C83-/C83.03
833,C83,Lymphoma,Non-Follicular Lymphoma,C83.04,Small cell B-cell lymphoma lymph nodes of axilla and upper limb,C83 | C83.04 | Small cell B cell Lymphoma | Small cell B-cell Lymphoma | B Cell Lymphoma | B-cell Lymphoma | Non follicular lymphoma | Lymphoma | Non-Follicular Lymphoma |,c19d52eb-d4ad-571f-8969-8fbadf492de6,https://www.icd10data.com//ICD10CM/Codes/C00-D49/C81-C96/C83-/C83.04
834,C83,Lymphoma,Non-Follicular Lymphoma,C83.05,Small cell B-cell lymphoma lymph nodes of inguinal region and lower limb,C83 | C83.05 | Small cell B cell Lymphoma | Small cell B-cell Lymphoma | B Cell Lymphoma | B-cell Lymphoma | Non follicular lymphoma | Lymphoma | Non-Follicular Lymphoma |,70342683-8d2a-5cf0-a4cf-95c742d510ed,https://www.icd10data.com//ICD10CM/Codes/C00-D49/C81-C96/C83-/C83.05
835,C83,Lymphoma,Non-Follicular Lymphoma,C83.06,Small cell B-cell lymphoma intrapelvic lymph nodes,C83 | C83.06| Small cell B cell Lymphoma | Small cell B-cell Lymphoma | B Cell Lymphoma | B-cell Lymphoma | Non follicular lymphoma | Lymphoma | Non-Follicular Lymphoma |,d416e9ea-bc70-5dc8-81eb-6c5cffb76695,https://www.icd10data.com//ICD10CM/Codes/C00-D49/C81-C96/C83-/C83.06
836,C83,Lymphoma,Non-Follicular Lymphoma,C83.07,Small cell B-cell lymphoma spleen,C83 | C83.07 | Small cell B cell Lymphoma | Small cell B-cell Lymphoma | B Cell Lymphoma | B-cell Lymphoma | Non follicular lymphoma | Lymphoma | Non-Follicular Lymphoma |,cd517e36-7088-5ca6-81a8-c30012eda883,https://www.icd10data.com//ICD10CM/Codes/C00-D49/C81-C96/C83-/C83.07
837,C83,Lymphoma,Non-Follicular Lymphoma,C83.08,Small cell B-cell lymphoma lymph nodes of multiple sites,C83 | C83.08 |Small cell B cell Lymphoma | Small cell B-cell Lymphoma | B Cell Lymphoma | B-cell Lymphoma | Non follicular lymphoma | Lymphoma | Non-Follicular Lymphoma | ,90f09c0a-9d60-5d00-b658-7cc7e969f539,https://www.icd10data.com//ICD10CM/Codes/C00-D49/C81-C96/C83-/C83.08
1016,C85,Lymphoma,Other specified and unspecified types of non-Hodgkin lymphoma,C85.14,Unspecified B-cell lymphoma lymph nodes of axilla and upper limb,C85 | C85.14 | NHL|Non-Hodgkin lymphoma| Non Hodgkin lymphoma |Non-Hodgkin's  | Non Hodgkin's Lymphoma | B-Cell Lymphoma | B Cell Lymphoma,f0db7428-367c-52ae-9b3d-47f41b066c2f,https://www.icd10data.com//ICD10CM/Codes/C00-D49/C81-C96/C85-/C85.14
842,C83,Lymphoma,Non-Follicular Lymphoma,C83.11,"Mantle cell lymphoma lymph nodes of head, face, and neck",C83 | C83.11 | MCL |Non-follicular lymphoma|Small cell B cell Lymphoma | Small cell B-cell Lymphoma |Non follicular Lymphoma |Mantle cell lymphoma | Lymphoma |  Mantle-Cell Lymphoma,2189206e-451a-5ee7-89d5-5c4b50a6b94b,https://www.icd10data.com//ICD10CM/Codes/C00-D49/C81-C96/C83-/C83.11
843,C83,Lymphoma,Non-Follicular Lymphoma,C83.12,Mantle cell lymphoma intrathoracic lymph nodes,C83 | C83.12 | MCL |Non-follicular lymphoma|Small cell B cell Lymphoma | Small cell B-cell Lymphoma |Non follicular Lymphoma |Mantle cell lymphoma | Lymphoma |  Mantle-Cell Lymphoma,f8529e60-6bb0-573b-87f2-625874df689e,https://www.icd10data.com//ICD10CM/Codes/C00-D49/C81-C96/C83-/C83.12
844,C83,Lymphoma,Non-Follicular Lymphoma,C83.13,Mantle cell lymphoma intra-abdominal lymph nodes,C83 | C83.13 | MCL |Non-follicular lymphoma|Small cell B cell Lymphoma | Small cell B-cell Lymphoma |Non follicular Lymphoma |Mantle cell lymphoma | Lymphoma |  Mantle-Cell Lymphoma,117cd094-1d84-5199-86d8-e4153d0fc59f,https://www.icd10data.com//ICD10CM/Codes/C00-D49/C81-C96/C83-/C83.13
845,C83,Lymphoma,Non-Follicular Lymphoma,C83.14,Mantle cell lymphoma lymph nodes of axilla and upper limb,C83 | C83.14 | MCL |Non-follicular lymphoma|Small cell B cell Lymphoma | Small cell B-cell Lymphoma |Non follicular Lymphoma |Mantle cell lymphoma | Lymphoma |  Mantle-Cell Lymphoma,69c61c0d-9873-5e19-8673-f34471e0fed2,https://www.icd10data.com//ICD10CM/Codes/C00-D49/C81-C96/C83-/C83.14
846,C83,Lymphoma,Non-Follicular Lymphoma,C83.15,Mantle cell lymphoma lymph nodes of inguinal region and lower limb,C83 | C83.15 |  MCL |Non-follicular lymphoma|Small cell B cell Lymphoma | Small cell B-cell Lymphoma |Non follicular Lymphoma |Mantle cell lymphoma | Lymphoma |  Mantle-Cell Lymphoma,29551534-aa09-5a52-805d-9c5871ee3cbe,https://www.icd10data.com//ICD10CM/Codes/C00-D49/C81-C96/C83-/C83.15
847,C83,Lymphoma,Non-Follicular Lymphoma,C83.16,Mantle cell lymphoma intrapelvic lymph nodes,C83 | C83.16 | MCL |Non-follicular lymphoma|Small cell B cell Lymphoma | Small cell B-cell Lymphoma |Non follicular Lymphoma |Mantle cell lymphoma | Lymphoma |  Mantle-Cell Lymphoma,a9d96b24-5d08-5729-bf50-98e24f75c4cf,https://www.icd10data.com//ICD10CM/Codes/C00-D49/C81-C96/C83-/C83.16
848,C83,Lymphoma,Non-Follicular Lymphoma,C83.17,Mantle cell lymphoma spleen,C83 | C83.17 |  MCL |Non-follicular lymphoma|Small cell B cell Lymphoma | Small cell B-cell Lymphoma |Non follicular Lymphoma |Mantle cell lymphoma | Lymphoma |  Mantle-Cell Lymphoma,0daab498-06d0-5389-a0b5-57da643469a6,https://www.icd10data.com//ICD10CM/Codes/C00-D49/C81-C96/C83-/C83.17
849,C83,Lymphoma,Non-Follicular Lymphoma,C83.18,Mantle cell lymphoma lymph nodes of multiple sites,C83 | C83.18 | MCL |Non-follicular lymphoma|Small cell B cell Lymphoma | Small cell B-cell Lymphoma |Non follicular Lymphoma |Mantle cell lymphoma | Lymphoma |  Mantle-Cell Lymphoma,72787cc5-7284-53bb-935c-0ae1fcf416a0,https://www.icd10data.com//ICD10CM/Codes/C00-D49/C81-C96/C83-/C83.18
850,C83,Lymphoma,Non-Follicular Lymphoma,C83.19,Mantle cell lymphoma extranodal and solid organ sites,C83 | C83.19 | MCL| DLBCL|Non-follicular (diffuse) lymphoma|Small cell B cell lymphoma|Diffuse large B cell lymphoma|Non follicular Lymphoma |Low-grade B-cell lymphoma |DLBCL|Activated B-cell-like (ABC) DLBCL|Endemic Burkitt lymphoma|Sporadic Burkitt lymphoma |Primary brain lymphoma|PCNSL|HGBCL |B Cell Lymphoma| B-cell Lymphoma | Mantle cell lymphoma |,0cf42436-aad0-5bb4-83a3-66f64806d07b,https://www.icd10data.com//ICD10CM/Codes/C00-D49/C81-C96/C83-/C83.19
851,C83,Lymphoma,Non-Follicular Lymphoma,C83.1A,Mantle cell lymphoma in remission,C83 | C83.1A |  MCL |Non-follicular lymphoma|Small cell B cell Lymphoma | Small cell B-cell Lymphoma |Non follicular Lymphoma |Mantle cell lymphoma | Lymphoma |  Mantle-Cell Lymphoma | MCL-Rem | MCL in Rem | MCL in Remission | Mantle Cell Lymphoma in Remission |,69c96f8f-0214-5781-83cd-ad81a918ae9f,https://www.icd10data.com//ICD10CM/Codes/C00-D49/C81-C96/C83-/C83.1A
852,C83,Lymphoma,Non-Follicular Lymphoma,C83.3,Diffuse large B-cell lymphoma,C83 | C83.3 | DLBCL|Non-follicular (diffuse) lymphoma|Small cell B cell lymphoma|Diffuse large B cell lymphoma|Non follicular Lymphoma |DLBCL|Activated B-cell-like (ABC) DLBCL|HGBCL |B Cell Lymphoma| B-cell Lymphoma | Large B-cell Lymphoma | Large B Cell Lymphoma |,e1afd406-7036-501b-8e8d-90d945a77ed8,https://www.icd10data.com//ICD10CM/Codes/C00-D49/C81-C96/C83-/C83.3
853,C83,Lymphoma,Non-Follicular Lymphoma,C83.30,Diffuse large B-cell lymphoma unspecified site,C83 | C83.30 |DLBCL|Non-follicular (diffuse) lymphoma|Small cell B cell lymphoma|Diffuse large B cell lymphoma|Non follicular Lymphoma |DLBCL|Activated B-cell-like (ABC) DLBCL|HGBCL |B Cell Lymphoma| B-cell Lymphoma | Large B-cell Lymphoma | Large B Cell Lymphoma |,daf0037e-f367-5d81-9bd7-dd63afd3272e,https://www.icd10data.com//ICD10CM/Codes/C00-D49/C81-C96/C83-/C83.30
854,C83,Lymphoma,Non-Follicular Lymphoma,C83.31,"Diffuse large B-cell lymphoma lymph nodes of head, face, and neck",C83 | C83.31 |DLBCL|Non-follicular (diffuse) lymphoma|Small cell B cell lymphoma|Diffuse large B cell lymphoma|Non follicular Lymphoma |DLBCL|Activated B-cell-like (ABC) DLBCL|HGBCL |B Cell Lymphoma| B-cell Lymphoma | Large B-cell Lymphoma | Large B Cell Lymphoma |,189cb706-c645-5d44-93b8-2ff77fe47da2,https://www.icd10data.com//ICD10CM/Codes/C00-D49/C81-C96/C83-/C83.31
855,C83,Lymphoma,Non-Follicular Lymphoma,C83.32,Diffuse large B-cell lymphoma intrathoracic lymph nodes,C83 | C83.32 |DLBCL|Non-follicular (diffuse) lymphoma|Small cell B cell lymphoma|Diffuse large B cell lymphoma|Non follicular Lymphoma |DLBCL|Activated B-cell-like (ABC) DLBCL|HGBCL |B Cell Lymphoma| B-cell Lymphoma | Large B-cell Lymphoma | Large B Cell Lymphoma |,01b4aa41-1e41-5ce8-8e07-ebd766e09be6,https://www.icd10data.com//ICD10CM/Codes/C00-D49/C81-C96/C83-/C83.32
856,C83,Lymphoma,Non-Follicular Lymphoma,C83.33,Diffuse large B-cell lymphoma intra-abdominal lymph nodes,C83 | C83.33 |DLBCL|Non-follicular (diffuse) lymphoma|Small cell B cell lymphoma|Diffuse large B cell lymphoma|Non follicular Lymphoma |DLBCL|Activated B-cell-like (ABC) DLBCL|HGBCL |B Cell Lymphoma| B-cell Lymphoma | Large B-cell Lymphoma | Large B Cell Lymphoma |,9c1691b0-6764-59f0-bb5d-c285c06747fe,https://www.icd10data.com//ICD10CM/Codes/C00-D49/C81-C96/C83-/C83.33
857,C83,Lymphoma,Non-Follicular Lymphoma,C83.34,Diffuse large B-cell lymphoma lymph nodes of axilla and upper limb,C83 | C83.34 |DLBCL|Non-follicular (diffuse) lymphoma|Small cell B cell lymphoma|Diffuse large B cell lymphoma|Non follicular Lymphoma |DLBCL|Activated B-cell-like (ABC) DLBCL|HGBCL |B Cell Lymphoma| B-cell Lymphoma | Large B-cell Lymphoma | Large B Cell Lymphoma |,9b642eb3-1460-5fa1-b10e-b827079ab249,https://www.icd10data.com//ICD10CM/Codes/C00-D49/C81-C96/C83-/C83.34
858,C83,Lymphoma,Non-Follicular Lymphoma,C83.35,Diffuse large B-cell lymphoma lymph nodes of inguinal region and lower limb,C83 | C83.35 |DLBCL|Non-follicular (diffuse) lymphoma|Small cell B cell lymphoma|Diffuse large B cell lymphoma|Non follicular Lymphoma |DLBCL|Activated B-cell-like (ABC) DLBCL|HGBCL |B Cell Lymphoma| B-cell Lymphoma | Large B-cell Lymphoma | Large B Cell Lymphoma |,08447bdf-8fc3-5eb6-87a8-4ac46746155d,https://www.icd10data.com//ICD10CM/Codes/C00-D49/C81-C96/C83-/C83.35
859,C83,Lymphoma,Non-Follicular Lymphoma,C83.36,Diffuse large B-cell lymphoma intrapelvic lymph nodes,C83 | C83.36 |DLBCL|Non-follicular (diffuse) lymphoma|Small cell B cell lymphoma|Diffuse large B cell lymphoma|Non follicular Lymphoma |DLBCL|Activated B-cell-like (ABC) DLBCL|HGBCL |B Cell Lymphoma| B-cell Lymphoma | Large B-cell Lymphoma | Large B Cell Lymphoma |,2ff5d665-f0f4-59b6-8832-d6ce01a3c356,https://www.icd10data.com//ICD10CM/Codes/C00-D49/C81-C96/C83-/C83.36
860,C83,Lymphoma,Non-Follicular Lymphoma,C83.37,Diffuse large B-cell lymphoma spleen,C83 | C83.37 |DLBCL|Non-follicular (diffuse) lymphoma|Small cell B cell lymphoma|Diffuse large B cell lymphoma|Non follicular Lymphoma |DLBCL|Activated B-cell-like (ABC) DLBCL|HGBCL |B Cell Lymphoma| B-cell Lymphoma | Large B-cell Lymphoma | Large B Cell Lymphoma |,0da52678-9d59-5f8f-88ec-a55bc4bfd6da,https://www.icd10data.com//ICD10CM/Codes/C00-D49/C81-C96/C83-/C83.37
861,C83,Lymphoma,Non-Follicular Lymphoma,C83.38,Diffuse large B-cell lymphoma lymph nodes of multiple sites,C83 | C83.38 |DLBCL|Non-follicular (diffuse) lymphoma|Small cell B cell lymphoma|Diffuse large B cell lymphoma|Non follicular Lymphoma |DLBCL|Activated B-cell-like (ABC) DLBCL|HGBCL |B Cell Lymphoma| B-cell Lymphoma | Large B-cell Lymphoma | Large B Cell Lymphoma |,2aae7667-7cd1-5a0c-81de-2ef3d0c6b4dc,https://www.icd10data.com//ICD10CM/Codes/C00-D49/C81-C96/C83-/C83.38
862,C83,Lymphoma,Non-Follicular Lymphoma,C83.39,"Diffuse large B-cell lymphoma, extranodal and solid organ sites",C83 | C83.39 |DLBCL|Non-follicular (diffuse) lymphoma|Small cell B cell lymphoma|Diffuse large B cell lymphoma|Non follicular Lymphoma |DLBCL|Activated B-cell-like (ABC) DLBCL|HGBCL |B Cell Lymphoma| B-cell Lymphoma | Large B-cell Lymphoma | Large B Cell Lymphoma |,907229a5-4061-59b4-9566-09f5c8cacd0d,https://www.icd10data.com//ICD10CM/Codes/C00-D49/C81-C96/C83-/C83.39
863,C83,Lymphoma,Non-Follicular Lymphoma,C83.390,Primary central nervous system lymphoma,C83 | C83.390 | MCL| DLBCL|Non-follicular (diffuse) lymphoma|Primary brain lymphoma|PCNSL|Lymphoma,d15bfb78-1350-58a3-a90a-999f409d9d0b,https://www.icd10data.com//ICD10CM/Codes/C00-D49/C81-C96/C83-/C83.390
864,C83,Lymphoma,Non-Follicular Lymphoma,C83.398,Diffuse large B-cell lymphoma of other extranodal and solid organ sites,C83 | C83.398 | DLBCL|Non-follicular (diffuse) lymphoma|Small cell B cell lymphoma|Diffuse large B cell lymphoma|Non follicular Lymphoma |DLBCL|Activated B-cell-like (ABC) DLBCL|HGBCL |B Cell Lymphoma| B-cell Lymphoma | Large B-cell Lymphoma | Large B Cell Lymphoma |,0092aaf4-1eb6-5895-b37b-3ada10371eda,https://www.icd10data.com//ICD10CM/Codes/C00-D49/C81-C96/C83-/C83.398
920,C84,Lymphoma,Mature T/NK-cell lymphomas,C84.05,Mycosis fungoides lymph nodes of inguinal region and lower limb,C84 | C84.05 | T cell Lymphoma  | T-cell lymphoma | T cell lymphoma |Cutaneous T-cell lymphoma| Lymphoma | Mycosis Fungoides | Cutaneous- T cell Lymphoma | CTCL | C-TCL | |  T cell Lymphoma | Mycosis fungoides of lower limb |Mycosis fungoides lymph nodes of inguinal region | Lymphoidal Mycosis fungoides | NK Cell Lymphoma  | T/NK-cell lymphoma | Lymphoma |,50fd3b5b-c6ad-523f-ae9f-87acfe8fd589,https://www.icd10data.com//ICD10CM/Codes/C00-D49/C81-C96/C84-/C84.05
867,C83,Lymphoma,Non-Follicular Lymphoma,C83.50,Lymphoblastic (diffuse) lymphoma unspecified site,C83 | C83.50 |Non-Follicular Lymphoma|Non follicular Lymphoma | Lymphoblastic Diffuse Lymphoma | Lymphoma | Lymphoblastic (Diffuse) Lymphoma| LL | ,11dc5ed9-5c94-5647-9919-66b4d369972c,https://www.icd10data.com//ICD10CM/Codes/C00-D49/C81-C96/C83-/C83.50
868,C83,Lymphoma,Non-Follicular Lymphoma,C83.51,"Lymphoblastic (diffuse) lymphoma lymph nodes of head, face, and neck",C83 | C83.51 |Non-Follicular Lymphoma|Non follicular Lymphoma | Lymphoblastic Diffuse Lymphoma | Lymphoma | Lymphoblastic (Diffuse) Lymphoma| LL | ,2343d164-abf3-57c7-8fc6-0fb535c0b464,https://www.icd10data.com//ICD10CM/Codes/C00-D49/C81-C96/C83-/C83.51
869,C83,Lymphoma,Non-Follicular Lymphoma,C83.52,Lymphoblastic (diffuse) lymphoma intrathoracic lymph nodes,C83 | C83.52 |Non-Follicular Lymphoma|Non follicular Lymphoma | Lymphoblastic Diffuse Lymphoma | Lymphoma | Lymphoblastic (Diffuse) Lymphoma| LL | ,165ae22a-7c7b-5bbc-b723-c357f0e4272f,https://www.icd10data.com//ICD10CM/Codes/C00-D49/C81-C96/C83-/C83.52
870,C83,Lymphoma,Non-Follicular Lymphoma,C83.53,Lymphoblastic (diffuse) lymphoma intra-abdominal lymph nodes,C83 | C83.53 |Non-Follicular Lymphoma|Non follicular Lymphoma | Lymphoblastic Diffuse Lymphoma | Lymphoma | Lymphoblastic (Diffuse) Lymphoma| LL | ,24dcdaa8-52f5-515c-b564-eb65c5c6b61d,https://www.icd10data.com//ICD10CM/Codes/C00-D49/C81-C96/C83-/C83.53
871,C83,Lymphoma,Non-Follicular Lymphoma,C83.54,Lymphoblastic (diffuse) lymphoma lymph nodes of axilla and upper limb,C83 | C83.54 |Non-Follicular Lymphoma|Non follicular Lymphoma | Lymphoblastic Diffuse Lymphoma | Lymphoma | Lymphoblastic (Diffuse) Lymphoma| LL | ,2201f603-96ca-5f3e-b651-5f9b014a1190,https://www.icd10data.com//ICD10CM/Codes/C00-D49/C81-C96/C83-/C83.54
872,C83,Lymphoma,Non-Follicular Lymphoma,C83.55,Lymphoblastic (diffuse) lymphoma lymph nodes of inguinal region and lower limb,C83 | C83.55 | Non-Follicular Lymphoma|Non follicular Lymphoma | Lymphoblastic Diffuse Lymphoma | Lymphoma | Lymphoblastic (Diffuse) Lymphoma| LL | ,c0664741-cac1-5909-991d-956739308efc,https://www.icd10data.com//ICD10CM/Codes/C00-D49/C81-C96/C83-/C83.55
873,C83,Lymphoma,Non-Follicular Lymphoma,C83.56,Lymphoblastic (diffuse) lymphoma intrapelvic lymph nodes,C83 | C83.56 | Non-Follicular Lymphoma|Non follicular Lymphoma | Lymphoblastic Diffuse Lymphoma | Lymphoma | Lymphoblastic (Diffuse) Lymphoma| LL | ,ce18893a-49f3-5fa8-90c2-0e07f7af1431,https://www.icd10data.com//ICD10CM/Codes/C00-D49/C81-C96/C83-/C83.56
874,C83,Lymphoma,Non-Follicular Lymphoma,C83.57,Lymphoblastic (diffuse) lymphoma spleen,C83 | C83.57 | Non-Follicular Lymphoma|Non follicular Lymphoma | Lymphoblastic Diffuse Lymphoma | Lymphoma | Lymphoblastic (Diffuse) Lymphoma| LL | ,b7600704-58f4-54f3-9cea-d6895752fbf4,https://www.icd10data.com//ICD10CM/Codes/C00-D49/C81-C96/C83-/C83.57
875,C83,Lymphoma,Non-Follicular Lymphoma,C83.58,Lymphoblastic (diffuse) lymphoma lymph nodes of multiple sites,C83 | C83.58 | Non-Follicular Lymphoma|Non follicular Lymphoma | Lymphoblastic Diffuse Lymphoma | Lymphoma | Lymphoblastic (Diffuse) Lymphoma| LL | ,2c8d4bcd-63ac-5688-84cd-0ed6f2718a9a,https://www.icd10data.com//ICD10CM/Codes/C00-D49/C81-C96/C83-/C83.58
876,C83,Lymphoma,Non-Follicular Lymphoma,C83.59,Lymphoblastic (diffuse) lymphoma extranodal and solid organ sites,C83 | C83.59 | Non-Follicular Lymphoma|Non follicular Lymphoma | Lymphoblastic Diffuse Lymphoma | Lymphoma | Lymphoblastic (Diffuse) Lymphoma| LL | ,cd2268e9-2aa5-5a8d-8356-c5e6564166c7,https://www.icd10data.com//ICD10CM/Codes/C00-D49/C81-C96/C83-/C83.59
877,C83,Lymphoma,Non-Follicular Lymphoma,C83.5A,Lymphoblastic (diffuse) lymphoma in remission,C83 | C83.5A |Non-Follicular Lymphoma|Non follicular Lymphoma | Lymphoblastic Diffuse Lymphoma | Lymphoma | Lymphoblastic (Diffuse) Lymphoma| LL | LL in Remission | LL-Rem | LL in Remission |,718ae90d-d3fc-59d2-aad6-2bdec5f1505e,https://www.icd10data.com//ICD10CM/Codes/C00-D49/C81-C96/C83-/C83.5A
878,C83,Lymphoma,Non-Follicular Lymphoma,C83.7,Burkitt lymphoma,C83 | C83.7 |Non follicular Lymphoma | Endemic Burkitt lymphoma|Sporadic Burkitt lymphoma | Burkitt Lymphoma | Burkitt's Lymphoma | Burkitts Lymphoma,b98a53a1-e44f-5922-af1e-8a44d15fe476,https://www.icd10data.com//ICD10CM/Codes/C00-D49/C81-C96/C83-/C83.7
879,C83,Lymphoma,Non-Follicular Lymphoma,C83.70,Burkitt lymphoma unspecified site,C83 | C83.70 | Non follicular Lymphoma | Endemic Burkitt lymphoma|Sporadic Burkitt lymphoma | Burkitt Lymphoma | Burkitt's Lymphoma | Burkitts Lymphoma,c6820c22-44e0-5369-a685-b42be41892c7,https://www.icd10data.com//ICD10CM/Codes/C00-D49/C81-C96/C83-/C83.70
880,C83,Lymphoma,Non-Follicular Lymphoma,C83.71,"Burkitt lymphoma lymph nodes of head, face, and neck",C83 | C83.71 | Non follicular Lymphoma | Endemic Burkitt lymphoma|Sporadic Burkitt lymphoma | Burkitt Lymphoma | Burkitt's Lymphoma | Burkitts Lymphoma,4c0ca732-40e8-59f6-80b0-db68960a4c35,https://www.icd10data.com//ICD10CM/Codes/C00-D49/C81-C96/C83-/C83.71
881,C83,Lymphoma,Non-Follicular Lymphoma,C83.72,Burkitt lymphoma intrathoracic lymph nodes,C83 | C83.72 | Non follicular Lymphoma | Endemic Burkitt lymphoma|Sporadic Burkitt lymphoma | Burkitt Lymphoma | Burkitt's Lymphoma | Burkitts Lymphoma,bef7edf7-6fc3-572d-8d16-23df84e0f147,https://www.icd10data.com//ICD10CM/Codes/C00-D49/C81-C96/C83-/C83.72
882,C83,Lymphoma,Non-Follicular Lymphoma,C83.73,Burkitt lymphoma intra-abdominal lymph nodes,C83 | C83.73 |Non follicular Lymphoma | Endemic Burkitt lymphoma|Sporadic Burkitt lymphoma | Burkitt Lymphoma | Burkitt's Lymphoma | Burkitts Lymphoma,68f2e29e-4ac1-5c68-9b89-e85c3cbeca9d,https://www.icd10data.com//ICD10CM/Codes/C00-D49/C81-C96/C83-/C83.73
883,C83,Lymphoma,Non-Follicular Lymphoma,C83.74,Burkitt lymphoma lymph nodes of axilla and upper limb,C83 | C83.74 |Non follicular Lymphoma | Endemic Burkitt lymphoma|Sporadic Burkitt lymphoma | Burkitt Lymphoma | Burkitt's Lymphoma | Burkitts Lymphoma,763873c0-5f9c-5796-a4b9-0a290f1e87c9,https://www.icd10data.com//ICD10CM/Codes/C00-D49/C81-C96/C83-/C83.74
884,C83,Lymphoma,Non-Follicular Lymphoma,C83.75,Burkitt lymphoma lymph nodes of inguinal region and lower limb,C83 | C83.75 | Non follicular Lymphoma | Endemic Burkitt lymphoma|Sporadic Burkitt lymphoma | Burkitt Lymphoma | Burkitt's Lymphoma | Burkitts Lymphoma,45805d08-e1a1-5789-8a45-93debdff027e,https://www.icd10data.com//ICD10CM/Codes/C00-D49/C81-C96/C83-/C83.75
885,C83,Lymphoma,Non-Follicular Lymphoma,C83.76,Burkitt lymphoma intrapelvic lymph nodes,C83 | C83.76 |Non follicular Lymphoma | Endemic Burkitt lymphoma|Sporadic Burkitt lymphoma | Burkitt Lymphoma | Burkitt's Lymphoma | Burkitts Lymphoma,8dd4f880-9c85-55a5-ab24-74423cd9eaab,https://www.icd10data.com//ICD10CM/Codes/C00-D49/C81-C96/C83-/C83.76
886,C83,Lymphoma,Non-Follicular Lymphoma,C83.77,Burkitt lymphoma spleen,C83 | C83.77 | Non follicular Lymphoma | Endemic Burkitt lymphoma|Sporadic Burkitt lymphoma | Burkitt Lymphoma | Burkitt's Lymphoma | Burkitts Lymphoma,9d28d79c-591d-521c-a1be-18709b7c0002,https://www.icd10data.com//ICD10CM/Codes/C00-D49/C81-C96/C83-/C83.77
887,C83,Lymphoma,Non-Follicular Lymphoma,C83.78,Burkitt lymphoma lymph nodes of multiple sites,C83 | C83.78 |Non follicular Lymphoma | Endemic Burkitt lymphoma|Sporadic Burkitt lymphoma | Burkitt Lymphoma | Burkitt's Lymphoma | Burkitts Lymphoma,ff9ed042-cb9a-5580-806b-4baef15ff0e1,https://www.icd10data.com//ICD10CM/Codes/C00-D49/C81-C96/C83-/C83.78
888,C83,Lymphoma,Non-Follicular Lymphoma,C83.79,Burkitt lymphoma extranodal and solid organ sites,C83 | C83.79 |Non follicular Lymphoma | Endemic Burkitt lymphoma|Sporadic Burkitt lymphoma | Burkitt Lymphoma | Burkitt's Lymphoma | Burkitts Lymphoma|,07d64277-db66-5040-bd5f-92e512199233,https://www.icd10data.com//ICD10CM/Codes/C00-D49/C81-C96/C83-/C83.79
889,C83,Lymphoma,Non-Follicular Lymphoma,C83.7A,Burkitt lymphoma in remission,C83 | C83.7A | Non follicular Lymphoma | Endemic Burkitt lymphoma|Sporadic Burkitt lymphoma | Burkitt Lymphoma | Burkitt's Lymphoma | Burkitts Lymphoma | Burkitt Lymphoma in Remission,de981b2d-7889-5a4c-800d-09b34a8d3217,https://www.icd10data.com//ICD10CM/Codes/C00-D49/C81-C96/C83-/C83.7A
890,C83,Lymphoma,Non-Follicular Lymphoma,C83.8,Other non-follicular lymphoma,C83 | C83.8 | Non-follicular (diffuse) lymphoma|Non follicular Lymphoma | NFL | Non-Follicular Lymphoma | ,c73548d9-f1ea-5d13-a1c6-cc1d9a81c4ef,https://www.icd10data.com//ICD10CM/Codes/C00-D49/C81-C96/C83-/C83.8
891,C83,Lymphoma,Non-Follicular Lymphoma,C83.80,Other non-follicular lymphoma unspecified site,C83 | C83.80 |Non-follicular (diffuse) lymphoma|Non follicular Lymphoma | NFL | Non-Follicular Lymphoma | ,32575bdb-ebe5-5482-8bd8-5942ee1aec9b,https://www.icd10data.com//ICD10CM/Codes/C00-D49/C81-C96/C83-/C83.80
892,C83,Lymphoma,Non-Follicular Lymphoma,C83.81,"Other non-follicular lymphoma lymph nodes of head, face, and neck",C83 | C83.81 | Non-follicular (diffuse) lymphoma|Non follicular Lymphoma | NFL | Non-Follicular Lymphoma | ,c8e10a2a-33c7-544e-b8fc-379067b6d69b,https://www.icd10data.com//ICD10CM/Codes/C00-D49/C81-C96/C83-/C83.81
893,C83,Lymphoma,Non-Follicular Lymphoma,C83.82,Other non-follicular lymphoma intrathoracic lymph nodes,C83 | C83.82 |Non-follicular (diffuse) lymphoma|Non follicular Lymphoma | NFL | Non-Follicular Lymphoma | ,a58d9b99-1197-58aa-9d05-5e1984005299,https://www.icd10data.com//ICD10CM/Codes/C00-D49/C81-C96/C83-/C83.82
894,C83,Lymphoma,Non-Follicular Lymphoma,C83.83,Other non-follicular lymphoma intra-abdominal lymph nodes,C83 | C83.83 |Non-follicular (diffuse) lymphoma|Non follicular Lymphoma | NFL | Non-Follicular Lymphoma | ,c4227bbe-bbe8-5c22-889d-8c28b7024aee,https://www.icd10data.com//ICD10CM/Codes/C00-D49/C81-C96/C83-/C83.83
895,C83,Lymphoma,Non-Follicular Lymphoma,C83.84,Other non-follicular lymphoma lymph nodes of axilla and upper limb,C83 | C83.84 |Non-follicular (diffuse) lymphoma|Non follicular Lymphoma | NFL | Non-Follicular Lymphoma | ,79637073-2381-57aa-b760-59b5ee61c216,https://www.icd10data.com//ICD10CM/Codes/C00-D49/C81-C96/C83-/C83.84
896,C83,Lymphoma,Non-Follicular Lymphoma,C83.85,Other non-follicular lymphoma lymph nodes of inguinal region and lower limb,C83 | C83.85 |Non-follicular (diffuse) lymphoma|Non follicular Lymphoma | NFL | Non-Follicular Lymphoma | ,676c1539-9d5d-50e5-adc9-f360a3767e61,https://www.icd10data.com//ICD10CM/Codes/C00-D49/C81-C96/C83-/C83.85
897,C83,Lymphoma,Non-Follicular Lymphoma,C83.86,Other non-follicular lymphoma intrapelvic lymph nodes,C83 | C83.86 |Non-follicular (diffuse) lymphoma|Non follicular Lymphoma | NFL | Non-Follicular Lymphoma | ,e6e07efc-7230-52e3-8ec7-96232f552054,https://www.icd10data.com//ICD10CM/Codes/C00-D49/C81-C96/C83-/C83.86
898,C83,Lymphoma,Non-Follicular Lymphoma,C83.87,Other non-follicular lymphoma spleen,C83 | C83.87 |Non-follicular (diffuse) lymphoma|Non follicular Lymphoma | NFL | Non-Follicular Lymphoma | ,b8ade591-91ec-5e8a-9cbe-11c6ab4fef7b,https://www.icd10data.com//ICD10CM/Codes/C00-D49/C81-C96/C83-/C83.87
899,C83,Lymphoma,Non-Follicular Lymphoma,C83.88,Other non-follicular lymphoma lymph nodes of multiple sites,C83 | C83.88 |Non-follicular (diffuse) lymphoma|Non follicular Lymphoma | NFL | Non-Follicular Lymphoma | ,8d0890a4-a440-5987-9d6e-a95b26fd7e03,https://www.icd10data.com//ICD10CM/Codes/C00-D49/C81-C96/C83-/C83.88
900,C83,Lymphoma,Non-Follicular Lymphoma,C83.89,Other non-follicular lymphoma extranodal and solid organ sites,C83 | C83.89 |Non-follicular (diffuse) lymphoma|Non follicular Lymphoma | NFL | Non-Follicular Lymphoma | ,d7c0ea15-58a1-5b5e-b961-4df6e2804d70,https://www.icd10data.com//ICD10CM/Codes/C00-D49/C81-C96/C83-/C83.89
901,C83,Lymphoma,Non-Follicular Lymphoma,C83.8A,Other non-follicular lymphoma in remission,C83 | C83.8A |Non-follicular (diffuse) lymphoma|Non follicular Lymphoma | NFL | Non-Follicular Lymphoma | ,0bf937e5-e03e-52d8-8972-867b4fbb5349,https://www.icd10data.com//ICD10CM/Codes/C00-D49/C81-C96/C83-/C83.8A
902,C83,Lymphoma,Non-Follicular Lymphoma,C83.9,"Non-follicular (diffuse) lymphoma, unspecified",C83 | C83.9 |Non-follicular (diffuse) lymphoma|Non follicular Lymphoma | NFL | Non-Follicular Lymphoma | ,6fc61e23-ff1e-50a9-b51b-cb028c4c1324,https://www.icd10data.com//ICD10CM/Codes/C00-D49/C81-C96/C83-/C83.9
903,C83,Lymphoma,Non-Follicular Lymphoma,C83.90,"Non-follicular (diffuse) lymphoma, unspecified unspecified site",C83 | C83.90 |Non-follicular (diffuse) lymphoma|Non follicular Lymphoma | NFL | Non-Follicular Lymphoma | ,ea7df5eb-b96a-5246-91e9-a19bf7591a37,https://www.icd10data.com//ICD10CM/Codes/C00-D49/C81-C96/C83-/C83.90
904,C83,Lymphoma,Non-Follicular Lymphoma,C83.91,"Non-follicular (diffuse) lymphoma, unspecified lymph nodes of head, face, and neck",C83 | C83.91 |Non-follicular (diffuse) lymphoma|Non follicular Lymphoma | NFL | Non-Follicular Lymphoma | ,a50480fe-5ebc-5021-8bd5-5304cd161dd9,https://www.icd10data.com//ICD10CM/Codes/C00-D49/C81-C96/C83-/C83.91
905,C83,Lymphoma,Non-Follicular Lymphoma,C83.92,"Non-follicular (diffuse) lymphoma, unspecified intrathoracic lymph nodes",C83 | C83.92 |Non-follicular (diffuse) lymphoma|Non follicular Lymphoma | NFL | Non-Follicular Lymphoma | ,ea37d0e1-989f-5173-b98a-ca920ee5f043,https://www.icd10data.com//ICD10CM/Codes/C00-D49/C81-C96/C83-/C83.92
906,C83,Lymphoma,Non-Follicular Lymphoma,C83.93,"Non-follicular (diffuse) lymphoma, unspecified intra-abdominal lymph nodes",C83 | C83.93 |Non-follicular (diffuse) lymphoma|Non follicular Lymphoma | NFL | Non-Follicular Lymphoma | ,22ffc435-2403-561a-8bf7-6328a4f62429,https://www.icd10data.com//ICD10CM/Codes/C00-D49/C81-C96/C83-/C83.93
907,C83,Lymphoma,Non-Follicular Lymphoma,C83.94,"Non-follicular (diffuse) lymphoma, unspecified lymph nodes of axilla and upper limb",C83 | C83.94 |Non-follicular (diffuse) lymphoma|Non follicular Lymphoma | NFL | Non-Follicular Lymphoma | ,fc02dcd9-726d-506b-be01-33f2fd59d4f3,https://www.icd10data.com//ICD10CM/Codes/C00-D49/C81-C96/C83-/C83.94
908,C83,Lymphoma,Non-Follicular Lymphoma,C83.95,"Non-follicular (diffuse) lymphoma, unspecified lymph nodes of inguinal region and lower limb",C83 | C83.95 |Non-follicular (diffuse) lymphoma|Non follicular Lymphoma | NFL | Non-Follicular Lymphoma | ,176bc298-148f-5acf-97cd-a807bd86151f,https://www.icd10data.com//ICD10CM/Codes/C00-D49/C81-C96/C83-/C83.95
909,C83,Lymphoma,Non-Follicular Lymphoma,C83.96,"Non-follicular (diffuse) lymphoma, unspecified intrapelvic lymph nodes",C83 | C83.96 |Non-follicular (diffuse) lymphoma|Non follicular Lymphoma | NFL | Non-Follicular Lymphoma | ,528b48da-1dfe-5fd2-bd0d-8cad404f7964,https://www.icd10data.com//ICD10CM/Codes/C00-D49/C81-C96/C83-/C83.96
910,C83,Lymphoma,Non-Follicular Lymphoma,C83.97,"Non-follicular (diffuse) lymphoma, unspecified spleen",C83 | C83.97 |Non-follicular (diffuse) lymphoma|Non follicular Lymphoma | NFL | Non-Follicular Lymphoma | ,5608ac10-a056-5e60-a287-9ea5d42484f4,https://www.icd10data.com//ICD10CM/Codes/C00-D49/C81-C96/C83-/C83.97
911,C83,Lymphoma,Non-Follicular Lymphoma,C83.98,"Non-follicular (diffuse) lymphoma, unspecified lymph nodes of multiple sites",C83 | C83.98 |Non-follicular (diffuse) lymphoma|Non follicular Lymphoma | NFL | Non-Follicular Lymphoma | ,4d099ec1-8e26-5e5f-bac1-9ccffcbec2b5,https://www.icd10data.com//ICD10CM/Codes/C00-D49/C81-C96/C83-/C83.98
912,C83,Lymphoma,Non-Follicular Lymphoma,C83.99,"Non-follicular (diffuse) lymphoma, unspecified extranodal and solid organ sites",C83 | C83.99 | Non-follicular (diffuse) lymphoma|Non follicular Lymphoma | NFL | Non-Follicular Lymphoma | ,e8db3670-4d34-5441-9e8b-a28182efa1bb,https://www.icd10data.com//ICD10CM/Codes/C00-D49/C81-C96/C83-/C83.99
913,C83,Lymphoma,Non-Follicular Lymphoma,C83.9A,"Non-follicular (diffuse) lymphoma, unspecified in remission",C83 | C83.9A | Non-follicular (diffuse) lymphoma|Non follicular Lymphoma | NFL | Non-Follicular Lymphoma | ,c7d39633-9427-5045-a354-85c48a06adf0,https://www.icd10data.com//ICD10CM/Codes/C00-D49/C81-C96/C83-/C83.9A
1110,C90,Multiple myeloma,Multiple myeloma and malignant plasma cell neoplasms,C90.3,Solitary plasmacytoma,C90 | C90.3  | Solitary plasmacytoma| Osseous plasmacytoma | Bone Plasmacytoma|Myeloma | Multiple Myeloma |,b7bfd44a-cb2a-5d98-b55d-e64f21f8d552,https://www.icd10data.com//ICD10CM/Codes/C00-D49/C81-C96/C90-/C90.3
931,C84,Lymphoma,Mature T/NK-cell lymphomas,C84.14,Sézary disease lymph nodes of axilla and upper limb,C84 | C84.14 | T cell Lymphoma | NK Cell Lymphoma |Sezary disease | T-cell lymphoma | T cell lymphoma | Sézary disease | Sézary’s Disease | Cutaneous- T cell Lymphoma | CTCL | C-TCL | |  Lymph nodal sezary disease | T/NK-cell lymphoma | Lymphoma |,ddfe02f1-a81c-5d0b-a19a-b39168d99d7b,https://www.icd10data.com//ICD10CM/Codes/C00-D49/C81-C96/C84-/C84.14
932,C84,Lymphoma,Mature T/NK-cell lymphomas,C84.15,Sézary disease lymph nodes of inguinal region and lower limb,C84 | C84.15 | T cell Lymphoma | NK Cell Lymphoma |Sezary disease | T-cell lymphoma | T cell lymphoma | Sézary disease | Sézary’s Disease | Cutaneous- T cell Lymphoma | CTCL | C-TCL | |  Lymph nodal sezary disease | T/NK-cell lymphoma | Lymphoma |,32d9a86e-be3c-595b-b900-d6de02d892ce,https://www.icd10data.com//ICD10CM/Codes/C00-D49/C81-C96/C84-/C84.15
933,C84,Lymphoma,Mature T/NK-cell lymphomas,C84.16,Sézary disease intrapelvic lymph nodes,C84 | C84.16 | T cell Lymphoma | NK Cell Lymphoma |Sezary disease | T-cell lymphoma | T cell lymphoma | Sézary disease | Sézary’s Disease | Cutaneous- T cell Lymphoma | CTCL | C-TCL | |  Lymph nodal sezary disease | T/NK-cell lymphoma | Lymphoma |,3ed7d6c4-0afb-5dda-9af9-aa1099e62748,https://www.icd10data.com//ICD10CM/Codes/C00-D49/C81-C96/C84-/C84.16
934,C84,Lymphoma,Mature T/NK-cell lymphomas,C84.17,Sézary disease spleen,C84 | C84.17 | T cell Lymphoma | NK Cell Lymphoma |Sezary disease | T-cell lymphoma | T cell lymphoma | Sézary disease | Sézary’s Disease | Cutaneous- T cell Lymphoma | CTCL | C-TCL | |  Lymph nodal sezary disease | T/NK-cell lymphoma | Lymphoma |,f5f5c590-108a-5e62-be7c-7657169d3514,https://www.icd10data.com//ICD10CM/Codes/C00-D49/C81-C96/C84-/C84.17
935,C84,Lymphoma,Mature T/NK-cell lymphomas,C84.18,Sézary disease lymph nodes of multiple sites,C84 | C84.18 | T cell Lymphoma | NK Cell Lymphoma |Sezary disease | T-cell lymphoma | T cell lymphoma | Sézary disease | Sézary’s Disease | Cutaneous- T cell Lymphoma | CTCL | C-TCL | |  Lymph nodal sezary disease | T/NK-cell lymphoma | Lymphoma |,cb9b2f82-bd8b-50a7-833a-7749bb29f01f,https://www.icd10data.com//ICD10CM/Codes/C00-D49/C81-C96/C84-/C84.18
936,C84,Lymphoma,Mature T/NK-cell lymphomas,C84.19,Sézary disease extranodal and solid organ sites,C84 | C84.19 | T cell Lymphoma | NK Cell Lymphoma |Sezary disease | T-cell lymphoma | T cell lymphoma | Sézary disease | Sézary’s Disease | Cutaneous- T cell Lymphoma | CTCL | C-TCL | |  Lymph nodal sezary disease | T/NK-cell lymphoma | Lymphoma |,d1b8fc4a-4bc3-5aea-b9f2-69987aa9cbfc,https://www.icd10data.com//ICD10CM/Codes/C00-D49/C81-C96/C84-/C84.19
937,C84,Lymphoma,Mature T/NK-cell lymphomas,C84.1A,Sézary disease in remission,C84 | C84.1A | T cell Lymphoma | NK Cell Lymphoma |Sezary disease | T-cell lymphoma | T cell lymphoma | Sézary disease | Sézary’s Disease | Cutaneous- T cell Lymphoma | CTCL | C-TCL | |  Lymph nodal sezary disease | T/NK-cell lymphoma | Lymphoma |,004c66a9-157d-5965-ae63-bac9b5738a12,https://www.icd10data.com//ICD10CM/Codes/C00-D49/C81-C96/C84-/C84.1A
938,C84,Lymphoma,Mature T/NK-cell lymphomas,C84.4,"Peripheral T-cell lymphoma, not elsewhere classified",C84 | C84.4 | T cell Lymphoma | NK Cell Lymphoma | T-cell lymphoma | T cell lymphoma |Peripheral T-cell lymphoma| Peripheral T cell lymphoma| Composite T-cell lymphoma | T/NK-cell lymphoma | Lymphoma |,773716cd-c60f-5513-aba1-eca464a7d244,https://www.icd10data.com//ICD10CM/Codes/C00-D49/C81-C96/C84-/C84.4
939,C84,Lymphoma,Mature T/NK-cell lymphomas,C84.40,"Peripheral T-cell lymphoma, not elsewhere classified unspecified site",C84 | C84.40 | T cell Lymphoma | NK Cell Lymphoma | T-cell lymphoma | T cell lymphoma |Peripheral T-cell lymphoma| Peripheral T cell lymphoma| Composite T-cell lymphoma | T/NK-cell lymphoma | Lymphoma |,28412dc1-7427-57d6-879c-1bfa68c46ecb,https://www.icd10data.com//ICD10CM/Codes/C00-D49/C81-C96/C84-/C84.40
940,C84,Lymphoma,Mature T/NK-cell lymphomas,C84.41,"Peripheral T-cell lymphoma, not elsewhere classified lymph nodes of head, face, and neck",C84 | C84.41 | T cell Lymphoma | NK Cell Lymphoma | T-cell lymphoma | T cell lymphoma |Peripheral T-cell lymphoma| Peripheral T cell lymphoma| Composite T-cell lymphoma | T/NK-cell lymphoma | Lymphoma | Lymph-nodal parietal T-cell Lymphoma |,11ce4698-d6c8-5dbc-8097-ea30c26b3e7c,https://www.icd10data.com//ICD10CM/Codes/C00-D49/C81-C96/C84-/C84.41
941,C84,Lymphoma,Mature T/NK-cell lymphomas,C84.42,"Peripheral T-cell lymphoma, not elsewhere classified intrathoracic lymph nodes",C84 | C84.42 | T cell Lymphoma | NK Cell Lymphoma | T-cell lymphoma | T cell lymphoma |Peripheral T-cell lymphoma| Peripheral T cell lymphoma| Composite T-cell lymphoma | T/NK-cell lymphoma | Lymphoma | Lymph-nodal parietal T-cell Lymphoma |,3e23dab2-81ba-58a2-94c5-51ae8bd2c7d3,https://www.icd10data.com//ICD10CM/Codes/C00-D49/C81-C96/C84-/C84.42
942,C84,Lymphoma,Mature T/NK-cell lymphomas,C84.43,"Peripheral T-cell lymphoma, not elsewhere classified intra-abdominal lymph nodes",C84 | C84.43 | T cell Lymphoma | NK Cell Lymphoma | T-cell lymphoma | T cell lymphoma |Peripheral T-cell lymphoma| Peripheral T cell lymphoma| Composite T-cell lymphoma | T/NK-cell lymphoma | Lymphoma | Lymph-nodal parietal T-cell Lymphoma |,485ea91b-5dd6-5ffd-9785-b12e582c4e0f,https://www.icd10data.com//ICD10CM/Codes/C00-D49/C81-C96/C84-/C84.43
943,C84,Lymphoma,Mature T/NK-cell lymphomas,C84.44,"Peripheral T-cell lymphoma, not elsewhere classified lymph nodes of axilla and upper limb",C84 | C84.44 | T cell Lymphoma | NK Cell Lymphoma | T-cell lymphoma | T cell lymphoma |Peripheral T-cell lymphoma| Peripheral T cell lymphoma| Composite T-cell lymphoma | T/NK-cell lymphoma | Lymphoma | Lymph-nodal parietal T-cell Lymphoma |,658d47a7-41f9-5626-96e6-28f59782f0fd,https://www.icd10data.com//ICD10CM/Codes/C00-D49/C81-C96/C84-/C84.44
970,C84,Lymphoma,Mature T/NK-cell lymphomas,C84.77,"Anaplastic large cell lymphoma, ALK-negative spleen",C84 | C84.77 | T cell Lymphoma | NK Cell Lymphoma | T cell lymphoma|Anaplastic large cell lymphoma|CTCL | C-TCL ||ALK-Negative ALCL|ALCL-ALK- | T/NK-cell lymphoma | Lymphoma | Lymph nodal anaplastic lymphoma |,ad090eb5-936e-5e17-a51f-7351de0b33ca,https://www.icd10data.com//ICD10CM/Codes/C00-D49/C81-C96/C84-/C84.77
944,C84,Lymphoma,Mature T/NK-cell lymphomas,C84.45,"Peripheral T-cell lymphoma, not elsewhere classified lymph nodes of inguinal region and lower limb",C84 | C84.45 | T cell Lymphoma | NK Cell Lymphoma | T-cell lymphoma | T cell lymphoma |Peripheral T-cell lymphoma| Peripheral T cell lymphoma| Composite T-cell lymphoma | T/NK-cell lymphoma | Lymphoma | Lymph-nodal parietal T-cell Lymphoma |,bd74a6f0-616f-5b5b-ac6b-5c3ed6376079,https://www.icd10data.com//ICD10CM/Codes/C00-D49/C81-C96/C84-/C84.45
945,C84,Lymphoma,Mature T/NK-cell lymphomas,C84.46,"Peripheral T-cell lymphoma, not elsewhere classified intrapelvic lymph nodes",C84 | C84.46 | T cell Lymphoma | NK Cell Lymphoma | T-cell lymphoma | T cell lymphoma |Peripheral T-cell lymphoma| Peripheral T cell lymphoma| Composite T-cell lymphoma | T/NK-cell lymphoma | Lymphoma | Lymph-nodal parietal T-cell Lymphoma |,c07fe5a4-adc0-5ed8-8277-ba5bd005ce4c,https://www.icd10data.com//ICD10CM/Codes/C00-D49/C81-C96/C84-/C84.46
946,C84,Lymphoma,Mature T/NK-cell lymphomas,C84.47,"Peripheral T-cell lymphoma, not elsewhere classified spleen",C84 | C84.47 | T cell Lymphoma | NK Cell Lymphoma | T-cell lymphoma | T cell lymphoma |Peripheral T-cell lymphoma| Peripheral T cell lymphoma| Composite T-cell lymphoma | T/NK-cell lymphoma | Lymphoma | Lymph-nodal parietal T-cell Lymphoma |,3cd0b415-d474-5962-ac0a-52397d0ee43b,https://www.icd10data.com//ICD10CM/Codes/C00-D49/C81-C96/C84-/C84.47
947,C84,Lymphoma,Mature T/NK-cell lymphomas,C84.48,"Peripheral T-cell lymphoma, not elsewhere classified lymph nodes of multiple sites",C84 | C84.48 | T cell Lymphoma | NK Cell Lymphoma | T-cell lymphoma | T cell lymphoma |Peripheral T-cell lymphoma| Peripheral T cell lymphoma| Composite T-cell lymphoma | T/NK-cell lymphoma | Lymphoma | Lymph-nodal parietal T-cell Lymphoma |,7b6c5545-de46-5e3a-b45c-c003450baacb,https://www.icd10data.com//ICD10CM/Codes/C00-D49/C81-C96/C84-/C84.48
948,C84,Lymphoma,Mature T/NK-cell lymphomas,C84.49,"Peripheral T-cell lymphoma, not elsewhere classified extranodal and solid organ sites",C84 | C84.49 | T cell Lymphoma | NK Cell Lymphoma | T-cell lymphoma | T cell lymphoma |Peripheral T-cell lymphoma| Peripheral T cell lymphoma| Composite T-cell lymphoma | T/NK-cell lymphoma | Lymphoma | Lymph-nodal parietal T-cell Lymphoma |,88afc82a-05a0-511b-8b66-1124b47479b2,https://www.icd10data.com//ICD10CM/Codes/C00-D49/C81-C96/C84-/C84.49
949,C84,Lymphoma,Mature T/NK-cell lymphomas,C84.4A,"Peripheral T-cell lymphoma, not elsewhere classified in remission",C84 | C84.4A | T cell Lymphoma | NK Cell Lymphoma | T-cell lymphoma | T cell lymphoma |Peripheral T-cell lymphoma| Peripheral T cell lymphoma| Composite T-cell lymphoma | T/NK-cell lymphoma | Lymphoma | Lymph-nodal parietal T-cell Lymphoma |,793f2d6a-f799-5601-96dd-397efa0d83e9,https://www.icd10data.com//ICD10CM/Codes/C00-D49/C81-C96/C84-/C84.4A
950,C84,Lymphoma,Mature T/NK-cell lymphomas,C84.6,"Anaplastic large cell lymphoma, ALK-positive",C84 | C84.6 | T cell Lymphoma | NK Cell Lymphoma | T cell lymphoma|Anaplastic large cell lymphoma|CTCL | C-TCL ||ALK-positive ALCL|ALCL-ALK+ | T/NK-cell lymphoma | Lymphoma |,f9adbea1-5f3f-508e-9bf1-bcc41795fb8a,https://www.icd10data.com//ICD10CM/Codes/C00-D49/C81-C96/C84-/C84.6
951,C84,Lymphoma,Mature T/NK-cell lymphomas,C84.60,"Anaplastic large cell lymphoma, ALK-positive unspecified site",C84 | C84.60 | T cell Lymphoma | NK Cell Lymphoma | T cell lymphoma|Anaplastic large cell lymphoma|CTCL | C-TCL ||ALK-positive ALCL|ALCL-ALK+ | T/NK-cell lymphoma | Lymphoma |,acf60f1b-83b8-581d-b685-fb847f57561c,https://www.icd10data.com//ICD10CM/Codes/C00-D49/C81-C96/C84-/C84.60
952,C84,Lymphoma,Mature T/NK-cell lymphomas,C84.61,"Anaplastic large cell lymphoma, ALK-positive lymph nodes of head, face, and neck",C84 | C84.61 | T cell Lymphoma | NK Cell Lymphoma | T cell lymphoma|Anaplastic large cell lymphoma|CTCL | C-TCL ||ALK-positive ALCL|ALCL-ALK+ | T/NK-cell lymphoma | Lymphoma | ALK+ Lymph nodal lymphoma |Lymph nodal anaplastic lymphoma |,ffa9000e-1954-5d55-ba83-95b46f715ca5,https://www.icd10data.com//ICD10CM/Codes/C00-D49/C81-C96/C84-/C84.61
953,C84,Lymphoma,Mature T/NK-cell lymphomas,C84.62,"Anaplastic large cell lymphoma, ALK-positive intrathoracic lymph nodes",C84 | C84.62 | T cell Lymphoma | NK Cell Lymphoma | T cell lymphoma|Anaplastic large cell lymphoma|CTCL | C-TCL ||ALK-positive ALCL|ALCL-ALK+ | T/NK-cell lymphoma | Lymphoma | ALK+ Lymph nodal lymphoma |Lymph nodal anaplastic lymphoma |,785c3263-9004-554a-b1fc-e3706dada4d9,https://www.icd10data.com//ICD10CM/Codes/C00-D49/C81-C96/C84-/C84.62
954,C84,Lymphoma,Mature T/NK-cell lymphomas,C84.63,"Anaplastic large cell lymphoma, ALK-positive intra-abdominal lymph nodes",C84 | C84.63 | T cell Lymphoma | NK Cell Lymphoma | T cell lymphoma|Anaplastic large cell lymphoma|CTCL | C-TCL ||ALK-positive ALCL|ALCL-ALK+ | T/NK-cell lymphoma | Lymphoma | ALK+ Lymph nodal lymphoma |Lymph nodal anaplastic lymphoma |,8654e98c-c184-5152-8b92-bc4fc59b3cf5,https://www.icd10data.com//ICD10CM/Codes/C00-D49/C81-C96/C84-/C84.63
955,C84,Lymphoma,Mature T/NK-cell lymphomas,C84.64,"Anaplastic large cell lymphoma, ALK-positive lymph nodes of axilla and upper limb",C84 | C84.64 | T cell Lymphoma | NK Cell Lymphoma | T cell lymphoma|Anaplastic large cell lymphoma|CTCL | C-TCL ||ALK-positive ALCL|ALCL-ALK+ | T/NK-cell lymphoma | Lymphoma | Lymph nodal anaplastic lymphoma |,e180658d-0de3-556b-a736-6079cce75bf1,https://www.icd10data.com//ICD10CM/Codes/C00-D49/C81-C96/C84-/C84.64
956,C84,Lymphoma,Mature T/NK-cell lymphomas,C84.65,"Anaplastic large cell lymphoma, ALK-positive lymph nodes of inguinal region and lower limb",C84 | C84.65 | T cell Lymphoma | NK Cell Lymphoma | T cell lymphoma|Anaplastic large cell lymphoma|CTCL | C-TCL ||ALK-positive ALCL|ALCL-ALK+ | T/NK-cell lymphoma | Lymphoma | Lymph nodal anaplastic lymphoma |,3e9b00e2-256f-5b14-967e-600cf1be5a2b,https://www.icd10data.com//ICD10CM/Codes/C00-D49/C81-C96/C84-/C84.65
957,C84,Lymphoma,Mature T/NK-cell lymphomas,C84.66,"Anaplastic large cell lymphoma, ALK-positive intrapelvic lymph nodes",C84 | C84.66 | T cell Lymphoma | NK Cell Lymphoma | T cell lymphoma|Anaplastic large cell lymphoma|CTCL | C-TCL ||ALK-positive ALCL|ALCL-ALK+ | T/NK-cell lymphoma | Lymphoma | Lymph nodal anaplastic lymphoma |,afd5220d-9fd9-5d80-9698-21880cfc827b,https://www.icd10data.com//ICD10CM/Codes/C00-D49/C81-C96/C84-/C84.66
958,C84,Lymphoma,Mature T/NK-cell lymphomas,C84.67,"Anaplastic large cell lymphoma, ALK-positive spleen",C84 | C84.67 | T cell Lymphoma | NK Cell Lymphoma | T cell lymphoma|Anaplastic large cell lymphoma|CTCL | C-TCL ||ALK-positive ALCL|ALCL-ALK+ | T/NK-cell lymphoma | Lymphoma | ,8d5de2ad-588c-5639-abfe-1051dc07aef9,https://www.icd10data.com//ICD10CM/Codes/C00-D49/C81-C96/C84-/C84.67
959,C84,Lymphoma,Mature T/NK-cell lymphomas,C84.68,"Anaplastic large cell lymphoma, ALK-positive lymph nodes of multiple sites",C84 | C84.68 | T cell Lymphoma | NK Cell Lymphoma | T cell lymphoma|Anaplastic large cell lymphoma|CTCL | C-TCL ||ALK-positive ALCL|ALCL-ALK+ | T/NK-cell lymphoma | Lymphoma | Lymph nodal anaplastic lymphoma |,07fbb517-3237-50ce-8e14-38471ac67fea,https://www.icd10data.com//ICD10CM/Codes/C00-D49/C81-C96/C84-/C84.68
960,C84,Lymphoma,Mature T/NK-cell lymphomas,C84.69,"Anaplastic large cell lymphoma, ALK-positive extranodal and solid organ sites",C84 | C84.69 | T cell Lymphoma | NK Cell Lymphoma | T cell lymphoma|Anaplastic large cell lymphoma|CTCL | C-TCL ||ALK-positive ALCL|ALCL-ALK+ | T/NK-cell lymphoma | Lymphoma | Lymph nodal anaplastic lymphoma |,942211f4-71d0-5951-ad67-17e5105b0179,https://www.icd10data.com//ICD10CM/Codes/C00-D49/C81-C96/C84-/C84.69
961,C84,Lymphoma,Mature T/NK-cell lymphomas,C84.6A,"Anaplastic large cell lymphoma, ALK-positive in remission",C84 | C84.6A | T cell Lymphoma | NK Cell Lymphoma | T cell lymphoma|Anaplastic large cell lymphoma|CTCL | C-TCL ||ALK-positive ALCL|ALCL-ALK+ | T/NK-cell lymphoma | Lymphoma | Lymph nodal anaplastic lymphoma |,981c36b3-7a2f-5124-952b-136218964aeb,https://www.icd10data.com//ICD10CM/Codes/C00-D49/C81-C96/C84-/C84.6A
962,C84,Lymphoma,Mature T/NK-cell lymphomas,C84.7,"Anaplastic large cell lymphoma, ALK-negative",C84 | C84.7 | T cell Lymphoma | NK Cell Lymphoma | T cell lymphoma|Anaplastic large cell lymphoma|CTCL | C-TCL ||ALK-Negative ALCL|ALCL-ALK- | T/NK-cell lymphoma | Lymphoma | Lymph nodal anaplastic lymphoma |,709429ba-d1c9-5cc4-82e1-54f976f4add1,https://www.icd10data.com//ICD10CM/Codes/C00-D49/C81-C96/C84-/C84.7
963,C84,Lymphoma,Mature T/NK-cell lymphomas,C84.70,"Anaplastic large cell lymphoma, ALK-negative unspecified site",C84 | C84.70 | T cell Lymphoma | NK Cell Lymphoma | T cell lymphoma|Anaplastic large cell lymphoma|CTCL | C-TCL ||ALK-Negative ALCL|ALCL-ALK- | T/NK-cell lymphoma | Lymphoma | Lymph nodal anaplastic lymphoma |,bbd1faed-f87b-57c5-ad0f-43fa1f441c99,https://www.icd10data.com//ICD10CM/Codes/C00-D49/C81-C96/C84-/C84.70
964,C84,Lymphoma,Mature T/NK-cell lymphomas,C84.71,"Anaplastic large cell lymphoma, ALK-negative lymph nodes of head, face, and neck",C84 | C84.71 | T cell Lymphoma | NK Cell Lymphoma | T cell lymphoma|Anaplastic large cell lymphoma|CTCL | C-TCL ||ALK-Negative ALCL|ALCL-ALK- | T/NK-cell lymphoma | Lymphoma | Lymph nodal anaplastic lymphoma |,43d8cd8e-ee77-5d5f-8158-3966acea638f,https://www.icd10data.com//ICD10CM/Codes/C00-D49/C81-C96/C84-/C84.71
965,C84,Lymphoma,Mature T/NK-cell lymphomas,C84.72,"Anaplastic large cell lymphoma, ALK-negative intrathoracic lymph nodes",C84 | C84.72 | T cell Lymphoma | NK Cell Lymphoma | T cell lymphoma|Anaplastic large cell lymphoma|CTCL | C-TCL ||ALK-Negative ALCL|ALCL-ALK- | T/NK-cell lymphoma | Lymphoma | Lymph nodal anaplastic lymphoma |,1781e66b-4c26-5ec0-b480-9eb57168b25e,https://www.icd10data.com//ICD10CM/Codes/C00-D49/C81-C96/C84-/C84.72
966,C84,Lymphoma,Mature T/NK-cell lymphomas,C84.73,"Anaplastic large cell lymphoma, ALK-negative intra-abdominal lymph nodes",C84 | C84.73 | T cell Lymphoma | NK Cell Lymphoma | T cell lymphoma|Anaplastic large cell lymphoma|CTCL | C-TCL ||ALK-Negative ALCL|ALCL-ALK- | T/NK-cell lymphoma | Lymphoma | Lymph nodal anaplastic lymphoma |,f572ba9e-4b9b-5170-aa5d-4625d589d9d2,https://www.icd10data.com//ICD10CM/Codes/C00-D49/C81-C96/C84-/C84.73
967,C84,Lymphoma,Mature T/NK-cell lymphomas,C84.74,"Anaplastic large cell lymphoma, ALK-negative lymph nodes of axilla and upper limb",C84 | C84.74 | T cell Lymphoma | NK Cell Lymphoma | T cell lymphoma|Anaplastic large cell lymphoma|CTCL | C-TCL ||ALK-Negative ALCL|ALCL-ALK- | T/NK-cell lymphoma | Lymphoma | Lymph nodal anaplastic lymphoma |,5484a113-c382-51da-8f54-e9a08097d16e,https://www.icd10data.com//ICD10CM/Codes/C00-D49/C81-C96/C84-/C84.74
968,C84,Lymphoma,Mature T/NK-cell lymphomas,C84.75,"Anaplastic large cell lymphoma, ALK-negative lymph nodes of inguinal region and lower limb",C84 | C84.75 | T cell Lymphoma | NK Cell Lymphoma | T cell lymphoma|Anaplastic large cell lymphoma|CTCL | C-TCL ||ALK-Negative ALCL|ALCL-ALK- | T/NK-cell lymphoma | Lymphoma | Lymph nodal anaplastic lymphoma |,2c92c3e4-fe99-58e0-8708-832aa73cab1c,https://www.icd10data.com//ICD10CM/Codes/C00-D49/C81-C96/C84-/C84.75
969,C84,Lymphoma,Mature T/NK-cell lymphomas,C84.76,"Anaplastic large cell lymphoma, ALK-negative intrapelvic lymph nodes",C84 | C84.76 | T cell Lymphoma | NK Cell Lymphoma | T cell lymphoma|Anaplastic large cell lymphoma|CTCL | C-TCL ||ALK-Negative ALCL|ALCL-ALK- | T/NK-cell lymphoma | Lymphoma | Lymph nodal anaplastic lymphoma |,cd300cdf-114d-5677-a877-a88737dea88c,https://www.icd10data.com//ICD10CM/Codes/C00-D49/C81-C96/C84-/C84.76
1111,C90,Multiple myeloma,Multiple myeloma and malignant plasma cell neoplasms,C90.30,Solitary plasmacytoma not having achieved remission,C90 | C90.30  | Solitary plasmacytoma| Osseous plasmacytoma | Bone Plasmacytoma|Myeloma | Multiple Myeloma | ,2ed78d33-e495-5ae5-8f81-1b543a8cca73,https://www.icd10data.com//ICD10CM/Codes/C00-D49/C81-C96/C90-/C90.30
971,C84,Lymphoma,Mature T/NK-cell lymphomas,C84.78,"Anaplastic large cell lymphoma, ALK-negative lymph nodes of multiple sites",C84 | C84.78 | T cell Lymphoma | NK Cell Lymphoma | T cell lymphoma|Anaplastic large cell lymphoma|CTCL | C-TCL ||ALK-Negative ALCL|ALCL-ALK- | T/NK-cell lymphoma | Lymphoma | Lymph nodal anaplastic lymphoma |,b2b7958c-bc3b-513a-9935-9e5c81e4f544,https://www.icd10data.com//ICD10CM/Codes/C00-D49/C81-C96/C84-/C84.78
972,C84,Lymphoma,Mature T/NK-cell lymphomas,C84.79,"Anaplastic large cell lymphoma, ALK-negative extranodal and solid organ sites",C84 | C84.7 | T cell Lymphoma | NK Cell Lymphoma | T cell lymphoma|Anaplastic large cell lymphoma|CTCL | C-TCL ||ALK-Negative ALCL|ALCL-ALK- | T/NK-cell lymphoma | Lymphoma | Lymph nodal anaplastic lymphoma | extra- nodal anaplastic lymphoma |,740bc525-122f-5c06-9af4-7d8719343496,https://www.icd10data.com//ICD10CM/Codes/C00-D49/C81-C96/C84-/C84.79
973,C84,Lymphoma,Mature T/NK-cell lymphomas,C84.7A,"Anaplastic large cell lymphoma, ALK-negative breast",C84 | C84.7A | T cell Lymphoma | NK Cell Lymphoma |Sezary disease | T-cell lymphoma | T cell lymphoma |Peripheral T-cell lymphoma| Peripheral T cell lymphoma|Anaplastic large cell lymphoma|CTCL | C-TCL ||ALK-positive ALCL|ALCL-ALK+ |Composite T-cell lymphoma | ALK-negative breast lymphoma |,d748f3de-8642-5725-8634-b02e66256122,https://www.icd10data.com//ICD10CM/Codes/C00-D49/C81-C96/C84-/C84.7A
974,C84,Lymphoma,Mature T/NK-cell lymphomas,C84.7B,"Anaplastic large cell lymphoma, ALK-negative in remission",C84 | C84.7B | T cell Lymphoma | NK Cell Lymphoma | T-cell lymphoma | T cell lymphoma |Peripheral T-cell lymphoma| Peripheral T cell lymphoma|Anaplastic large cell lymphoma|CTCL | C-TCL ||ALK-positive ALCL|ALCL-ALK |,18de05cc-2477-5b3e-9eb3-f402e57d012d,https://www.icd10data.com//ICD10CM/Codes/C00-D49/C81-C96/C84-/C84.7B
975,C84,Lymphoma,Mature T/NK-cell lymphomas,C84.A,"Cutaneous T-cell lymphoma, unspecified",C84 | C84.A | T cell Lymphoma | NK Cell Lymphoma | T-cell lymphoma | T cell lymphoma | Cutaneous T-cell lymphoma | CTCL | C-TCL | | Cutaneous T cell lymphoma | Cutaneous Tcell lymphoma |,1534e9ac-29e7-5564-b3f6-15eab6fbdbca,https://www.icd10data.com//ICD10CM/Codes/C00-D49/C81-C96/C84-/C84.A
976,C84,Lymphoma,Mature T/NK-cell lymphomas,C84.A0,"Cutaneous T-cell lymphoma, unspecified unspecified site",C84 | C84.A0 | T cell Lymphoma | NK Cell Lymphoma | T-cell lymphoma | T cell lymphoma | Cutaneous T-cell lymphoma | CTCL | C-TCL | | Cutaneous T cell lymphoma | Cutaneous Tcell lymphoma |,3e0d5250-b9a2-5038-a747-a0df638440b9,https://www.icd10data.com//ICD10CM/Codes/C00-D49/C81-C96/C84-/C84.A0
977,C84,Lymphoma,Mature T/NK-cell lymphomas,C84.A1,"Cutaneous T-cell lymphoma, unspecified lymph nodes of head, face, and neck",C84 | C84.A1 | T cell Lymphoma | NK Cell Lymphoma | T-cell lymphoma | T cell lymphoma | Cutaneous T-cell lymphoma | CTCL | C-TCL | | Cutaneous T cell lymphoma | Cutaneous Tcell lymphoma |,2cbb80ae-0582-50ae-a34c-e1f6f0adcf15,https://www.icd10data.com//ICD10CM/Codes/C00-D49/C81-C96/C84-/C84.A1
978,C84,Lymphoma,Mature T/NK-cell lymphomas,C84.A2,"Cutaneous T-cell lymphoma, unspecified intrathoracic lymph nodes",C84 | C84.A2 | T cell Lymphoma | NK Cell Lymphoma | T-cell lymphoma | T cell lymphoma | Cutaneous T-cell lymphoma | CTCL | C-TCL | | Cutaneous T cell lymphoma | Cutaneous Tcell lymphoma | Lymph nodal lymphoma | Lymph-nodal lymphoma |,02ef2711-4347-55dd-94d4-52ce01341304,https://www.icd10data.com//ICD10CM/Codes/C00-D49/C81-C96/C84-/C84.A2
979,C84,Lymphoma,Mature T/NK-cell lymphomas,C84.A3,"Cutaneous T-cell lymphoma, unspecified intra-abdominal lymph nodes",C84 | C84.A3 | | T cell Lymphoma | NK Cell Lymphoma | T-cell lymphoma | T cell lymphoma | Cutaneous T-cell lymphoma | CTCL | C-TCL | | Cutaneous T cell lymphoma | Cutaneous Tcell lymphoma | Lymph nodal lymphoma | Lymph-nodal lymphoma |,de4f02c3-8931-549e-a6ee-036eb221b6c9,https://www.icd10data.com//ICD10CM/Codes/C00-D49/C81-C96/C84-/C84.A3
980,C84,Lymphoma,Mature T/NK-cell lymphomas,C84.A4,"Cutaneous T-cell lymphoma, unspecified lymph nodes of axilla and upper limb",C84 | C84.A4 | T cell Lymphoma | NK Cell Lymphoma | T-cell lymphoma | T cell lymphoma | Cutaneous T-cell lymphoma | CTCL | C-TCL | | Cutaneous T cell lymphoma | Cutaneous Tcell lymphoma | Lymph nodal lymphoma | Lymph-nodal lymphoma |,76d13e4b-9d6f-5c71-82e2-b52074acdbf4,https://www.icd10data.com//ICD10CM/Codes/C00-D49/C81-C96/C84-/C84.A4
981,C84,Lymphoma,Mature T/NK-cell lymphomas,C84.A5,"Cutaneous T-cell lymphoma, unspecified lymph nodes of inguinal region and lower limb",C84 | C84.A5 | T cell Lymphoma | NK Cell Lymphoma | T-cell lymphoma | T cell lymphoma | Cutaneous T-cell lymphoma | CTCL | C-TCL | | Cutaneous T cell lymphoma | Cutaneous Tcell lymphoma | Lymph nodal lymphoma | Lymph-nodal lymphoma |,e389a6a8-0e1c-5288-bdd9-c397073bc53d,https://www.icd10data.com//ICD10CM/Codes/C00-D49/C81-C96/C84-/C84.A5
982,C84,Lymphoma,Mature T/NK-cell lymphomas,C84.A6,"Cutaneous T-cell lymphoma, unspecified intrapelvic lymph nodes",C84 | C84.A6 | T cell Lymphoma | NK Cell Lymphoma | T-cell lymphoma | T cell lymphoma | Cutaneous T-cell lymphoma | CTCL | C-TCL | | Cutaneous T cell lymphoma | Cutaneous Tcell lymphoma | Lymph nodal lymphoma | Lymph-nodal lymphoma |,089a2c8f-1649-5dc2-a701-3bb4defc426d,https://www.icd10data.com//ICD10CM/Codes/C00-D49/C81-C96/C84-/C84.A6
983,C84,Lymphoma,Mature T/NK-cell lymphomas,C84.A7,"Cutaneous T-cell lymphoma, unspecified spleen",C84 | C84.A7 | T cell Lymphoma | NK Cell Lymphoma | T-cell lymphoma | T cell lymphoma | Cutaneous T-cell lymphoma | CTCL | C-TCL | | Cutaneous T cell lymphoma | Cutaneous Tcell lymphoma | Lymph nodal lymphoma | Lymph-nodal lymphoma |,fda7ed66-b361-54fa-b6cc-d7fb4b2324c9,https://www.icd10data.com//ICD10CM/Codes/C00-D49/C81-C96/C84-/C84.A7
1012,C85,Lymphoma,Other specified and unspecified types of non-Hodgkin lymphoma,C85.10,Unspecified B-cell lymphoma unspecified site,C85 | C85.10 |  NHL|Non-Hodgkin lymphoma| Non Hodgkin lymphoma |Non-Hodgkin's  | Non Hodgkin's Lymphoma | B-Cell Lymphoma | B Cell Lymphoma,2469f7f2-efa7-5a7f-a002-50c1b7f5dcdd,https://www.icd10data.com//ICD10CM/Codes/C00-D49/C81-C96/C85-/C85.10
984,C84,Lymphoma,Mature T/NK-cell lymphomas,C84.A8,"Cutaneous T-cell lymphoma, unspecified lymph nodes of multiple sites",C84 | C84.A8 | T cell Lymphoma | NK Cell Lymphoma | T-cell lymphoma | T cell lymphoma | Cutaneous T-cell lymphoma | CTCL | C-TCL | | Cutaneous T cell lymphoma | Cutaneous Tcell lymphoma | Lymph nodal lymphoma | Lymph-nodal lymphoma | ,9e4bb02d-5508-5d3c-a3d0-6128a8f35adf,https://www.icd10data.com//ICD10CM/Codes/C00-D49/C81-C96/C84-/C84.A8
985,C84,Lymphoma,Mature T/NK-cell lymphomas,C84.A9,"Cutaneous T-cell lymphoma, unspecified extranodal and solid organ sites",C84 | C84.A9 | T cell Lymphoma | NK Cell Lymphoma | T-cell lymphoma | T cell lymphoma |Peripheral T-cell lymphoma| Peripheral T cell lymphoma|Anaplastic large cell lymphoma|CTCL | C-TCL ||ALK-positive ALCL|ALCL-ALK+ |Composite T-cell lymphoma |,164aecf0-71fd-5ab2-a1c8-a27ea81096ae,https://www.icd10data.com//ICD10CM/Codes/C00-D49/C81-C96/C84-/C84.A9
986,C84,Lymphoma,Mature T/NK-cell lymphomas,C84.AA,"Cutaneous T-cell lymphoma, unspecified in remission",C84 | C84.AA | T cell Lymphoma | NK Cell Lymphoma | T-cell lymphoma | T cell lymphoma | Peripheral T-cell lymphoma| Peripheral T cell lymphoma|Anaplastic large cell lymphoma|CTCL | C-TCL ||ALK-positive ALCL|ALCL-ALK+ |Composite T-cell lymphoma |,b9aac31a-bdc9-564d-9d18-9769c828f3ff,https://www.icd10data.com//ICD10CM/Codes/C00-D49/C81-C96/C84-/C84.AA
987,C84,Lymphoma,Mature T/NK-cell lymphomas,C84.Z,Other mature T/NK-cell lymphomas,C84 | C84.Z | Lennert's Lymphoma | Lennerts Lymphoma | T-zone Lymphoma | T zone Lymphoma | NK Cell Lymphoma | T-cell lymphoma | T cell lymphoma |,21a364ab-b7cc-57af-bcba-ba72f30a81d7,https://www.icd10data.com//ICD10CM/Codes/C00-D49/C81-C96/C84-/C84.Z
988,C84,Lymphoma,Mature T/NK-cell lymphomas,C84.Z0,Other mature T/NK-cell lymphomas unspecified site,C84 | C84.Z0 | Lennert's Lymphoma | Lennerts Lymphoma | T-zone Lymphoma | T zone Lymphoma | NK Cell Lymphoma | T-cell lymphoma | T cell lymphoma | Lymphoma |,9738aded-0f35-5e72-a642-7014fefcf8ac,https://www.icd10data.com//ICD10CM/Codes/C00-D49/C81-C96/C84-/C84.Z0
989,C84,Lymphoma,Mature T/NK-cell lymphomas,C84.Z1,"Other mature T/NK-cell lymphomas lymph nodes of head, face, and neck",C84 | C84.Z1 | Lennert's Lymphoma | Lennerts Lymphoma | T-zone Lymphoma | T zone Lymphoma | NK Cell Lymphoma | T-cell lymphoma | T cell lymphoma | Lymphoma | Lymph nodal T/NK Lymphoma | Lymph nodal T/NK cell lymphoma |,804b66d0-b94f-5b62-b2e8-c80cae03ef6d,https://www.icd10data.com//ICD10CM/Codes/C00-D49/C81-C96/C84-/C84.Z1
990,C84,Lymphoma,Mature T/NK-cell lymphomas,C84.Z2,Other mature T/NK-cell lymphomas intrathoracic lymph nodes,C84 | C84.Z2 | Lennert's Lymphoma | Lennerts Lymphoma | T-zone Lymphoma | T zone Lymphoma | NK Cell Lymphoma | T-cell lymphoma | T cell lymphoma | Lymphoma | Lymph nodal T/NK Lymphoma | Lymph nodal T/NK cell lymphoma |,8e454f17-aef7-57aa-8edd-0ada01b6058f,https://www.icd10data.com//ICD10CM/Codes/C00-D49/C81-C96/C84-/C84.Z2
991,C84,Lymphoma,Mature T/NK-cell lymphomas,C84.Z3,Other mature T/NK-cell lymphomas intra-abdominal lymph nodes,C84 | C84.Z3 | Lennert's Lymphoma | Lennerts Lymphoma | T-zone Lymphoma | T zone Lymphoma | NK Cell Lymphoma | T-cell lymphoma | T cell lymphoma | Lymphoma | Lymph nodal T/NK Lymphoma | Lymph nodal T/NK cell lymphoma |,e8206409-0618-5b35-a30e-14188493ce52,https://www.icd10data.com//ICD10CM/Codes/C00-D49/C81-C96/C84-/C84.Z3
992,C84,Lymphoma,Mature T/NK-cell lymphomas,C84.Z4,Other mature T/NK-cell lymphomas lymph nodes of axilla and upper limb,C84 | C84.Z4 | Lennert's Lymphoma | Lennerts Lymphoma | T-zone Lymphoma | T zone Lymphoma | NK Cell Lymphoma | T-cell lymphoma | T cell lymphoma | Lymphoma | Lymph nodal T/NK Lymphoma | Lymph nodal T/NK cell lymphoma |,d737e6f2-6d8b-5cc8-a279-955e62945406,https://www.icd10data.com//ICD10CM/Codes/C00-D49/C81-C96/C84-/C84.Z4
993,C84,Lymphoma,Mature T/NK-cell lymphomas,C84.Z5,Other mature T/NK-cell lymphomas lymph nodes of inguinal region and lower limb,C84 | C84.Z5 | Lennert's Lymphoma | Lennerts Lymphoma | T-zone Lymphoma | T zone Lymphoma | NK Cell Lymphoma | T-cell lymphoma | T cell lymphoma | Lymphoma | Lymph nodal T/NK Lymphoma | Lymph nodal T/NK cell lymphoma |,5693212e-c160-54ed-b3b1-bec0ac03f7af,https://www.icd10data.com//ICD10CM/Codes/C00-D49/C81-C96/C84-/C84.Z5
994,C84,Lymphoma,Mature T/NK-cell lymphomas,C84.Z6,Other mature T/NK-cell lymphomas intrapelvic lymph nodes,C84 | C84.Z6 | Lennert's Lymphoma | Lennerts Lymphoma | T-zone Lymphoma | T zone Lymphoma | NK Cell Lymphoma | T-cell lymphoma | T cell lymphoma | Lymphoma | Lymph nodal T/NK Lymphoma | Lymph nodal T/NK cell lymphoma |,82445e77-f2b5-54e8-a252-fbd6813d9ffa,https://www.icd10data.com//ICD10CM/Codes/C00-D49/C81-C96/C84-/C84.Z6
995,C84,Lymphoma,Mature T/NK-cell lymphomas,C84.Z7,Other mature T/NK-cell lymphomas spleen,C84 | C84.Z7 | Lennert's Lymphoma | Lennerts Lymphoma | T-zone Lymphoma | T zone Lymphoma | NK Cell Lymphoma | T-cell lymphoma | T cell lymphoma | Lymphoma | Lymph nodal T/NK Lymphoma | Lymph nodal T/NK cell lymphoma | T/NK-cell lymphoma of spleen |,e23bc61e-e8c3-5ec8-9ce8-34fc4273ea62,https://www.icd10data.com//ICD10CM/Codes/C00-D49/C81-C96/C84-/C84.Z7
996,C84,Lymphoma,Mature T/NK-cell lymphomas,C84.Z8,Other mature T/NK-cell lymphomas lymph nodes of multiple sites,C84 | C84.Z8 | Lennert's Lymphoma | Lennerts Lymphoma | T-zone Lymphoma | T zone Lymphoma | NK Cell Lymphoma | T-cell lymphoma | T cell lymphoma | Lymphoma | Lymph nodal T/NK Lymphoma | Lymph nodal T/NK cell lymphoma | ,01453aa7-1f0e-5fb4-8a76-1822a8fe36fd,https://www.icd10data.com//ICD10CM/Codes/C00-D49/C81-C96/C84-/C84.Z8
997,C84,Lymphoma,Mature T/NK-cell lymphomas,C84.Z9,Other mature T/NK-cell lymphomas extranodal and solid organ sites,C84 | C84.Z9 | Lennert's Lymphoma | Lennerts Lymphoma | T-zone Lymphoma | T zone Lymphoma | NK Cell Lymphoma | T-cell lymphoma | T cell lymphoma | Lymphoma | Lymph nodal T/NK Lymphoma | Lymph nodal T/NK cell lymphoma | T/NK-cell lymphoma of spleen |  extranodal T/NK-cell lymphoma |,9473b745-8765-5184-9e6b-929095a0f30a,https://www.icd10data.com//ICD10CM/Codes/C00-D49/C81-C96/C84-/C84.Z9
998,C84,Lymphoma,Mature T/NK-cell lymphomas,C84.ZA,Other mature T/NK-cell lymphomas in remission,C84 | C84.ZA | Lennert's Lymphoma | Lennerts Lymphoma | T-zone Lymphoma | T zone Lymphoma | NK Cell Lymphoma | T-cell lymphoma | T cell lymphoma | Lymphoma | Lymph nodal T/NK Lymphoma | Lymph nodal T/NK cell lymphoma | T/NK-cell lymphoma of spleen |  extranodal T/NK-cell lymphoma | extranodal T/NK-cell lymphoma REM |,db2d2c21-8cbb-5efb-beea-19a3d5cca705,https://www.icd10data.com//ICD10CM/Codes/C00-D49/C81-C96/C84-/C84.ZA
999,C84,Lymphoma,Mature T/NK-cell lymphomas,C84.9,"Mature T/NK-cell lymphomas, unspecified",C84 | C84.9 | T cell Lymphoma | NK Cell Lymphoma | T-cell lymphoma | T cell lymphoma | Lymphoma | T/NK-cell lymphoma | T/NK-cell lymphoma NOS | MTNKL-U | NKCL-U,ff3a06ca-4041-5ffc-84dd-8e3216346c9c,https://www.icd10data.com//ICD10CM/Codes/C00-D49/C81-C96/C84-/C84.9
1000,C84,Lymphoma,Mature T/NK-cell lymphomas,C84.90,"Mature T/NK-cell lymphomas, unspecified unspecified site",C84 | C84.90 | T cell Lymphoma | NK Cell Lymphoma | T-cell lymphoma | T cell lymphoma | Lymphoma | T/NK-cell lymphoma | T/NK-cell lymphoma NOS | MTNKL-U | NKCL-U,854bda3c-048d-5f37-8361-7931450734de,https://www.icd10data.com//ICD10CM/Codes/C00-D49/C81-C96/C84-/C84.90
1001,C84,Lymphoma,Mature T/NK-cell lymphomas,C84.91,"Mature T/NK-cell lymphomas, unspecified lymph nodes of head, face, and neck",C84 | C84.91 | T cell Lymphoma | NK Cell Lymphoma | T-cell lymphoma | T cell lymphoma | Lymphoma | T/NK-cell lymphoma | T/NK-cell lymphoma NOS | MTNKL-U | NKCL-U | Lymph nodal T/NK Lymphoma | Lymph nodal T/NK cell lymphoma |,63be0706-e210-510c-91af-f08efb4d3406,https://www.icd10data.com//ICD10CM/Codes/C00-D49/C81-C96/C84-/C84.91
1002,C84,Lymphoma,Mature T/NK-cell lymphomas,C84.92,"Mature T/NK-cell lymphomas, unspecified intrathoracic lymph nodes",C84 | C84.92 | T cell Lymphoma | NK Cell Lymphoma | T-cell lymphoma | T cell lymphoma | Lymphoma | T/NK-cell lymphoma | T/NK-cell lymphoma NOS | MTNKL-U | NKCL-U | Lymph nodal T/NK Lymphoma | Lymph nodal T/NK cell lymphoma |,06538964-2680-5a5b-a9b9-fb852eb4a52e,https://www.icd10data.com//ICD10CM/Codes/C00-D49/C81-C96/C84-/C84.92
1003,C84,Lymphoma,Mature T/NK-cell lymphomas,C84.93,"Mature T/NK-cell lymphomas, unspecified intra-abdominal lymph nodes",C84 | C84.93 | T cell Lymphoma | NK Cell Lymphoma | T-cell lymphoma | T cell lymphoma | Lymphoma | T/NK-cell lymphoma | T/NK-cell lymphoma NOS | MTNKL-U | NKCL-U | Lymph nodal T/NK Lymphoma | Lymph nodal T/NK cell lymphoma |,90d9d74d-21f2-5d79-8035-137338c6830d,https://www.icd10data.com//ICD10CM/Codes/C00-D49/C81-C96/C84-/C84.93
1004,C84,Lymphoma,Mature T/NK-cell lymphomas,C84.94,"Mature T/NK-cell lymphomas, unspecified lymph nodes of axilla and upper limb",C84 | C84.94 | T cell Lymphoma | NK Cell Lymphoma | T-cell lymphoma | T cell lymphoma | Lymphoma | T/NK-cell lymphoma | T/NK-cell lymphoma NOS | MTNKL-U | NKCL-U | Lymph nodal T/NK Lymphoma | Lymph nodal T/NK cell lymphoma |,bfd70ed5-b79d-5395-ba3e-3c3cd525f967,https://www.icd10data.com//ICD10CM/Codes/C00-D49/C81-C96/C84-/C84.94
1005,C84,Lymphoma,Mature T/NK-cell lymphomas,C84.95,"Mature T/NK-cell lymphomas, unspecified lymph nodes of inguinal region and lower limb",C84 | C84.95 | T cell Lymphoma | NK Cell Lymphoma | T-cell lymphoma | T cell lymphoma | Lymphoma | T/NK-cell lymphoma | T/NK-cell lymphoma NOS | MTNKL-U | NKCL-U | Lymph nodal T/NK Lymphoma | Lymph nodal T/NK cell lymphoma |,3b6dbb3f-2471-5b66-9a9a-14d8e1603181,https://www.icd10data.com//ICD10CM/Codes/C00-D49/C81-C96/C84-/C84.95
1006,C84,Lymphoma,Mature T/NK-cell lymphomas,C84.96,"Mature T/NK-cell lymphomas, unspecified intrapelvic lymph nodes",C84 | C84.96 | T cell Lymphoma | NK Cell Lymphoma | T-cell lymphoma | T cell lymphoma | Lymphoma | T/NK-cell lymphoma | T/NK-cell lymphoma NOS | MTNKL-U | NKCL-U | Lymph nodal T/NK Lymphoma | Lymph nodal T/NK cell lymphoma |,90b083ab-1df9-59fb-927e-670e0755831b,https://www.icd10data.com//ICD10CM/Codes/C00-D49/C81-C96/C84-/C84.96
1007,C84,Lymphoma,Mature T/NK-cell lymphomas,C84.97,"Mature T/NK-cell lymphomas, unspecified spleen",C84 | C84.97 | T cell Lymphoma | NK Cell Lymphoma | T-cell lymphoma | T cell lymphoma | Lymphoma | T/NK-cell lymphoma | T/NK-cell lymphoma NOS | MTNKL-U | NKCL-U | Lymph nodal T/NK Lymphoma | Lymph nodal T/NK cell lymphoma | T/NK-cell lymphoma of spleen |,c37fc6db-7a45-57b6-a990-aa0a4ab9bc62,https://www.icd10data.com//ICD10CM/Codes/C00-D49/C81-C96/C84-/C84.97
1008,C84,Lymphoma,Mature T/NK-cell lymphomas,C84.98,"Mature T/NK-cell lymphomas, unspecified lymph nodes of multiple sites",C84 | C84.98 | T cell Lymphoma | NK Cell Lymphoma | T-cell lymphoma | T cell lymphoma | Lymphoma | T/NK-cell lymphoma | T/NK-cell lymphoma NOS | MTNKL-U | NKCL-U | Lymph nodal T/NK Lymphoma | Lymph nodal T/NK cell lymphoma | ,8f212ac1-0e08-5360-a6b8-1debecf76c63,https://www.icd10data.com//ICD10CM/Codes/C00-D49/C81-C96/C84-/C84.98
1009,C84,Lymphoma,Mature T/NK-cell lymphomas,C84.99,"Mature T/NK-cell lymphomas, unspecified extranodal and solid organ sites",C84 | C84.99 | T cell Lymphoma | NK Cell Lymphoma | T-cell lymphoma | T cell lymphoma | Lymphoma | T/NK-cell lymphoma | T/NK-cell lymphoma NOS | MTNKL-U | NKCL-U | Lymph nodal T/NK Lymphoma | Lymph nodal T/NK cell lymphoma | ,d1011b95-cce4-5f5a-bbe8-721a0f0bb695,https://www.icd10data.com//ICD10CM/Codes/C00-D49/C81-C96/C84-/C84.99
1010,C84,Lymphoma,Mature T/NK-cell lymphomas,C84.9A,"Mature T/NK-cell lymphomas, unspecified in remission",C84 | C84.9A | T cell Lymphoma | NK Cell Lymphoma | T-cell lymphoma | T cell lymphoma | Lymphoma | T/NK-cell lymphoma | T/NK-cell lymphoma NOS | MTNKL-U | NKCL-U | Lymph nodal T/NK Lymphoma | Lymph nodal T/NK cell lymphoma | Rem-Mature T/NK-cell lymphoma | Rem Mature T/NK-cell lymphoma |,b175f96e-7748-5180-84f8-bbabf2d80f67,https://www.icd10data.com//ICD10CM/Codes/C00-D49/C81-C96/C84-/C84.9A
1011,C85,Lymphoma,Other specified and unspecified types of non-Hodgkin lymphoma,C85.1,Unspecified B-cell lymphoma,C85 | C85.1 | NHL|Non-Hodgkin lymphoma| Non Hodgkin lymphoma |Non-Hodgkin's  | Non Hodgkin's Lymphoma | B-Cell Lymphoma | B Cell Lymphoma,9a541735-27cc-52dc-90b4-7b84b41ce224,https://www.icd10data.com//ICD10CM/Codes/C00-D49/C81-C96/C85-/C85.1
1017,C85,Lymphoma,Other specified and unspecified types of non-Hodgkin lymphoma,C85.15,Unspecified B-cell lymphoma lymph nodes of inguinal region and lower limb,C85 | C85.15 |  NHL|Non-Hodgkin lymphoma| Non Hodgkin lymphoma |Non-Hodgkin's  | Non Hodgkin's Lymphoma | B-Cell Lymphoma | B Cell Lymphoma,393e5f26-c880-566a-8c1c-7108f24576b0,https://www.icd10data.com//ICD10CM/Codes/C00-D49/C81-C96/C85-/C85.15
1018,C85,Lymphoma,Other specified and unspecified types of non-Hodgkin lymphoma,C85.16,Unspecified B-cell lymphoma intrapelvic lymph nodes,C85 | C85.16 |  NHL|Non-Hodgkin lymphoma| Non Hodgkin lymphoma |Non-Hodgkin's  | Non Hodgkin's Lymphoma | B-Cell Lymphoma | B Cell Lymphoma,7b4485ca-df76-5d1a-af43-dc64ac170860,https://www.icd10data.com//ICD10CM/Codes/C00-D49/C81-C96/C85-/C85.16
1019,C85,Lymphoma,Other specified and unspecified types of non-Hodgkin lymphoma,C85.17,Unspecified B-cell lymphoma spleen,C85 | C85.17 |  NHL|Non-Hodgkin lymphoma| Non Hodgkin lymphoma |Non-Hodgkin's  | Non Hodgkin's Lymphoma | B-Cell Lymphoma | B Cell Lymphoma,81e991f2-574e-5df1-9da0-102dbb020479,https://www.icd10data.com//ICD10CM/Codes/C00-D49/C81-C96/C85-/C85.17
1020,C85,Lymphoma,Other specified and unspecified types of non-Hodgkin lymphoma,C85.18,Unspecified B-cell lymphoma lymph nodes of multiple sites,C85 | C85.18 |  NHL|Non-Hodgkin lymphoma| Non Hodgkin lymphoma |Non-Hodgkin's  | Non Hodgkin's Lymphoma | B-Cell Lymphoma | B Cell Lymphoma |,ac1a70f7-d8a8-52ce-b644-5dcb8ef9de6a,https://www.icd10data.com//ICD10CM/Codes/C00-D49/C81-C96/C85-/C85.18
1021,C85,Lymphoma,Other specified and unspecified types of non-Hodgkin lymphoma,C85.19,Unspecified B-cell lymphoma extranodal and solid organ sites,C85 | C85.19 |  NHL|Non-Hodgkin lymphoma| Non Hodgkin lymphoma |Non-Hodgkin's  | Non Hodgkin's Lymphoma | B-Cell Lymphoma | B Cell Lymphoma |,356e3e3f-a1da-5590-a279-7abc93953543,https://www.icd10data.com//ICD10CM/Codes/C00-D49/C81-C96/C85-/C85.19
1022,C85,Lymphoma,Other specified and unspecified types of non-Hodgkin lymphoma,C85.1A,Unspecified B-cell lymphoma in remission,C85 | C85.1A | NHL|Non-Hodgkin lymphoma| Non Hodgkin lymphoma |Non-Hodgkin's  | Non Hodgkin's Lymphoma | B-Cell Lymphoma | B Cell Lymphoma | B Cell Lymphoma in Remission |,84468754-50b5-52d3-9b4d-672c2f07df9d,https://www.icd10data.com//ICD10CM/Codes/C00-D49/C81-C96/C85-/C85.1A
1023,C85,Lymphoma,Other specified and unspecified types of non-Hodgkin lymphoma,C85.2,Mediastinal (thymic) large B-cell lymphoma,C85 | C85.2 | NHL|Non-Hodgkin lymphoma| Non Hodgkin lymphoma |Non-Hodgkin's | Mediastinal large B-cell lymphoma | Mediastinal large B cell lymphoma | Mediastinal large B-cell lymphoma | Mediastinal large B cell lymphoma  | Mediastinal large B-cell lymphoma | Mediastinal large B cell lymphoma | Thymic Large B Cell Lymphoma | Thymic Large B-Cell Lymphoma,133c1e02-74f5-5178-9199-f34ee7c66651,https://www.icd10data.com//ICD10CM/Codes/C00-D49/C81-C96/C85-/C85.2
1024,C85,Lymphoma,Other specified and unspecified types of non-Hodgkin lymphoma,C85.20,Mediastinal (thymic) large B-cell lymphoma unspecified site,C85 | C85.20 | NHL|Non-Hodgkin lymphoma| Non Hodgkin lymphoma |Non-Hodgkin's | Mediastinal large B-cell lymphoma | Mediastinal large B cell lymphoma | Mediastinal large B-cell lymphoma | Mediastinal large B cell lymphoma  | Mediastinal large B-cell lymphoma | Mediastinal large B cell lymphoma | Thymic Large B Cell Lymphoma | Thymic Large B-Cell Lymphoma,d48433b0-112b-5bbc-9401-717c134671fe,https://www.icd10data.com//ICD10CM/Codes/C00-D49/C81-C96/C85-/C85.20
1025,C85,Lymphoma,Other specified and unspecified types of non-Hodgkin lymphoma,C85.21,"Mediastinal (thymic) large B-cell lymphoma lymph nodes of head, face, and neck",C85 | C85.21 | NHL|Non-Hodgkin lymphoma| Non Hodgkin lymphoma |Non-Hodgkin's | Mediastinal large B-cell lymphoma | Mediastinal large B cell lymphoma |Mediastinal large B-cell lymphoma | Mediastinal large B cell lymphoma  | Mediastinal large B-cell lymphoma | Mediastinal large B cell lymphoma | Thymic Large B Cell Lymphoma | Thymic Large B-Cell Lymphoma,3d7c4a28-1acb-525f-b9fd-ef5188ed44bb,https://www.icd10data.com//ICD10CM/Codes/C00-D49/C81-C96/C85-/C85.21
1026,C85,Lymphoma,Other specified and unspecified types of non-Hodgkin lymphoma,C85.22,Mediastinal (thymic) large B-cell lymphoma intrathoracic lymph nodes,C85 | C85.22 | NHL|Non-Hodgkin lymphoma| Non Hodgkin lymphoma |Non-Hodgkin's | Mediastinal large B-cell lymphoma | Mediastinal large B cell lymphoma |Mediastinal large B-cell lymphoma | Mediastinal large B cell lymphoma  | Mediastinal large B-cell lymphoma | Mediastinal large B cell lymphoma | Thymic Large B Cell Lymphoma | Thymic Large B-Cell Lymphoma,6044c64a-2e66-5aea-832b-29482e8498a1,https://www.icd10data.com//ICD10CM/Codes/C00-D49/C81-C96/C85-/C85.22
1027,C85,Lymphoma,Other specified and unspecified types of non-Hodgkin lymphoma,C85.23,Mediastinal (thymic) large B-cell lymphoma intra-abdominal lymph nodes,C85 | C85.23 | NHL|Non-Hodgkin lymphoma| Non Hodgkin lymphoma |Non-Hodgkin's | Mediastinal large B-cell lymphoma | Mediastinal large B cell lymphoma |Mediastinal large B-cell lymphoma | Mediastinal large B cell lymphoma  | Mediastinal large B-cell lymphoma | Mediastinal large B cell lymphoma | Thymic Large B Cell Lymphoma | Thymic Large B-Cell Lymphoma,fd0985f9-9924-5be5-9166-82ec862ae2ec,https://www.icd10data.com//ICD10CM/Codes/C00-D49/C81-C96/C85-/C85.23
1028,C85,Lymphoma,Other specified and unspecified types of non-Hodgkin lymphoma,C85.24,Mediastinal (thymic) large B-cell lymphoma lymph nodes of axilla and upper limb,C85 | C85.24 | NHL|Non-Hodgkin lymphoma| Non Hodgkin lymphoma |Non-Hodgkin's | Mediastinal large B-cell lymphoma | Mediastinal large B cell lymphoma | Mediastinal large B-cell lymphoma | Mediastinal large B cell lymphoma  | Mediastinal large B-cell lymphoma | Mediastinal large B cell lymphoma | Thymic Large B Cell Lymphoma | Thymic Large B-Cell Lymphoma,1547761b-3caa-53de-95e9-47b7c705fa87,https://www.icd10data.com//ICD10CM/Codes/C00-D49/C81-C96/C85-/C85.24
1029,C85,Lymphoma,Other specified and unspecified types of non-Hodgkin lymphoma,C85.25,Mediastinal (thymic) large B-cell lymphoma lymph nodes of inguinal region and lower limb,C85 | C85.25 | NHL|Non-Hodgkin lymphoma| Non Hodgkin lymphoma |Non-Hodgkin's | Mediastinal large B-cell lymphoma | Mediastinal large B cell lymphoma |Mediastinal large B-cell lymphoma | Mediastinal large B cell lymphoma  | Mediastinal large B-cell lymphoma | Mediastinal large B cell lymphoma | Thymic Large B Cell Lymphoma | Thymic Large B-Cell Lymphoma,2bf39a6f-476c-5cb4-bcaa-101770ee8813,https://www.icd10data.com//ICD10CM/Codes/C00-D49/C81-C96/C85-/C85.25
1030,C85,Lymphoma,Other specified and unspecified types of non-Hodgkin lymphoma,C85.26,Mediastinal (thymic) large B-cell lymphoma intrapelvic lymph nodes,C85 | C85.26 | NHL|Non-Hodgkin lymphoma| Non Hodgkin lymphoma |Non-Hodgkin's | Mediastinal large B-cell lymphoma | Mediastinal large B cell lymphoma |Mediastinal large B-cell lymphoma | Mediastinal large B cell lymphoma  | Mediastinal large B-cell lymphoma | Mediastinal large B cell lymphoma | Thymic Large B Cell Lymphoma | Thymic Large B-Cell Lymphoma,61c01302-6b30-5baa-8022-0adfa412a42f,https://www.icd10data.com//ICD10CM/Codes/C00-D49/C81-C96/C85-/C85.26
1031,C85,Lymphoma,Other specified and unspecified types of non-Hodgkin lymphoma,C85.27,Mediastinal (thymic) large B-cell lymphoma spleen,C85 | C85.27 | NHL|Non-Hodgkin lymphoma| Non Hodgkin lymphoma |Non-Hodgkin's | Mediastinal large B-cell lymphoma | Mediastinal large B cell lymphoma |Mediastinal large B-cell lymphoma | Mediastinal large B cell lymphoma  | Mediastinal large B-cell lymphoma | Mediastinal large B cell lymphoma | Thymic Large B Cell Lymphoma | Thymic Large B-Cell Lymphoma,b21e9001-5733-55bc-b2d9-db50b7ad491b,https://www.icd10data.com//ICD10CM/Codes/C00-D49/C81-C96/C85-/C85.27
1032,C85,Lymphoma,Other specified and unspecified types of non-Hodgkin lymphoma,C85.28,Mediastinal (thymic) large B-cell lymphoma lymph nodes of multiple sites,C85 | C85.28 | NHL|Non-Hodgkin lymphoma| Non Hodgkin lymphoma |Non-Hodgkin's | Mediastinal large B-cell lymphoma | Mediastinal large B cell lymphoma |Mediastinal large B-cell lymphoma | Mediastinal large B cell lymphoma  | Mediastinal large B-cell lymphoma | Mediastinal large B cell lymphoma | Thymic Large B Cell Lymphoma | Thymic Large B-Cell Lymphoma,a25b48cf-5804-59d5-abd0-726622d58f2c,https://www.icd10data.com//ICD10CM/Codes/C00-D49/C81-C96/C85-/C85.28
1112,C90,Multiple myeloma,Multiple myeloma and malignant plasma cell neoplasms,C90.31,Solitary plasmacytoma in remission,"C90 | C90.31  | Solitary Plasmacytoma in Rem | Solitary Plasmacytoma-Rem | Osseous Plasmacytoma-Rem | Bone Plasmacytoma-Rem| Malignant Plasmacytoma-Rem| Myeloma | Multiple Myeloma |
 ",0b6d520d-18d1-5002-b94e-19137be1fff2,https://www.icd10data.com//ICD10CM/Codes/C00-D49/C81-C96/C90-/C90.31
1033,C85,Lymphoma,Other specified and unspecified types of non-Hodgkin lymphoma,C85.29,Mediastinal (thymic) large B-cell lymphoma extranodal and solid organ sites,C85 | C85.29 | NHL|Non-Hodgkin lymphoma| Non Hodgkin lymphoma |Non-Hodgkin's | Mediastinal large B-cell lymphoma | Mediastinal large B cell lymphoma |Mediastinal large B-cell lymphoma | Mediastinal large B cell lymphoma  | Mediastinal large B-cell lymphoma | Mediastinal large B cell lymphoma | Thymic Large B Cell Lymphoma | Thymic Large B-Cell Lymphoma | Mediastinal large B-cell lymphoma | Mediastinal large B cell lymphoma in Remission | Mediastinal large B-cell lymphoma | Mediastinal large B cell lymphoma in Remission | Thymic Large B Cell Lymphoma in Remission| Thymic Large B-Cell Lymphoma in Remission| ,d49ac47c-77a8-50cb-a4aa-2e8d7a0d2bdb,https://www.icd10data.com//ICD10CM/Codes/C00-D49/C81-C96/C85-/C85.29
1034,C85,Lymphoma,Other specified and unspecified types of non-Hodgkin lymphoma,C85.2A,Mediastinal (thymic) large B-cell lymphoma in remission,C85 | C85.2A | NHL|Non-Hodgkin lymphoma| Non Hodgkin lymphoma |Non-Hodgkin's | Mediastinal large B-cell lymphoma | Mediastinal large B cell lymphoma |,72b2d2f8-ebfe-5f91-8b7f-403d1b42a5d2,https://www.icd10data.com//ICD10CM/Codes/C00-D49/C81-C96/C85-/C85.2A
1035,C85,Lymphoma,Other specified and unspecified types of non-Hodgkin lymphoma,C85.8,Other specified types of non-Hodgkin lymphoma,"C85 | C85.8 | NHL|Non-Hodgkin lymphoma| Non Hodgkin lymphoma |Non-Hodgkin's | Mediastinal large B-cell lymphoma | Mediastinal large B cell lymphoma | Composite lymphoma | Lymphomas with overlapping features | Primary effusion lymphoma | PEL | Body cavity-based lymphoma | Intravascular large B-cell lymphoma | IVLBCL | ALK-negative anaplastic large cell lymphoma | ALK(-) ALCL | ALK-Negative ALCL | B-cell lymphoma, unclassifiable | BCLU | High-grade B-cell lymphoma, unclassifiable | HGBL, NOS | T-cell lymphoma, unclassifiable | TCL-U | Unclassifiable peripheral T-cell lymphoma | Lymphoma with intermediate features | DLBCL/Burkitt-like lymphoma | High-grade B-cell lymphoma, NOS",d059cd3c-1b6f-5945-98cb-2910b6ad8ab1,https://www.icd10data.com//ICD10CM/Codes/C00-D49/C81-C96/C85-/C85.8
1036,C85,Lymphoma,Other specified and unspecified types of non-Hodgkin lymphoma,C85.80,Other specified types of non-Hodgkin lymphoma unspecified site,"C85 | C85.80 | NHL|Non-Hodgkin lymphoma| Non Hodgkin lymphoma |Non-Hodgkin's | Mediastinal large B-cell lymphoma | Mediastinal large B cell lymphoma | Composite lymphoma | Lymphomas with overlapping features | Primary effusion lymphoma | PEL | Body cavity-based lymphoma | Intravascular large B-cell lymphoma | IVLBCL | ALK-negative anaplastic large cell lymphoma | ALK(-) ALCL | ALK-Negative ALCL | B-cell lymphoma, unclassifiable | BCLU | High-grade B-cell lymphoma, unclassifiable | HGBL, NOS | T-cell lymphoma, unclassifiable | TCL-U | Unclassifiable peripheral T-cell lymphoma | Lymphoma with intermediate features | DLBCL/Burkitt-like lymphoma | High-grade B-cell lymphoma, NOS",3eaa3154-19e1-56b7-bf7d-716b768a482b,https://www.icd10data.com//ICD10CM/Codes/C00-D49/C81-C96/C85-/C85.80
1037,C85,Lymphoma,Other specified and unspecified types of non-Hodgkin lymphoma,C85.81,"Other specified types of non-Hodgkin lymphoma lymph nodes of head, face, and neck","C85 | C85.81 |NHL|Non-Hodgkin lymphoma| Non Hodgkin lymphoma |Non-Hodgkin's | Mediastinal large B-cell lymphoma | Mediastinal large B cell lymphoma | Composite lymphoma | Lymphomas with overlapping features | Primary effusion lymphoma | PEL | Body cavity-based lymphoma | Intravascular large B-cell lymphoma | IVLBCL | ALK-negative anaplastic large cell lymphoma | ALK(-) ALCL | ALK-Negative ALCL | B-cell lymphoma, unclassifiable | BCLU | High-grade B-cell lymphoma, unclassifiable | HGBL, NOS | T-cell lymphoma, unclassifiable | TCL-U | Unclassifiable peripheral T-cell lymphoma | Lymphoma with intermediate features | DLBCL/Burkitt-like lymphoma | High-grade B-cell lymphoma, NOS",116f8bbf-860a-5d0b-9f75-a3a0a82a57ea,https://www.icd10data.com//ICD10CM/Codes/C00-D49/C81-C96/C85-/C85.81
1038,C85,Lymphoma,Other specified and unspecified types of non-Hodgkin lymphoma,C85.82,Other specified types of non-Hodgkin lymphoma intrathoracic lymph nodes,"C85 | C85.82 |NHL|Non-Hodgkin lymphoma| Non Hodgkin lymphoma |Non-Hodgkin's | Mediastinal large B-cell lymphoma | Mediastinal large B cell lymphoma | Composite lymphoma | Lymphomas with overlapping features | Primary effusion lymphoma | PEL | Body cavity-based lymphoma | Intravascular large B-cell lymphoma | IVLBCL | ALK-negative anaplastic large cell lymphoma | ALK(-) ALCL | ALK-Negative ALCL | B-cell lymphoma, unclassifiable | BCLU | High-grade B-cell lymphoma, unclassifiable | HGBL, NOS | T-cell lymphoma, unclassifiable | TCL-U | Unclassifiable peripheral T-cell lymphoma | Lymphoma with intermediate features | DLBCL/Burkitt-like lymphoma | High-grade B-cell lymphoma, NOS",812591db-ad10-556f-a4da-125da1d0764e,https://www.icd10data.com//ICD10CM/Codes/C00-D49/C81-C96/C85-/C85.82
1039,C85,Lymphoma,Other specified and unspecified types of non-Hodgkin lymphoma,C85.83,Other specified types of non-Hodgkin lymphoma intra-abdominal lymph nodes,"C85 | C85.83 | NHL|Non-Hodgkin lymphoma| Non Hodgkin lymphoma |Non-Hodgkin's | Mediastinal large B-cell lymphoma | Mediastinal large B cell lymphoma | Composite lymphoma | Lymphomas with overlapping features | Primary effusion lymphoma | PEL | Body cavity-based lymphoma | Intravascular large B-cell lymphoma | IVLBCL | ALK-negative anaplastic large cell lymphoma | ALK(-) ALCL | ALK-Negative ALCL | B-cell lymphoma, unclassifiable | BCLU | High-grade B-cell lymphoma, unclassifiable | HGBL, NOS | T-cell lymphoma, unclassifiable | TCL-U | Unclassifiable peripheral T-cell lymphoma | Lymphoma with intermediate features | DLBCL/Burkitt-like lymphoma | High-grade B-cell lymphoma, NOS",91ca9f4f-935c-5022-b634-1491f3292e7b,https://www.icd10data.com//ICD10CM/Codes/C00-D49/C81-C96/C85-/C85.83
1040,C85,Lymphoma,Other specified and unspecified types of non-Hodgkin lymphoma,C85.84,Other specified types of non-Hodgkin lymphoma lymph nodes of axilla and upper limb,"C85 | C85.84 | NHL|Non-Hodgkin lymphoma| Non Hodgkin lymphoma |Non-Hodgkin's | Mediastinal large B-cell lymphoma | Mediastinal large B cell lymphoma | Composite lymphoma | Lymphomas with overlapping features | Primary effusion lymphoma | PEL | Body cavity-based lymphoma | Intravascular large B-cell lymphoma | IVLBCL | ALK-negative anaplastic large cell lymphoma | ALK(-) ALCL | ALK-Negative ALCL | B-cell lymphoma, unclassifiable | BCLU | High-grade B-cell lymphoma, unclassifiable | HGBL, NOS | T-cell lymphoma, unclassifiable | TCL-U | Unclassifiable peripheral T-cell lymphoma | Lymphoma with intermediate features | DLBCL/Burkitt-like lymphoma | High-grade B-cell lymphoma, NOS",8c16d4eb-1559-58b6-ad83-81986ddab06a,https://www.icd10data.com//ICD10CM/Codes/C00-D49/C81-C96/C85-/C85.84
1041,C85,Lymphoma,Other specified and unspecified types of non-Hodgkin lymphoma,C85.85,Other specified types of non-Hodgkin lymphoma lymph nodes of inguinal region and lower limb,"C85 | C85.85 |NHL|Non-Hodgkin lymphoma| Non Hodgkin lymphoma |Non-Hodgkin's | Mediastinal large B-cell lymphoma | Mediastinal large B cell lymphoma | Composite lymphoma | Lymphomas with overlapping features | Primary effusion lymphoma | PEL | Body cavity-based lymphoma | Intravascular large B-cell lymphoma | IVLBCL | ALK-negative anaplastic large cell lymphoma | ALK(-) ALCL | ALK-Negative ALCL | B-cell lymphoma, unclassifiable | BCLU | High-grade B-cell lymphoma, unclassifiable | HGBL, NOS | T-cell lymphoma, unclassifiable | TCL-U | Unclassifiable peripheral T-cell lymphoma | Lymphoma with intermediate features | DLBCL/Burkitt-like lymphoma | High-grade B-cell lymphoma, NOS",686c8367-e0fb-513d-9961-0118661b7161,https://www.icd10data.com//ICD10CM/Codes/C00-D49/C81-C96/C85-/C85.85
1042,C85,Lymphoma,Other specified and unspecified types of non-Hodgkin lymphoma,C85.86,Other specified types of non-Hodgkin lymphoma intrapelvic lymph nodes,"C85 | C85.86 |NHL|Non-Hodgkin lymphoma| Non Hodgkin lymphoma |Non-Hodgkin's | Mediastinal large B-cell lymphoma | Mediastinal large B cell lymphoma | Composite lymphoma | Lymphomas with overlapping features | Primary effusion lymphoma | PEL | Body cavity-based lymphoma | Intravascular large B-cell lymphoma | IVLBCL | ALK-negative anaplastic large cell lymphoma | ALK(-) ALCL | ALK-Negative ALCL | B-cell lymphoma, unclassifiable | BCLU | High-grade B-cell lymphoma, unclassifiable | HGBL, NOS | T-cell lymphoma, unclassifiable | TCL-U | Unclassifiable peripheral T-cell lymphoma | Lymphoma with intermediate features | DLBCL/Burkitt-like lymphoma | High-grade B-cell lymphoma, NOS",960a8dab-f9df-5b32-954b-3b36da84ef16,https://www.icd10data.com//ICD10CM/Codes/C00-D49/C81-C96/C85-/C85.86
1043,C85,Lymphoma,Other specified and unspecified types of non-Hodgkin lymphoma,C85.87,Other specified types of non-Hodgkin lymphoma spleen,"C85 | C85.87 | NHL|Non-Hodgkin lymphoma| Non Hodgkin lymphoma |Non-Hodgkin's | Mediastinal large B-cell lymphoma | Mediastinal large B cell lymphoma | Composite lymphoma | Lymphomas with overlapping features | Primary effusion lymphoma | PEL | Body cavity-based lymphoma | Intravascular large B-cell lymphoma | IVLBCL | ALK-negative anaplastic large cell lymphoma | ALK(-) ALCL | ALK-Negative ALCL | B-cell lymphoma, unclassifiable | BCLU | High-grade B-cell lymphoma, unclassifiable | HGBL, NOS | T-cell lymphoma, unclassifiable | TCL-U | Unclassifiable peripheral T-cell lymphoma | Lymphoma with intermediate features | DLBCL/Burkitt-like lymphoma | High-grade B-cell lymphoma, NOS",ee7a5c72-4e00-5bd0-b33a-cc283f07bfbd,https://www.icd10data.com//ICD10CM/Codes/C00-D49/C81-C96/C85-/C85.87
1044,C85,Lymphoma,Other specified and unspecified types of non-Hodgkin lymphoma,C85.88,Other specified types of non-Hodgkin lymphoma lymph nodes of multiple sites,"C85 | C85.88 | NHL|Non-Hodgkin lymphoma| Non Hodgkin lymphoma |Non-Hodgkin's | Mediastinal large B-cell lymphoma | Mediastinal large B cell lymphoma | Composite lymphoma | Lymphomas with overlapping features | Primary effusion lymphoma | PEL | Body cavity-based lymphoma | Intravascular large B-cell lymphoma | IVLBCL | ALK-negative anaplastic large cell lymphoma | ALK(-) ALCL | ALK-Negative ALCL | B-cell lymphoma, unclassifiable | BCLU | High-grade B-cell lymphoma, unclassifiable | HGBL, NOS | T-cell lymphoma, unclassifiable | TCL-U | Unclassifiable peripheral T-cell lymphoma | Lymphoma with intermediate features | DLBCL/Burkitt-like lymphoma | High-grade B-cell lymphoma, NOS",8bcdc86a-a425-54e1-a4f2-79981b955bdd,https://www.icd10data.com//ICD10CM/Codes/C00-D49/C81-C96/C85-/C85.88
1045,C85,Lymphoma,Other specified and unspecified types of non-Hodgkin lymphoma,C85.89,Other specified types of non-Hodgkin lymphoma extranodal and solid organ sites,"C85 | C85.89 | NHL|Non-Hodgkin lymphoma| Non Hodgkin lymphoma |Non-Hodgkin's | Mediastinal large B-cell lymphoma | Mediastinal large B cell lymphoma | Composite lymphoma | Lymphomas with overlapping features | Primary effusion lymphoma | PEL | Body cavity-based lymphoma | Intravascular large B-cell lymphoma | IVLBCL | ALK-negative anaplastic large cell lymphoma | ALK(-) ALCL | ALK-Negative ALCL | B-cell lymphoma, unclassifiable | BCLU | High-grade B-cell lymphoma, unclassifiable | HGBL, NOS | T-cell lymphoma, unclassifiable | TCL-U | Unclassifiable peripheral T-cell lymphoma | Lymphoma with intermediate features | DLBCL/Burkitt-like lymphoma | High-grade B-cell lymphoma, NOS",5fa58859-336f-5915-8a72-895cc77b2593,https://www.icd10data.com//ICD10CM/Codes/C00-D49/C81-C96/C85-/C85.89
1046,C85,Lymphoma,Other specified and unspecified types of non-Hodgkin lymphoma,C85.8A,Other specified types of non-Hodgkin lymphoma in remission,"C85 | C85.8A |NHL|Non-Hodgkin lymphoma| Non Hodgkin lymphoma |Non-Hodgkin's | Mediastinal large B-cell lymphoma | Mediastinal large B cell lymphoma | Composite lymphoma | Lymphomas with overlapping features | Primary effusion lymphoma | PEL | Body cavity-based lymphoma | Intravascular large B-cell lymphoma | IVLBCL | ALK-negative anaplastic large cell lymphoma | ALK(-) ALCL | ALK-Negative ALCL | B-cell lymphoma, unclassifiable | BCLU | High-grade B-cell lymphoma, unclassifiable | HGBL, NOS | T-cell lymphoma, unclassifiable | TCL-U | Unclassifiable peripheral T-cell lymphoma | Lymphoma with intermediate features | DLBCL/Burkitt-like lymphoma | High-grade B-cell lymphoma, NOS |",df6b05b5-d947-58f1-8ad6-76f6bac5665a,https://www.icd10data.com//ICD10CM/Codes/C00-D49/C81-C96/C85-/C85.8A
1047,C85,Lymphoma,Other specified and unspecified types of non-Hodgkin lymphoma,C85.9,"Non-Hodgkin lymphoma, unspecified","C85 | C85.9 |  NHL | Non-Hodgkin lymphoma | Non Hodgkin lymphoma | Non-Hodgkin's | Non-Hodgkin lymphoma, unspecified | NHL, NOS | Unspecified NHL | Unspecified B-cell lymphoma | B-NHL, NOS | B-cell lymphoma, NOS | Unspecified T-cell lymphoma | T-NHL, NOS | T-cell lymphoma, NOS | Peripheral T-cell lymphoma, NOS | PTCL, NOS | Unspecified aggressive lymphoma | Aggressive NHL, NOS | High-grade NHL, NOS | Indeterminate lymphoma | Unclassified NHL | Indeterminate NHL |",24d28b64-0911-5646-aa48-f3e4360bb9a9,https://www.icd10data.com//ICD10CM/Codes/C00-D49/C81-C96/C85-/C85.9
1048,C85,Lymphoma,Other specified and unspecified types of non-Hodgkin lymphoma,C85.90,"Non-Hodgkin lymphoma, unspecified unspecified site","C85 | C85.90 | NHL | Non-Hodgkin lymphoma | Non Hodgkin lymphoma | Non-Hodgkin's | Non-Hodgkin lymphoma, unspecified | NHL, NOS | Unspecified NHL | Unspecified B-cell lymphoma | B-NHL, NOS | B-cell lymphoma, NOS | Unspecified T-cell lymphoma | T-NHL, NOS | T-cell lymphoma, NOS | Peripheral T-cell lymphoma, NOS | PTCL, NOS | Unspecified aggressive lymphoma | Aggressive NHL, NOS | High-grade NHL, NOS | Indeterminate lymphoma | Unclassified NHL | Indeterminate NHL |",311de3bf-3c1b-59cf-b279-b2d2ffc20de0,https://www.icd10data.com//ICD10CM/Codes/C00-D49/C81-C96/C85-/C85.90
1049,C85,Lymphoma,Other specified and unspecified types of non-Hodgkin lymphoma,C85.91,"Non-Hodgkin lymphoma, unspecified lymph nodes of head, face, and neck","C85 | C85.91 | NHL | Non-Hodgkin lymphoma | Non Hodgkin lymphoma | Non-Hodgkin's | Non-Hodgkin lymphoma, unspecified | NHL, NOS | Unspecified NHL | Unspecified B-cell lymphoma | B-NHL, NOS | B-cell lymphoma, NOS | Unspecified T-cell lymphoma | T-NHL, NOS | T-cell lymphoma, NOS | Peripheral T-cell lymphoma, NOS | PTCL, NOS | Unspecified aggressive lymphoma | Aggressive NHL, NOS | High-grade NHL, NOS | Indeterminate lymphoma | Unclassified NHL | Indeterminate NHL |",1725a28d-64e0-5631-bb57-8af5083889c7,https://www.icd10data.com//ICD10CM/Codes/C00-D49/C81-C96/C85-/C85.91
1050,C85,Lymphoma,Other specified and unspecified types of non-Hodgkin lymphoma,C85.92,"Non-Hodgkin lymphoma, unspecified intrathoracic lymph nodes","C85 | C85.92 | NHL | Non-Hodgkin lymphoma | Non Hodgkin lymphoma | Non-Hodgkin's | Non-Hodgkin lymphoma, unspecified | NHL, NOS | Unspecified NHL | Unspecified B-cell lymphoma | B-NHL, NOS | B-cell lymphoma, NOS | Unspecified T-cell lymphoma | T-NHL, NOS | T-cell lymphoma, NOS | Peripheral T-cell lymphoma, NOS | PTCL, NOS | Unspecified aggressive lymphoma | Aggressive NHL, NOS | High-grade NHL, NOS | Indeterminate lymphoma | Unclassified NHL | Indeterminate NHL |",25183f5d-9f8e-55cb-8d41-0a0783d93f47,https://www.icd10data.com//ICD10CM/Codes/C00-D49/C81-C96/C85-/C85.92
1051,C85,Lymphoma,Other specified and unspecified types of non-Hodgkin lymphoma,C85.93,"Non-Hodgkin lymphoma, unspecified intra-abdominal lymph nodes","C85 | C85.93 | NHL | Non-Hodgkin lymphoma | Non Hodgkin lymphoma | Non-Hodgkin's | Non-Hodgkin lymphoma, unspecified | NHL, NOS | Unspecified NHL | Unspecified B-cell lymphoma | B-NHL, NOS | B-cell lymphoma, NOS | Unspecified T-cell lymphoma | T-NHL, NOS | T-cell lymphoma, NOS | Peripheral T-cell lymphoma, NOS | PTCL, NOS | Unspecified aggressive lymphoma | Aggressive NHL, NOS | High-grade NHL, NOS | Indeterminate lymphoma | Unclassified NHL | Indeterminate NHL |",75f9a203-423c-5b84-b71c-f5ac6f7aa15d,https://www.icd10data.com//ICD10CM/Codes/C00-D49/C81-C96/C85-/C85.93
1052,C85,Lymphoma,Other specified and unspecified types of non-Hodgkin lymphoma,C85.94,"Non-Hodgkin lymphoma, unspecified lymph nodes of axilla and upper limb","C85 | C85.94 |NHL | Non-Hodgkin lymphoma | Non Hodgkin lymphoma | Non-Hodgkin's | Non-Hodgkin lymphoma, unspecified | NHL, NOS | Unspecified NHL | Unspecified B-cell lymphoma | B-NHL, NOS | B-cell lymphoma, NOS | Unspecified T-cell lymphoma | T-NHL, NOS | T-cell lymphoma, NOS | Peripheral T-cell lymphoma, NOS | PTCL, NOS | Unspecified aggressive lymphoma | Aggressive NHL, NOS | High-grade NHL, NOS | Indeterminate lymphoma | Unclassified NHL | Indeterminate NHL |",16fdd857-3e45-5bc6-836d-9f8f9f51b51c,https://www.icd10data.com//ICD10CM/Codes/C00-D49/C81-C96/C85-/C85.94
1053,C85,Lymphoma,Other specified and unspecified types of non-Hodgkin lymphoma,C85.95,"Non-Hodgkin lymphoma, unspecified lymph nodes of inguinal region and lower limb","C85 | C85.95 |NHL | Non-Hodgkin lymphoma | Non Hodgkin lymphoma | Non-Hodgkin's | Non-Hodgkin lymphoma, unspecified | NHL, NOS | Unspecified NHL | Unspecified B-cell lymphoma | B-NHL, NOS | B-cell lymphoma, NOS | Unspecified T-cell lymphoma | T-NHL, NOS | T-cell lymphoma, NOS | Peripheral T-cell lymphoma, NOS | PTCL, NOS | Unspecified aggressive lymphoma | Aggressive NHL, NOS | High-grade NHL, NOS | Indeterminate lymphoma | Unclassified NHL | Indeterminate NHL |",c3e6cbcb-f697-5645-82bc-8aa8c298c127,https://www.icd10data.com//ICD10CM/Codes/C00-D49/C81-C96/C85-/C85.95
1054,C85,Lymphoma,Other specified and unspecified types of non-Hodgkin lymphoma,C85.96,"Non-Hodgkin lymphoma, unspecified intrapelvic lymph nodes","C85 | C85.96 | NHL | Non-Hodgkin lymphoma | Non Hodgkin lymphoma | Non-Hodgkin's | Non-Hodgkin lymphoma, unspecified | NHL, NOS | Unspecified NHL | Unspecified B-cell lymphoma | B-NHL, NOS | B-cell lymphoma, NOS | Unspecified T-cell lymphoma | T-NHL, NOS | T-cell lymphoma, NOS | Peripheral T-cell lymphoma, NOS | PTCL, NOS | Unspecified aggressive lymphoma | Aggressive NHL, NOS | High-grade NHL, NOS | Indeterminate lymphoma | Unclassified NHL | Indeterminate NHL |",a47ce4ba-ac0d-553b-ad00-c67fe1662f1e,https://www.icd10data.com//ICD10CM/Codes/C00-D49/C81-C96/C85-/C85.96
1055,C85,Lymphoma,Other specified and unspecified types of non-Hodgkin lymphoma,C85.97,"Non-Hodgkin lymphoma, unspecified spleen","C85 | C85.97 |NHL | Non-Hodgkin lymphoma | Non Hodgkin lymphoma | Non-Hodgkin's | Non-Hodgkin lymphoma, unspecified | NHL, NOS | Unspecified NHL | Unspecified B-cell lymphoma | B-NHL, NOS | B-cell lymphoma, NOS | Unspecified T-cell lymphoma | T-NHL, NOS | T-cell lymphoma, NOS | Peripheral T-cell lymphoma, NOS | PTCL, NOS | Unspecified aggressive lymphoma | Aggressive NHL, NOS | High-grade NHL, NOS | Indeterminate lymphoma | Unclassified NHL | Indeterminate NHL |",ed2ddcea-0db9-5b22-b493-40022fdc68c4,https://www.icd10data.com//ICD10CM/Codes/C00-D49/C81-C96/C85-/C85.97
1056,C85,Lymphoma,Other specified and unspecified types of non-Hodgkin lymphoma,C85.98,"Non-Hodgkin lymphoma, unspecified lymph nodes of multiple sites","C85 | C85.98 | NHL | Non-Hodgkin lymphoma | Non Hodgkin lymphoma | Non-Hodgkin's | Non-Hodgkin lymphoma, unspecified | NHL, NOS | Unspecified NHL | Unspecified B-cell lymphoma | B-NHL, NOS | B-cell lymphoma, NOS | Unspecified T-cell lymphoma | T-NHL, NOS | T-cell lymphoma, NOS | Peripheral T-cell lymphoma, NOS | PTCL, NOS | Unspecified aggressive lymphoma | Aggressive NHL, NOS | High-grade NHL, NOS | Indeterminate lymphoma | Unclassified NHL | Indeterminate NHL |",44dd0e9f-082c-504c-9ca3-3db6c3f378ce,https://www.icd10data.com//ICD10CM/Codes/C00-D49/C81-C96/C85-/C85.98
1057,C85,Lymphoma,Other specified and unspecified types of non-Hodgkin lymphoma,C85.99,"Non-Hodgkin lymphoma, unspecified extranodal and solid organ sites","C85 | C85.99 | NHL | Non-Hodgkin lymphoma | Non Hodgkin lymphoma | Non-Hodgkin's | Non-Hodgkin lymphoma, unspecified | NHL, NOS | Unspecified NHL | Unspecified B-cell lymphoma | B-NHL, NOS | B-cell lymphoma, NOS | Unspecified T-cell lymphoma | T-NHL, NOS | T-cell lymphoma, NOS | Peripheral T-cell lymphoma, NOS | PTCL, NOS | Unspecified aggressive lymphoma | Aggressive NHL, NOS | High-grade NHL, NOS | Indeterminate lymphoma | Unclassified NHL | Indeterminate NHL |",91c0212e-7c28-516b-9fd7-edad1884e974,https://www.icd10data.com//ICD10CM/Codes/C00-D49/C81-C96/C85-/C85.99
1058,C85,Lymphoma,Other specified and unspecified types of non-Hodgkin lymphoma,C85.9A,"Non-Hodgkin lymphoma, unspecified in remission","C85 | C85.9A |NHL | Non-Hodgkin lymphoma | Non Hodgkin lymphoma | Non-Hodgkin's | Non-Hodgkin lymphoma, unspecified | NHL, NOS | Unspecified NHL | Unspecified B-cell lymphoma | B-NHL, NOS | B-cell lymphoma, NOS | Unspecified T-cell lymphoma | T-NHL, NOS | T-cell lymphoma, NOS | Peripheral T-cell lymphoma, NOS | PTCL, NOS | Unspecified aggressive lymphoma | Aggressive NHL, NOS | High-grade NHL, NOS | Indeterminate lymphoma | Unclassified NHL | Indeterminate NHL |",0cd4a21a-b8e7-5ac5-971c-4b2cdce90cef,https://www.icd10data.com//ICD10CM/Codes/C00-D49/C81-C96/C85-/C85.9A
1059,C86,Lymphoma,Other specified types of T/NK-cell lymphoma,C86.0,"Extranodal NK/T-cell lymphoma, nasal type","C86 | C86.0 | ENKTL | Gamma-delta t-cell lymphoma | Gamma delta t cell lymphomas | Gamma-delta t cell lymphoma | Gamma delta t-cell lymphomas | Extranodal NK/T-Cell Lymphoma | NKTL | Extranodal NK/T-cell lymphoma, nasal type | NK/T-cell lymphoma, nasal type | Nasal NK/T-cell lymphoma | Lymphoma |",8ec17c43-a28f-5672-a707-f2b661d3e131,https://www.icd10data.com//ICD10CM/Codes/C00-D49/C81-C96/C86-/C86.0
1060,C86,Lymphoma,Other specified types of T/NK-cell lymphoma,C86.00,"Extranodal NK/T-cell lymphoma, nasal type not having achieved remission","C86 | C86.00 |ENKTL | Gamma-delta t-cell lymphoma | Gamma delta t cell lymphomas | Gamma-delta t cell lymphoma | Gamma delta t-cell lymphomas | Extranodal NK/T-Cell Lymphoma | NKTL | Extranodal NK/T-cell lymphoma, nasal type | NK/T-cell lymphoma, nasal type | Nasal NK/T-cell lymphoma | Lymphoma |",1cdf8857-77f0-56ae-b3ab-00414f225dfe,https://www.icd10data.com//ICD10CM/Codes/C00-D49/C81-C96/C86-/C86.00
1061,C86,Lymphoma,Other specified types of T/NK-cell lymphoma,C86.01,"Extranodal NK/T-cell lymphoma, nasal type in remission","C86 | C86.01 | ENKTL | Gamma-delta t-cell lymphoma | Gamma delta t cell lymphomas | Gamma-delta t cell lymphoma | Gamma delta t-cell lymphomas | Extranodal NK/T-Cell Lymphoma | NKTL | Extranodal NK/T-cell lymphoma, nasal type | NK/T-cell lymphoma, nasal type | Nasal NK/T-cell lymphoma | Lymphoma | ENKTL-Rem | ENKTL in Rem |",20f0be78-cbac-5fa4-af95-7aa127dc1e29,https://www.icd10data.com//ICD10CM/Codes/C00-D49/C81-C96/C86-/C86.01
1062,C86,Lymphoma,Other specified types of T/NK-cell lymphoma,C86.1,Hepatosplenic T-cell lymphoma,C86 | C86.1 |Hepatosplenic T-cell lymphoma | HSTCL | Hepatosplenic lymphoma | Lymphoma | T-Cell Lymphoma | ,8627141a-5e1e-5fe4-bb99-97134fba3603,https://www.icd10data.com//ICD10CM/Codes/C00-D49/C81-C96/C86-/C86.1
1063,C86,Lymphoma,Other specified types of T/NK-cell lymphoma,C86.10,Hepatosplenic T-cell lymphoma not having achieved remission,C86 | C86.10 |Hepatosplenic T-cell lymphoma | HSTCL | Hepatosplenic lymphoma | Lymphoma | T-Cell Lymphoma | ,14dccbae-9820-52df-88fc-0b5ace8130b2,https://www.icd10data.com//ICD10CM/Codes/C00-D49/C81-C96/C86-/C86.10
1113,C90,Multiple myeloma,Multiple myeloma and malignant plasma cell neoplasms,C90.32,Solitary plasmacytoma in relapse,"C90 | C90.32  | Solitary Plasmacytoma in Rel | Solitary Plasmacytoma-Rel | Osseous Plasmacytoma-Rel | Bone Plasmacytoma-Rel | Malignant Plasmacytoma-Rel | Myeloma | Multiple Myeloma |
 ",593b0234-6911-58f3-be25-4bc9c86b41d8,https://www.icd10data.com//ICD10CM/Codes/C00-D49/C81-C96/C90-/C90.32
1064,C86,Lymphoma,Other specified types of T/NK-cell lymphoma,C86.11,Hepatosplenic T-cell lymphoma in remission,C86 | C86.11 | Hepatosplenic T-cell lymphoma | HSTCL | Hepatosplenic lymphoma | Lymphoma | T-Cell Lymphoma | ,281d4e02-df6b-5d9c-8d45-c4fbad5b6590,https://www.icd10data.com//ICD10CM/Codes/C00-D49/C81-C96/C86-/C86.11
1065,C86,Lymphoma,Other specified types of T/NK-cell lymphoma,C86.2,Enteropathy-type (intestinal) T-cell lymphoma,C86 | C86.2 | Enteropathy-type (intestinal) T-cell lymphoma | ETL | Enteropathy-associated T-cell lymphoma | EATL | Lymphoma| T-Cell Lymphoma | T Cell Lymphoma |  Enteropathy type (intestinal) T-cell lymphoma | Enteropathy type T-cell lymphoma | Enteropathy type  T cell lymphoma | Lymphoma,95649fba-43b0-5a68-8304-5ce572d528f1,https://www.icd10data.com//ICD10CM/Codes/C00-D49/C81-C96/C86-/C86.2
1066,C86,Lymphoma,Other specified types of T/NK-cell lymphoma,C86.20,Enteropathy-type (intestinal) T-cell lymphoma not having achieved remission,C86 | C86.20 |  Enteropathy-type (intestinal) T-cell lymphoma | ETL | Enteropathy-associated T-cell lymphoma | EATL | Lymphoma| T-Cell Lymphoma | T Cell Lymphoma |  Enteropathy type (intestinal) T-cell lymphoma | Enteropathy type T-cell lymphoma | Enteropathy type  T cell lymphoma | Lymphoma,dc567c4b-3166-5211-8d47-7215b4231035,https://www.icd10data.com//ICD10CM/Codes/C00-D49/C81-C96/C86-/C86.20
1067,C86,Lymphoma,Other specified types of T/NK-cell lymphoma,C86.21,Enteropathy-type (intestinal) T-cell lymphoma in remission,C86 | C86.21 |  Enteropathy-type (intestinal) T-cell lymphoma | ETL | Enteropathy-associated T-cell lymphoma | EATL | Lymphoma| T-Cell Lymphoma | T Cell Lymphoma |  Enteropathy type (intestinal) T-cell lymphoma | Enteropathy type T-cell lymphoma | Enteropathy type  T cell lymphoma | Lymphoma,de931115-4125-5e97-80d7-8b745cd2fb0e,https://www.icd10data.com//ICD10CM/Codes/C00-D49/C81-C96/C86-/C86.21
1068,C86,Lymphoma,Other specified types of T/NK-cell lymphoma,C86.3,Subcutaneous panniculitis-like T-cell lymphoma,C86 | C86.3 | SPTCL|Panniculitis-like T-cell lymphoma | Subcutaneous panniculitis-like T-cell lymphoma | SPTCL | Panniculitic T-cell lymphoma | Lymphoma |,d0cb45f2-756d-56f8-8080-d0d19a91ab98,https://www.icd10data.com//ICD10CM/Codes/C00-D49/C81-C96/C86-/C86.3
1069,C86,Lymphoma,Other specified types of T/NK-cell lymphoma,C86.30,Subcutaneous panniculitis-like T-cell lymphoma not having achieved remission,C86 | C86.30 | SPTCL|Panniculitis-like T-cell lymphoma | Subcutaneous panniculitis-like T-cell lymphoma | SPTCL | Panniculitic T-cell lymphoma | Lymphoma |,d78946a6-d8c1-5331-970e-d60766f60695,https://www.icd10data.com//ICD10CM/Codes/C00-D49/C81-C96/C86-/C86.30
1070,C86,Lymphoma,Other specified types of T/NK-cell lymphoma,C86.31,Subcutaneous panniculitis-like T-cell lymphoma in remission,C86 | C86.31 | SPTCL|Panniculitis-like T-cell lymphoma | Subcutaneous panniculitis-like T-cell lymphoma | SPTCL | Panniculitic T-cell lymphoma | Lymphoma |,fe956274-8e55-58fb-b5a2-95a76ee0694b,https://www.icd10data.com//ICD10CM/Codes/C00-D49/C81-C96/C86-/C86.31
1071,C86,Lymphoma,Other specified types of T/NK-cell lymphoma,C86.4,Blastic NK-cell lymphoma,C86 | C86.4 |Blastic NK-cell lymphoma | Blastic Plasmacytoid Dendritic Cell Neoplasm | BPDCN | Agranular CD4+ NK-cell leukemia | Lymphoma | ,12087486-f503-5d7d-bb15-28d8cba90ecc,https://www.icd10data.com//ICD10CM/Codes/C00-D49/C81-C96/C86-/C86.4
1072,C86,Lymphoma,Other specified types of T/NK-cell lymphoma,C86.40,Blastic NK-cell lymphoma not having achieved remission,C86 | C86.40 | Blastic NK-cell lymphoma | Blastic Plasmacytoid Dendritic Cell Neoplasm | BPDCN | Agranular CD4+ NK-cell leukemia | Lymphoma | ,079633fb-e152-5eb9-9f73-fd72fd1e3f43,https://www.icd10data.com//ICD10CM/Codes/C00-D49/C81-C96/C86-/C86.40
1073,C86,Lymphoma,Other specified types of T/NK-cell lymphoma,C86.41,Blastic NK-cell lymphoma in remission,C86 | C86.41 | Blastic NK-cell lymphoma | Blastic Plasmacytoid Dendritic Cell Neoplasm | BPDCN | Agranular CD4+ NK-cell leukemia | Lymphoma | ,7aff6c49-9f76-5a7d-9b5d-dae932effeae,https://www.icd10data.com//ICD10CM/Codes/C00-D49/C81-C96/C86-/C86.41
1074,C86,Lymphoma,Other specified types of T/NK-cell lymphoma,C86.5,Angioimmunoblastic T-cell lymphoma,C86 | C86.5 | Angioimmunoblastic T-cell lymphoma | AITL | Angioimmunoblastic lymphoma | Immunoblastic T-cell lymphoma | Lymphoma | T Cell Lymphoma | T-Cell Lymphoma |,dc670533-f067-5bee-b082-c6061ae8cd61,https://www.icd10data.com//ICD10CM/Codes/C00-D49/C81-C96/C86-/C86.5
1075,C86,Lymphoma,Other specified types of T/NK-cell lymphoma,C86.50,Angioimmunoblastic T-cell lymphoma not having achieved remission,C86 | C86.50 | Angioimmunoblastic T-cell lymphoma | AITL | Angioimmunoblastic lymphoma | Immunoblastic T-cell lymphoma | Lymphoma | T Cell Lymphoma | T-Cell Lymphoma |,6d11ae85-7e64-5692-b338-caacbee7d46e,https://www.icd10data.com//ICD10CM/Codes/C00-D49/C81-C96/C86-/C86.50
1076,C86,Lymphoma,Other specified types of T/NK-cell lymphoma,C86.51,Angioimmunoblastic T-cell lymphoma in remission,C86 | C86.51 | Angioimmunoblastic T-cell lymphoma | AITL | Angioimmunoblastic lymphoma | Immunoblastic T-cell lymphoma | Lymphoma | T Cell Lymphoma | T-Cell Lymphoma |,0617b10f-13e1-5543-af50-57c03e1502a7,https://www.icd10data.com//ICD10CM/Codes/C00-D49/C81-C96/C86-/C86.51
1077,C86,Lymphoma,Other specified types of T/NK-cell lymphoma,C86.6,Primary cutaneous CD30-positive T-cell proliferations,C86 | C86.6 |Primary cutaneous CD30-positive T-cell proliferations | CD30+ T-cell lymphoproliferative disorder | Primary cutaneous CD30+ T-cell lymphoma | Cutaneous anaplastic large cell lymphoma | cALCL | Lymphomatoid papulosis | LyP | Lymphoma | ,8759c359-13b6-5bfa-8077-80239a57ea85,https://www.icd10data.com//ICD10CM/Codes/C00-D49/C81-C96/C86-/C86.6
1078,C86,Lymphoma,Other specified types of T/NK-cell lymphoma,C86.60,Primary cutaneous CD30-positive T-cell proliferations not having achieved remission,C86 | C86.60 | Primary cutaneous CD30-positive T-cell proliferations | CD30+ T-cell lymphoproliferative disorder | Primary cutaneous CD30+ T-cell lymphoma | Cutaneous anaplastic large cell lymphoma | cALCL | Lymphomatoid papulosis | LyP | Lymphoma | ,98fcfb5d-a8d2-5508-aa3d-997db1a2d391,https://www.icd10data.com//ICD10CM/Codes/C00-D49/C81-C96/C86-/C86.60
1079,C86,Lymphoma,Other specified types of T/NK-cell lymphoma,C86.61,Primary cutaneous CD30-positive T-cell proliferations in remission,C86 | C86.61 | Primary cutaneous CD30-positive T-cell proliferations | CD30+ T-cell lymphoproliferative disorder | Primary cutaneous CD30+ T-cell lymphoma | Cutaneous anaplastic large cell lymphoma | cALCL | Lymphomatoid papulosis | LyP | Lymphoma | ,efcfc19e-5579-5a84-9525-82b30f508ef8,https://www.icd10data.com//ICD10CM/Codes/C00-D49/C81-C96/C86-/C86.61
1080,C88,Lymphoma,Malignant immunoproliferative diseases and certain other B-cell lymphomas,C88.0,Waldenström macroglobulinemia,C88 | C88.0  |Extranodal marginal zone B-cell lymphoma|Extranodal marginal zone lymphoma | Waldenstrom Macroglobulinemia | Waldenström Macroglobulinemia | Waldenstrom's Disease | Waldenstrom's Macroglobulinemia | Waldenström's Macroglobulinemia | Waldenströmâ€™s macroglobulinemia | Waldenstroms disease | Waldenstrom disease | Waldenström macroglobulinaemia | Waldenstrom's syndrome | Waldenstrom syndrome | IgM-MGUS | Lymphoplasmacytic lymphoma (LPL) | IgM-secreting lymphoma | Monoclonal gammopathy associated with Waldenström  | Lymphoma,3bc9b924-2eb2-53de-a343-2a53a3764afe,https://www.icd10data.com//ICD10CM/Codes/C00-D49/C81-C96/C88-/C88.0
1081,C88,Lymphoma,Malignant immunoproliferative diseases and certain other B-cell lymphomas,C88.00,Waldenström macroglobulinemia not having achieved remission,C88 | C88.00   |Extranodal marginal zone B-cell lymphoma|Extranodal marginal zone lymphoma | Waldenstrom Macroglobulinemia | Waldenström Macroglobulinemia | Waldenstrom's Disease | Waldenstrom's Macroglobulinemia | Waldenström's Macroglobulinemia | Waldenströmâ€™s macroglobulinemia | Waldenstroms disease | Waldenstrom disease | Waldenström macroglobulinaemia | Waldenstrom's syndrome | Waldenstrom syndrome | IgM-MGUS | Lymphoplasmacytic lymphoma (LPL) | IgM-secreting lymphoma | Monoclonal gammopathy associated with Waldenström | Lymphoma,e0eadd6c-51ec-503d-9a5c-25cc3990b6af,https://www.icd10data.com//ICD10CM/Codes/C00-D49/C81-C96/C88-/C88.00
1082,C88,Lymphoma,Malignant immunoproliferative diseases and certain other B-cell lymphomas,C88.01,Waldenström macroglobulinemia in remission,C88 | C88.01 |Extranodal marginal zone B-cell lymphoma|Extranodal marginal zone lymphoma | Waldenstrom Macroglobulinemia | Waldenström Macroglobulinemia | Waldenstrom's Disease | Waldenstrom's Macroglobulinemia | Waldenström's Macroglobulinemia | Waldenström™s macroglobulinemia | Waldenstroms disease | Waldenstrom disease | Waldenström macroglobulinaemia | Waldenstrom's syndrome | Waldenstrom syndrome | IgM-MGUS | Lymphoplasmacytic lymphoma (LPL) | IgM-secreting lymphoma | Monoclonal gammopathy associated with Waldenström | Lymphoma,dcd3886a-4a3d-5193-9bb2-d8fb0cbdfa21,https://www.icd10data.com//ICD10CM/Codes/C00-D49/C81-C96/C88-/C88.01
1083,C88,Lymphoma,Malignant immunoproliferative diseases and certain other B-cell lymphomas,C88.2,Heavy chain disease,C88 | C88.2  |Heavy chain disease | HCD | Immunoproliferative heavy chain disease | Alpha heavy chain disease | α-HCD | Seligmann's disease | Gamma heavy chain disease | γ-HCD | Mu heavy chain disease | μ-HCD | Malignant Immunoproliferative Disease | Lymphoma |,3be523d6-6c50-5cd9-bdb0-9dac04d1bfab,https://www.icd10data.com//ICD10CM/Codes/C00-D49/C81-C96/C88-/C88.2
1084,C88,Lymphoma,Malignant immunoproliferative diseases and certain other B-cell lymphomas,C88.20,Heavy chain disease not having achieved remission,C88 | C88.20  | Heavy chain disease | HCD | Immunoproliferative heavy chain disease | Alpha heavy chain disease | α-HCD | Seligmann's disease | Gamma heavy chain disease | γ-HCD | Mu heavy chain disease | μ-HCD | Malignant Immunoproliferative Disease | Lymphoma |,0a9c97c5-b531-5058-b36c-3dfdaba912e2,https://www.icd10data.com//ICD10CM/Codes/C00-D49/C81-C96/C88-/C88.20
1085,C88,Lymphoma,Malignant immunoproliferative diseases and certain other B-cell lymphomas,C88.21,Heavy chain disease in remission,C88 | C88.21  | Heavy chain disease | HCD | Immunoproliferative heavy chain disease | Alpha heavy chain disease | α-HCD | Seligmann's disease | Gamma heavy chain disease | γ-HCD | Mu heavy chain disease | μ-HCD | Malignant Immunoproliferative Disease | Lymphoma |Immunoproliferative heavy chain disease in Remission | Immunoproliferative heavy chain disease - Rem |,efeda0c7-06f2-5607-b54a-8029fc2f8e2d,https://www.icd10data.com//ICD10CM/Codes/C00-D49/C81-C96/C88-/C88.21
1086,C88,Lymphoma,Malignant immunoproliferative diseases and certain other B-cell lymphomas,C88.3,Immunoproliferative small intestinal disease,C88 | C88.3  |Immunoproliferative small intestinal disease | IPSID | Mediterranean lymphoma | Alpha chain disease | α-HCD (in the context of IPSID) | Immunoproliferative enteropathy | Lymphoma |  α-HCD - IPSID | Lymphoma | ,3aa8fb66-3ae2-5078-9295-ac0ceb7db227,https://www.icd10data.com//ICD10CM/Codes/C00-D49/C81-C96/C88-/C88.3
1087,C88,Lymphoma,Malignant immunoproliferative diseases and certain other B-cell lymphomas,C88.30,Immunoproliferative small intestinal disease not having achieved remission,C88 | C88.30  | Immunoproliferative small intestinal disease | IPSID | Mediterranean lymphoma | Alpha chain disease | α-HCD (in the context of IPSID) | Immunoproliferative enteropathy | Lymphoma |  α-HCD - IPSID | Lymphoma | ,eb7c9e16-e056-559b-92d1-bccf41879075,https://www.icd10data.com//ICD10CM/Codes/C00-D49/C81-C96/C88-/C88.30
1088,C88,Lymphoma,Malignant immunoproliferative diseases and certain other B-cell lymphomas,C88.31,Immunoproliferative small intestinal disease in remission,C88 | C88.31  |Immunoproliferative small intestinal disease | IPSID | Mediterranean lymphoma | Alpha chain disease | α-HCD (in the context of IPSID) | Immunoproliferative enteropathy | Lymphoma |  α-HCD - IPSID | Lymphoma | ,2f1d6510-0b3f-5025-bd81-358c31ac511a,https://www.icd10data.com//ICD10CM/Codes/C00-D49/C81-C96/C88-/C88.31
1089,C88,Lymphoma,Malignant immunoproliferative diseases and certain other B-cell lymphomas,C88.4,Extranodal marginal zone B-cell lymphoma of mucosa-associated lymphoid tissue [MALT-lymphoma],C88 | C88.4  | Extranodal marginal zone B-cell lymphoma of mucosa-associated lymphoid tissue | MALT Lymphoma | MALToma | Mucosa-associated lymphoid tissue lymphoma | Low-grade B-cell MALT Lymphoma | Lymphoma | MALT Lymphoma |,2f052440-8451-5790-9525-38c58fff89cb,https://www.icd10data.com//ICD10CM/Codes/C00-D49/C81-C96/C88-/C88.4
1090,C88,Lymphoma,Malignant immunoproliferative diseases and certain other B-cell lymphomas,C88.40,Extranodal marginal zone B-cell lymphoma of mucosa-associated lymphoid tissue [MALT-lymphoma] not having achieved remission,C88 | C88.40  | Extranodal marginal zone B-cell lymphoma of mucosa-associated lymphoid tissue | MALT Lymphoma | MALToma | Mucosa-associated lymphoid tissue lymphoma | Low-grade B-cell MALT Lymphoma | Lymphoma | MALT Lymphoma |,c8f19a32-48ab-5b47-9e5c-f1db6b445837,https://www.icd10data.com//ICD10CM/Codes/C00-D49/C81-C96/C88-/C88.40
1091,C88,Lymphoma,Malignant immunoproliferative diseases and certain other B-cell lymphomas,C88.41,Extranodal marginal zone B-cell lymphoma of mucosa-associated lymphoid tissue [MALT-lymphoma] in remission,C88 | C88.41  |Extranodal marginal zone B-cell lymphoma of mucosa-associated lymphoid tissue | MALT Lymphoma | MALToma | Mucosa-associated lymphoid tissue lymphoma | Low-grade B-cell MALT Lymphoma | Lymphoma | MALT Lymphoma |,ffd5fdf6-1329-506b-a4c9-cb437434bb0e,https://www.icd10data.com//ICD10CM/Codes/C00-D49/C81-C96/C88-/C88.41
1092,C88,Lymphoma,Malignant immunoproliferative diseases and certain other B-cell lymphomas,C88.8,Other malignant immunoproliferative diseases,C88 | C88.8  | Other malignant immunoproliferative diseases | Unspecified heavy chain disease variants | Rare immunoproliferative disorders | Unclassified immunoproliferative lymphoma | Lymphoma |,9beca6f9-478d-54e1-997a-713d58fb9d5c,https://www.icd10data.com//ICD10CM/Codes/C00-D49/C81-C96/C88-/C88.8
1093,C88,Lymphoma,Malignant immunoproliferative diseases and certain other B-cell lymphomas,C88.80,Other malignant immunoproliferative diseases not having achieved remission,C88 | C88.80  | Other malignant immunoproliferative diseases | Unspecified heavy chain disease variants | Rare immunoproliferative disorders | Unclassified immunoproliferative lymphoma | Lymphoma |,b69eaac3-3e74-50df-8c4c-6e9b177a3cb0,https://www.icd10data.com//ICD10CM/Codes/C00-D49/C81-C96/C88-/C88.80
1094,C88,Lymphoma,Malignant immunoproliferative diseases and certain other B-cell lymphomas,C88.81,Other malignant immunoproliferative diseases in remission,C88 | C88.81  | Other malignant immunoproliferative diseases | Unspecified heavy chain disease variants | Rare immunoproliferative disorders | Unclassified immunoproliferative lymphoma | Lymphoma |,2631c0e7-cd99-5265-9b5f-768222cf5e75,https://www.icd10data.com//ICD10CM/Codes/C00-D49/C81-C96/C88-/C88.81
1095,C88,Lymphoma,Malignant immunoproliferative diseases and certain other B-cell lymphomas,C88.9,"Malignant immunoproliferative disease, unspecified","C88 | C88.9  | Malignant immunoproliferative disease, unspecified | Unspecified malignant immunoproliferative disorder | Unclassified B-cell or plasma cell proliferative disorder",b57d523b-9ef8-5135-aa7b-4bceb40efde5,https://www.icd10data.com//ICD10CM/Codes/C00-D49/C81-C96/C88-/C88.9
1096,C88,Lymphoma,Malignant immunoproliferative diseases and certain other B-cell lymphomas,C88.90,"Malignant immunoproliferative disease, unspecified not having achieved remission","C88 | C88.90  | Malignant immunoproliferative disease, unspecified | Unspecified malignant immunoproliferative disorder | Unclassified B-cell or plasma cell proliferative disorder |",a06a41af-ff1d-5054-b979-080e1ba9651a,https://www.icd10data.com//ICD10CM/Codes/C00-D49/C81-C96/C88-/C88.90
1097,C88,Lymphoma,Malignant immunoproliferative diseases and certain other B-cell lymphomas,C88.91,"Malignant immunoproliferative disease, unspecified in remission","C88 | C88.91  | Malignant immunoproliferative disease, unspecified | Unspecified malignant immunoproliferative disorder | Unclassified B-cell or plasma cell proliferative disorder |",3cd35e9f-41f7-5d2b-9636-37b249f36d45,https://www.icd10data.com//ICD10CM/Codes/C00-D49/C81-C96/C88-/C88.91
1098,C90,Multiple myeloma,Multiple myeloma and malignant plasma cell neoplasms,C90.0,Multiple myeloma,C90 | C90.0  | Multiple Myeloma | Kahler disease| Plasmacytic myeloma| Myelomatosis|  Malignant Plasma Cell Neoplasm| Myeloma|,e4c777f5-f7c9-506b-8a4a-3b5364a05f73,https://www.icd10data.com//ICD10CM/Codes/C00-D49/C81-C96/C90-/C90.0
1099,C90,Multiple myeloma,Multiple myeloma and malignant plasma cell neoplasms,C90.00,Multiple myeloma not having achieved remission,C90 | C90.00  | Multiple Myeloma | Kahler disease| Plasmacytic myeloma| Myelomatosis| Malignant Plasma Cell Neoplasm| Myeloma|,236316dc-3574-5273-b900-6091423f56bc,https://www.icd10data.com//ICD10CM/Codes/C00-D49/C81-C96/C90-/C90.00
1100,C90,Multiple myeloma,Multiple myeloma and malignant plasma cell neoplasms,C90.01,Multiple myeloma in remission,C90 | C90.01  | MM-Rem| Multiple Myeloma in Rem| Multiple Myeloma-Rem| Myeloma| Multiple Myeloma|,24f4ae58-848f-5461-9a55-a8f590175c1d,https://www.icd10data.com//ICD10CM/Codes/C00-D49/C81-C96/C90-/C90.01
1101,C90,Multiple myeloma,Multiple myeloma and malignant plasma cell neoplasms,C90.02,Multiple myeloma in relapse,C90 | C90.02  | MM-Rel| Multiple Myeloma in Rel| Multiple Myeloma-Rel| Myeloma| Multiple Myeloma|,69990eff-b5a6-57fc-9e67-a0ee5834aa41,https://www.icd10data.com//ICD10CM/Codes/C00-D49/C81-C96/C90-/C90.02
1102,C90,Multiple myeloma,Multiple myeloma and malignant plasma cell neoplasms,C90.1,Plasma cell leukemia,C90 | C90.1  | MPCN | Mal Plasma Cell Neoplasm | Plasma Cell Myeloma | Primary Plasma Cell Leukemia| Myeloma| Multiple Myeloma| PCL|,8f85f92d-61d7-563c-9a94-e164c8383396,https://www.icd10data.com//ICD10CM/Codes/C00-D49/C81-C96/C90-/C90.1
1103,C90,Multiple myeloma,Multiple myeloma and malignant plasma cell neoplasms,C90.10,Plasma cell leukemia not having achieved remission,C90 | C90.10  | MPCN | Mal Plasma Cell Neoplasm | Plasma Cell Myeloma | Primary Plasma Cell Leukemia| Myeloma| Multiple Myeloma| PCL|,2aa1a56c-e9ee-5e61-b1c5-e936c2d29f45,https://www.icd10data.com//ICD10CM/Codes/C00-D49/C81-C96/C90-/C90.10
1104,C90,Multiple myeloma,Multiple myeloma and malignant plasma cell neoplasms,C90.11,Plasma cell leukemia in remission,C90 | C90.11  | PCL-Rem | Plasma Cell Leukemia in Rem | Plasma Cell Leukemia-Rem | Malignant PCL-Rem| Myeloma| Multiple Myeloma| Primary PCL-Rem | Secondary PCL-Rem| Primary-PCL Rem | Secondary-PCL Rem| Mal Plasma Cell Neoplasm-Rem|,6105a694-de14-504f-a64a-44534fd8d9e5,https://www.icd10data.com//ICD10CM/Codes/C00-D49/C81-C96/C90-/C90.11
1105,C90,Multiple myeloma,Multiple myeloma and malignant plasma cell neoplasms,C90.12,Plasma cell leukemia in relapse,C90 | C90.12 | PCL-Rel | Plasma Cell Leukemia in Rel | Plasma Cell Leukemia-Rel | Malignant PCL-Rel | Myeloma | Multiple Myeloma | Primary PCL-Rel | Secondary PCL-Rel | Primary-PCL Rel | Secondary-PCL Rel | | Mal Plasma Cell Neoplasm-Rel|,3fcefb1c-d139-59b0-9921-9411c45da5dc,https://www.icd10data.com//ICD10CM/Codes/C00-D49/C81-C96/C90-/C90.12
1106,C90,Multiple myeloma,Multiple myeloma and malignant plasma cell neoplasms,C90.2,Extramedullary plasmacytoma,C90 | C90.2  | Extraosseous plasmacytoma |EMP| Extramedullary plasmacytoma| Myeloma | Multiple Myeloma|,ece5a057-d929-5dd9-817f-2db354c37701,https://www.icd10data.com//ICD10CM/Codes/C00-D49/C81-C96/C90-/C90.2
1107,C90,Multiple myeloma,Multiple myeloma and malignant plasma cell neoplasms,C90.20,Extramedullary plasmacytoma not having achieved remission,C90 | C90.20  | Extraosseous plasmacytoma |EMP| Extramedullary plasmacytoma| Myeloma | Multiple Myeloma |,4b4470c4-a40e-51f9-9f9c-9698a623f740,https://www.icd10data.com//ICD10CM/Codes/C00-D49/C81-C96/C90-/C90.20
1108,C90,Multiple myeloma,Multiple myeloma and malignant plasma cell neoplasms,C90.21,Extramedullary plasmacytoma in remission,C90 | C90.21  | Extraosseous plasmacytoma in Rem|EMP-Rem| Extramedullary plasmacytoma-Rem| | Myeloma | Multiple Myeloma |Extramedullary plasmacytoma in Rem|Extraosseous plasmacytoma-Rem|,d2258427-7cf0-539b-892b-96b7cd2ceaf8,https://www.icd10data.com//ICD10CM/Codes/C00-D49/C81-C96/C90-/C90.21
1109,C90,Multiple myeloma,Multiple myeloma and malignant plasma cell neoplasms,C90.22,Extramedullary plasmacytoma in relapse,C90 | C90.22  | Extraosseous Plasmacytoma in Rel | EMP-Rel | Extramedullary Plasmacytoma-Rel | Myeloma | Multiple Myeloma | Extramedullary Plasmacytoma in Rel | Extraosseous Plasmacytoma-Rel | ,64e1d1cd-2d91-54f5-be26-b83e76066696,https://www.icd10data.com//ICD10CM/Codes/C00-D49/C81-C96/C90-/C90.22
1114,C91,Leukemia,Lymphoid Leukemia,C91.0,Acute lymphoblastic leukemia [ALL],C91 | C91.0 | Lymph Leuk | L-Leuk| Acute Leukemia| Acute Lymphoblastic Leukemia | Acute Lymphocytic Leukemia | Leukemia |  Acute Lymphoblastic  Lymphoid Leukemia | Acute Lymphoid Leukemia | Acute-Lymphocytic Leukemia | ,b006fdd8-72eb-59d1-a9e0-3ec26f0a0c7b,https://www.icd10data.com//ICD10CM/Codes/C00-D49/C81-C96/C91-/C91.0
1115,C91,Leukemia,Lymphoid Leukemia,C91.00,Acute lymphoblastic leukemia not having achieved remission,C91 | C91.00 | Lymph Leuk | L-Leuk| Acute Leukemia| Acute Lymphoblastic Leukemia | Acute Lymphocytic Leukemia | Leukemia |  Acute Lymphoblastic  Lymphoid Leukemia | Acute Lymphoid Leukemia | Acute-Lymphocytic Leukemia | Leukemia | ,bb063f70-a856-5314-ae4f-ce10fe50ecba,https://www.icd10data.com//ICD10CM/Codes/C00-D49/C81-C96/C91-/C91.00
1116,C91,Leukemia,Lymphoid Leukemia,C91.01,"Acute lymphoblastic leukemia, in remission",C91 | C91.01 |Lymph Leuk | L-Leuk| Acute Leukemia| Acute Lymphoblastic Leukemia | Acute Lymphocytic Leukemia | Leukemia |  Acute Lymphoblastic  Lymphoid Leukemia | Acute Lymphoid Leukemia | Acute-Lymphocytic Leukemia | Rem-ALL | Remission-ALL | Remission Acute Lymphocytic Leukemia | Remission  Acute Lymphoblastic Leukemia | Remission Lymphoblastic  ALL-Rem | ALL-Remission | Leukemia ,b71a9e74-6b38-53f0-9dda-fcc3e802cbed,https://www.icd10data.com//ICD10CM/Codes/C00-D49/C81-C96/C91-/C91.01
1117,C91,Leukemia,Lymphoid Leukemia,C91.02,"Acute lymphoblastic leukemia, in relapse",C91 | C91.02 |Lymph Leuk | L-Leuk| Acute Leukemia| Acute Lymphoblastic Leukemia | Acute Lymphocytic Leukemia | Leukemia |  Acute Lymphoblastic  Lymphoid Leukemia | Acute Lymphoid Leukemia | Acute-Lymphocytic Leukemia | Rel-ALL | Relapsed-ALL | Relapsed Acute Lymphocytic Leukemia | Relapsed Acute Lymphoblastic Leukemia | Relapsed Lymphoblastic  ALL-Rel | ALL-Relapsed | Leukemia,3241c40c-8a96-5fc6-ad4a-5acdfb515953,https://www.icd10data.com//ICD10CM/Codes/C00-D49/C81-C96/C91-/C91.02
1118,C91,Leukemia,Lymphoid Leukemia,C91.1,Chronic lymphocytic leukemia of B-cell type,C91 | C91.1 | Lymph Leuk | L-Leuk|Unspec-CL|Acute Leukemia|Lymphoid Leukemia | CLL|B-cell CLL| Chronic Leukemia | Chronic Leukemia of unspecified cell type |CLL | Chronic Lymphocytic Leukemia | B-CLL | CLL-B | Chronic B-Cell Leukemia | CLL-NOS | B Cell CLL | B-Cell Chronic Lymphocytic Leukemia | B-Cell Chronic Lymphocytic  Chronic Lymphoblastic Leukemia | Small lymphocytic lymphoma| SLL | Leukemia  |  Lymphoid Leukemia |,1a29ad46-cf80-52c7-ae86-eba428dbe520,https://www.icd10data.com//ICD10CM/Codes/C00-D49/C81-C96/C91-/C91.1
1119,C91,Leukemia,Lymphoid Leukemia,C91.10,Chronic lymphocytic leukemia of B-cell type not having achieved remission,C91 | C91.10 | Lymph Leuk | L-Leuk|Unspec-CL|Acute Leukemia|Lymphoid Leukemia | CLL|B-cell CLL| Chronic Leukemia | Chronic Leukemia of unspecified cell type |CLL | Chronic Lymphocytic Leukemia | B-CLL | CLL-B | Chronic B-Cell Leukemia | CLL-NOS | B Cell CLL | B-Cell Chronic Lymphocytic Leukemia   | B-Cell Chronic Lymphocytic  Chronic Lymphoblastic Leukemia | Small lymphocytic lymphoma| SLL | Leukemia |  Lymphoid Leukemia |,bddc8895-6ee3-5c2d-be51-0e031a53105c,https://www.icd10data.com//ICD10CM/Codes/C00-D49/C81-C96/C91-/C91.10
1120,C91,Leukemia,Lymphoid Leukemia,C91.11,Chronic lymphocytic leukemia of B-cell type in remission,C91 | C91.11 | Lymph Leuk | L-Leuk|Unspec-CL|Acute Leukemia|Lymphoid Leukemia | CLL|B-cell CLL| Chronic Leukemia | Chronic Leukemia of unspecified cell type |CLL | Chronic Lymphocytic Leukemia | B-CLL | CLL-B | Chronic B-Cell Leukemia | CLL-NOS | B Cell CLL | B-Cell Chronic Lymphocytic Leukemia | B-Cell Chronic Lymphocytic  Chronic Lymphoblastic Leukemia | Small lymphocytic lymphoma| SLL |Refractory CLL| B-CLL | CLL-B | Chronic B-Cell Leukemia | CLL-NOS | CLL-Rem | CLL in Remssion | Refractory CLL | R/R CLL | R/R SLL | CLL/SLL | Leukemia |  Lymphoid Leukemia |,97ab262e-0032-5450-a220-f70e498d2d67,https://www.icd10data.com//ICD10CM/Codes/C00-D49/C81-C96/C91-/C91.11
1162,C92,Leukemia,Myeloid Leukemia ,C92.3,Myeloid sarcoma,C92 | C92.3 | Myeloid Sarcoma | Myeloid Leukemia | Leukemia |,a38ede0f-1442-556a-90ea-66c8016fe62e,https://www.icd10data.com//ICD10CM/Codes/C00-D49/C81-C96/C92-/C92.3
1121,C91,Leukemia,Lymphoid Leukemia,C91.12,Chronic lymphocytic leukemia of B-cell type in relapse,C91 | C91.12 |  Lymph Leuk | L-Leuk|Unspec-CL|Acute Leukemia|Lymphoid Leukemia | CLL|B-cell CLL| Chronic Leukemia | Chronic Leukemia of unspecified cell type |CLL | Chronic Lymphocytic Leukemia | B-CLL | CLL-B | Chronic B-Cell Leukemia | CLL-NOS | B Cell CLL | B-Cell Chronic Lymphocytic Leukemia | B-Cell Chronic Lymphocytic  Chronic Lymphoblastic Leukemia | Small lymphocytic lymphoma| SLL |Relapsed CLL| B-CLL | CLL-B | Chronic B-Cell Leukemia | CLL-NOS | CLL-Rel | CLL  | Refractory CLL | R/R CLL | R/R SLL | CLL/SLL | CLL Relapsed | Rel-CLL | SLL Relapsed | Rel-SLL | Leukemia |  Lymphoid Leukemia |,f7fc0b57-91e1-575b-a85e-12d65dc23b78,https://www.icd10data.com//ICD10CM/Codes/C00-D49/C81-C96/C91-/C91.12
1122,C91,Leukemia,Lymphoid Leukemia,C91.3,Prolymphocytic leukemia of B-cell type,C91 | C91.3 | Lymph Leuk | L-Leuk|  B-PLL | Prolymphocytic Leukemia B-Cell Type | B-PLL-NOS |  Leukemia |  Lymphoid Leukemia | B Cell Prolymphocytic Leukemia | B-Cell Prolymphocytic Leukemia |,576afcb8-7fc9-5496-9cc4-550d0d4fd377,https://www.icd10data.com//ICD10CM/Codes/C00-D49/C81-C96/C91-/C91.3
1123,C91,Leukemia,Lymphoid Leukemia,C91.30,Prolymphocytic leukemia of B-cell type not having achieved remission,C91 | C91.30 | Lymph Leuk | L-Leuk|  B-PLL | Prolymphocytic Leukemia B-Cell Type | B-PLL-NOS |  Leukemia |  Lymphoid Leukemia | B Cell Prolymphocytic Leukemia | B-Cell Prolymphocytic Leukemia |,a7234779-cdaf-540e-9343-8e716176c1a7,https://www.icd10data.com//ICD10CM/Codes/C00-D49/C81-C96/C91-/C91.30
1124,C91,Leukemia,Lymphoid Leukemia,C91.31,Prolymphocytic leukemia of B-cell type in remission,C91 | C91.31 | Lymph Leuk | L-Leuk|  B-PLL | Prolymphocytic Leukemia B-Cell Type | B-PLL-NOS |  Leukemia |  Lymphoid Leukemia | B Cell Prolymphocytic Leukemia | B-Cell Prolymphocytic Leukemia | B Cell Prolymphocytic Leukemia in Remission | B-Cell Prolymphocytic Leukemia in Remission | R/R  B-Cell Prolymphocytic Leukemia  |Refractory  B-Cell Prolymphocytic Leukemia |  B-PLL-Rem | B-PLL Rem |,c5194dcd-355e-5f5f-840f-55af3f1f9845,https://www.icd10data.com//ICD10CM/Codes/C00-D49/C81-C96/C91-/C91.31
1125,C91,Leukemia,Lymphoid Leukemia,C91.32,Prolymphocytic leukemia of B-cell type in relapse,C91 | C91.32 |Lymph Leuk | L-Leuk|  B-PLL | Prolymphocytic Leukemia B-Cell Type | B-PLL-NOS |  Leukemia |  Lymphoid Leukemia | B Cell Prolymphocytic Leukemia | B-Cell Prolymphocytic Leukemia | B Cell Prolymphocytic Leukemia Relapsed | B-Cell Prolymphocytic Leukemia Relapsed | R/R  B-Cell Prolymphocytic Leukemia  |Refractory  B-Cell Prolymphocytic Leukemia |  B-PLL-Rel | B-PLL Rel |,8b5b9fbb-dbdd-5e2d-8f83-675d233b667f,https://www.icd10data.com//ICD10CM/Codes/C00-D49/C81-C96/C91-/C91.32
1126,C91,Leukemia,Lymphoid Leukemia,C91.4,Hairy cell leukemia,C91 | C91.4 | Lymph Leuk | L-Leuk|  | HCL | Hairy Cell Leukemia | HCL-Rem | HCL-Rel |   Leukemia |  Lymphoid Leukemia | Lymphoid   Lymphocytic Leukemia | Lymphocytic  ,34e6646c-22a1-5db0-a515-f37fc13b9321,https://www.icd10data.com//ICD10CM/Codes/C00-D49/C81-C96/C91-/C91.4
1127,C91,Leukemia,Lymphoid Leukemia,C91.40,Hairy cell leukemia not having achieved remission,C91 | C91.40 | Lymph Leuk | L-Leuk|  Lymph Leuk | L-Leuk|  | HCL | Hairy Cell Leukemia | HCL-Rem | HCL-Rel |   Leukemia |  Lymphoid Leukemia | Lymphoid   Lymphocytic Leukemia | Lymphocytic   ,7b0fa73a-9a58-5d34-9b81-930e2a2dfff7,https://www.icd10data.com//ICD10CM/Codes/C00-D49/C81-C96/C91-/C91.40
1163,C92,Leukemia,Myeloid Leukemia ,C92.30,Myeloid sarcoma not having achieved remission,C92 | C92.30 |Myeloid Sarcoma | Myeloid Leukemia | Leukemia |,15dafbf7-3524-59c9-ae76-32a2d0954762,https://www.icd10data.com//ICD10CM/Codes/C00-D49/C81-C96/C92-/C92.30
1128,C91,Leukemia,Lymphoid Leukemia,C91.41,Hairy cell leukemia in remission,C91 | C91.41 | Lymph Leuk | L-Leuk| Lymph Leuk | L-Leuk|  | HCL | Hairy Cell Leukemia | HCL-Rem | HCL-Rel |   Leukemia |   Lymphoid Leukemia | Lymphoid   Lymphocytic Leukemia | Lymphocytic  ,31770d1f-07bc-50b8-a4b5-b55a4fbe587a,https://www.icd10data.com//ICD10CM/Codes/C00-D49/C81-C96/C91-/C91.41
1129,C91,Leukemia,Lymphoid Leukemia,C91.42,Hairy cell leukemia in relapse,C91 | C91.42 | Lymphoid Leukemia | Lymphocytic Leukemia | Lymphocytic   HCL | Hairy Cell Leukemia | HCL-Rem | HCL-Rel |,d6609428-2fd7-5969-925a-f6d2b03f9d19,https://www.icd10data.com//ICD10CM/Codes/C00-D49/C81-C96/C91-/C91.42
1130,C91,Leukemia,Lymphoid Leukemia,C91.5,Adult T-cell lymphoma/leukemia (HTLV-1-associated),C91 | C91.5 |  Lymphoid Leukemia |  Lymphocytic Leukemia | Lymphocytic  | ATL | Adult T-Cell Leukemia/Lymphoma | ATLL | HTLV-1 Leukemia | Adult T-Cell Leukemia |Adult T-Cell Lymphoma | Leukemia |  Adult  T Cell Lymphoma |  T Cell Leukemia | HTLV-1 Adult T Cell Lymphoma |   HTLV-1 T Cell Leukemia | ,34fbd187-6cf3-58b3-b58f-fe6d48a01f7c,https://www.icd10data.com//ICD10CM/Codes/C00-D49/C81-C96/C91-/C91.5
1131,C91,Leukemia,Lymphoid Leukemia,C91.50,Adult T-cell lymphoma/leukemia (HTLV-1-associated) not having achieved remission,C91 | C91.50 |  Lymphoid Leukemia | Lymphocytic Leukemia | Lymphocytic  | ATL | Adult T-Cell Leukemia/Lymphoma | ATLL | HTLV-1 Leukemia | Adult T-Cell Leukemia |Adult T-Cell Lymphoma | Leukemia |  Adult  T Cell Lymphoma |  T Cell Leukemia | HTLV-1 Adult T Cell Lymphoma |   HTLV-1 T Cell Leukemia ,e8dbf615-253c-5bf9-a93b-c872c0c6f2ed,https://www.icd10data.com//ICD10CM/Codes/C00-D49/C81-C96/C91-/C91.50
1132,C91,Leukemia,Lymphoid Leukemia,C91.51,Adult T-cell lymphoma/leukemia (HTLV-1-associated) in remission,C91 | C91.51 | Lymphoid Leukemia | Lymphocytic Leukemia | Lymphocytic  | ATL | Adult T-Cell Leukemia/Lymphoma | ATLL | HTLV-1 Leukemia | Adult T-Cell Leukemia |Adult T-Cell Lymphoma | Leukemia |  Adult  T Cell Lymphoma |  T Cell Leukemia | HTLV-1 Adult T Cell Lymphoma |   HTLV-1 T Cell Leukemia |,2fc68e12-50ab-5df3-abd6-6f1cd7eda0bb,https://www.icd10data.com//ICD10CM/Codes/C00-D49/C81-C96/C91-/C91.51
1133,C91,Leukemia,Lymphoid Leukemia,C91.52,Adult T-cell lymphoma/leukemia (HTLV-1-associated) in relapse,C91 | C91.52 |  Lymphoid Leukemia |  Lymphocytic Leukemia | Lymphocytic  | ATL | Adult T-Cell Leukemia/Lymphoma | ATLL | HTLV-1 Leukemia | Adult T-Cell Leukemia |Adult T-Cell Lymphoma | Leukemia |  Adult  T Cell Lymphoma |  T Cell Leukemia | HTLV-1 Adult T Cell Lymphoma |   HTLV-1 T Cell Leukemia |,4c806636-aecf-5613-b67e-afafadc0cac4,https://www.icd10data.com//ICD10CM/Codes/C00-D49/C81-C96/C91-/C91.52
1134,C91,Leukemia,Lymphoid Leukemia,C91.6,Prolymphocytic leukemia of T-cell type,C91 | C91.6 | Lymph Leuk | L-Leuk|  T-PLL | Prolymphocytic Leukemia T-Cell Type | T-PLL-NOS |  Leukemia |  Lymphoid Leukemia | T Cell Prolymphocytic Leukemia | T-Cell Prolymphocytic Leukemia | T Cell Prolymphocytic Leukemia Relapsed | T-Cell Prolymphocytic Leukemia Relapsed | R/R  T-Cell Prolymphocytic Leukemia  |Refractory  T-Cell Prolymphocytic Leukemia |  T-PLL-Rel | T-PLL Rel |,13660ce9-3205-50b9-8005-ba9f0b56a3c4,https://www.icd10data.com//ICD10CM/Codes/C00-D49/C81-C96/C91-/C91.6
1164,C92,Leukemia,Myeloid Leukemia ,C92.31,Myeloid sarcoma in remission,C92 | C92.31 |Myeloid Sarcoma | Myeloid Leukemia | Leukemia | Myeloid leukemia-Rem |,a7bcceb8-f7b7-5750-8033-10f7c71ef0ba,https://www.icd10data.com//ICD10CM/Codes/C00-D49/C81-C96/C92-/C92.31
1135,C91,Leukemia,Lymphoid Leukemia,C91.60,Prolymphocytic leukemia of T-cell type not having achieved remission,C91 | C91.60 |  Lymph Leuk | L-Leuk|  T-PLL | Prolymphocytic Leukemia T-Cell Type | T-PLL-NOS |  Leukemia |  Lymphoid Leukemia | T Cell Prolymphocytic Leukemia | T-Cell Prolymphocytic Leukemia | T Cell Prolymphocytic Leukemia Relapsed | T-Cell Prolymphocytic Leukemia Relapsed | R/R  T-Cell Prolymphocytic Leukemia  |Refractory  T-Cell Prolymphocytic Leukemia |  T-PLL-Rel | T-PLL Rel |,ee148d89-eb59-5374-ab61-e29202ee902d,https://www.icd10data.com//ICD10CM/Codes/C00-D49/C81-C96/C91-/C91.60
1136,C91,Leukemia,Lymphoid Leukemia,C91.61,Prolymphocytic leukemia of T-cell type in remission,C91 | C91.61 |Lymph Leuk | L-Leuk|  T-PLL | Prolymphocytic Leukemia T-Cell Type | T-PLL-NOS |  Leukemia |  Lymphoid Leukemia | T Cell Prolymphocytic Leukemia | T-Cell Prolymphocytic Leukemia | T Cell Prolymphocytic Leukemia in Remission | T-Cell Prolymphocytic Leukemia in Remission | R/R  T-Cell Prolymphocytic Leukemia  |Refractory  T-Cell Prolymphocytic Leukemia |  T-PLL-Rem | T-PLL Rem |,a721e5f7-e1d3-5c94-aed6-cd79fb214944,https://www.icd10data.com//ICD10CM/Codes/C00-D49/C81-C96/C91-/C91.61
1137,C91,Leukemia,Lymphoid Leukemia,C91.62,Prolymphocytic leukemia of T-cell type in relapse,C91 | C91.62 |  Lymph Leuk | L-Leuk|  T-PLL | Prolymphocytic Leukemia T-Cell Type | T-PLL-NOS |  Leukemia |  Lymphoid Leukemia | T Cell Prolymphocytic Leukemia | T-Cell Prolymphocytic Leukemia | T Cell Prolymphocytic Leukemia Relapsed | T-Cell Prolymphocytic Leukemia Relapsed | R/R  T-Cell Prolymphocytic Leukemia  |Refractory  T-Cell Prolymphocytic Leukemia |  T-PLL-Rel | T-PLL Rel | ,b0110f66-af77-55ac-a0a5-679c32f8b3d0,https://www.icd10data.com//ICD10CM/Codes/C00-D49/C81-C96/C91-/C91.62
1138,C91,Leukemia,Lymphoid Leukemia,C91.A,Mature B-cell leukemia Burkitt-type,"C91 | C91.A |  Mature B-cell leukemia, Burkitt-type | Burkitt leukemia | B-ALL Burkitt type | B-cell acute leukemia, Burkitt variant | Burkitt-type Leukemia | Burkitt B-ALL | B-Cell Burkitt Leukemia | B-cell Leukemia, Burkitt Type | B-cell Burkitt-variant ALL | B-cell Acute Leukemia (Burkitt Type) | Burkitt-type B-ALL | Mature B Leukemia, Burkitt | Burkitt-Like B-ALL | Burkitt Lymphoma Leukemic Phase | B-Cell Leukemia, Burkitt | Burkitt Variant B-ALL | Lymphoid Leukemia | Lymphoid  Lymphocytic Leukemia | Lymphocytic Leukaemia",529944f3-83e7-56bb-acfc-178768685761,https://www.icd10data.com//ICD10CM/Codes/C00-D49/C81-C96/C91-/C91.A
1139,C91,Leukemia,Lymphoid Leukemia,C91.A0,Mature B-cell leukemia Burkitt-type not having achieved remission,"C91 | C91.A0 | Mature B-cell leukemia, Burkitt-type | Burkitt leukemia | B-ALL Burkitt type | B-cell acute leukemia, Burkitt variant | Burkitt-type Leukemia | Burkitt B-ALL | B-Cell Burkitt Leukemia | B-cell Leukemia, Burkitt Type | B-cell Burkitt-variant ALL | B-cell Acute Leukemia (Burkitt Type) | Burkitt-type B-ALL | Mature B Leukemia, Burkitt | Burkitt-Like B-ALL | Burkitt Lymphoma Leukemic Phase | B-Cell Leukemia, Burkitt | Burkitt Variant B-ALL | Lymphoid Leukemia | Lymphoid  Lymphocytic Leukemia | Lymphocytic Leukaemia",e5adf8ef-696d-52f6-a28a-962751930c01,https://www.icd10data.com//ICD10CM/Codes/C00-D49/C81-C96/C91-/C91.A0
1140,C91,Leukemia,Lymphoid Leukemia,C91.A1,Mature B-cell leukemia Burkitt-type in remission,"C91 | C91.A1 |Mature B-cell leukemia, Burkitt-type | Burkitt leukemia | B-ALL Burkitt type | B-cell acute leukemia, Burkitt variant | Burkitt-type Leukemia | Burkitt B-ALL | B-Cell Burkitt Leukemia | B-cell Leukemia, Burkitt Type | B-cell Burkitt-variant ALL | B-cell Acute Leukemia (Burkitt Type) | Burkitt-type B-ALL | Mature B Leukemia, Burkitt | Burkitt-Like B-ALL | Burkitt Lymphoma Leukemic Phase | B-Cell Leukemia, Burkitt | Burkitt Variant B-ALL | Lymphoid Leukemia | Lymphoid  Lymphocytic Leukemia | Lymphocytic  Mature B-cell leukemia, Burkitt-type in Remission | Burkitt leukemia in Remission | B-ALL Burkitt type in Remission | B-cell acute leukemia, Burkitt variant in Remission | Burkitt-type Leukemia in Remission | Burkitt B-ALL in Remission | B-Cell Burkitt Leukemia in Remission | B-cell Leukemia, Burkitt Type in Remission | B-cell Burkitt-variant ALL in Remission | B-cell Acute Leukemia (Burkitt Type) in Remission | Burkitt-type B-ALL in Remission | Mature B Leukemia, Burkitt in Remission | Burkitt-Like B-ALL in Remission | Burkitt Lymphoma Leukemic Phase in Remission | B-Cell Leukemia, Burkitt in Remission | Burkitt Variant B-ALL in Remission | Lymphoid Leukemia Remission | Lymphoid Leukaemia Remission | Lymphocytic Leukemia Remission | Lymphocytic Leukaemia Remission|",5a88ca3c-7841-5808-aee7-50c69315e4e4,https://www.icd10data.com//ICD10CM/Codes/C00-D49/C81-C96/C91-/C91.A1
3,E78,Lipidemia,Disorders of lipoprotein metabolism and other lipidemias,E78.01,Familial hypercholesterolemia,"E78 | E78.01 | Lipidemias | hypercholesterolemia | Familial Hypercholesterolemia | FH (Familial Hypercholesterolemia) | FH-Familial Hypercholesterolemia | Familial High Cholesterol | Hereditary Hypercholesterolemia | HeFH (Heterozygous Familial Hypercholesterolemia) | Heterozygous Familial Hypercholesterolemia | HeFH | Familial Hypercholesterolemia, Heterozygous form | FH-Het | HetFH | HeFH Heterozygous Familial Hypercholesterolemia | HoFH (Homozygous Familial Hypercholesterolemia) | HoFH Homozygous Familial Hypercholesterolemia | HoFH | Homozygous Familial Hypercholesterolemia | Familial Hypercholesterolemia, Homozygous form | FH-Hom | HomFH |",de87119c-e39c-5a24-b459-368f1f91bb79,https://www.icd10data.com//ICD10CM/Codes/E00-E89/E70-E88/E78-/E78.01
4,E78,Lipidemia,Disorders of lipoprotein metabolism and other lipidemias,E78.1,Pure hyperglyceridemia,E78 | E78.1 | Lipidemias | hypercholesterolemia | hyperglyceridemia |,db2a54a5-fb30-5dcd-877a-18c8c2fcd3b2,https://www.icd10data.com//ICD10CM/Codes/E00-E89/E70-E88/E78-/E78.1
1141,C91,Leukemia,Lymphoid Leukemia,C91.A2,Mature B-cell leukemia Burkitt-type in relapse,"C91 | C91.A2 | Relapsed Mature B-cell leukemia, Burkitt-type | Relapsed Burkitt leukemia | Relapsed B-ALL Burkitt type | Relapsed B-cell acute leukemia, Burkitt variant | Relapsed Burkitt-type Leukemia | Relapsed Burkitt B-ALL | Relapsed B-Cell Burkitt Leukemia | Relapsed B-cell Leukemia, Burkitt Type | Relapsed B-cell Burkitt-variant ALL | Relapsed B-cell Acute Leukemia (Burkitt Type) | Relapsed Burkitt-type B-ALL | Relapsed Mature B Leukemia, Burkitt | Relapsed Burkitt-Like B-ALL | Relapsed Burkitt Lymphoma Leukemic Phase | Relapsed B-Cell Leukemia, Burkitt | Relapsed Burkitt Variant B-ALL | Lymphoid Leukemia Relapsed | Lymphoid Leukaemia Relapsed | Lymphocytic Leukemia Relapsed | Lymphocytic Leukaemia Relapsed | Mature B-cell leukemia, Burkitt-type | Burkitt leukemia | B-ALL Burkitt type | B-cell acute leukemia, Burkitt variant | Burkitt-type Leukemia | Burkitt B-ALL | B-Cell Burkitt Leukemia | B-cell Leukemia, Burkitt Type | B-cell Burkitt-variant ALL | B-cell Acute Leukemia (Burkitt Type) | Burkitt-type B-ALL | Mature B Leukemia, Burkitt | Burkitt-Like B-ALL | Burkitt Lymphoma Leukemic Phase | B-Cell Leukemia, Burkitt | Burkitt Variant B-ALL | Lymphoid Leukemia | Lymphoid  Lymphocytic Leukemia | Lymphocytic Leukaemia",9b7f2b06-7656-5a97-8633-7d42fe28384d,https://www.icd10data.com//ICD10CM/Codes/C00-D49/C81-C96/C91-/C91.A2
1165,C92,Leukemia,Myeloid Leukemia ,C92.32,Myeloid sarcoma in relapse,C92 | C92.32 |Myeloid Sarcoma | Myeloid Leukemia | Leukemia | Myeloid leukemia-Rel |,48ff27f2-30e7-514c-9750-418ec228e40d,https://www.icd10data.com//ICD10CM/Codes/C00-D49/C81-C96/C92-/C92.32
1142,C91,Leukemia,Lymphoid Leukemia,C91.Z,Other lymphoid leukemia,"C91 | C91.Z |  Lymphoid Leukemia | Lymphoid   Lymphocytic Leukemia | Lymphocytic  Other Lymphoid Leukemia | Atypical Lymphoid Leukemia | Rare Lymphoid Leukemia | Unclassified Lymphoid Leukemia | Unspecified Lymphoid Leukemia | Miscellaneous Lymphoid Leukemia | Non-Specified Lymphoid Leukemia | Atypical Leukemia, Lymphoid | Rare Leukemic Disorder (Lymphoid) | Other B/T Lymphoid Leukemia | Unusual Lymphoid Leukemia | Undefined Lymphoid Leukemia |",adb3c0ea-40f7-58bc-a6d6-b294beeac68e,https://www.icd10data.com//ICD10CM/Codes/C00-D49/C81-C96/C91-/C91.Z
1143,C91,Leukemia,Lymphoid Leukemia,C91.Z0,Other lymphoid leukemia not having achieved remission,C91 | C91.Z0 | Lymphoid Leukemia | Lymphoid   Lymphocytic Leukemia | Lymphocytic Leukaemia ,11d4b947-a78a-5ba0-a68b-5427645747b2,https://www.icd10data.com//ICD10CM/Codes/C00-D49/C81-C96/C91-/C91.Z0
1144,C91,Leukemia,Lymphoid Leukemia,C91.Z1,Other lymphoid leukemia in remission,"C91 | C91.Z1 | Lymphoid Leukemia | Lymphoid   Lymphocytic Leukemia | Lymphocytic  Other Lymphoid Leukemia in Remission | Atypical Lymphoid Leukemia in Remission | Rare Lymphoid Leukemia in Remission | Unclassified Lymphoid Leukemia in Remission | Unspecified Lymphoid Leukemia in Remission | Miscellaneous Lymphoid Leukemia in Remission | Non-Specified Lymphoid Leukemia in Remission | Atypical Leukemia, Lymphoid in Remission | Rare Leukemic Disorder (Lymphoid) in Remission | Other B/T Lymphoid Leukemia in Remission | Unusual Lymphoid Leukemia in Remission | Undefined Lymphoid Leukemia in Remission | Lymphoid Leukemia Remission | Lymphoid Leukaemia Remission | Lymphocytic Leukemia Remission | Lymphocytic Leukaemia Remission",300c0883-55df-539d-8e08-cc80e0bfc6f9,https://www.icd10data.com//ICD10CM/Codes/C00-D49/C81-C96/C91-/C91.Z1
1145,C91,Leukemia,Lymphoid Leukemia,C91.Z2,Other lymphoid leukemia in relapse,"C91 | C91.Z2 |Lymphoid Leukemia | Lymphoid   Lymphocytic Leukemia | Lymphocytic   Relapsed Other Lymphoid Leukemia | Relapsed Atypical Lymphoid Leukemia | Relapsed Rare Lymphoid Leukemia | Relapsed Unclassified Lymphoid Leukemia | Relapsed Unspecified Lymphoid Leukemia | Relapsed Miscellaneous Lymphoid Leukemia | Relapsed Non-Specified Lymphoid Leukemia | Relapsed Atypical Leukemia, Lymphoid | Relapsed Rare Leukemic Disorder (Lymphoid) | Relapsed Other B/T Lymphoid Leukemia | Relapsed Unusual Lymphoid Leukemia | Relapsed Undefined Lymphoid Leukemia | Lymphoid Leukemia Relapsed | Lymphoid Leukaemia Relapsed | Lymphocytic Leukemia Relapsed | Lymphocytic Leukaemia Relapsed",db9c48a0-5b68-526b-9139-b20e79d45534,https://www.icd10data.com//ICD10CM/Codes/C00-D49/C81-C96/C91-/C91.Z2
1146,C91,Leukemia,Lymphoid Leukemia,C91.9,"Lymphoid Leukemia, unspecified",C91 | C91.9 | Lymphoid Leukemia | Lymphoid   Lymphocytic Leukemia | Lymphocytic Leukaemia ,eb05d763-8b99-597e-9beb-eb263265e72a,https://www.icd10data.com//ICD10CM/Codes/C00-D49/C81-C96/C91-/C91.9
1147,C91,Leukemia,Lymphoid Leukemia,C91.90,"Lymphoid Leukemia, unspecified not having achieved remission",C91 | C91.90 |Lymphoid Leukemia | Lymphoid   Lymphocytic Leukemia | Lymphocytic Leukaemia Atypical Lymphoid Leukemia | Atypical Lymphocytic Leukemia | Rare Lymphoid Leukemia | Unclassified Lymphoid Leukemia | Unspecified Lymphoid Leukemia | T-cell Lymphoid Leukemia | B-cell Lymphoid Leukemia | Lymphoid Leukemia with Unusual Morphology | Miscellaneous Lymphoid Leukemia,845f7108-a0d8-5f96-9b6f-81029bde5776,https://www.icd10data.com//ICD10CM/Codes/C00-D49/C81-C96/C91-/C91.90
1148,C91,Leukemia,Lymphoid Leukemia,C91.91,"Lymphoid Leukemia, unspecified in remission",C91 | C91.91 |Lymphoid Leukemia | Lymphoid   Lymphocytic Leukemia | Lymphocytic  Atypical Lymphoid Leukemia | Atypical Lymphocytic Leukemia | Rare Lymphoid Leukemia | Unclassified Lymphoid Leukemia | Unspecified Lymphoid Leukemia | T-cell Lymphoid Leukemia | B-cell Lymphoid Leukemia | Lymphoid Leukemia with Unusual Morphology | Miscellaneous Lymphoid Leukemia,cc65b0c5-f378-5bfb-b35f-8021d5efd5b5,https://www.icd10data.com//ICD10CM/Codes/C00-D49/C81-C96/C91-/C91.91
1166,C92,Leukemia,Myeloid Leukemia ,C92.4,Acute promyelocytic leukemia,C92 | C92.4 | Myeloid Leukemia | Leukemia |  Acute promyelocytic leukemia | APL |,d03de25b-ffd6-58f8-8a25-ab5088181951,https://www.icd10data.com//ICD10CM/Codes/C00-D49/C81-C96/C92-/C92.4
1149,C91,Leukemia,Lymphoid Leukemia,C91.92,"Lymphoid Leukemia, unspecified in relapse",C91 | C91.92 | Lymphoid Leukemia | Lymphoid   Lymphocytic Leukemia | Lymphocytic  Atypical Lymphoid Leukemia | Atypical Lymphocytic Leukemia | Rare Lymphoid Leukemia | Unclassified Lymphoid Leukemia | Unspecified Lymphoid Leukemia | T-cell Lymphoid Leukemia | B-cell Lymphoid Leukemia | Lymphoid Leukemia with Unusual Morphology | Miscellaneous Lymphoid Leukemia,0c87b661-bf2a-563d-931b-414228ad4e50,https://www.icd10data.com//ICD10CM/Codes/C00-D49/C81-C96/C91-/C91.92
1150,C92,Leukemia,Myeloid Leukemia ,C92.0,Acute myeloblastic leukemia,C92 | C92.0 | AML | Acute Myeloblastic Leukemia | Myeloid Leukemia |Leukemia | ,f88bcea9-60de-543e-bb82-685d40e9eb83,https://www.icd10data.com//ICD10CM/Codes/C00-D49/C81-C96/C92-/C92.0
1151,C92,Leukemia,Myeloid Leukemia ,C92.00,Acute myeloblastic leukemia not having achieved remission,C92 | C92.00 | AML | Acute Myeloblastic Leukemia | Myeloid Leukemia |Leukemia |,0c8eab3b-bcef-5b67-95ed-0daf5dda25f6,https://www.icd10data.com//ICD10CM/Codes/C00-D49/C81-C96/C92-/C92.00
1152,C92,Leukemia,Myeloid Leukemia ,C92.01,Acute myeloblastic leukemia in remission,C92 | C92.01 | AML | Acute Myeloblastic Leukemia | AML-Rem |Leukemia | Myeloid Leukemia |,8f79c18d-1dca-5e5d-80d1-ee7e6160132a,https://www.icd10data.com//ICD10CM/Codes/C00-D49/C81-C96/C92-/C92.01
1153,C92,Leukemia,Myeloid Leukemia ,C92.02,Acute myeloblastic leukemia in relapse,C92 | C92.02 | AML-Rel | AML | Acute Myeloblastic Leukemia | AML-Rem |Leukemia | Myeloid Leukemia |,75836212-39b7-5135-9a59-82f19d1c0b33,https://www.icd10data.com//ICD10CM/Codes/C00-D49/C81-C96/C92-/C92.02
1154,C92,Leukemia,Myeloid Leukemia ,C92.1,"Chronic myeloid leukemia, BCR/ABL-positive",C92 | C92.1 |  CML | Chronic Myeloid Leukemia | CML-BCR/ABL+ | CML-ABL+ | Leukemia |Myeloid leukemia |CML ABL-positive | CML-ABL-positive | CML ABL positive |,b7c2c238-12b0-5d10-b53e-5067a140a8ce,https://www.icd10data.com//ICD10CM/Codes/C00-D49/C81-C96/C92-/C92.1
1155,C92,Leukemia,Myeloid Leukemia ,C92.10,"Chronic myeloid leukemia, BCR/ABL-positive not having achieved remission",C92 | C92.10 |  CML | Chronic Myeloid Leukemia | CML-BCR/ABL+ | CML-ABL+ | Leukemia |Myeloid leukemia |CML ABL-positive | CML-ABL-positive | CML ABL positive |,c686cdfa-1725-536d-92c2-3de4f013dac6,https://www.icd10data.com//ICD10CM/Codes/C00-D49/C81-C96/C92-/C92.10
1156,C92,Leukemia,Myeloid Leukemia ,C92.11,"Chronic myeloid leukemia, BCR/ABL-positive in remission",C92 | C92.11 | CML | Chronic Myeloid Leukemia | CML-BCR/ABL+ | CML-ABL+ | Leukemia |Myeloid leukemia |CML ABL-positive | CML-ABL-positive | CML ABL positive |CML ABL-positive Rem | CML-ABL-positive Rem | CML ABL positive-Rem |,bea21a39-ed73-5e3e-9a2d-aac93262488c,https://www.icd10data.com//ICD10CM/Codes/C00-D49/C81-C96/C92-/C92.11
1157,C92,Leukemia,Myeloid Leukemia ,C92.12,"Chronic myeloid leukemia, BCR/ABL-positive in relapse",C92 | C92.12 | CML | Chronic Myeloid Leukemia | CML-BCR/ABL+ | CML-ABL+ | Leukemia |Myeloid leukemia |CML ABL-positive | CML-ABL-positive | CML ABL positive |CML ABL-positive Rel | CML-ABL-positive Rel | CML ABL positive-Rel |,0f9260c0-13a2-5b7d-9470-1b708794823e,https://www.icd10data.com//ICD10CM/Codes/C00-D49/C81-C96/C92-/C92.12
1158,C92,Leukemia,Myeloid Leukemia ,C92.2,"Atypical chronic myeloid leukemia, BCR/ABL-negative",C92 | C92.2 | CML | Chronic Myeloid Leukemia | CML-BCR/ABL- | CML-ABL- | Leukemia |Myeloid leukemia |CML ABL-ve | CML-ABL-negative | CML ABL negative |,7c505917-96a6-5d3a-9e36-e62827f6edb5,https://www.icd10data.com//ICD10CM/Codes/C00-D49/C81-C96/C92-/C92.2
1159,C92,Leukemia,Myeloid Leukemia ,C92.20,"Atypical chronic myeloid leukemia, BCR/ABL-negative not having achieved remission",C92 | C92.20 | CML | Chronic Myeloid Leukemia | CML-BCR/ABL- | CML-ABL- | Leukemia |Myeloid leukemia |CML ABL-ve | CML-ABL-negative | CML ABL negative |,0f066fd3-c9da-5dd5-a409-e40d9b5461f3,https://www.icd10data.com//ICD10CM/Codes/C00-D49/C81-C96/C92-/C92.20
1160,C92,Leukemia,Myeloid Leukemia ,C92.21,"Atypical chronic myeloid leukemia, BCR/ABL-negative in remission",C92 | C92.21 |  CML | Chronic Myeloid Leukemia | CML-BCR/ABL- | CML-ABL- | Leukemia |Myeloid leukemia |CML ABL-ve | CML-ABL-negative | CML ABL negative | CML-Rem |,150b5e46-cca3-5ecd-b205-1099ae499a70,https://www.icd10data.com//ICD10CM/Codes/C00-D49/C81-C96/C92-/C92.21
1161,C92,Leukemia,Myeloid Leukemia ,C92.22,"Atypical chronic myeloid leukemia, BCR/ABL-negative in relapse",C92 | C92.22 |  CML | Chronic Myeloid Leukemia | CML-BCR/ABL- | CML-ABL- | Leukemia |Myeloid leukemia |CML ABL-ve | CML-ABL-negative | CML ABL negative | CML-Rel | ,79a57f8a-7b8f-578f-a193-457dd7ec1898,https://www.icd10data.com//ICD10CM/Codes/C00-D49/C81-C96/C92-/C92.22
1167,C92,Leukemia,Myeloid Leukemia ,C92.40,Acute promyelocytic leukemia not having achieved remission,C92 | C92.40 | Myeloid Leukemia | Leukemia |  Acute promyelocytic leukemia | APL |,fd0288c7-3544-576e-891b-ad10dc93ce0a,https://www.icd10data.com//ICD10CM/Codes/C00-D49/C81-C96/C92-/C92.40
1168,C92,Leukemia,Myeloid Leukemia ,C92.41,Acute promyelocytic leukemia in remission,C92 | C92.41 | Myeloid Leukemia | Leukemia |  Acute promyelocytic leukemia | APL | APL-REM |APL Rem |,ab8f0e56-dd26-55eb-9301-dab07773c70f,https://www.icd10data.com//ICD10CM/Codes/C00-D49/C81-C96/C92-/C92.41
1169,C92,Leukemia,Myeloid Leukemia ,C92.42,Acute promyelocytic leukemia in relapse,C92 | C92.42 | Myeloid Leukemia | Leukemia |  Acute promyelocytic leukemia | APL | APL-Rel |APL Rel |,62137024-319b-5ae7-872d-2655a1fb797c,https://www.icd10data.com//ICD10CM/Codes/C00-D49/C81-C96/C92-/C92.42
1170,C92,Leukemia,Myeloid Leukemia ,C92.5,Acute myelomonocytic leukemia,C92 | C92.5 | Myeloid Leukemia | Leukemia |  Acute myelomonocytic leukemia | AMML |,fecc1777-bdf8-5857-9df4-2da4f2936ed7,https://www.icd10data.com//ICD10CM/Codes/C00-D49/C81-C96/C92-/C92.5
1171,C92,Leukemia,Myeloid Leukemia ,C92.50,Acute myelomonocytic leukemia not having achieved remission,C92 | C92.50 | Myeloid Leukemia | Leukemia |  Acute myelomonocytic leukemia | AMML |,54d26241-a481-593c-8ba6-afc186fb2824,https://www.icd10data.com//ICD10CM/Codes/C00-D49/C81-C96/C92-/C92.50
1172,C92,Leukemia,Myeloid Leukemia ,C92.51,Acute myelomonocytic leukemia in remission,C92 | C92.51 | Myeloid Leukemia | Leukemia |  Acute myelomonocytic leukemia | AMML | Acute myelomonocytic leukemia- Rem | AMML REM | AMML-REM |,4726d8c0-ec5c-5d77-bd90-9c01d660bc38,https://www.icd10data.com//ICD10CM/Codes/C00-D49/C81-C96/C92-/C92.51
1173,C92,Leukemia,Myeloid Leukemia ,C92.52,Acute myelomonocytic leukemia in relapse,C92 | C92.52 | Myeloid Leukemia | Leukemia |  Acute myelomonocytic leukemia | AMML | Acute myelomonocytic leukemia- ReL | AMML REL | AMML-REL |,18711e39-fed7-5a10-9bd0-c78e306375ab,https://www.icd10data.com//ICD10CM/Codes/C00-D49/C81-C96/C92-/C92.52
1174,C92,Leukemia,Myeloid Leukemia ,C92.6,Acute myeloid leukemia with 11q23-abnormality,C92 | C92.6 | AML | Acute Myeloid Leukemia |AML-11q23 | Myeloid Leukemia | Acute Myeloid Leukemia-11q23 | Acute Myeloid Leukemia 11q23 | Leukemia |,240330cb-c029-5904-bafc-cb37ca98136f,https://www.icd10data.com//ICD10CM/Codes/C00-D49/C81-C96/C92-/C92.6
1175,C92,Leukemia,Myeloid Leukemia ,C92.60,Acute myeloid leukemia with 11q23-abnormality not having achieved remission,C92 | C92.60 | AML | Acute Myeloid Leukemia |AML-11q23 | Myeloid Leukemia | Acute Myeloid Leukemia-11q23 | Acute Myeloid Leukemia 11q23 | Leukemia |,b22c4505-258b-5a02-89f2-fd1ba8a3a00b,https://www.icd10data.com//ICD10CM/Codes/C00-D49/C81-C96/C92-/C92.60
1176,C92,Leukemia,Myeloid Leukemia ,C92.61,Acute myeloid leukemia with 11q23-abnormality in remission,C92 | C92.61 |  AML | Acute Myeloid Leukemia |AML-11q23 | Myeloid Leukemia | Acute Myeloid Leukemia-11q23 | Acute Myeloid Leukemia 11q23 | Leukemia | Acute Myeloid Leukemia 11q23 -Rem | AML  11q23 Rem |,55d31666-9c3a-5215-83d3-774934624770,https://www.icd10data.com//ICD10CM/Codes/C00-D49/C81-C96/C92-/C92.61
1177,C92,Leukemia,Myeloid Leukemia ,C92.62,Acute myeloid leukemia with 11q23-abnormality in relapse,C92 | C92.62  |  AML | Acute Myeloid Leukemia |AML-11q23 | Myeloid Leukemia | Acute Myeloid Leukemia-11q23 | Acute Myeloid Leukemia 11q23 | Leukemia | Acute Myeloid Leukemia 11q23 -Rel | AML  11q23 Rel |,865902fa-11f8-5128-91f7-4700034476b4,https://www.icd10data.com//ICD10CM/Codes/C00-D49/C81-C96/C92-/C92.62
1178,C92,Leukemia,Myeloid Leukemia ,C92.A,Acute myeloid leukemia with multilineage dysplasia,C92 | C92.A | Myeloid Leukemia | AML-MLD | Acute Myeloid Leukemia -  Multilineage Dysplasia | Acute Myeloid Leukemia Multilineage Dysplasia |,acf42c78-da6e-5db1-900a-eff684683a6a,https://www.icd10data.com//ICD10CM/Codes/C00-D49/C81-C96/C92-/C92.A
1179,C92,Leukemia,Myeloid Leukemia ,C92.A0,Acute myeloid leukemia with multilineage dysplasia not having achieved remission,C92 | C92.A0 | Myeloid Leukemia | AML-MLD | Acute Myeloid Leukemia -  Multilineage Dysplasia | Acute Myeloid Leukemia Multilineage Dysplasia |,7b3f45b4-64a5-5a02-b4d8-4da23cb8b739,https://www.icd10data.com//ICD10CM/Codes/C00-D49/C81-C96/C92-/C92.A0
1180,C92,Leukemia,Myeloid Leukemia ,C92.A1,Acute myeloid leukemia with multilineage dysplasia in remission,C92 | C92.A1 | Myeloid Leukemia | AML-MLD | Acute Myeloid Leukemia -  Multilineage Dysplasia | Acute Myeloid Leukemia Multilineage Dysplasia |AML-MLD Rem | Acute Myeloid Leukemia-MLD Rem |,d351781a-1fd1-5704-a6a3-fe349fd47e64,https://www.icd10data.com//ICD10CM/Codes/C00-D49/C81-C96/C92-/C92.A1
1181,C92,Leukemia,Myeloid Leukemia ,C92.A2,Acute myeloid leukemia with multilineage dysplasia in relapse,C92 | C92.A2 | Myeloid Leukemia | AML-MLD | Acute Myeloid Leukemia -  Multilineage Dysplasia | Acute Myeloid Leukemia Multilineage Dysplasia |AML-MLD Rel | Acute Myeloid Leukemia-MLD Rel |,1668cb86-69cd-53ac-9a4d-8f51487a3304,https://www.icd10data.com//ICD10CM/Codes/C00-D49/C81-C96/C92-/C92.A2
1182,C92,Leukemia,Myeloid Leukemia ,C92.Z,Other myeloid leukemia,C92 | C92.Z | Atypical Chronic Myeloid Leukemia| aCML| Chronic Neutrophilic Leukemia| Chronic Eosinophilic Leukemia| Myeloproliferative Neoplasms| Myeloid Leukemia | Leukemia | Myelodysplastic leukemia |,ea87deea-aa9b-52b4-af63-602962cb9af7,https://www.icd10data.com//ICD10CM/Codes/C00-D49/C81-C96/C92-/C92.Z
1183,C92,Leukemia,Myeloid Leukemia ,C92.Z0,Other myeloid leukemia not having achieved remission,C92 | C92.Z0 | Atypical Chronic Myeloid Leukemia| aCML| Chronic Neutrophilic Leukemia| Chronic Eosinophilic Leukemia| Myeloproliferative Neoplasms| Myeloid Leukemia | Leukemia | Myelodysplastic leukemia|,83739ba3-85ac-53b3-9edf-0d61c70f020b,https://www.icd10data.com//ICD10CM/Codes/C00-D49/C81-C96/C92-/C92.Z0
1184,C92,Leukemia,Myeloid Leukemia ,C92.Z1,Other myeloid leukemia in remission,C92 | C92.Z1 | Atypical Chronic Myeloid Leukemia in Rem | Chronic Neutrophilic Leukemia in Rem | Chronic Eosinophilic Leukemia in Rem | Myeloproliferative Neoplasms in Rem | Myeloproliferative Neoplasms- Rem| Myelodysplastic Leukemia in Rem| Myelodysplastic Leukemia- Rem| | Myeloid Leukemia | Leukemia |,c8602f20-bb6c-584e-a2c9-dbd3793881a2,https://www.icd10data.com//ICD10CM/Codes/C00-D49/C81-C96/C92-/C92.Z1
1185,C92,Leukemia,Myeloid Leukemia ,C92.Z2,Other myeloid leukemia in relapse,C92 | C92.Z2 |Atypical Chronic Myeloid Leukemia in Rel | Chronic Neutrophilic Leukemia in Rel | Chronic Eosinophilic Leukemia in Rel | Myeloproliferative Neoplasms in Rel | Myeloproliferative Neoplasms-Rel | Myelodysplastic Leukemia in Rel | Myelodysplastic Leukemia-Rel | Myeloid Leukemia | Leukemia |,4e140a07-3252-5984-9954-09cb69b70aef,https://www.icd10data.com//ICD10CM/Codes/C00-D49/C81-C96/C92-/C92.Z2
1186,C92,Leukemia,Myeloid Leukemia ,C92.9,"Myeloid leukemia, unspecified",C92 | C92.9 | Myeloid Leukemia | Granulocytic Leukemia| Myelocytic Leukemia | Myelogenous Leukemia | Leukemia |,2bd79e8f-608b-5707-8507-6ffc010aca5e,https://www.icd10data.com//ICD10CM/Codes/C00-D49/C81-C96/C92-/C92.9
1187,C92,Leukemia,Myeloid Leukemia ,C92.90,"Myeloid leukemia, unspecified not having achieved remission",C92 | C92.90 | Myeloid Leukemia | Granulocytic Leukemia| Myelocytic Leukemia | Myelogenous Leukemia | Leukemia |,d737ee03-53ad-59bf-98f6-402953dc2ae7,https://www.icd10data.com//ICD10CM/Codes/C00-D49/C81-C96/C92-/C92.90
1188,C92,Leukemia,Myeloid Leukemia ,C92.91,"Myeloid leukemia, unspecified in remission",C92 | C92.91 |  Myeloid Leukemia-Rem | Myeloid Leukemia in Rem | Granulocytic Leukemia-Rem | Granulocytic Leukemia in Rem | Myelocytic Leukemia-Rem | Myelocytic Leukemia in Rem | Myelogenous Leukemia-Rem | Myelogenous Leukemia in Rem | Myeloid Leukemia | Leukemia |,1855731c-a662-5cb6-8eaf-2245dd506933,https://www.icd10data.com//ICD10CM/Codes/C00-D49/C81-C96/C92-/C92.91
1189,C92,Leukemia,Myeloid Leukemia ,C92.92,"Myeloid leukemia, unspecified in relapse",C92 | C92.92 |  Myeloid Leukemia-Rel | Myeloid Leukemia in Rel | Granulocytic Leukemia-Rel | Granulocytic Leukemia in Rel | Myelocytic Leukemia-Rel | Myelocytic Leukemia in Rel | Myelogenous Leukemia-Rel | Myelogenous Leukemia in Rel | Myeloid Leukemia | Leukemia |,4fd219ee-bb8a-54e3-a0a9-2d96b5c90ca3,https://www.icd10data.com//ICD10CM/Codes/C00-D49/C81-C96/C92-/C92.92
1190,C93,Leukemia,Monocytic leukemia,C93.0,Acute monoblastic/monocytic leukemia,C93 | C93.0 | AMoL |  Acute monoblastic-monocytic leukemia | monoblastic leukemia | Monocytic Leukemia | Leukemia | AML-M5 |,d32d07a8-57af-5598-b744-3fbfcb100c6a,https://www.icd10data.com//ICD10CM/Codes/C00-D49/C81-C96/C93-/C93.0
1191,C93,Leukemia,Monocytic leukemia,C93.00,Acute monoblastic/monocytic leukemia not having achieved remission,C93 | C93.00 | AMoL |  Acute monoblastic-monocytic leukemia | monoblastic leukemia | Monocytic Leukemia | Leukemia | AML-M5 |,5dbcf00f-87b6-56c9-8a85-a4a0cd823009,https://www.icd10data.com//ICD10CM/Codes/C00-D49/C81-C96/C93-/C93.00
1192,C93,Leukemia,Monocytic leukemia,C93.01,Acute monoblastic/monocytic leukemia in remission,C93 | C93.01 |  AMoL-Rem | | AMoL |  Acute monoblastic-monocytic leukemia | monoblastic leukemia | Monocytic Leukemia | Leukemia | AML-M5 |,4d1999aa-c88b-5b6a-be14-ac617d9bf9f8,https://www.icd10data.com//ICD10CM/Codes/C00-D49/C81-C96/C93-/C93.01
1193,C93,Leukemia,Monocytic leukemia,C93.02,Acute monoblastic/monocytic leukemia in relapse,C93 | C93.02 |  AMoL-Rem | | AMoL |  Acute monoblastic-monocytic leukemia | monoblastic leukemia | Monocytic Leukemia | Leukemia | AML-M5 |,3b76f7b9-c131-5f92-bf86-21d416023d88,https://www.icd10data.com//ICD10CM/Codes/C00-D49/C81-C96/C93-/C93.02
1194,C93,Leukemia,Monocytic leukemia,C93.1,Chronic myelomonocytic leukemia,C93 | C93.1 | Monocytic Leukemia | Leukemia | Chronic myelomonocytic leukemia | CMML |,e3678638-ce69-5d9c-9f94-a66c6ee5016b,https://www.icd10data.com//ICD10CM/Codes/C00-D49/C81-C96/C93-/C93.1
1210,C94,Leukemia,Other leukemias of specified cell type,C94.0,Acute erythroid leukemia,C94 | C94.0 | AEL | Acute erythroid leukemia | Acute megakaryoblastic leukemia | Leukemia |,ec0bd446-29b0-505e-9383-945079e91bf1,https://www.icd10data.com//ICD10CM/Codes/C00-D49/C81-C96/C94-/C94.0
1195,C93,Leukemia,Monocytic leukemia,C93.10,Chronic myelomonocytic leukemia not having achieved remission,C93 | C93.10 | Monocytic Leukemia | Leukemia | Chronic myelomonocytic leukemia | CMML | ,769283f0-6c91-5d9f-8453-03f26070aa7b,https://www.icd10data.com//ICD10CM/Codes/C00-D49/C81-C96/C93-/C93.10
1196,C93,Leukemia,Monocytic leukemia,C93.11,Chronic myelomonocytic leukemia in remission,C93 | C93.11 | Monocytic Leukemia | Leukemia | Chronic myelomonocytic leukemia | CMML | CMML-Rem |,9f0a514d-b11e-5a02-bf4c-1f4747bb1643,https://www.icd10data.com//ICD10CM/Codes/C00-D49/C81-C96/C93-/C93.11
1197,C93,Leukemia,Monocytic leukemia,C93.12,Chronic myelomonocytic leukemia in relapse,C93 | C93.12  | Monocytic Leukemia | Leukemia | Chronic myelomonocytic leukemia | CMML | CMML-Rel |,e5b1592f-d69c-5e7b-8f5a-776b9a8c9047,https://www.icd10data.com//ICD10CM/Codes/C00-D49/C81-C96/C93-/C93.12
1198,C93,Leukemia,Monocytic leukemia,C93.3,Juvenile myelomonocytic leukemia,C93 | C93.3   | Monocytic Leukemia | Leukemia | JMML | Juvenile leukemia |,c1ac8346-3ee0-53ec-bd7c-fac49700b493,https://www.icd10data.com//ICD10CM/Codes/C00-D49/C81-C96/C93-/C93.3
1199,C93,Leukemia,Monocytic leukemia,C93.30,Juvenile myelomonocytic leukemia not having achieved remission,C93 | C93.30 | Monocytic Leukemia | Leukemia | JMML | Juvenile leukemia |,33e0728c-6de0-57ac-a7a6-5a9d707e6769,https://www.icd10data.com//ICD10CM/Codes/C00-D49/C81-C96/C93-/C93.30
1200,C93,Leukemia,Monocytic leukemia,C93.31,Juvenile myelomonocytic leukemia in remission,C93 | C93.31 | JMML-Rel | Monocytic Leukemia | Leukemia | JMML | Juvenile leukemia |,f35e9dca-cf96-5068-bdff-5d9e38574e1b,https://www.icd10data.com//ICD10CM/Codes/C00-D49/C81-C96/C93-/C93.31
1201,C93,Leukemia,Monocytic leukemia,C93.32,Juvenile myelomonocytic leukemia in relapse,C93 | C93.32 | JMML-Rel | Monocytic Leukemia | Leukemia | JMML | Juvenile leukemia | JMML-Rel | ,64aad70c-717f-5de6-8a63-b8e23510f147,https://www.icd10data.com//ICD10CM/Codes/C00-D49/C81-C96/C93-/C93.32
5,E78,Lipidemia,Disorders of lipoprotein metabolism and other lipidemias,E78.2,Mixed hyperlipidemia,E78 | E78.2 | Lipidemias | hypercholesterolemia |,c38570e9-a3d1-5cce-bd2a-fec85caad268,https://www.icd10data.com//ICD10CM/Codes/E00-E89/E70-E88/E78-/E78.2
1202,C93,Leukemia,Monocytic leukemia,C93.Z,Other monocytic leukemia,C93 | C93.Z | Monocytic Leukemia | Leukemia | AMoL | AMoL-NOS | AMoL-Rem | AMoL-Rel | CMML | CMML-Rem | CMML-Rel | JMML | JMML-Rem | JMML-Rel | OML | OML-Rem | OML-Rel | ML-NOS |  Oligoblastic Myeloid Leukemia | Juvenile myelomonocytic leukemia |,fa8ee143-0040-5dad-8767-c0be17e3cc14,https://www.icd10data.com//ICD10CM/Codes/C00-D49/C81-C96/C93-/C93.Z
1203,C93,Leukemia,Monocytic leukemia,C93.Z0,Other monocytic leukemia not having achieved remission,C93 | C93.Z0 | Monocytic Leukemia | Leukemia | AMoL | AMoL-NOS | AMoL-Rem | AMoL-Rel | CMML | CMML-Rem | CMML-Rel | JMML | JMML-Rem | JMML-Rel | OML | OML-Rem | OML-Rel | ML-NOS |  Oligoblastic Myeloid Leukemia | Juvenile myelomonocytic leukemia |,2c76eab3-92ef-5ea7-bc9f-58d83a09e771,https://www.icd10data.com//ICD10CM/Codes/C00-D49/C81-C96/C93-/C93.Z0
1204,C93,Leukemia,Monocytic leukemia,C93.Z1,Other monocytic leukemia in remission,C93 | C93.Z1 | Monocytic Leukemia | Leukemia | AMoL | AMoL-NOS | AMoL-Rem | AMoL-Rel | CMML | CMML-Rem | CMML-Rel | JMML | JMML-Rem | JMML-Rel | OML | OML-Rem | OML-Rel | ML-NOS |  Oligoblastic Myeloid Leukemia | Juvenile myelomonocytic leukemia |,58a8d50f-d6b5-595d-82af-6227e7351494,https://www.icd10data.com//ICD10CM/Codes/C00-D49/C81-C96/C93-/C93.Z1
1205,C93,Leukemia,Monocytic leukemia,C93.Z2,Other monocytic leukemia in relapse,C93 | C93.Z2 | AMoL | AMoL-NOS | AMoL-Rem | AMoL-Rel | CMML | CMML-Rem | CMML-Rel | JMML | JMML-Rem | JMML-Rel | OML | OML-Rem | OML-Rel | ML-NOS |  Oligoblastic Myeloid Leukemia | Juvenile myelomonocytic leukemia |,e043c1e4-7e4a-58a1-bec5-cb6bc68482b0,https://www.icd10data.com//ICD10CM/Codes/C00-D49/C81-C96/C93-/C93.Z2
1206,C93,Leukemia,Monocytic leukemia,C93.9,"Monocytic leukemia, unspecified",C93 | C93.9 | AMoL | AMoL-NOS | AMoL-Rem | AMoL-Rel | CMML | CMML-Rem | CMML-Rel | JMML | JMML-Rem | JMML-Rel | OML | OML-Rem | OML-Rel | ML-NOS |  Oligoblastic Myeloid Leukemia | Juvenile myelomonocytic leukemia |,da307666-2743-556c-ba6f-411cffa8af5b,https://www.icd10data.com//ICD10CM/Codes/C00-D49/C81-C96/C93-/C93.9
1207,C93,Leukemia,Monocytic leukemia,C93.90,"Monocytic leukemia, unspecified not having achieved remission",C93 | C93.90 | AMoL | AMoL-NOS | AMoL-Rem | AMoL-Rel | CMML | CMML-Rem | CMML-Rel | JMML | JMML-Rem | JMML-Rel | OML | OML-Rem | OML-Rel | ML-NOS |  Oligoblastic Myeloid Leukemia | Juvenile myelomonocytic leukemia |,cb98e3a2-6edb-54eb-a3d2-1044fb3e6b2f,https://www.icd10data.com//ICD10CM/Codes/C00-D49/C81-C96/C93-/C93.90
1208,C93,Leukemia,Monocytic leukemia,C93.91,"Monocytic leukemia, unspecified in remission",C93 | C93.91 | AMoL | AMoL-NOS | AMoL-Rem | AMoL-Rel | CMML | CMML-Rem | CMML-Rel | JMML | JMML-Rem | JMML-Rel | OML | OML-Rem | OML-Rel | ML-NOS |  Oligoblastic Myeloid Leukemia | Juvenile myelomonocytic leukemia |,9e6ef549-6a80-5369-8bc2-ff1036e592e0,https://www.icd10data.com//ICD10CM/Codes/C00-D49/C81-C96/C93-/C93.91
1209,C93,Leukemia,Monocytic leukemia,C93.92,"Monocytic leukemia, unspecified in relapse",C93 | C93.92 | AMoL | AMoL-NOS | AMoL-Rem | AMoL-Rel | CMML | CMML-Rem | CMML-Rel | JMML | JMML-Rem | JMML-Rel | OML | OML-Rem | OML-Rel | ML-NOS |  Oligoblastic Myeloid Leukemia | Juvenile myelomonocytic leukemia |,a604bbb5-d53d-5839-98c3-b45fb15e8719,https://www.icd10data.com//ICD10CM/Codes/C00-D49/C81-C96/C93-/C93.92
1211,C94,Leukemia,Other leukemias of specified cell type,C94.00,Acute erythroid leukemia not having achieved remission,C94 | C94.00 | AEL |  AEL-Rel |  Acute erythroid leukemia | Leukemia |,e33b073e-5da4-561a-ac44-e8d6aaca86dd,https://www.icd10data.com//ICD10CM/Codes/C00-D49/C81-C96/C94-/C94.00
1212,C94,Leukemia,Other leukemias of specified cell type,C94.01,Acute erythroid leukemia in remission,C94 | C94.01 | AEL | AEL-Rem |  Acute erythroid leukemia | Leukemia |,a95f1fd6-a6bf-596a-a13c-31671633aa1a,https://www.icd10data.com//ICD10CM/Codes/C00-D49/C81-C96/C94-/C94.01
1213,C94,Leukemia,Other leukemias of specified cell type,C94.02,Acute erythroid leukemia in relapse,C94 | C94.02 | AEL |  AEL-Rel |  Acute erythroid leukemia | Leukemia |,0546f5d0-8d83-58b0-9d25-1d4faaee6bd9,https://www.icd10data.com//ICD10CM/Codes/C00-D49/C81-C96/C94-/C94.02
1214,C94,Leukemia,Other leukemias of specified cell type,C94.2,Acute megakaryoblastic leukemia,C94 | C94.2 |  Acute megakaryoblastic leukemia | Leukemia| AMKL |,df006cdf-a25b-5e28-b474-df6fa4548b56,https://www.icd10data.com//ICD10CM/Codes/C00-D49/C81-C96/C94-/C94.2
1215,C94,Leukemia,Other leukemias of specified cell type,C94.20,Acute megakaryoblastic leukemia not having achieved remission,C94 | C94.20 |  Acute megakaryoblastic leukemia | Acute Megakaryoblastic Leukemia NOS | Acute Megakaryoblastic Leukemia not otherwise specified| AMKL| Leukemia |,d3b500f6-c2c0-5164-8e6a-380a40fc1da2,https://www.icd10data.com//ICD10CM/Codes/C00-D49/C81-C96/C94-/C94.20
1216,C94,Leukemia,Other leukemias of specified cell type,C94.21,Acute megakaryoblastic leukemia in remission,C94 | C94.21 |  AMKL-Rem |  Acute megakaryoblastic leukemia | AMKL| Leukemia |,28c45891-ffa5-5724-9d96-6bd298778f0e,https://www.icd10data.com//ICD10CM/Codes/C00-D49/C81-C96/C94-/C94.21
1217,C94,Leukemia,Other leukemias of specified cell type,C94.22,Acute megakaryoblastic leukemia in relapse,C94 | C94.22 |  AMKL |  Acute megakaryoblastic leukemia |Relapsed -AMKL|  Leukemia| AMKL-Rel |,e537530f-44d1-50c6-ae09-65531b905b92,https://www.icd10data.com//ICD10CM/Codes/C00-D49/C81-C96/C94-/C94.22
1218,C94,Leukemia,Other leukemias of specified cell type,C94.3,Mast cell leukemia,C94 | C94.3 | Leukemia Mastocytosis |Mast cell leukemia| Leukemia |,9912be47-c31f-554f-94e2-893e932aebdd,https://www.icd10data.com//ICD10CM/Codes/C00-D49/C81-C96/C94-/C94.3
1219,C94,Leukemia,Other leukemias of specified cell type,C94.30,Mast cell leukemia not having achieved remission,C94 | C94.30 |  Mast cell leukemia| Leukemia |,2c96f8f7-6bf8-5295-ab40-b1fcd41e92c4,https://www.icd10data.com//ICD10CM/Codes/C00-D49/C81-C96/C94-/C94.30
1220,C94,Leukemia,Other leukemias of specified cell type,C94.31,Mast cell leukemia in remission,C94 | C94.31 | Mast cell leukemia-Rem| Mast cell leukemia| Leukemia |,b03748dc-daa5-5d49-9813-a9901e74a43a,https://www.icd10data.com//ICD10CM/Codes/C00-D49/C81-C96/C94-/C94.31
1221,C94,Leukemia,Other leukemias of specified cell type,C94.32,Mast cell leukemia in relapse,C94 | C94.32 | Mast cell leukemia-Rel| Mast cell leukemia| Leukemia |,128e89cf-b0c9-5557-a765-61a4cec57bf4,https://www.icd10data.com//ICD10CM/Codes/C00-D49/C81-C96/C94-/C94.32
1222,C94,Leukemia,Other leukemias of specified cell type,C94.4,Acute panmyelosis with myelofibrosis,C94 | C94.4 | APMF | Acute panmyelosis with myelofibrosis| Leukemia |,e3896e43-42c7-5380-acb2-2b33b4d01f5a,https://www.icd10data.com//ICD10CM/Codes/C00-D49/C81-C96/C94-/C94.4
1223,C94,Leukemia,Other leukemias of specified cell type,C94.40,Acute panmyelosis with myelofibrosis not having achieved remission,C94 | C94.40 | APMF | Acute panmyelosis with myelofibrosis| APMF-Rel | Leukemia,3da83b1f-770f-543d-9dc0-b2ea90ed8b6c,https://www.icd10data.com//ICD10CM/Codes/C00-D49/C81-C96/C94-/C94.40
1224,C94,Leukemia,Other leukemias of specified cell type,C94.41,Acute panmyelosis with myelofibrosis in remission,C94 | C94.41 | APMF | Acute panmyelosis with myelofibrosis| APMF-Rem| Leukemia,66ad46f4-e62c-5fca-80ca-bb05234126e3,https://www.icd10data.com//ICD10CM/Codes/C00-D49/C81-C96/C94-/C94.41
1225,C94,Leukemia,Other leukemias of specified cell type,C94.42,Acute panmyelosis with myelofibrosis in relapse,C94 | C94.42 | C94 | C94.41 | APMF | Acute panmyelosis with myelofibrosis| APMF-Rel| Leukemia,c754e66f-fe7d-5a12-a5e2-4d5d141e636f,https://www.icd10data.com//ICD10CM/Codes/C00-D49/C81-C96/C94-/C94.42
1226,C94,Leukemia,Other leukemias of specified cell type,C94.6,"Myelodysplastic disease, not elsewhere classified",C94 | C94.6 | Myelodysplastic disease | Dysmyelopoiesis| Myelodysplasia| MDS| Preleukemia| Leukemia,8518f441-3ff8-51aa-92ac-5bd8cfea638c,https://www.icd10data.com//ICD10CM/Codes/C00-D49/C81-C96/C94-/C94.6
1227,C94,Leukemia,Other leukemias of specified cell type,C94.8,Other specified leukemias,C94 | C94.8 | Blastic Plasmacytoid Dendritic Cell Neoplasm| BPDCN| Transient Abnormal Myelopoiesis|  Acute Basophilic Leukemia| Leukemia,5662be6a-1eb2-5153-88bf-a27d35af8996,https://www.icd10data.com//ICD10CM/Codes/C00-D49/C81-C96/C94-/C94.8
1228,C94,Leukemia,Other leukemias of specified cell type,C94.80,Other specified leukemias not having achieved remission,C94 | C94.80 | Blastic Plasmacytoid Dendritic Cell Neoplasm| BPDCN| Transient Abnormal Myelopoiesis|  Acute Basophilic Leukemia| Leukemia,e74d0468-ec27-5b7b-92f2-7c7d9d12eaa1,https://www.icd10data.com//ICD10CM/Codes/C00-D49/C81-C96/C94-/C94.80
1230,C94,Leukemia,Other leukemias of specified cell type,C94.82,Other specified leukemias in relapse,C94 | C94.82 | AEL | AEL-Rem | AEL-Rel | AMKL | AMKL-Rem | Acute erythroid leukemia | Acute megakaryoblastic leukemia | ,d10b135e-a900-5497-8948-ff785faa5f05,https://www.icd10data.com//ICD10CM/Codes/C00-D49/C81-C96/C94-/C94.82
1231,C95,Leukemia,Leukemia of unspecified cell type,C95.0,Acute Leukemia of unspecified cell type,C95 | C95.0 | Acute Leukemia | Acute Undifferentiated Leukemia |  Acute Leukemia Unspecified | Leukemia,63018c22-2080-55e0-b679-3b5de2a6a687,https://www.icd10data.com//ICD10CM/Codes/C00-D49/C81-C96/C95-/C95.0
1232,C95,Leukemia,Leukemia of unspecified cell type,C95.00,Acute Leukemia of unspecified cell type not having achieved remission,C95 | C95.00 | Acute Leukemia | Acute Leukemia Not Otherwise Specified | AL-NOS | Leukemia,0f35705e-87b0-5d00-9e1f-30a71d0b9ca5,https://www.icd10data.com//ICD10CM/Codes/C00-D49/C81-C96/C95-/C95.00
1233,C95,Leukemia,Leukemia of unspecified cell type,C95.01,Acute Leukemia of unspecified cell type in remission,C95 | C95.00 | Acute Leukemia |Acute Leukemia in Remission | Leukemia,3e243c39-b7f5-5d95-9e53-4981e34c34eb,https://www.icd10data.com//ICD10CM/Codes/C00-D49/C81-C96/C95-/C95.01
1234,C95,Leukemia,Leukemia of unspecified cell type,C95.02,Acute Leukemia of unspecified cell type in relapse,C95 | C95.00 | Acute Leukemia| Acute Leukemia in Relapse | AL-Rel | Leukemia,8f02450f-92f8-5f18-81e5-6d40a8c4ae50,https://www.icd10data.com//ICD10CM/Codes/C00-D49/C81-C96/C95-/C95.02
1235,C95,Leukemia,Leukemia of unspecified cell type,C95.1,Chronic Leukemia of unspecified cell type,C95 | C95.1 | Chronic Leukemia | Chronic Leukemia Unspecified | Leukemia,c3f3b161-e41e-5fd8-aaf7-e1db91253f9b,https://www.icd10data.com//ICD10CM/Codes/C00-D49/C81-C96/C95-/C95.1
1236,C95,Leukemia,Leukemia of unspecified cell type,C95.10,Chronic Leukemia of unspecified cell type not having achieved remission,C95 | C95.10 | Chronic Leukemia | Chronic Leukemia in Relapse | CL-Rel | Leukemia,609de3a6-ec4e-5297-af76-bd7aadb49bc6,https://www.icd10data.com//ICD10CM/Codes/C00-D49/C81-C96/C95-/C95.10
1237,C95,Leukemia,Leukemia of unspecified cell type,C95.11,Chronic Leukemia of unspecified cell type in remission,C95 | C95.11 | Leukemia | Chronic Leukemia Unspecified | Chronic Leukemia in Remission | CL-Rem | Leukemia,a249e855-90df-5c49-a1a8-c99f70c93d80,https://www.icd10data.com//ICD10CM/Codes/C00-D49/C81-C96/C95-/C95.11
1238,C95,Leukemia,Leukemia of unspecified cell type,C95.12,Chronic Leukemia of unspecified cell type in relapse,C95 | C95.12 | Chronic Leukemia | Chronic Leukemia Unspecified |   Chronic Leukemia in Relapse | CL-Rel | Leukemia,0b3d0155-3e1a-5c0a-a555-ac04d0dd1fb9,https://www.icd10data.com//ICD10CM/Codes/C00-D49/C81-C96/C95-/C95.12
1239,C95,Leukemia,Leukemia of unspecified cell type,C95.9,"Leukemia, unspecified",C95 | C95.9 | Leukemia Unspecified | Leukemia,90385d96-5ff0-5380-8c22-3b35124b1d86,https://www.icd10data.com//ICD10CM/Codes/C00-D49/C81-C96/C95-/C95.9
1240,C95,Leukemia,Leukemia of unspecified cell type,C95.90,"Leukemia, unspecified not having achieved remission",C95 | C95.90 | Leukemia Unspecified  | L-NOS  | Leukemia in Relapse | Leukemia,3401d83a-d19c-5ea0-9828-ff9f4974429c,https://www.icd10data.com//ICD10CM/Codes/C00-D49/C81-C96/C95-/C95.90
1241,C95,Leukemia,Leukemia of unspecified cell type,C95.91,"Leukemia, unspecified in remission",C95 | C95.91 | Leukemia Unspecified | Leukemia in Remission | L-Rem | Leukemia,380aba9d-2aa0-5109-9b29-2f1317afcc12,https://www.icd10data.com//ICD10CM/Codes/C00-D49/C81-C96/C95-/C95.91
1242,C95,Leukemia,Leukemia of unspecified cell type,C95.92,"Leukemia, unspecified in relapse",C95 | C95.92 | Leukemia Unspecified | Leukemia in Relapse | Leukemia,fdd7befd-ae86-5742-a126-2cfb77f465b9,https://www.icd10data.com//ICD10CM/Codes/C00-D49/C81-C96/C95-/C95.92
1243,C96,Blood Cancer,"Other and unspecified malignant neoplasms of lymphoid, hematopoietic and related tissue",C96.0,Multifocal and multisystemic (disseminated) Langerhans-cell histiocytosis,C96 | C96.0 | Blood Cancer | Disseminated Langerhans-Cell Histiocytosis |,e82b8d99-a29b-55d6-b288-9862a0ae7724,https://www.icd10data.com//ICD10CM/Codes/C00-D49/C81-C96/C96-/C96.0
1244,C96,Blood Cancer,"Other and unspecified malignant neoplasms of lymphoid, hematopoietic and related tissue",C96.2,Malignant mast cell neoplasm,C96 | C96.2 | MCS |Mast Cell Tumor| Mast Cell Sarcoma | Blood Cancer | ,d3c7d99c-9f0d-5c0f-a0c7-47f7448d3425,https://www.icd10data.com//ICD10CM/Codes/C00-D49/C81-C96/C96-/C96.2
1245,C96,Blood Cancer,"Other and unspecified malignant neoplasms of lymphoid, hematopoietic and related tissue",C96.20,Malignant mast cell neoplasm unspecified,C96 | C96.20 |Blood Cancer |,42f95003-8920-51f1-aeec-02c1c88df69b,https://www.icd10data.com//ICD10CM/Codes/C00-D49/C81-C96/C96-/C96.20
1246,C96,Blood Cancer,"Other and unspecified malignant neoplasms of lymphoid, hematopoietic and related tissue",C96.21,Aggressive systemic mastocytosis,C96 | C96.21 | Blood Cancer |,960b274d-e60b-5f20-895d-b15c5ad9ce53,https://www.icd10data.com//ICD10CM/Codes/C00-D49/C81-C96/C96-/C96.21
1247,C96,Blood Cancer,"Other and unspecified malignant neoplasms of lymphoid, hematopoietic and related tissue",C96.22,Mast cell sarcoma,C96 | C96.22 | MCS | Mast Cell Tumor| Mast Cell Sarcoma | Blood Cancer |,db34f4dc-8c33-507e-a0af-1f95f51f7819,https://www.icd10data.com//ICD10CM/Codes/C00-D49/C81-C96/C96-/C96.22
1248,C96,Blood Cancer,"Other and unspecified malignant neoplasms of lymphoid, hematopoietic and related tissue",C96.29,Other malignant mast cell neoplasm,C96 | C96.29 | Blood Cancer | Mast Cell Neoplasm | Mast cell Cancer |,48ca8fc9-2788-5cf7-b246-b91f23c99a60,https://www.icd10data.com//ICD10CM/Codes/C00-D49/C81-C96/C96-/C96.29
1249,C96,Blood Cancer,"Other and unspecified malignant neoplasms of lymphoid, hematopoietic and related tissue",C96.4,Sarcoma of dendritic cells (accessory cells),C96 | C96.4| Sarcoma of dendritic cells |Blood Cancer |,b72c3ead-b2de-58e6-99da-987915924439,https://www.icd10data.com//ICD10CM/Codes/C00-D49/C81-C96/C96-/C96.4
1250,C96,Blood Cancer,"Other and unspecified malignant neoplasms of lymphoid, hematopoietic and related tissue",C96.5,Multifocal and unisystemic Langerhans-cell histiocytosis,C96 | C96.5 | MCS | Blood Cancer |,5393ff1c-3b15-547d-bba5-d3be97de9820,https://www.icd10data.com//ICD10CM/Codes/C00-D49/C81-C96/C96-/C96.5
1251,C96,Blood Cancer,"Other and unspecified malignant neoplasms of lymphoid, hematopoietic and related tissue",C96.6,Unifocal Langerhans-cell histiocytosis,C96 | C96.6 | MCS | Blood Cancer |,0607697b-f6a3-5e56-b252-aebbf362e4d6,https://www.icd10data.com//ICD10CM/Codes/C00-D49/C81-C96/C96-/C96.6
1252,C96,Blood Cancer,"Other and unspecified malignant neoplasms of lymphoid, hematopoietic and related tissue",C96.A,Histiocytic sarcoma,C96 | C96.A | Histiocytic Sarcoma | Blood Cancer |,15fc7a03-2fc2-54a9-a418-ce8ed31b7f65,https://www.icd10data.com//ICD10CM/Codes/C00-D49/C81-C96/C96-/C96.A
1253,C96,Blood Cancer,"Other and unspecified malignant neoplasms of lymphoid, hematopoietic and related tissue",C96.Z,"Other specified malignant neoplasms of lymphoid, hematopoietic and related tissue",C96 | C96.Z | Blood Cancer | Langerhans Cell Sarcoma | Myeloid/Lymphoid Neoplasms with PCM1-JAK2 Rearrangement |,ffe2ef2c-e947-5d86-a4f4-00fff9bb2352,https://www.icd10data.com//ICD10CM/Codes/C00-D49/C81-C96/C96-/C96.Z
1254,C96,Blood Cancer,"Other and unspecified malignant neoplasms of lymphoid, hematopoietic and related tissue",C96.9,"Malignant neoplasm of lymphoid, hematopoietic and related tissue, unspecified",C96 | C96.9 | Blood Cancer |,39fb720b-af03-5dda-b6e4-3b76e8f68590,https://www.icd10data.com//ICD10CM/Codes/C00-D49/C81-C96/C96-/C96.9
9,E78,Lipidemia,Disorders of lipoprotein metabolism and other lipidemias,E78.49,Other hyperlipidemia,E78 | E78.49 | Lipidemias | hypercholesterolemia | Hyperchylomicronemia | dyslipidemia |,327547c6-3a89-50e1-983a-3bdcaa99e9d1,
6,E78,Lipidemia,Disorders of lipoprotein metabolism and other lipidemias,E78.3,Hyperchylomicronemia,E78 | E78.3 | Lipidemias | hypercholesterolemia | Hyperchylomicronemia |,85fc2fbf-68e7-5e4d-bc20-498aec9e00ee,https://www.icd10data.com//ICD10CM/Codes/E00-E89/E70-E88/E78-/E78.3
8,E78,Lipidemia,Disorders of lipoprotein metabolism and other lipidemias,E78.41,Elevated Lipoprotein(a),E78 | E78.41 | Lipidemias | hypercholesterolemia | Hyperchylomicronemia | dyslipidemia | high cholesterol | Lp(a) | LP(a) | hyperlipoproteinemia(a) |,32d2cf6d-4ce4-5616-8e8d-4fa60c27d7ec,https://www.icd10data.com//ICD10CM/Codes/E00-E89/E70-E88/E78-/E78.41
10,E78,Lipidemia,Disorders of lipoprotein metabolism and other lipidemias,E78.5,"Hyperlipidemia, unspecified",E78 | E78.5 | Lipidemias | hypercholesterolemia | Hyperchylomicronemia | dyslipidemia | Unspecified Hyperlipidemia |,cc0b4b14-1838-595e-b921-e31e65168746,https://www.icd10data.com//ICD10CM/Codes/E00-E89/E70-E88/E78-/E78.5
11,E78,Lipidemia,Disorders of lipoprotein metabolism and other lipidemias,E78.6,Lipoprotein deficiency,E78 | E78.6 | Lipidemias | hypercholesterolemia | Hyperchylomicronemia | dyslipidemia | deficiency of Lipoprotein |,6e5dd9e1-864d-56e5-bf78-4ad03e2152f5,https://www.icd10data.com//ICD10CM/Codes/E00-E89/E70-E88/E78-/E78.6
12,E78,Lipidemia,Disorders of lipoprotein metabolism and other lipidemias,E78.7,Disorders of bile acid and cholesterol metabolism,E78 | E78.7 | Lipidemias | hypercholesterolemia | Hyperchylomicronemia | dyslipidemia | Disorders of bile acid | Disorders of cholesterol metabolism |,bc4818fb-a112-55d6-8654-4a9177e684c6,https://www.icd10data.com//ICD10CM/Codes/E00-E89/E70-E88/E78-/E78.7
13,E78,Lipidemia,Disorders of lipoprotein metabolism and other lipidemias,E78.70,"Disorder of bile acid and cholesterol metabolism, unspecified",E78 | E78.70 | Lipidemias | hypercholesterolemia | Hyperchylomicronemia | dyslipidemia | Unspecified Disorders of bile acid | Unspecified Disorders of cholesterol metabolism |,fe0b744b-1cb2-523c-b128-614346719b98,https://www.icd10data.com//ICD10CM/Codes/E00-E89/E70-E88/E78-/E78.70
14,E78,Lipidemia,Disorders of lipoprotein metabolism and other lipidemias,E78.71,Barth syndrome,E78 | E78.71 | Lipidemias | hypercholesterolemia | Hyperchylomicronemia | dyslipidemia | Barth syndrome | 3-methylglutaconic aciduria type II | X-linked cardioskeletal myopathy | BTHS |,b8ba2380-9726-52cb-8377-7a0484faa507,https://www.icd10data.com//ICD10CM/Codes/E00-E89/E70-E88/E78-/E78.71
17,E78,Lipidemia,Disorders of lipoprotein metabolism and other lipidemias,E78.8,Other disorders of lipoprotein metabolism,E78 | E78.8 | Lipidemias | hypercholesterolemia | Hyperchylomicronemia | dyslipidemia | combined hyperlipidemia |,eede79c3-3bff-55dd-bbfa-3a6e7b4ad08d,https://www.icd10data.com//ICD10CM/Codes/E00-E89/E70-E88/E78-/E78.8
19,E78,Lipidemia,Disorders of lipoprotein metabolism and other lipidemias,E78.89,Other lipoprotein metabolism disorders,E78 | E78.89 | Lipidemias | hypercholesterolemia | Hyperchylomicronemia | dyslipidemia | Other lipoprotein metabolism disorders |,642f7232-52a2-590d-ac1d-3f98a041ade0,https://www.icd10data.com//ICD10CM/Codes/E00-E89/E70-E88/E78-/E78.89
20,E78,Lipidemia,Disorders of lipoprotein metabolism and other lipidemias,E78.9,"Disorder of lipoprotein metabolism, unspecified",E78 | E78.9 | Lipidemias | hypercholesterolemia | Hyperchylomicronemia | dyslipidemia | unspecified Disorder of lipoprotein metabolism |,590356ab-eef1-5626-963d-812cd95f53f0,https://www.icd10data.com//ICD10CM/Codes/E00-E89/E70-E88/E78-/E78.9
21,I20,Angina,Angina pectoris,,,I20 | Angina | Chest pain | Stenocardia | Coronary Artety Disease | CAD | Angina pectoris |,d43697d8-d115-55d2-a844-9ad61e374aa0,https://www.icd10data.com//ICD10CM/Codes/I00-I99/I20-I25/I20-/I20
22,I20,Angina,Angina pectoris,I20.0,Unstable angina,I20 | I20.0 | Angina | Chest pain | Stenocardia | Unstable Angina | Crescendo angina | Pre-infarction angina | Pre infarction angina | PIA | Coronary Artety Disease | CAD | Angina pectoris |,a9f2b769-60ed-5599-8ad6-6442fa659dd1,https://www.icd10data.com//ICD10CM/Codes/I00-I99/I20-I25/I20-/I20.0
23,I20,Angina,Angina pectoris,I20.1,Angina pectoris with documented spasm,I20 | I20.1 | Angina | Chest pain | Stenocardia | variant angina | Prinzmetal angina | Vasospastic angin | Coronary Artety Disease | CAD | Angina pectoris |,8a08ffb3-662f-5c3f-b958-0ae81c6806fc,https://www.icd10data.com//ICD10CM/Codes/I00-I99/I20-I25/I20-/I20.1
24,I20,Angina,Angina pectoris,I20.2,Refractory angina pectoris,I20 | I20.2 | Angina | Chest pain | Stenocardia | Refractory angina | Coronary Artety Disease | CAD | Angina pectoris |,5a057f05-1f12-5fce-901e-4379627c7fc2,https://www.icd10data.com//ICD10CM/Codes/I00-I99/I20-I25/I20-/I20.2
25,I20,Angina,Angina pectoris,I20.8,Other forms of angina pectoris,I20 | I20.8 | Angina | Chest pain | Stenocardia | Intractable Angina | Chronic Refractory Angina | Persistent Angina | Coronary Artety Disease | CAD | Angina pectoris |,6fd5ea1e-75b9-55f1-8c14-7da5c61d4def,https://www.icd10data.com//ICD10CM/Codes/I00-I99/I20-I25/I20-/I20.8
26,I20,Angina,Angina pectoris,I20.81,Angina pectoris with coronary microvascular dysfunction,I20 | I20.81 | Angina | Chest pain | Stenocardia | microvascular angina | cardiac syndrome X | CSX | Coronary Artety Disease | CAD | Angina pectoris |,12d5091b-36f1-590a-a83d-3ae6b97f1ef7,https://www.icd10data.com//ICD10CM/Codes/I00-I99/I20-I25/I20-/I20.81
27,I20,Angina,Angina pectoris,I20.89,Other forms of angina pectoris,I20 | I20.89 | Angina | Chest pain | Stenocardia | Untreatable Angina | Coronary Artety Disease | CAD | Angina pectoris |,db5639f4-2e03-5b07-97a1-c60143859f21,https://www.icd10data.com//ICD10CM/Codes/I00-I99/I20-I25/I20-/I20.89
28,I20,Angina,Angina pectoris,I20.9,"Angina pectoris, unspecified",I20 | I20.9 | Angina | Chest pain | Stenocardia | Unspecified angina | Coronary Artety Disease | CAD | Angina pectoris |,27418024-4c54-5d42-b97b-814369718418,https://www.icd10data.com//ICD10CM/Codes/I00-I99/I20-I25/I20-/I20.9
43,I21,Heart Attack,Acute myocardial infarction,I21.A,Other type of myocardial infarction,I21 | I21.A |Heart Attack | Myocardial infarction | AMI | MI |Coronary Artety Disease | CAD |,efaaf2f1-ca64-54d5-bd62-b1423c27fc3d,https://www.icd10data.com//ICD10CM/Codes/I00-I99/I20-I25/I21-/I21.A
44,I21,Heart Attack,Acute myocardial infarction,I21.A1,Myocardial infarction type 2,I21 | I21.A1 |Heart Attack | Myocardial infarction | AMI | MI | Type 2 MI | Coronary Artety Disease | CAD |,5fca5ee3-cb22-5858-8543-97682054f8de,https://www.icd10data.com//ICD10CM/Codes/I00-I99/I20-I25/I21-/I21.A1
45,I21,Heart Attack,Acute myocardial infarction,I21.A9,Other myocardial infarction type,I21 | I21.A9 |Heart Attack | Myocardial infarction | AMI | MI | Type 3 MI | Type 4 MI | Type 3 myocardial infarction | Type 4 myocardial infarction | Coronary Artety Disease | CAD |,22c11f71-c1c0-56f2-ae34-7b87318a3b5a,https://www.icd10data.com//ICD10CM/Codes/I00-I99/I20-I25/I21-/I21.A9
46,I21,Heart Attack,Acute myocardial infarction,I21.B,Myocardial infarction with coronary microvascular dysfunction,I21 | I21.B |Heart Attack | Myocardial infarction | AMI | MI | Coronary Artety Disease | CAD |,b0ef7b4a-4d8b-5355-8fcb-dc83d5f24ce8,https://www.icd10data.com//ICD10CM/Codes/I00-I99/I20-I25/I21-/I21.B
47,I70,Atherosclerosis,Atherosclerosis,,,I70 | Atherosclerosis | ASCVD (Atherosclerotic Cardiovascular Disease) | ASCVD Atherosclerotic Cardiovascular Disease | ASCVD-Atherosclerotic Cardiovascular Disease | ASCVD | Atherosclerotic Cardiovascular Disease | coronary artery disease (CAD) | CAD | coronary artery disease | peripheral artery disease | Arteriosclerotic Vascular Disease | ASVD | Arteriosclerotic Vascular Disease (ASVD) |,11386a0a-1236-51a3-b4ee-ffea791e19ee,https://www.icd10data.com//ICD10CM/Codes/I00-I99/I70-I79/I70-/I70
49,I70,Atherosclerosis,Atherosclerosis,I70.1,Atherosclerosis of renal artery,I70 | I70.1 | Atherosclerosis | ASCVD (Atherosclerotic Cardiovascular Disease) | ASCVD Atherosclerotic Cardiovascular Disease | ASCVD-Atherosclerotic Cardiovascular Disease | ASCVD | Atherosclerotic Cardiovascular Disease | Arteriosclerotic Vascular Disease | ASVD | Arteriosclerotic Vascular Disease (ASVD) | Atherosclerosis of renal artery |atherosclerotic renal artery stenosis (ARAS) | atherosclerotic renal artery stenosis | ARAS |,7225191c-e18e-5d79-b7dd-fe836acfa4db,https://www.icd10data.com//ICD10CM/Codes/I00-I99/I70-I79/I70-/I70.1
57,I70,Atherosclerosis,Atherosclerosis,I70.21,Atherosclerosis of native arteries of extremities with intermittent claudication,I70 | I70.21 | Atherosclerosis | ASCVD (Atherosclerotic Cardiovascular Disease) | ASCVD Atherosclerotic Cardiovascular Disease | ASCVD-Atherosclerotic Cardiovascular Disease | ASCVD | Atherosclerotic Cardiovascular Disease | Arteriosclerotic Vascular Disease | ASVD | Arteriosclerotic Vascular Disease (ASVD) | peripheral artery disease | peripheral artery disease (PAD) | claudication |,da3abd94-f1a1-541b-a27e-a4569f980959,https://www.icd10data.com//ICD10CM/Codes/I00-I99/I70-I79/I70-/I70.21
58,I70,Atherosclerosis,Atherosclerosis,I70.211,Atherosclerosis of native arteries of extremities with intermittent claudication right leg,I70 | I70.211 | Atherosclerosis | ASCVD (Atherosclerotic Cardiovascular Disease) | ASCVD Atherosclerotic Cardiovascular Disease | ASCVD-Atherosclerotic Cardiovascular Disease | ASCVD | Atherosclerotic Cardiovascular Disease | Arteriosclerotic Vascular Disease | ASVD | Arteriosclerotic Vascular Disease (ASVD) | peripheral artery disease | peripheral artery disease (PAD) | claudication |,0ce30195-c215-5423-809e-a2f629b85d1e,https://www.icd10data.com//ICD10CM/Codes/I00-I99/I70-I79/I70-/I70.211
59,I70,Atherosclerosis,Atherosclerosis,I70.212,Atherosclerosis of native arteries of extremities with intermittent claudication left leg,I70 | I70.212 | Atherosclerosis | ASCVD (Atherosclerotic Cardiovascular Disease) | ASCVD Atherosclerotic Cardiovascular Disease | ASCVD-Atherosclerotic Cardiovascular Disease | ASCVD | Atherosclerotic Cardiovascular Disease | Arteriosclerotic Vascular Disease | ASVD | Arteriosclerotic Vascular Disease (ASVD) | peripheral artery disease | peripheral artery disease (PAD) | claudication |,aab48ab9-d403-5819-aee0-4e6f0bbabedc,https://www.icd10data.com//ICD10CM/Codes/I00-I99/I70-I79/I70-/I70.212
60,I70,Atherosclerosis,Atherosclerosis,I70.213,Atherosclerosis of native arteries of extremities with intermittent claudication bilateral legs,I70 | I70.213 | Atherosclerosis | ASCVD (Atherosclerotic Cardiovascular Disease) | ASCVD Atherosclerotic Cardiovascular Disease | ASCVD-Atherosclerotic Cardiovascular Disease | ASCVD | Atherosclerotic Cardiovascular Disease | Arteriosclerotic Vascular Disease | ASVD | Arteriosclerotic Vascular Disease (ASVD) | peripheral artery disease | peripheral artery disease (PAD) | claudication |,79829967-149f-5094-b20d-8f770ca5e208,https://www.icd10data.com//ICD10CM/Codes/I00-I99/I70-I79/I70-/I70.213
61,I70,Atherosclerosis,Atherosclerosis,I70.218,Atherosclerosis of native arteries of extremities with intermittent claudication other extremity,I70 | I70.218 | Atherosclerosis | ASCVD (Atherosclerotic Cardiovascular Disease) | ASCVD Atherosclerotic Cardiovascular Disease | ASCVD-Atherosclerotic Cardiovascular Disease | ASCVD | Atherosclerotic Cardiovascular Disease | Arteriosclerotic Vascular Disease | ASVD | Arteriosclerotic Vascular Disease (ASVD) | peripheral artery disease | peripheral artery disease (PAD) | claudication |,70ac524c-6dd1-5205-9613-c7f94cf585b6,https://www.icd10data.com//ICD10CM/Codes/I00-I99/I70-I79/I70-/I70.218
62,I70,Atherosclerosis,Atherosclerosis,I70.219,Atherosclerosis of native arteries of extremities with intermittent claudication unspecified extremity,I70 | I70.219 | Atherosclerosis | ASCVD (Atherosclerotic Cardiovascular Disease) | ASCVD Atherosclerotic Cardiovascular Disease | ASCVD-Atherosclerotic Cardiovascular Disease | ASCVD | Atherosclerotic Cardiovascular Disease | Arteriosclerotic Vascular Disease | ASVD | Arteriosclerotic Vascular Disease (ASVD) | peripheral artery disease | peripheral artery disease (PAD) | claudication |,f2cc9287-edfa-518b-a8de-f267c2995b97,https://www.icd10data.com//ICD10CM/Codes/I00-I99/I70-I79/I70-/I70.219
86,I70,Atherosclerosis,Atherosclerosis,I70.26,Atherosclerosis of native arteries of extremities with gangrene,I70 | I70.26 | Atherosclerosis | ASCVD (Atherosclerotic Cardiovascular Disease) | ASCVD Atherosclerotic Cardiovascular Disease | ASCVD-Atherosclerotic Cardiovascular Disease | ASCVD | Atherosclerotic Cardiovascular Disease | Arteriosclerotic Vascular Disease | ASVD | Arteriosclerotic Vascular Disease (ASVD) | peripheral artery disease | peripheral artery disease (PAD) | Critical limb ischemia |,71215d32-a737-5ec4-a883-0b89e9479c4d,https://www.icd10data.com//ICD10CM/Codes/I00-I99/I70-I79/I70-/I70.26
87,I70,Atherosclerosis,Atherosclerosis,I70.261,Atherosclerosis of native arteries of extremities with gangrene right leg,I70 | I70.261 | Atherosclerosis | ASCVD (Atherosclerotic Cardiovascular Disease) | ASCVD Atherosclerotic Cardiovascular Disease | ASCVD-Atherosclerotic Cardiovascular Disease | ASCVD | Atherosclerotic Cardiovascular Disease | Arteriosclerotic Vascular Disease | ASVD | Arteriosclerotic Vascular Disease (ASVD) | peripheral artery disease | peripheral artery disease (PAD) | Critical limb ischemia | CLI |,4b2f999b-5584-5536-8692-0de51698a518,https://www.icd10data.com//ICD10CM/Codes/I00-I99/I70-I79/I70-/I70.261
88,I70,Atherosclerosis,Atherosclerosis,I70.262,Atherosclerosis of native arteries of extremities with gangrene left leg,I70 | I70.262 | Atherosclerosis | ASCVD (Atherosclerotic Cardiovascular Disease) | ASCVD Atherosclerotic Cardiovascular Disease | ASCVD-Atherosclerotic Cardiovascular Disease | ASCVD | Atherosclerotic Cardiovascular Disease | Arteriosclerotic Vascular Disease | ASVD | Arteriosclerotic Vascular Disease (ASVD) | peripheral artery disease | peripheral artery disease (PAD) | Critical limb ischemia | CLI |,f2acfe70-7804-585d-83e1-004f902414a8,https://www.icd10data.com//ICD10CM/Codes/I00-I99/I70-I79/I70-/I70.262
89,I70,Atherosclerosis,Atherosclerosis,I70.263,Atherosclerosis of native arteries of extremities with gangrene bilateral legs,I70 | I70.263 | Atherosclerosis | ASCVD (Atherosclerotic Cardiovascular Disease) | ASCVD Atherosclerotic Cardiovascular Disease | ASCVD-Atherosclerotic Cardiovascular Disease | ASCVD | Atherosclerotic Cardiovascular Disease | Arteriosclerotic Vascular Disease | ASVD | Arteriosclerotic Vascular Disease (ASVD) | peripheral artery disease | peripheral artery disease (PAD) | Critical limb ischemia | CLI |,b5cdd71d-61b7-5b88-acc4-03a962ba4f08,https://www.icd10data.com//ICD10CM/Codes/I00-I99/I70-I79/I70-/I70.263
90,I70,Atherosclerosis,Atherosclerosis,I70.268,Atherosclerosis of native arteries of extremities with gangrene other extremity,I70 | I70.268 | Atherosclerosis | ASCVD (Atherosclerotic Cardiovascular Disease) | ASCVD Atherosclerotic Cardiovascular Disease | ASCVD-Atherosclerotic Cardiovascular Disease | ASCVD | Atherosclerotic Cardiovascular Disease | Arteriosclerotic Vascular Disease | ASVD | Arteriosclerotic Vascular Disease (ASVD) | peripheral artery disease | peripheral artery disease (PAD) | Critical limb ischemia | CLI |,c91202b3-9b98-59bd-816a-ebacbf189420,https://www.icd10data.com//ICD10CM/Codes/I00-I99/I70-I79/I70-/I70.268
91,I70,Atherosclerosis,Atherosclerosis,I70.269,Atherosclerosis of native arteries of extremities with gangrene unspecified extremity,I70 | I70.269 | Atherosclerosis | ASCVD (Atherosclerotic Cardiovascular Disease) | ASCVD Atherosclerotic Cardiovascular Disease | ASCVD-Atherosclerotic Cardiovascular Disease | ASCVD | Atherosclerotic Cardiovascular Disease | Arteriosclerotic Vascular Disease | ASVD | Arteriosclerotic Vascular Disease (ASVD) | peripheral artery disease | peripheral artery disease (PAD) | Critical limb ischemia | CLI |,101eb605-4fca-56db-b6e1-f4836c759305,https://www.icd10data.com//ICD10CM/Codes/I00-I99/I70-I79/I70-/I70.269
105,I70,Atherosclerosis,Atherosclerosis,I70.31,Atherosclerosis of unspecified type of bypass graft(s) of the extremities with intermittent claudication,I70 | I70.31| Atherosclerosis | ASCVD (Atherosclerotic Cardiovascular Disease) | ASCVD Atherosclerotic Cardiovascular Disease | ASCVD-Atherosclerotic Cardiovascular Disease | ASCVD | Atherosclerotic Cardiovascular Disease | Arteriosclerotic Vascular Disease | ASVD | Arteriosclerotic Vascular Disease (ASVD) | peripheral artery disease | peripheral artery disease (PAD) | claudication |,72b30471-0ffa-518b-a6b2-bf6fbcf094bd,https://www.icd10data.com//ICD10CM/Codes/I00-I99/I70-I79/I70-/I70.31
106,I70,Atherosclerosis,Atherosclerosis,I70.311,Atherosclerosis of unspecified type of bypass graft(s) of the extremities with intermittent claudication right leg,I70 | I70.311| Atherosclerosis | ASCVD (Atherosclerotic Cardiovascular Disease) | ASCVD Atherosclerotic Cardiovascular Disease | ASCVD-Atherosclerotic Cardiovascular Disease | ASCVD | Atherosclerotic Cardiovascular Disease | Arteriosclerotic Vascular Disease | ASVD | Arteriosclerotic Vascular Disease (ASVD) | peripheral artery disease | peripheral artery disease (PAD) | claudication |,91f84130-4ee3-5868-a242-1875f9b1de96,https://www.icd10data.com//ICD10CM/Codes/I00-I99/I70-I79/I70-/I70.311
107,I70,Atherosclerosis,Atherosclerosis,I70.312,Atherosclerosis of unspecified type of bypass graft(s) of the extremities with intermittent claudication left leg,I70 | I70.312| Atherosclerosis | ASCVD (Atherosclerotic Cardiovascular Disease) | ASCVD Atherosclerotic Cardiovascular Disease | ASCVD-Atherosclerotic Cardiovascular Disease | ASCVD | Atherosclerotic Cardiovascular Disease | Arteriosclerotic Vascular Disease | ASVD | Arteriosclerotic Vascular Disease (ASVD) | peripheral artery disease | peripheral artery disease (PAD) | claudication |,b6830187-473e-5fd1-9d45-ef6d8e65f6cb,https://www.icd10data.com//ICD10CM/Codes/I00-I99/I70-I79/I70-/I70.312
108,I70,Atherosclerosis,Atherosclerosis,I70.313,Atherosclerosis of unspecified type of bypass graft(s) of the extremities with intermittent claudication bilateral legs,I70 | I70.313| Atherosclerosis | ASCVD (Atherosclerotic Cardiovascular Disease) | ASCVD Atherosclerotic Cardiovascular Disease | ASCVD-Atherosclerotic Cardiovascular Disease | ASCVD | Atherosclerotic Cardiovascular Disease | Arteriosclerotic Vascular Disease | ASVD | Arteriosclerotic Vascular Disease (ASVD) | peripheral artery disease | peripheral artery disease (PAD) | claudication |,61a67fa4-3987-5923-a298-4db5cbc751d2,https://www.icd10data.com//ICD10CM/Codes/I00-I99/I70-I79/I70-/I70.313
109,I70,Atherosclerosis,Atherosclerosis,I70.318,Atherosclerosis of unspecified type of bypass graft(s) of the extremities with intermittent claudication other extremity,I70 | I70.318| Atherosclerosis | ASCVD (Atherosclerotic Cardiovascular Disease) | ASCVD Atherosclerotic Cardiovascular Disease | ASCVD-Atherosclerotic Cardiovascular Disease | ASCVD | Atherosclerotic Cardiovascular Disease | Arteriosclerotic Vascular Disease | ASVD | Arteriosclerotic Vascular Disease (ASVD) | peripheral artery disease | peripheral artery disease (PAD) | claudication |,7df48d38-3620-5da7-9a05-d1e3c93e5538,https://www.icd10data.com//ICD10CM/Codes/I00-I99/I70-I79/I70-/I70.318
110,I70,Atherosclerosis,Atherosclerosis,I70.319,Atherosclerosis of unspecified type of bypass graft(s) of the extremities with intermittent claudication unspecified extremity,I70 | I70.319| Atherosclerosis | ASCVD (Atherosclerotic Cardiovascular Disease) | ASCVD Atherosclerotic Cardiovascular Disease | ASCVD-Atherosclerotic Cardiovascular Disease | ASCVD | Atherosclerotic Cardiovascular Disease | Arteriosclerotic Vascular Disease | ASVD | Arteriosclerotic Vascular Disease (ASVD) | peripheral artery disease | peripheral artery disease (PAD) | claudication |,f432ec56-b9df-5719-a58e-3b93acb51f39,https://www.icd10data.com//ICD10CM/Codes/I00-I99/I70-I79/I70-/I70.319
111,I70,Atherosclerosis,Atherosclerosis,I70.32,Atherosclerosis of unspecified type of bypass graft(s) of the extremities with rest pain,I70 | I70.32| Atherosclerosis | ASCVD (Atherosclerotic Cardiovascular Disease) | ASCVD Atherosclerotic Cardiovascular Disease | ASCVD-Atherosclerotic Cardiovascular Disease | ASCVD | Atherosclerotic Cardiovascular Disease | Arteriosclerotic Vascular Disease | ASVD | Arteriosclerotic Vascular Disease (ASVD) | peripheral artery disease | peripheral artery disease (PAD) | Peripheral vascular disease (PVD) | Peripheral vascular disease |,2c35699f-4997-57bb-afed-814350bf2b05,https://www.icd10data.com//ICD10CM/Codes/I00-I99/I70-I79/I70-/I70.32
112,I70,Atherosclerosis,Atherosclerosis,I70.321,Atherosclerosis of unspecified type of bypass graft(s) of the extremities with rest pain right leg,I70 | I70.321| Atherosclerosis | ASCVD (Atherosclerotic Cardiovascular Disease) | ASCVD Atherosclerotic Cardiovascular Disease | ASCVD-Atherosclerotic Cardiovascular Disease | ASCVD | Atherosclerotic Cardiovascular Disease | Arteriosclerotic Vascular Disease | ASVD | Arteriosclerotic Vascular Disease (ASVD) | peripheral artery disease | peripheral artery disease (PAD) | Peripheral vascular disease (PVD) | Peripheral vascular disease |,d38c4954-86e8-57d2-9b06-63d76800627c,https://www.icd10data.com//ICD10CM/Codes/I00-I99/I70-I79/I70-/I70.321
113,I70,Atherosclerosis,Atherosclerosis,I70.322,Atherosclerosis of unspecified type of bypass graft(s) of the extremities with rest pain left leg,I70 | I70.322| Atherosclerosis | ASCVD (Atherosclerotic Cardiovascular Disease) | ASCVD Atherosclerotic Cardiovascular Disease | ASCVD-Atherosclerotic Cardiovascular Disease | ASCVD | Atherosclerotic Cardiovascular Disease | Arteriosclerotic Vascular Disease | ASVD | Arteriosclerotic Vascular Disease (ASVD) | peripheral artery disease | peripheral artery disease (PAD) | Peripheral vascular disease (PVD) | Peripheral vascular disease |,db6c30b8-166d-5500-a200-6196584e39de,https://www.icd10data.com//ICD10CM/Codes/I00-I99/I70-I79/I70-/I70.322
114,I70,Atherosclerosis,Atherosclerosis,I70.323,Atherosclerosis of unspecified type of bypass graft(s) of the extremities with rest pain bilateral legs,I70 | I70.323| Atherosclerosis | ASCVD (Atherosclerotic Cardiovascular Disease) | ASCVD Atherosclerotic Cardiovascular Disease | ASCVD-Atherosclerotic Cardiovascular Disease | ASCVD | Atherosclerotic Cardiovascular Disease | Arteriosclerotic Vascular Disease | ASVD | Arteriosclerotic Vascular Disease (ASVD) | peripheral artery disease | peripheral artery disease (PAD) | Peripheral vascular disease (PVD) | Peripheral vascular disease |,e96dc2e8-499e-5751-b7b8-d68051c05ab7,https://www.icd10data.com//ICD10CM/Codes/I00-I99/I70-I79/I70-/I70.323
115,I70,Atherosclerosis,Atherosclerosis,I70.328,Atherosclerosis of unspecified type of bypass graft(s) of the extremities with rest pain other extremity,I70 | I70.328| Atherosclerosis | ASCVD (Atherosclerotic Cardiovascular Disease) | ASCVD Atherosclerotic Cardiovascular Disease | ASCVD-Atherosclerotic Cardiovascular Disease | ASCVD | Atherosclerotic Cardiovascular Disease | Arteriosclerotic Vascular Disease | ASVD | Arteriosclerotic Vascular Disease (ASVD) | peripheral artery disease | peripheral artery disease (PAD) | Peripheral vascular disease (PVD) | Peripheral vascular disease |,43dd3083-dfac-58b4-aa66-56012efdee37,https://www.icd10data.com//ICD10CM/Codes/I00-I99/I70-I79/I70-/I70.328
116,I70,Atherosclerosis,Atherosclerosis,I70.329,Atherosclerosis of unspecified type of bypass graft(s) of the extremities with rest pain unspecified extremity,I70 | I70.329| Atherosclerosis | ASCVD (Atherosclerotic Cardiovascular Disease) | ASCVD Atherosclerotic Cardiovascular Disease | ASCVD-Atherosclerotic Cardiovascular Disease | ASCVD | Atherosclerotic Cardiovascular Disease | Arteriosclerotic Vascular Disease | ASVD | Arteriosclerotic Vascular Disease (ASVD) | peripheral artery disease | peripheral artery disease (PAD) | Peripheral vascular disease (PVD) | Peripheral vascular disease |,d20f2447-8b8e-5e9a-be7b-0ed8c54b0e01,https://www.icd10data.com//ICD10CM/Codes/I00-I99/I70-I79/I70-/I70.329
147,I70,Atherosclerosis,Atherosclerosis,I70.40,Unspecified atherosclerosis of autologous vein bypass graft(s) of the extremities,I70 | I70.40| Atherosclerosis | ASCVD (Atherosclerotic Cardiovascular Disease) | ASCVD Atherosclerotic Cardiovascular Disease | ASCVD-Atherosclerotic Cardiovascular Disease | ASCVD | Atherosclerotic Cardiovascular Disease | Arteriosclerotic Vascular Disease | ASVD | Arteriosclerotic Vascular Disease (ASVD) | peripheral artery disease | peripheral artery disease (PAD) | Peripheral vascular disease (PVD) | Peripheral vascular disease | vein graft stenosis |,8ec4e6bc-1b3e-5b64-ac74-d1df79c84a66,https://www.icd10data.com//ICD10CM/Codes/I00-I99/I70-I79/I70-/I70.40
148,I70,Atherosclerosis,Atherosclerosis,I70.401,Unspecified atherosclerosis of autologous vein bypass graft(s) of the extremities right leg,I70 | I70.401| Atherosclerosis | ASCVD (Atherosclerotic Cardiovascular Disease) | ASCVD Atherosclerotic Cardiovascular Disease | ASCVD-Atherosclerotic Cardiovascular Disease | ASCVD | Atherosclerotic Cardiovascular Disease | Arteriosclerotic Vascular Disease | ASVD | Arteriosclerotic Vascular Disease (ASVD) | peripheral artery disease | peripheral artery disease (PAD) | Peripheral vascular disease (PVD) | Peripheral vascular disease | vein graft stenosis |,b090c21f-a314-5ee4-afa7-cd04df9b820f,https://www.icd10data.com//ICD10CM/Codes/I00-I99/I70-I79/I70-/I70.401
149,I70,Atherosclerosis,Atherosclerosis,I70.402,Unspecified atherosclerosis of autologous vein bypass graft(s) of the extremities left leg,I70 | I70.402| Atherosclerosis | ASCVD (Atherosclerotic Cardiovascular Disease) | ASCVD Atherosclerotic Cardiovascular Disease | ASCVD-Atherosclerotic Cardiovascular Disease | ASCVD | Atherosclerotic Cardiovascular Disease | Arteriosclerotic Vascular Disease | ASVD | Arteriosclerotic Vascular Disease (ASVD) | peripheral artery disease | peripheral artery disease (PAD) | Peripheral vascular disease (PVD) | Peripheral vascular disease | vein graft stenosis |,d1056c8b-fa81-5a53-aa30-877d2ec0149c,https://www.icd10data.com//ICD10CM/Codes/I00-I99/I70-I79/I70-/I70.402
150,I70,Atherosclerosis,Atherosclerosis,I70.403,Unspecified atherosclerosis of autologous vein bypass graft(s) of the extremities bilateral legs,I70 | I70.403| Atherosclerosis | ASCVD (Atherosclerotic Cardiovascular Disease) | ASCVD Atherosclerotic Cardiovascular Disease | ASCVD-Atherosclerotic Cardiovascular Disease | ASCVD | Atherosclerotic Cardiovascular Disease | Arteriosclerotic Vascular Disease | ASVD | Arteriosclerotic Vascular Disease (ASVD) | peripheral artery disease | peripheral artery disease (PAD) | Peripheral vascular disease (PVD) | Peripheral vascular disease | vein graft stenosis |,8b8d5e2e-21bf-5fe0-a026-cfc83622aeeb,https://www.icd10data.com//ICD10CM/Codes/I00-I99/I70-I79/I70-/I70.403
151,I70,Atherosclerosis,Atherosclerosis,I70.408,Unspecified atherosclerosis of autologous vein bypass graft(s) of the extremities other extremity,I70 | I70.408| Atherosclerosis | ASCVD (Atherosclerotic Cardiovascular Disease) | ASCVD Atherosclerotic Cardiovascular Disease | ASCVD-Atherosclerotic Cardiovascular Disease | ASCVD | Atherosclerotic Cardiovascular Disease | Arteriosclerotic Vascular Disease | ASVD | Arteriosclerotic Vascular Disease (ASVD) | peripheral artery disease | peripheral artery disease (PAD) | Peripheral vascular disease (PVD) | Peripheral vascular disease | vein graft stenosis |,e8365c87-7df9-5f05-bb82-4696f2e2dbd6,https://www.icd10data.com//ICD10CM/Codes/I00-I99/I70-I79/I70-/I70.408
152,I70,Atherosclerosis,Atherosclerosis,I70.409,Unspecified atherosclerosis of autologous vein bypass graft(s) of the extremities unspecified extremity,I70 | I70.409| Atherosclerosis | ASCVD (Atherosclerotic Cardiovascular Disease) | ASCVD Atherosclerotic Cardiovascular Disease | ASCVD-Atherosclerotic Cardiovascular Disease | ASCVD | Atherosclerotic Cardiovascular Disease | Arteriosclerotic Vascular Disease | ASVD | Arteriosclerotic Vascular Disease (ASVD) | peripheral artery disease | peripheral artery disease (PAD) | Peripheral vascular disease (PVD) | Peripheral vascular disease | vein graft stenosis |,515aefa7-8738-5dbc-8d09-17881ceed3c5,https://www.icd10data.com//ICD10CM/Codes/I00-I99/I70-I79/I70-/I70.409
153,I70,Atherosclerosis,Atherosclerosis,I70.41,Atherosclerosis of autologous vein bypass graft(s) of the extremities with intermittent claudication,I70 | I70.41| Atherosclerosis | ASCVD (Atherosclerotic Cardiovascular Disease) | ASCVD Atherosclerotic Cardiovascular Disease | ASCVD-Atherosclerotic Cardiovascular Disease | ASCVD | Atherosclerotic Cardiovascular Disease | Arteriosclerotic Vascular Disease | ASVD | Arteriosclerotic Vascular Disease (ASVD) | peripheral artery disease | peripheral artery disease (PAD) | Peripheral vascular disease (PVD) | Peripheral vascular disease | claudication |,bfe63b92-095f-5ab2-861b-15885c52312a,https://www.icd10data.com//ICD10CM/Codes/I00-I99/I70-I79/I70-/I70.41
154,I70,Atherosclerosis,Atherosclerosis,I70.411,Atherosclerosis of autologous vein bypass graft(s) of the extremities with intermittent claudication right leg,I70 | I70.411| Atherosclerosis | ASCVD (Atherosclerotic Cardiovascular Disease) | ASCVD Atherosclerotic Cardiovascular Disease | ASCVD-Atherosclerotic Cardiovascular Disease | ASCVD | Atherosclerotic Cardiovascular Disease | Arteriosclerotic Vascular Disease | ASVD | Arteriosclerotic Vascular Disease (ASVD) | peripheral artery disease | peripheral artery disease (PAD) | Peripheral vascular disease (PVD) | Peripheral vascular disease | claudication |,f825d0e6-34e9-5643-9688-ada0401d7660,https://www.icd10data.com//ICD10CM/Codes/I00-I99/I70-I79/I70-/I70.411
155,I70,Atherosclerosis,Atherosclerosis,I70.412,Atherosclerosis of autologous vein bypass graft(s) of the extremities with intermittent claudication left leg,I70 | I70.412| Atherosclerosis | ASCVD (Atherosclerotic Cardiovascular Disease) | ASCVD Atherosclerotic Cardiovascular Disease | ASCVD-Atherosclerotic Cardiovascular Disease | ASCVD | Atherosclerotic Cardiovascular Disease | Arteriosclerotic Vascular Disease | ASVD | Arteriosclerotic Vascular Disease (ASVD) | peripheral artery disease | peripheral artery disease (PAD) | Peripheral vascular disease (PVD) | Peripheral vascular disease | claudication |,f2f7e5fd-c2a8-5220-b06d-f38e63d8ba64,https://www.icd10data.com//ICD10CM/Codes/I00-I99/I70-I79/I70-/I70.412
156,I70,Atherosclerosis,Atherosclerosis,I70.413,Atherosclerosis of autologous vein bypass graft(s) of the extremities with intermittent claudication bilateral legs,I70 | I70.413| Atherosclerosis | ASCVD (Atherosclerotic Cardiovascular Disease) | ASCVD Atherosclerotic Cardiovascular Disease | ASCVD-Atherosclerotic Cardiovascular Disease | ASCVD | Atherosclerotic Cardiovascular Disease | Arteriosclerotic Vascular Disease | ASVD | Arteriosclerotic Vascular Disease (ASVD) | peripheral artery disease | peripheral artery disease (PAD) | Peripheral vascular disease (PVD) | Peripheral vascular disease | claudication |,6ea244e8-f990-5d6b-b221-d3e46466dc80,https://www.icd10data.com//ICD10CM/Codes/I00-I99/I70-I79/I70-/I70.413
157,I70,Atherosclerosis,Atherosclerosis,I70.418,Atherosclerosis of autologous vein bypass graft(s) of the extremities with intermittent claudication other extremity,I70 | I70.418| Atherosclerosis | ASCVD (Atherosclerotic Cardiovascular Disease) | ASCVD Atherosclerotic Cardiovascular Disease | ASCVD-Atherosclerotic Cardiovascular Disease | ASCVD | Atherosclerotic Cardiovascular Disease | Arteriosclerotic Vascular Disease | ASVD | Arteriosclerotic Vascular Disease (ASVD) | peripheral artery disease | peripheral artery disease (PAD) | Peripheral vascular disease (PVD) | Peripheral vascular disease | claudication |,8ec1b3ff-2d72-504a-9ee9-be71dacec609,https://www.icd10data.com//ICD10CM/Codes/I00-I99/I70-I79/I70-/I70.418
158,I70,Atherosclerosis,Atherosclerosis,I70.419,Atherosclerosis of autologous vein bypass graft(s) of the extremities with intermittent claudication unspecified extremity,I70 | I70.419| Atherosclerosis | ASCVD (Atherosclerotic Cardiovascular Disease) | ASCVD Atherosclerotic Cardiovascular Disease | ASCVD-Atherosclerotic Cardiovascular Disease | ASCVD | Atherosclerotic Cardiovascular Disease | Arteriosclerotic Vascular Disease | ASVD | Arteriosclerotic Vascular Disease (ASVD) | peripheral artery disease | peripheral artery disease (PAD) | Peripheral vascular disease (PVD) | Peripheral vascular disease | claudication |,afe2a214-53fd-5269-a3e0-8eb7eb64ef61,https://www.icd10data.com//ICD10CM/Codes/I00-I99/I70-I79/I70-/I70.419
165,I70,Atherosclerosis,Atherosclerosis,I70.43,Atherosclerosis of autologous vein bypass graft(s) of the right leg with ulceration,I70 | I70.43 | Atherosclerosis | ASCVD (Atherosclerotic Cardiovascular Disease) | ASCVD Atherosclerotic Cardiovascular Disease | ASCVD-Atherosclerotic Cardiovascular Disease | ASCVD | Atherosclerotic Cardiovascular Disease | Arteriosclerotic Vascular Disease | ASVD | Arteriosclerotic Vascular Disease (ASVD) | peripheral artery disease | peripheral artery disease (PAD) | Peripheral vascular disease (PVD) | Peripheral vascular disease | Atherosclerosis with ulceration |,74fd1b6d-0e31-5a86-859c-430ceabf4b30,https://www.icd10data.com//ICD10CM/Codes/I00-I99/I70-I79/I70-/I70.43
166,I70,Atherosclerosis,Atherosclerosis,I70.431,Atherosclerosis of autologous vein bypass graft(s) of the right leg with ulceration of thigh,I70 | I70.431 | Atherosclerosis | ASCVD (Atherosclerotic Cardiovascular Disease) | ASCVD Atherosclerotic Cardiovascular Disease | ASCVD-Atherosclerotic Cardiovascular Disease | ASCVD | Atherosclerotic Cardiovascular Disease | Arteriosclerotic Vascular Disease | ASVD | Arteriosclerotic Vascular Disease (ASVD) | peripheral artery disease | peripheral artery disease (PAD) | Peripheral vascular disease (PVD) | Peripheral vascular disease | Atherosclerosis with ulceration |,0042b317-60a4-5994-bb01-c122db521d1b,https://www.icd10data.com//ICD10CM/Codes/I00-I99/I70-I79/I70-/I70.431
167,I70,Atherosclerosis,Atherosclerosis,I70.432,Atherosclerosis of autologous vein bypass graft(s) of the right leg with ulceration of calf,I70 | I70.432 | Atherosclerosis | ASCVD (Atherosclerotic Cardiovascular Disease) | ASCVD Atherosclerotic Cardiovascular Disease | ASCVD-Atherosclerotic Cardiovascular Disease | ASCVD | Atherosclerotic Cardiovascular Disease | Arteriosclerotic Vascular Disease | ASVD | Arteriosclerotic Vascular Disease (ASVD) | peripheral artery disease | peripheral artery disease (PAD) | Peripheral vascular disease (PVD) | Peripheral vascular disease | Atherosclerosis with ulceration |,838d8996-70f7-5f62-b87c-860dd0b3309e,https://www.icd10data.com//ICD10CM/Codes/I00-I99/I70-I79/I70-/I70.432
168,I70,Atherosclerosis,Atherosclerosis,I70.433,Atherosclerosis of autologous vein bypass graft(s) of the right leg with ulceration of ankle,I70 | I70.433 | Atherosclerosis | ASCVD (Atherosclerotic Cardiovascular Disease) | ASCVD Atherosclerotic Cardiovascular Disease | ASCVD-Atherosclerotic Cardiovascular Disease | ASCVD | Atherosclerotic Cardiovascular Disease | Arteriosclerotic Vascular Disease | ASVD | Arteriosclerotic Vascular Disease (ASVD) | peripheral artery disease | peripheral artery disease (PAD) | Peripheral vascular disease (PVD) | Peripheral vascular disease | Atherosclerosis with ulceration |,62d37ac0-c0ea-5abf-a943-dca3d57b9ac4,https://www.icd10data.com//ICD10CM/Codes/I00-I99/I70-I79/I70-/I70.433
169,I70,Atherosclerosis,Atherosclerosis,I70.434,Atherosclerosis of autologous vein bypass graft(s) of the right leg with ulceration of heel and midfoot,I70 | I70.434 | Atherosclerosis | ASCVD (Atherosclerotic Cardiovascular Disease) | ASCVD Atherosclerotic Cardiovascular Disease | ASCVD-Atherosclerotic Cardiovascular Disease | ASCVD | Atherosclerotic Cardiovascular Disease | Arteriosclerotic Vascular Disease | ASVD | Arteriosclerotic Vascular Disease (ASVD) | peripheral artery disease | peripheral artery disease (PAD) | Peripheral vascular disease (PVD) | Peripheral vascular disease | Atherosclerosis with ulceration |,3b1056b1-1fe2-5e13-b69e-b4c8f3dc30d5,https://www.icd10data.com//ICD10CM/Codes/I00-I99/I70-I79/I70-/I70.434
170,I70,Atherosclerosis,Atherosclerosis,I70.435,Atherosclerosis of autologous vein bypass graft(s) of the right leg with ulceration of other part of foot,I70 | I70.435 | Atherosclerosis | ASCVD (Atherosclerotic Cardiovascular Disease) | ASCVD Atherosclerotic Cardiovascular Disease | ASCVD-Atherosclerotic Cardiovascular Disease | ASCVD | Atherosclerotic Cardiovascular Disease | Arteriosclerotic Vascular Disease | ASVD | Arteriosclerotic Vascular Disease (ASVD) | peripheral artery disease | peripheral artery disease (PAD) | Peripheral vascular disease (PVD) | Peripheral vascular disease | Atherosclerosis with ulceration |,5cdf72ed-03ec-5175-8099-a80f6b0b28a5,https://www.icd10data.com//ICD10CM/Codes/I00-I99/I70-I79/I70-/I70.435
171,I70,Atherosclerosis,Atherosclerosis,I70.438,Atherosclerosis of autologous vein bypass graft(s) of the right leg with ulceration of other part of lower leg,I70 | I70.438 | Atherosclerosis | ASCVD (Atherosclerotic Cardiovascular Disease) | ASCVD Atherosclerotic Cardiovascular Disease | ASCVD-Atherosclerotic Cardiovascular Disease | ASCVD | Atherosclerotic Cardiovascular Disease | Arteriosclerotic Vascular Disease | ASVD | Arteriosclerotic Vascular Disease (ASVD) | peripheral artery disease | peripheral artery disease (PAD) | Peripheral vascular disease (PVD) | Peripheral vascular disease | Atherosclerosis with ulceration |,ff6d8339-946e-597c-bed0-e315d1f348d5,https://www.icd10data.com//ICD10CM/Codes/I00-I99/I70-I79/I70-/I70.438
172,I70,Atherosclerosis,Atherosclerosis,I70.439,Atherosclerosis of autologous vein bypass graft(s) of the right leg with ulceration of unspecified site,I70 | I70.439 | Atherosclerosis | ASCVD (Atherosclerotic Cardiovascular Disease) | ASCVD Atherosclerotic Cardiovascular Disease | ASCVD-Atherosclerotic Cardiovascular Disease | ASCVD | Atherosclerotic Cardiovascular Disease | Arteriosclerotic Vascular Disease | ASVD | Arteriosclerotic Vascular Disease (ASVD) | peripheral artery disease | peripheral artery disease (PAD) | Peripheral vascular disease (PVD) | Peripheral vascular disease | Atherosclerosis with ulceration |,b64f6b2d-8e98-5ac9-9474-6e8098ec5476,https://www.icd10data.com//ICD10CM/Codes/I00-I99/I70-I79/I70-/I70.439
173,I70,Atherosclerosis,Atherosclerosis,I70.44,Atherosclerosis of autologous vein bypass graft(s) of the left leg with ulceration,I70 | I70.44 | Atherosclerosis | ASCVD (Atherosclerotic Cardiovascular Disease) | ASCVD Atherosclerotic Cardiovascular Disease | ASCVD-Atherosclerotic Cardiovascular Disease | ASCVD | Atherosclerotic Cardiovascular Disease | Arteriosclerotic Vascular Disease | ASVD | Arteriosclerotic Vascular Disease (ASVD) | peripheral artery disease | peripheral artery disease (PAD) | Peripheral vascular disease (PVD) | Peripheral vascular disease | Atherosclerosis with ulceration |,735d07c1-103c-53fa-9836-e287bb9c1dd2,https://www.icd10data.com//ICD10CM/Codes/I00-I99/I70-I79/I70-/I70.44
174,I70,Atherosclerosis,Atherosclerosis,I70.441,Atherosclerosis of autologous vein bypass graft(s) of the left leg with ulceration of thigh,I70 | I70.441 | Atherosclerosis | ASCVD (Atherosclerotic Cardiovascular Disease) | ASCVD Atherosclerotic Cardiovascular Disease | ASCVD-Atherosclerotic Cardiovascular Disease | ASCVD | Atherosclerotic Cardiovascular Disease | Arteriosclerotic Vascular Disease | ASVD | Arteriosclerotic Vascular Disease (ASVD) | peripheral artery disease | peripheral artery disease (PAD) | Peripheral vascular disease (PVD) | Peripheral vascular disease | Atherosclerosis with ulceration |,21e5e8ff-e4e5-59b3-aae5-3b8e5f0237ca,https://www.icd10data.com//ICD10CM/Codes/I00-I99/I70-I79/I70-/I70.441
175,I70,Atherosclerosis,Atherosclerosis,I70.442,Atherosclerosis of autologous vein bypass graft(s) of the left leg with ulceration of calf,I70 | I70.442 | Atherosclerosis | ASCVD (Atherosclerotic Cardiovascular Disease) | ASCVD Atherosclerotic Cardiovascular Disease | ASCVD-Atherosclerotic Cardiovascular Disease | ASCVD | Atherosclerotic Cardiovascular Disease | Arteriosclerotic Vascular Disease | ASVD | Arteriosclerotic Vascular Disease (ASVD) | peripheral artery disease | peripheral artery disease (PAD) | Peripheral vascular disease (PVD) | Peripheral vascular disease | Atherosclerosis with ulceration |,661185a7-a325-5fee-8b15-8433940a5c08,https://www.icd10data.com//ICD10CM/Codes/I00-I99/I70-I79/I70-/I70.442
176,I70,Atherosclerosis,Atherosclerosis,I70.443,Atherosclerosis of autologous vein bypass graft(s) of the left leg with ulceration of ankle,I70 | I70.443 | Atherosclerosis | ASCVD (Atherosclerotic Cardiovascular Disease) | ASCVD Atherosclerotic Cardiovascular Disease | ASCVD-Atherosclerotic Cardiovascular Disease | ASCVD | Atherosclerotic Cardiovascular Disease | Arteriosclerotic Vascular Disease | ASVD | Arteriosclerotic Vascular Disease (ASVD) | peripheral artery disease | peripheral artery disease (PAD) | Peripheral vascular disease (PVD) | Peripheral vascular disease | Atherosclerosis with ulceration |,907f47f4-e6dd-5b69-89ef-76fb28aff9ee,https://www.icd10data.com//ICD10CM/Codes/I00-I99/I70-I79/I70-/I70.443
177,I70,Atherosclerosis,Atherosclerosis,I70.444,Atherosclerosis of autologous vein bypass graft(s) of the left leg with ulceration of heel and midfoot,I70 | I70.444 | Atherosclerosis | ASCVD (Atherosclerotic Cardiovascular Disease) | ASCVD Atherosclerotic Cardiovascular Disease | ASCVD-Atherosclerotic Cardiovascular Disease | ASCVD | Atherosclerotic Cardiovascular Disease | Arteriosclerotic Vascular Disease | ASVD | Arteriosclerotic Vascular Disease (ASVD) | peripheral artery disease | peripheral artery disease (PAD) | Peripheral vascular disease (PVD) | Peripheral vascular disease | Atherosclerosis with ulceration |,6c66308a-57ff-5670-b010-76e25477270e,https://www.icd10data.com//ICD10CM/Codes/I00-I99/I70-I79/I70-/I70.444
178,I70,Atherosclerosis,Atherosclerosis,I70.445,Atherosclerosis of autologous vein bypass graft(s) of the left leg with ulceration of other part of foot,I70 | I70.445 | Atherosclerosis | ASCVD (Atherosclerotic Cardiovascular Disease) | ASCVD Atherosclerotic Cardiovascular Disease | ASCVD-Atherosclerotic Cardiovascular Disease | ASCVD | Atherosclerotic Cardiovascular Disease | Arteriosclerotic Vascular Disease | ASVD | Arteriosclerotic Vascular Disease (ASVD) | peripheral artery disease | peripheral artery disease (PAD) | Peripheral vascular disease (PVD) | Peripheral vascular disease | Atherosclerosis with ulceration |,c96828f8-38d8-5a42-9521-e7e9b7fad162,https://www.icd10data.com//ICD10CM/Codes/I00-I99/I70-I79/I70-/I70.445
179,I70,Atherosclerosis,Atherosclerosis,I70.448,Atherosclerosis of autologous vein bypass graft(s) of the left leg with ulceration of other part of lower leg,I70 | I70.448 | Atherosclerosis | ASCVD (Atherosclerotic Cardiovascular Disease) | ASCVD Atherosclerotic Cardiovascular Disease | ASCVD-Atherosclerotic Cardiovascular Disease | ASCVD | Atherosclerotic Cardiovascular Disease | Arteriosclerotic Vascular Disease | ASVD | Arteriosclerotic Vascular Disease (ASVD) | peripheral artery disease | peripheral artery disease (PAD) | Peripheral vascular disease (PVD) | Peripheral vascular disease | Atherosclerosis with ulceration |,6ecf8674-3f8b-5f7e-b336-0caccb07bd2f,https://www.icd10data.com//ICD10CM/Codes/I00-I99/I70-I79/I70-/I70.448
180,I70,Atherosclerosis,Atherosclerosis,I70.449,Atherosclerosis of autologous vein bypass graft(s) of the left leg with ulceration of unspecified site,I70 | I70.449 | Atherosclerosis | ASCVD (Atherosclerotic Cardiovascular Disease) | ASCVD Atherosclerotic Cardiovascular Disease | ASCVD-Atherosclerotic Cardiovascular Disease | ASCVD | Atherosclerotic Cardiovascular Disease | Arteriosclerotic Vascular Disease | ASVD | Arteriosclerotic Vascular Disease (ASVD) | peripheral artery disease | peripheral artery disease (PAD) | Peripheral vascular disease (PVD) | Peripheral vascular disease | Atherosclerosis with ulceration |,6fd4a053-61f9-5177-b609-765c88adead7,https://www.icd10data.com//ICD10CM/Codes/I00-I99/I70-I79/I70-/I70.449
181,I70,Atherosclerosis,Atherosclerosis,I70.45,Atherosclerosis of autologous vein bypass graft(s) of other extremity with ulceration,I70 | I70.45 | Atherosclerosis | ASCVD (Atherosclerotic Cardiovascular Disease) | ASCVD Atherosclerotic Cardiovascular Disease | ASCVD-Atherosclerotic Cardiovascular Disease | ASCVD | Atherosclerotic Cardiovascular Disease | Arteriosclerotic Vascular Disease | ASVD | Arteriosclerotic Vascular Disease (ASVD) | peripheral artery disease | peripheral artery disease (PAD) | Peripheral vascular disease (PVD) | Peripheral vascular disease | Atherosclerosis with ulceration |,045f0bcf-ae0a-59fb-a86b-6c53d07ef9ba,https://www.icd10data.com//ICD10CM/Codes/I00-I99/I70-I79/I70-/I70.45
182,I70,Atherosclerosis,Atherosclerosis,I70.46,Atherosclerosis of autologous vein bypass graft(s) of the extremities with gangrene,I70 | I70.46 | Atherosclerosis | ASCVD (Atherosclerotic Cardiovascular Disease) | ASCVD Atherosclerotic Cardiovascular Disease | ASCVD-Atherosclerotic Cardiovascular Disease | ASCVD | Atherosclerotic Cardiovascular Disease | Arteriosclerotic Vascular Disease | ASVD | Arteriosclerotic Vascular Disease (ASVD) | peripheral artery disease | peripheral artery disease (PAD) | Peripheral vascular disease (PVD) | Peripheral vascular disease | Atherosclerosis with gangrene |,f07a0190-fc66-5103-b8c0-44b1ecea3876,https://www.icd10data.com//ICD10CM/Codes/I00-I99/I70-I79/I70-/I70.46
183,I70,Atherosclerosis,Atherosclerosis,I70.461,Atherosclerosis of autologous vein bypass graft(s) of the extremities with gangrene right leg,I70 | I70.461 | Atherosclerosis | ASCVD (Atherosclerotic Cardiovascular Disease) | ASCVD Atherosclerotic Cardiovascular Disease | ASCVD-Atherosclerotic Cardiovascular Disease | ASCVD | Atherosclerotic Cardiovascular Disease | Arteriosclerotic Vascular Disease | ASVD | Arteriosclerotic Vascular Disease (ASVD) | peripheral artery disease | peripheral artery disease (PAD) | Peripheral vascular disease (PVD) | Peripheral vascular disease | Atherosclerosis with gangrene |,d5f06217-367c-521f-8b49-0e0a6b8dc90d,https://www.icd10data.com//ICD10CM/Codes/I00-I99/I70-I79/I70-/I70.461
184,I70,Atherosclerosis,Atherosclerosis,I70.462,Atherosclerosis of autologous vein bypass graft(s) of the extremities with gangrene left leg,I70 | I70.462 | Atherosclerosis | ASCVD (Atherosclerotic Cardiovascular Disease) | ASCVD Atherosclerotic Cardiovascular Disease | ASCVD-Atherosclerotic Cardiovascular Disease | ASCVD | Atherosclerotic Cardiovascular Disease | Arteriosclerotic Vascular Disease | ASVD | Arteriosclerotic Vascular Disease (ASVD) | peripheral artery disease | peripheral artery disease (PAD) | Peripheral vascular disease (PVD) | Peripheral vascular disease | Atherosclerosis with gangrene |,36fafa97-d87b-5d20-ac90-7a0203ca5524,https://www.icd10data.com//ICD10CM/Codes/I00-I99/I70-I79/I70-/I70.462
185,I70,Atherosclerosis,Atherosclerosis,I70.463,Atherosclerosis of autologous vein bypass graft(s) of the extremities with gangrene bilateral legs,I70 | I70.463 | Atherosclerosis | ASCVD (Atherosclerotic Cardiovascular Disease) | ASCVD Atherosclerotic Cardiovascular Disease | ASCVD-Atherosclerotic Cardiovascular Disease | ASCVD | Atherosclerotic Cardiovascular Disease | Arteriosclerotic Vascular Disease | ASVD | Arteriosclerotic Vascular Disease (ASVD) | peripheral artery disease | peripheral artery disease (PAD) | Peripheral vascular disease (PVD) | Peripheral vascular disease | Atherosclerosis with gangrene |,5fa7e89f-ea44-5f89-8af3-d757b96ad0e6,https://www.icd10data.com//ICD10CM/Codes/I00-I99/I70-I79/I70-/I70.463
186,I70,Atherosclerosis,Atherosclerosis,I70.468,Atherosclerosis of autologous vein bypass graft(s) of the extremities with gangrene other extremity,I70 | I70.468 | Atherosclerosis | ASCVD (Atherosclerotic Cardiovascular Disease) | ASCVD Atherosclerotic Cardiovascular Disease | ASCVD-Atherosclerotic Cardiovascular Disease | ASCVD | Atherosclerotic Cardiovascular Disease | Arteriosclerotic Vascular Disease | ASVD | Arteriosclerotic Vascular Disease (ASVD) | peripheral artery disease | peripheral artery disease (PAD) | Peripheral vascular disease (PVD) | Peripheral vascular disease | Atherosclerosis with gangrene |,2c91aa6d-092d-5b86-b35f-1e1293592867,https://www.icd10data.com//ICD10CM/Codes/I00-I99/I70-I79/I70-/I70.468
187,I70,Atherosclerosis,Atherosclerosis,I70.469,Atherosclerosis of autologous vein bypass graft(s) of the extremities with gangrene unspecified extremity,I70 | I70.469 | Atherosclerosis | ASCVD (Atherosclerotic Cardiovascular Disease) | ASCVD Atherosclerotic Cardiovascular Disease | ASCVD-Atherosclerotic Cardiovascular Disease | ASCVD | Atherosclerotic Cardiovascular Disease | Arteriosclerotic Vascular Disease | ASVD | Arteriosclerotic Vascular Disease (ASVD) | peripheral artery disease | peripheral artery disease (PAD) | Peripheral vascular disease (PVD) | Peripheral vascular disease | Atherosclerosis with gangrene |,4a620546-9cb4-5416-8677-7de3ab8d242e,https://www.icd10data.com//ICD10CM/Codes/I00-I99/I70-I79/I70-/I70.469
188,I70,Atherosclerosis,Atherosclerosis,I70.49,Other atherosclerosis of autologous vein bypass graft(s) of the extremities,I70 | I70.49 | Atherosclerosis | ASCVD (Atherosclerotic Cardiovascular Disease) | ASCVD Atherosclerotic Cardiovascular Disease | ASCVD-Atherosclerotic Cardiovascular Disease | ASCVD | Atherosclerotic Cardiovascular Disease | Arteriosclerotic Vascular Disease | ASVD | Arteriosclerotic Vascular Disease (ASVD) | peripheral artery disease | peripheral artery disease (PAD) | Peripheral vascular disease (PVD) | Peripheral vascular disease | Autologous vein bypass graft(s) | Autologous vein bypass graft |,1f40b619-4602-535c-8523-a708075ccd27,https://www.icd10data.com//ICD10CM/Codes/I00-I99/I70-I79/I70-/I70.49
189,I70,Atherosclerosis,Atherosclerosis,I70.491,Other atherosclerosis of autologous vein bypass graft(s) of the extremities right leg,I70 | I70.491 | Atherosclerosis | ASCVD (Atherosclerotic Cardiovascular Disease) | ASCVD Atherosclerotic Cardiovascular Disease | ASCVD-Atherosclerotic Cardiovascular Disease | ASCVD | Atherosclerotic Cardiovascular Disease | Arteriosclerotic Vascular Disease | ASVD | Arteriosclerotic Vascular Disease (ASVD) | peripheral artery disease | peripheral artery disease (PAD) | Peripheral vascular disease (PVD) | Peripheral vascular disease | Autologous vein bypass graft(s) | Autologous vein bypass graft |,58afe292-25af-586a-ba8f-c51ae252ec14,https://www.icd10data.com//ICD10CM/Codes/I00-I99/I70-I79/I70-/I70.491
190,I70,Atherosclerosis,Atherosclerosis,I70.492,Other atherosclerosis of autologous vein bypass graft(s) of the extremities left leg,I70 | I70.492 | Atherosclerosis | ASCVD (Atherosclerotic Cardiovascular Disease) | ASCVD Atherosclerotic Cardiovascular Disease | ASCVD-Atherosclerotic Cardiovascular Disease | ASCVD | Atherosclerotic Cardiovascular Disease | Arteriosclerotic Vascular Disease | ASVD | Arteriosclerotic Vascular Disease (ASVD) | peripheral artery disease | peripheral artery disease (PAD) | Peripheral vascular disease (PVD) | Peripheral vascular disease | Autologous vein bypass graft(s) | Autologous vein bypass graft |,0b7f2c17-a40c-5a88-a07e-4b1931f629f7,https://www.icd10data.com//ICD10CM/Codes/I00-I99/I70-I79/I70-/I70.492
191,I70,Atherosclerosis,Atherosclerosis,I70.493,Other atherosclerosis of autologous vein bypass graft(s) of the extremities bilateral legs,I70 | I70.493 | Atherosclerosis | ASCVD (Atherosclerotic Cardiovascular Disease) | ASCVD Atherosclerotic Cardiovascular Disease | ASCVD-Atherosclerotic Cardiovascular Disease | ASCVD | Atherosclerotic Cardiovascular Disease | Arteriosclerotic Vascular Disease | ASVD | Arteriosclerotic Vascular Disease (ASVD) | peripheral artery disease | peripheral artery disease (PAD) | Peripheral vascular disease (PVD) | Peripheral vascular disease | Autologous vein bypass graft(s) | Autologous vein bypass graft |,4bebafc5-6439-5d59-aefc-9203af8bc687,https://www.icd10data.com//ICD10CM/Codes/I00-I99/I70-I79/I70-/I70.493
192,I70,Atherosclerosis,Atherosclerosis,I70.498,Other atherosclerosis of autologous vein bypass graft(s) of the extremities other extremity,I70 | I70.498 | Atherosclerosis | ASCVD (Atherosclerotic Cardiovascular Disease) | ASCVD Atherosclerotic Cardiovascular Disease | ASCVD-Atherosclerotic Cardiovascular Disease | ASCVD | Atherosclerotic Cardiovascular Disease | Arteriosclerotic Vascular Disease | ASVD | Arteriosclerotic Vascular Disease (ASVD) | peripheral artery disease | peripheral artery disease (PAD) | Peripheral vascular disease (PVD) | Peripheral vascular disease | Autologous vein bypass graft(s) | Autologous vein bypass graft |,e2f04933-091b-595d-bf4e-b1e57eacabb4,https://www.icd10data.com//ICD10CM/Codes/I00-I99/I70-I79/I70-/I70.498
193,I70,Atherosclerosis,Atherosclerosis,I70.499,Other atherosclerosis of autologous vein bypass graft(s) of the extremities unspecified extremity,I70 | I70.499 | Atherosclerosis | ASCVD (Atherosclerotic Cardiovascular Disease) | ASCVD Atherosclerotic Cardiovascular Disease | ASCVD-Atherosclerotic Cardiovascular Disease | ASCVD | Atherosclerotic Cardiovascular Disease | Arteriosclerotic Vascular Disease | ASVD | Arteriosclerotic Vascular Disease (ASVD) | peripheral artery disease | peripheral artery disease (PAD) | Peripheral vascular disease (PVD) | Peripheral vascular disease | Autologous vein bypass graft(s) | Autologous vein bypass graft |,e6f84b49-70e9-5a08-99fc-814ad5c258fe,https://www.icd10data.com//ICD10CM/Codes/I00-I99/I70-I79/I70-/I70.499
194,I70,Atherosclerosis,Atherosclerosis,I70.5,Atherosclerosis of nonautologous biological bypass graft(s) of the extremities,I70 | I70.5 | Atherosclerosis | ASCVD (Atherosclerotic Cardiovascular Disease) | ASCVD Atherosclerotic Cardiovascular Disease | ASCVD-Atherosclerotic Cardiovascular Disease | ASCVD | Atherosclerotic Cardiovascular Disease | Arteriosclerotic Vascular Disease | ASVD | Arteriosclerotic Vascular Disease (ASVD) | peripheral artery disease | peripheral artery disease (PAD) | Peripheral vascular disease (PVD) | Peripheral vascular disease | Autologous vein bypass graft(s) | Non autologous vein bypass graft |,10168d5f-f6ff-530a-9a76-e0099f0feb52,https://www.icd10data.com//ICD10CM/Codes/I00-I99/I70-I79/I70-/I70.5
195,I70,Atherosclerosis,Atherosclerosis,I70.50,Unspecified atherosclerosis of nonautologous biological bypass graft(s) of the extremities,I70 | I70.50 | Atherosclerosis | ASCVD (Atherosclerotic Cardiovascular Disease) | ASCVD Atherosclerotic Cardiovascular Disease | ASCVD-Atherosclerotic Cardiovascular Disease | ASCVD | Atherosclerotic Cardiovascular Disease | Arteriosclerotic Vascular Disease | ASVD | Arteriosclerotic Vascular Disease (ASVD) | peripheral artery disease | peripheral artery disease (PAD) | Peripheral vascular disease (PVD) | Peripheral vascular disease | Autologous vein bypass graft(s) | Non autologous vein bypass graft |,35685b2d-cb17-5bd1-87cf-0331c22389f0,https://www.icd10data.com//ICD10CM/Codes/I00-I99/I70-I79/I70-/I70.50
196,I70,Atherosclerosis,Atherosclerosis,I70.501,Unspecified atherosclerosis of nonautologous biological bypass graft(s) of the extremities right leg,I70 | I70.501 | Atherosclerosis | ASCVD (Atherosclerotic Cardiovascular Disease) | ASCVD Atherosclerotic Cardiovascular Disease | ASCVD-Atherosclerotic Cardiovascular Disease | ASCVD | Atherosclerotic Cardiovascular Disease | Arteriosclerotic Vascular Disease | ASVD | Arteriosclerotic Vascular Disease (ASVD) | peripheral artery disease | peripheral artery disease (PAD) | Peripheral vascular disease (PVD) | Peripheral vascular disease | Autologous vein bypass graft(s) | Non autologous vein bypass graft |,51d7d862-e89c-5121-80fb-306ac77f5ec4,https://www.icd10data.com//ICD10CM/Codes/I00-I99/I70-I79/I70-/I70.501
197,I70,Atherosclerosis,Atherosclerosis,I70.502,Unspecified atherosclerosis of nonautologous biological bypass graft(s) of the extremities left leg,I70 | I70.502 | Atherosclerosis | ASCVD (Atherosclerotic Cardiovascular Disease) | ASCVD Atherosclerotic Cardiovascular Disease | ASCVD-Atherosclerotic Cardiovascular Disease | ASCVD | Atherosclerotic Cardiovascular Disease | Arteriosclerotic Vascular Disease | ASVD | Arteriosclerotic Vascular Disease (ASVD) | peripheral artery disease | peripheral artery disease (PAD) | Peripheral vascular disease (PVD) | Peripheral vascular disease | Autologous vein bypass graft(s) | Non autologous vein bypass graft |,599b75f2-f10d-5006-9c56-b9edb88a6760,https://www.icd10data.com//ICD10CM/Codes/I00-I99/I70-I79/I70-/I70.502
198,I70,Atherosclerosis,Atherosclerosis,I70.503,Unspecified atherosclerosis of nonautologous biological bypass graft(s) of the extremities bilateral legs,I70 | I70.503 | Atherosclerosis | ASCVD (Atherosclerotic Cardiovascular Disease) | ASCVD Atherosclerotic Cardiovascular Disease | ASCVD-Atherosclerotic Cardiovascular Disease | ASCVD | Atherosclerotic Cardiovascular Disease | Arteriosclerotic Vascular Disease | ASVD | Arteriosclerotic Vascular Disease (ASVD) | peripheral artery disease | peripheral artery disease (PAD) | Peripheral vascular disease (PVD) | Peripheral vascular disease | Autologous vein bypass graft(s) | Non autologous vein bypass graft |,660ce663-b8f1-57e9-9e2d-aed049575b67,https://www.icd10data.com//ICD10CM/Codes/I00-I99/I70-I79/I70-/I70.503
199,I70,Atherosclerosis,Atherosclerosis,I70.508,Unspecified atherosclerosis of nonautologous biological bypass graft(s) of the extremities other extremity,I70 | I70.508 | Atherosclerosis | ASCVD (Atherosclerotic Cardiovascular Disease) | ASCVD Atherosclerotic Cardiovascular Disease | ASCVD-Atherosclerotic Cardiovascular Disease | ASCVD | Atherosclerotic Cardiovascular Disease | Arteriosclerotic Vascular Disease | ASVD | Arteriosclerotic Vascular Disease (ASVD) | peripheral artery disease | peripheral artery disease (PAD) | Peripheral vascular disease (PVD) | Peripheral vascular disease | Autologous vein bypass graft(s) | Non autologous vein bypass graft |,59190650-4a24-5790-a15a-a26479c125e8,https://www.icd10data.com//ICD10CM/Codes/I00-I99/I70-I79/I70-/I70.508
200,I70,Atherosclerosis,Atherosclerosis,I70.509,Unspecified atherosclerosis of nonautologous biological bypass graft(s) of the extremities unspecified extremity,I70 | I70.509 | Atherosclerosis | ASCVD (Atherosclerotic Cardiovascular Disease) | ASCVD Atherosclerotic Cardiovascular Disease | ASCVD-Atherosclerotic Cardiovascular Disease | ASCVD | Atherosclerotic Cardiovascular Disease | Arteriosclerotic Vascular Disease | ASVD | Arteriosclerotic Vascular Disease (ASVD) | peripheral artery disease | peripheral artery disease (PAD) | Peripheral vascular disease (PVD) | Peripheral vascular disease | Autologous vein bypass graft(s) | Non autologous vein bypass graft |,95f910ad-47e1-5807-927b-742e14af0b36,https://www.icd10data.com//ICD10CM/Codes/I00-I99/I70-I79/I70-/I70.509
201,I70,Atherosclerosis,Atherosclerosis,I70.51,Atherosclerosis of nonautologous biological bypass graft(s) of the extremities intermittent claudication,I70 | I70.51 | Atherosclerosis | ASCVD (Atherosclerotic Cardiovascular Disease) | ASCVD Atherosclerotic Cardiovascular Disease | ASCVD-Atherosclerotic Cardiovascular Disease | ASCVD | Atherosclerotic Cardiovascular Disease | Arteriosclerotic Vascular Disease | ASVD | Arteriosclerotic Vascular Disease (ASVD) | peripheral artery disease | peripheral artery disease (PAD) | Peripheral vascular disease (PVD) | Peripheral vascular disease | Non autologous vein bypass graft | claudication |,e85c8476-6a0e-5a1e-a04a-a7e05fcfa687,https://www.icd10data.com//ICD10CM/Codes/I00-I99/I70-I79/I70-/I70.51
202,I70,Atherosclerosis,Atherosclerosis,I70.511,"Atherosclerosis of nonautologous biological bypass graft(s) of the extremities with intermittent claudication, right leg",I70 | I70.511 | Atherosclerosis | ASCVD (Atherosclerotic Cardiovascular Disease) | ASCVD Atherosclerotic Cardiovascular Disease | ASCVD-Atherosclerotic Cardiovascular Disease | ASCVD | Atherosclerotic Cardiovascular Disease | Arteriosclerotic Vascular Disease | ASVD | Arteriosclerotic Vascular Disease (ASVD) | peripheral artery disease | peripheral artery disease (PAD) | Peripheral vascular disease (PVD) | Peripheral vascular disease | Non autologous vein bypass graft | claudication |,111cc43c-11a7-5a4e-b3ab-1e3c8d8213d1,https://www.icd10data.com//ICD10CM/Codes/I00-I99/I70-I79/I70-/I70.511
203,I70,Atherosclerosis,Atherosclerosis,I70.512,"Atherosclerosis of nonautologous biological bypass graft(s) of the extremities with intermittent claudication, left leg",I70 | I70.512 | Atherosclerosis | ASCVD (Atherosclerotic Cardiovascular Disease) | ASCVD Atherosclerotic Cardiovascular Disease | ASCVD-Atherosclerotic Cardiovascular Disease | ASCVD | Atherosclerotic Cardiovascular Disease | Arteriosclerotic Vascular Disease | ASVD | Arteriosclerotic Vascular Disease (ASVD) | peripheral artery disease | peripheral artery disease (PAD) | Peripheral vascular disease (PVD) | Peripheral vascular disease | Non autologous vein bypass graft | claudication |,f52b98b6-e605-50f6-98bd-1ab37f0f095e,https://www.icd10data.com//ICD10CM/Codes/I00-I99/I70-I79/I70-/I70.512
204,I70,Atherosclerosis,Atherosclerosis,I70.513,"Atherosclerosis of nonautologous biological bypass graft(s) of the extremities with intermittent claudication, bilateral legs",I70 | I70.513 | Atherosclerosis | ASCVD (Atherosclerotic Cardiovascular Disease) | ASCVD Atherosclerotic Cardiovascular Disease | ASCVD-Atherosclerotic Cardiovascular Disease | ASCVD | Atherosclerotic Cardiovascular Disease | Arteriosclerotic Vascular Disease | ASVD | Arteriosclerotic Vascular Disease (ASVD) | peripheral artery disease | peripheral artery disease (PAD) | Peripheral vascular disease (PVD) | Peripheral vascular disease | Non autologous vein bypass graft | claudication |,67881df0-74bc-5405-8dec-9c1919441e82,https://www.icd10data.com//ICD10CM/Codes/I00-I99/I70-I79/I70-/I70.513
205,I70,Atherosclerosis,Atherosclerosis,I70.518,"Atherosclerosis of nonautologous biological bypass graft(s) of the extremities with intermittent claudication, other extremity",I70 | I70.518 | Atherosclerosis | ASCVD (Atherosclerotic Cardiovascular Disease) | ASCVD Atherosclerotic Cardiovascular Disease | ASCVD-Atherosclerotic Cardiovascular Disease | ASCVD | Atherosclerotic Cardiovascular Disease | Arteriosclerotic Vascular Disease | ASVD | Arteriosclerotic Vascular Disease (ASVD) | peripheral artery disease | peripheral artery disease (PAD) | Peripheral vascular disease (PVD) | Peripheral vascular disease | Non autologous vein bypass graft | claudication |,051ab2f5-5f85-5302-bfd7-3ba539315248,https://www.icd10data.com//ICD10CM/Codes/I00-I99/I70-I79/I70-/I70.518
206,I70,Atherosclerosis,Atherosclerosis,I70.519,"Atherosclerosis of nonautologous biological bypass graft(s) of the extremities with intermittent claudication, unspecified extremity",I70 | I70.519 | Atherosclerosis | ASCVD (Atherosclerotic Cardiovascular Disease) | ASCVD Atherosclerotic Cardiovascular Disease | ASCVD-Atherosclerotic Cardiovascular Disease | ASCVD | Atherosclerotic Cardiovascular Disease | Arteriosclerotic Vascular Disease | ASVD | Arteriosclerotic Vascular Disease (ASVD) | peripheral artery disease | peripheral artery disease (PAD) | Peripheral vascular disease (PVD) | Peripheral vascular disease | Non autologous vein bypass graft | claudication |,9b2fe644-4d25-573e-a1a1-9a3911af089a,https://www.icd10data.com//ICD10CM/Codes/I00-I99/I70-I79/I70-/I70.519
213,I70,Atherosclerosis,Atherosclerosis,I70.53,Atherosclerosis of nonautologous biological bypass graft(s) of the right leg with ulceration,I70 | I70.53 | Atherosclerosis | ASCVD (Atherosclerotic Cardiovascular Disease) | ASCVD Atherosclerotic Cardiovascular Disease | ASCVD-Atherosclerotic Cardiovascular Disease | ASCVD | Atherosclerotic Cardiovascular Disease | Arteriosclerotic Vascular Disease | ASVD | Arteriosclerotic Vascular Disease (ASVD) | peripheral artery disease | peripheral artery disease (PAD) | Peripheral vascular disease (PVD) | Peripheral vascular disease | Non autologous vein bypass graft | Atherosclerosis with ulceration |,f3ce8448-2a94-5e75-b2af-a453d1de8cb8,https://www.icd10data.com//ICD10CM/Codes/I00-I99/I70-I79/I70-/I70.53
214,I70,Atherosclerosis,Atherosclerosis,I70.531,Atherosclerosis of nonautologous biological bypass graft(s) of the right leg with ulceration of thigh,I70 | I70.531 | Atherosclerosis | ASCVD (Atherosclerotic Cardiovascular Disease) | ASCVD Atherosclerotic Cardiovascular Disease | ASCVD-Atherosclerotic Cardiovascular Disease | ASCVD | Atherosclerotic Cardiovascular Disease | Arteriosclerotic Vascular Disease | ASVD | Arteriosclerotic Vascular Disease (ASVD) | peripheral artery disease | peripheral artery disease (PAD) | Peripheral vascular disease (PVD) | Peripheral vascular disease | Non autologous vein bypass graft | Atherosclerosis with ulceration |,d101097f-bd6e-5883-9b95-26bdf9f6cabf,https://www.icd10data.com//ICD10CM/Codes/I00-I99/I70-I79/I70-/I70.531
215,I70,Atherosclerosis,Atherosclerosis,I70.532,Atherosclerosis of nonautologous biological bypass graft(s) of the right leg with ulceration of calf,I70 | I70.532 | Atherosclerosis | ASCVD (Atherosclerotic Cardiovascular Disease) | ASCVD Atherosclerotic Cardiovascular Disease | ASCVD-Atherosclerotic Cardiovascular Disease | ASCVD | Atherosclerotic Cardiovascular Disease | Arteriosclerotic Vascular Disease | ASVD | Arteriosclerotic Vascular Disease (ASVD) | peripheral artery disease | peripheral artery disease (PAD) | Peripheral vascular disease (PVD) | Peripheral vascular disease | Non autologous vein bypass graft | Atherosclerosis with ulceration |,2c5396ea-9243-58b2-b4fb-320623908c14,https://www.icd10data.com//ICD10CM/Codes/I00-I99/I70-I79/I70-/I70.532
216,I70,Atherosclerosis,Atherosclerosis,I70.533,Atherosclerosis of nonautologous biological bypass graft(s) of the right leg with ulceration of ankle,I70 | I70.533 | Atherosclerosis | ASCVD (Atherosclerotic Cardiovascular Disease) | ASCVD Atherosclerotic Cardiovascular Disease | ASCVD-Atherosclerotic Cardiovascular Disease | ASCVD | Atherosclerotic Cardiovascular Disease | Arteriosclerotic Vascular Disease | ASVD | Arteriosclerotic Vascular Disease (ASVD) | peripheral artery disease | peripheral artery disease (PAD) | Peripheral vascular disease (PVD) | Peripheral vascular disease | Non autologous vein bypass graft | Atherosclerosis with ulceration |,1ae46241-6723-5bba-9597-3c462d6e5c98,https://www.icd10data.com//ICD10CM/Codes/I00-I99/I70-I79/I70-/I70.533
217,I70,Atherosclerosis,Atherosclerosis,I70.534,Atherosclerosis of nonautologous biological bypass graft(s) of the right leg with ulceration of heel and midfoot,I70 | I70.534 | Atherosclerosis | ASCVD (Atherosclerotic Cardiovascular Disease) | ASCVD Atherosclerotic Cardiovascular Disease | ASCVD-Atherosclerotic Cardiovascular Disease | ASCVD | Atherosclerotic Cardiovascular Disease | Arteriosclerotic Vascular Disease | ASVD | Arteriosclerotic Vascular Disease (ASVD) | peripheral artery disease | peripheral artery disease (PAD) | Peripheral vascular disease (PVD) | Peripheral vascular disease | Non autologous vein bypass graft | Atherosclerosis with ulceration |,c3a5b858-793d-5405-80cd-ccb6f7f5a922,https://www.icd10data.com//ICD10CM/Codes/I00-I99/I70-I79/I70-/I70.534
218,I70,Atherosclerosis,Atherosclerosis,I70.535,Atherosclerosis of nonautologous biological bypass graft(s) of the right leg with ulceration of other part of foot,I70 | I70.535 | Atherosclerosis | ASCVD (Atherosclerotic Cardiovascular Disease) | ASCVD Atherosclerotic Cardiovascular Disease | ASCVD-Atherosclerotic Cardiovascular Disease | ASCVD | Atherosclerotic Cardiovascular Disease | Arteriosclerotic Vascular Disease | ASVD | Arteriosclerotic Vascular Disease (ASVD) | peripheral artery disease | peripheral artery disease (PAD) | Peripheral vascular disease (PVD) | Peripheral vascular disease | Non autologous vein bypass graft | Atherosclerosis with ulceration |,5d680a99-8309-5886-99fa-be38ae4420f3,https://www.icd10data.com//ICD10CM/Codes/I00-I99/I70-I79/I70-/I70.535
219,I70,Atherosclerosis,Atherosclerosis,I70.538,Atherosclerosis of nonautologous biological bypass graft(s) of the right leg with ulceration of other part of lower leg,I70 | I70.538 | Atherosclerosis | ASCVD (Atherosclerotic Cardiovascular Disease) | ASCVD Atherosclerotic Cardiovascular Disease | ASCVD-Atherosclerotic Cardiovascular Disease | ASCVD | Atherosclerotic Cardiovascular Disease | Arteriosclerotic Vascular Disease | ASVD | Arteriosclerotic Vascular Disease (ASVD) | peripheral artery disease | peripheral artery disease (PAD) | Peripheral vascular disease (PVD) | Peripheral vascular disease | Non autologous vein bypass graft | Atherosclerosis with ulceration |,f98f7823-5f82-5157-8b25-dd3a05ad158d,https://www.icd10data.com//ICD10CM/Codes/I00-I99/I70-I79/I70-/I70.538
220,I70,Atherosclerosis,Atherosclerosis,I70.539,Atherosclerosis of nonautologous biological bypass graft(s) of the right leg with ulceration of unspecified site,I70 | I70.539 | Atherosclerosis | ASCVD (Atherosclerotic Cardiovascular Disease) | ASCVD Atherosclerotic Cardiovascular Disease | ASCVD-Atherosclerotic Cardiovascular Disease | ASCVD | Atherosclerotic Cardiovascular Disease | Arteriosclerotic Vascular Disease | ASVD | Arteriosclerotic Vascular Disease (ASVD) | peripheral artery disease | peripheral artery disease (PAD) | Peripheral vascular disease (PVD) | Peripheral vascular disease | Non autologous vein bypass graft | Atherosclerosis with ulceration |,ceca801f-863f-5c0f-a883-2ccc7a4ff45a,https://www.icd10data.com//ICD10CM/Codes/I00-I99/I70-I79/I70-/I70.539
221,I70,Atherosclerosis,Atherosclerosis,I70.54,Atherosclerosis of nonautologous biological bypass graft(s) of the left leg with ulceration,I70 | I70.54 | Atherosclerosis | ASCVD (Atherosclerotic Cardiovascular Disease) | ASCVD Atherosclerotic Cardiovascular Disease | ASCVD-Atherosclerotic Cardiovascular Disease | ASCVD | Atherosclerotic Cardiovascular Disease | Arteriosclerotic Vascular Disease | ASVD | Arteriosclerotic Vascular Disease (ASVD) | peripheral artery disease | peripheral artery disease (PAD) | Peripheral vascular disease (PVD) | Peripheral vascular disease | Non autologous vein bypass graft | Atherosclerosis with ulceration |,b1b3991f-62d9-51d6-9394-ab2ef042af64,https://www.icd10data.com//ICD10CM/Codes/I00-I99/I70-I79/I70-/I70.54
222,I70,Atherosclerosis,Atherosclerosis,I70.541,Atherosclerosis of nonautologous biological bypass graft(s) of the left leg with ulceration of thigh,I70 | I70.541 | Atherosclerosis | ASCVD (Atherosclerotic Cardiovascular Disease) | ASCVD Atherosclerotic Cardiovascular Disease | ASCVD-Atherosclerotic Cardiovascular Disease | ASCVD | Atherosclerotic Cardiovascular Disease | Arteriosclerotic Vascular Disease | ASVD | Arteriosclerotic Vascular Disease (ASVD) | peripheral artery disease | peripheral artery disease (PAD) | Peripheral vascular disease (PVD) | Peripheral vascular disease | Non autologous vein bypass graft | Atherosclerosis with ulceration |,6a249b59-5bb1-575b-8f4d-6afc0ad71a6f,https://www.icd10data.com//ICD10CM/Codes/I00-I99/I70-I79/I70-/I70.541
223,I70,Atherosclerosis,Atherosclerosis,I70.542,Atherosclerosis of nonautologous biological bypass graft(s) of the left leg with ulceration of calf,I70 | I70.542 | Atherosclerosis | ASCVD (Atherosclerotic Cardiovascular Disease) | ASCVD Atherosclerotic Cardiovascular Disease | ASCVD-Atherosclerotic Cardiovascular Disease | ASCVD | Atherosclerotic Cardiovascular Disease | Arteriosclerotic Vascular Disease | ASVD | Arteriosclerotic Vascular Disease (ASVD) | peripheral artery disease | peripheral artery disease (PAD) | Peripheral vascular disease (PVD) | Peripheral vascular disease | Non autologous vein bypass graft | Atherosclerosis with ulceration |,8c76e376-f1a5-538f-b3e9-2b5fb4bf5427,https://www.icd10data.com//ICD10CM/Codes/I00-I99/I70-I79/I70-/I70.542
224,I70,Atherosclerosis,Atherosclerosis,I70.543,Atherosclerosis of nonautologous biological bypass graft(s) of the left leg with ulceration of ankle,I70 | I70.543 | Atherosclerosis | ASCVD (Atherosclerotic Cardiovascular Disease) | ASCVD Atherosclerotic Cardiovascular Disease | ASCVD-Atherosclerotic Cardiovascular Disease | ASCVD | Atherosclerotic Cardiovascular Disease | Arteriosclerotic Vascular Disease | ASVD | Arteriosclerotic Vascular Disease (ASVD) | peripheral artery disease | peripheral artery disease (PAD) | Peripheral vascular disease (PVD) | Peripheral vascular disease| Non autologous vein bypass graft | Atherosclerosis with ulceration |,6610175f-f5b8-5559-9941-f846f7b9089a,https://www.icd10data.com//ICD10CM/Codes/I00-I99/I70-I79/I70-/I70.543
225,I70,Atherosclerosis,Atherosclerosis,I70.544,Atherosclerosis of nonautologous biological bypass graft(s) of the left leg with ulceration of heel and midfoot,I70 | I70.544 | Atherosclerosis | ASCVD (Atherosclerotic Cardiovascular Disease) | ASCVD Atherosclerotic Cardiovascular Disease | ASCVD-Atherosclerotic Cardiovascular Disease | ASCVD | Atherosclerotic Cardiovascular Disease | Arteriosclerotic Vascular Disease | ASVD | Arteriosclerotic Vascular Disease (ASVD) | peripheral artery disease | peripheral artery disease (PAD) | Peripheral vascular disease (PVD) | Peripheral vascular disease | Non autologous vein bypass graft | Atherosclerosis with ulceration |,b5d315ab-1638-5f21-ad48-a58238e8fae3,https://www.icd10data.com//ICD10CM/Codes/I00-I99/I70-I79/I70-/I70.544
226,I70,Atherosclerosis,Atherosclerosis,I70.545,Atherosclerosis of nonautologous biological bypass graft(s) of the left leg with ulceration of other part of foot,I70 | I70.545 | Atherosclerosis | ASCVD (Atherosclerotic Cardiovascular Disease) | ASCVD Atherosclerotic Cardiovascular Disease | ASCVD-Atherosclerotic Cardiovascular Disease | ASCVD | Atherosclerotic Cardiovascular Disease | Arteriosclerotic Vascular Disease | ASVD | Arteriosclerotic Vascular Disease (ASVD) | peripheral artery disease | peripheral artery disease (PAD) | Peripheral vascular disease (PVD) | Peripheral vascular disease | Non autologous vein bypass graft | Atherosclerosis with ulceration |,e075b018-83c0-5b2a-b1d8-595d8ce6f669,https://www.icd10data.com//ICD10CM/Codes/I00-I99/I70-I79/I70-/I70.545
227,I70,Atherosclerosis,Atherosclerosis,I70.548,Atherosclerosis of nonautologous biological bypass graft(s) of the left leg with ulceration of other part of lower leg,I70 | I70.548 | Atherosclerosis | ASCVD (Atherosclerotic Cardiovascular Disease) | ASCVD Atherosclerotic Cardiovascular Disease | ASCVD-Atherosclerotic Cardiovascular Disease | ASCVD | Atherosclerotic Cardiovascular Disease | Arteriosclerotic Vascular Disease | ASVD | Arteriosclerotic Vascular Disease (ASVD) | peripheral artery disease | peripheral artery disease (PAD) | Peripheral vascular disease (PVD) | Peripheral vascular disease | Non autologous vein bypass graft | Atherosclerosis with ulceration |,d96732e2-4154-5a8d-b27e-47de769f39c5,https://www.icd10data.com//ICD10CM/Codes/I00-I99/I70-I79/I70-/I70.548
228,I70,Atherosclerosis,Atherosclerosis,I70.549,Atherosclerosis of nonautologous biological bypass graft(s) of the left leg with ulceration of unspecified site,I70 | I70.549 | Atherosclerosis | ASCVD (Atherosclerotic Cardiovascular Disease) | ASCVD Atherosclerotic Cardiovascular Disease | ASCVD-Atherosclerotic Cardiovascular Disease | ASCVD | Atherosclerotic Cardiovascular Disease | Arteriosclerotic Vascular Disease | ASVD | Arteriosclerotic Vascular Disease (ASVD) | peripheral artery disease | peripheral artery disease (PAD) | Peripheral vascular disease (PVD) | Peripheral vascular disease | Non autologous vein bypass graft | Atherosclerosis with ulceration |,37e70a7c-6dd4-5d2a-b138-d1f4029390c7,https://www.icd10data.com//ICD10CM/Codes/I00-I99/I70-I79/I70-/I70.549
229,I70,Atherosclerosis,Atherosclerosis,I70.55,Atherosclerosis of nonautologous biological bypass graft(s) of other extremity with ulceration,I70 | I70.55 | Atherosclerosis | ASCVD (Atherosclerotic Cardiovascular Disease) | ASCVD Atherosclerotic Cardiovascular Disease | ASCVD-Atherosclerotic Cardiovascular Disease | ASCVD | Atherosclerotic Cardiovascular Disease | Arteriosclerotic Vascular Disease | ASVD | Arteriosclerotic Vascular Disease (ASVD) | peripheral artery disease | peripheral artery disease (PAD) | Peripheral vascular disease (PVD) | Peripheral vascular disease | Non autologous vein bypass graft | Atherosclerosis with ulceration |,ecb096fa-9200-5f14-8947-c18c8f1e0fb1,https://www.icd10data.com//ICD10CM/Codes/I00-I99/I70-I79/I70-/I70.55
230,I70,Atherosclerosis,Atherosclerosis,I70.56,Atherosclerosis of nonautologous biological bypass graft(s) of the extremities with gangrene,I70 | I70.56 | Atherosclerosis | ASCVD (Atherosclerotic Cardiovascular Disease) | ASCVD Atherosclerotic Cardiovascular Disease | ASCVD-Atherosclerotic Cardiovascular Disease | ASCVD | Atherosclerotic Cardiovascular Disease | Arteriosclerotic Vascular Disease | ASVD | Arteriosclerotic Vascular Disease (ASVD) | peripheral artery disease | peripheral artery disease (PAD) | Peripheral vascular disease (PVD) | Peripheral vascular disease | Non autologous vein bypass graft | Atherosclerosis with gangrene |,b3549978-6558-5608-ac88-566cceaaffe2,https://www.icd10data.com//ICD10CM/Codes/I00-I99/I70-I79/I70-/I70.56
231,I70,Atherosclerosis,Atherosclerosis,I70.561,Atherosclerosis of nonautologous biological bypass graft(s) of the extremities with gangrene right leg,I70 | I70.561 | Atherosclerosis | ASCVD (Atherosclerotic Cardiovascular Disease) | ASCVD Atherosclerotic Cardiovascular Disease | ASCVD-Atherosclerotic Cardiovascular Disease | ASCVD | Atherosclerotic Cardiovascular Disease | Arteriosclerotic Vascular Disease | ASVD | Arteriosclerotic Vascular Disease (ASVD) | peripheral artery disease | peripheral artery disease (PAD) | Peripheral vascular disease (PVD) | Peripheral vascular disease | Non autologous vein bypass graft | Atherosclerosis with gangrene |,16a31ba8-2e02-522d-ba93-84c8b3bf8fd6,https://www.icd10data.com//ICD10CM/Codes/I00-I99/I70-I79/I70-/I70.561
232,I70,Atherosclerosis,Atherosclerosis,I70.562,Atherosclerosis of nonautologous biological bypass graft(s) of the extremities with gangrene left leg,I70 | I70.562 | Atherosclerosis | ASCVD (Atherosclerotic Cardiovascular Disease) | ASCVD Atherosclerotic Cardiovascular Disease | ASCVD-Atherosclerotic Cardiovascular Disease | ASCVD | Atherosclerotic Cardiovascular Disease | Arteriosclerotic Vascular Disease | ASVD | Arteriosclerotic Vascular Disease (ASVD) | peripheral artery disease | peripheral artery disease (PAD) | Peripheral vascular disease (PVD) | Peripheral vascular disease | Non autologous vein bypass graft | Atherosclerosis with gangrene |,178607f5-d5a9-5777-8fd0-ea4fb2e08e35,https://www.icd10data.com//ICD10CM/Codes/I00-I99/I70-I79/I70-/I70.562
233,I70,Atherosclerosis,Atherosclerosis,I70.563,Atherosclerosis of nonautologous biological bypass graft(s) of the extremities with gangrene bilateral legs,I70 | I70.563 | Atherosclerosis | ASCVD (Atherosclerotic Cardiovascular Disease) | ASCVD Atherosclerotic Cardiovascular Disease | ASCVD-Atherosclerotic Cardiovascular Disease | ASCVD | Atherosclerotic Cardiovascular Disease | Arteriosclerotic Vascular Disease | ASVD | Arteriosclerotic Vascular Disease (ASVD) | peripheral artery disease | peripheral artery disease (PAD) | Peripheral vascular disease (PVD) | Peripheral vascular disease | Non autologous vein bypass graft | Atherosclerosis with gangrene |,be64df47-8078-57aa-ab69-3167a0a3162f,https://www.icd10data.com//ICD10CM/Codes/I00-I99/I70-I79/I70-/I70.563
234,I70,Atherosclerosis,Atherosclerosis,I70.568,Atherosclerosis of nonautologous biological bypass graft(s) of the extremities with gangrene other extremity,I70 | I70.568 | Atherosclerosis | ASCVD (Atherosclerotic Cardiovascular Disease) | ASCVD Atherosclerotic Cardiovascular Disease | ASCVD-Atherosclerotic Cardiovascular Disease | ASCVD | Atherosclerotic Cardiovascular Disease | Arteriosclerotic Vascular Disease | ASVD | Arteriosclerotic Vascular Disease (ASVD) | peripheral artery disease | peripheral artery disease (PAD) | Peripheral vascular disease (PVD) | Peripheral vascular disease | Non autologous vein bypass graft | Atherosclerosis with gangrene |,0cb24a20-a0b5-57dd-9f20-ab881a56f029,https://www.icd10data.com//ICD10CM/Codes/I00-I99/I70-I79/I70-/I70.568
235,I70,Atherosclerosis,Atherosclerosis,I70.569,Atherosclerosis of nonautologous biological bypass graft(s) of the extremities with gangrene unspecified extremity,I70 | I70.569 | Atherosclerosis | ASCVD (Atherosclerotic Cardiovascular Disease) | ASCVD Atherosclerotic Cardiovascular Disease | ASCVD-Atherosclerotic Cardiovascular Disease | ASCVD | Atherosclerotic Cardiovascular Disease | Arteriosclerotic Vascular Disease | ASVD | Arteriosclerotic Vascular Disease (ASVD) | peripheral artery disease | peripheral artery disease (PAD) | Peripheral vascular disease (PVD) | Peripheral vascular disease | Non autologous vein bypass graft | Atherosclerosis with gangrene |,c0af4ee6-fe4a-5bdd-b89b-decb65c6dd41,https://www.icd10data.com//ICD10CM/Codes/I00-I99/I70-I79/I70-/I70.569
236,I70,Atherosclerosis,Atherosclerosis,I70.59,Other atherosclerosis of nonautologous biological bypass graft(s) of the extremities,I70 | I70.59 | Atherosclerosis | ASCVD (Atherosclerotic Cardiovascular Disease) | ASCVD Atherosclerotic Cardiovascular Disease | ASCVD-Atherosclerotic Cardiovascular Disease | ASCVD | Atherosclerotic Cardiovascular Disease | Arteriosclerotic Vascular Disease | ASVD | Arteriosclerotic Vascular Disease (ASVD) | peripheral artery disease | peripheral artery disease (PAD) | Peripheral vascular disease (PVD) | Peripheral vascular disease | Non autologous vein bypass graft | atherosclerosis of nonautologous biological bypass graft |,95725522-7ffb-5155-9e98-d7a0ffebe357,https://www.icd10data.com//ICD10CM/Codes/I00-I99/I70-I79/I70-/I70.59
237,I70,Atherosclerosis,Atherosclerosis,I70.591,Other atherosclerosis of nonautologous biological bypass graft(s) of the extremities right leg,I70 | I70.591 | Atherosclerosis | ASCVD (Atherosclerotic Cardiovascular Disease) | ASCVD Atherosclerotic Cardiovascular Disease | ASCVD-Atherosclerotic Cardiovascular Disease | ASCVD | Atherosclerotic Cardiovascular Disease | Arteriosclerotic Vascular Disease | ASVD | Arteriosclerotic Vascular Disease (ASVD) | peripheral artery disease | peripheral artery disease (PAD) | Peripheral vascular disease (PVD) | Peripheral vascular disease | Non autologous vein bypass graft | atherosclerosis of nonautologous biological bypass graft |,81f0d3cf-6cfc-54fe-b174-4b16e8cad859,https://www.icd10data.com//ICD10CM/Codes/I00-I99/I70-I79/I70-/I70.591
238,I70,Atherosclerosis,Atherosclerosis,I70.592,Other atherosclerosis of nonautologous biological bypass graft(s) of the extremities left leg,I70 | I70.592 | Atherosclerosis | ASCVD (Atherosclerotic Cardiovascular Disease) | ASCVD Atherosclerotic Cardiovascular Disease | ASCVD-Atherosclerotic Cardiovascular Disease | ASCVD | Atherosclerotic Cardiovascular Disease | Arteriosclerotic Vascular Disease | ASVD | Arteriosclerotic Vascular Disease (ASVD) | peripheral artery disease | peripheral artery disease (PAD) | Peripheral vascular disease (PVD) | Peripheral vascular disease | Non autologous vein bypass graft | atherosclerosis of nonautologous biological bypass graft |,d5c50f2e-7bf7-56e1-8bb3-7077247540c1,https://www.icd10data.com//ICD10CM/Codes/I00-I99/I70-I79/I70-/I70.592
239,I70,Atherosclerosis,Atherosclerosis,I70.593,Other atherosclerosis of nonautologous biological bypass graft(s) of the extremities bilateral legs,I70 | I70.593 | Atherosclerosis | ASCVD (Atherosclerotic Cardiovascular Disease) | ASCVD Atherosclerotic Cardiovascular Disease | ASCVD-Atherosclerotic Cardiovascular Disease | ASCVD | Atherosclerotic Cardiovascular Disease | Arteriosclerotic Vascular Disease | ASVD | Arteriosclerotic Vascular Disease (ASVD) | peripheral artery disease | peripheral artery disease (PAD) | Peripheral vascular disease (PVD) | Peripheral vascular disease | Non autologous vein bypass graft | atherosclerosis of nonautologous biological bypass graft |,c8f6be2c-4fff-5e4b-9e6a-951a19dd46f9,https://www.icd10data.com//ICD10CM/Codes/I00-I99/I70-I79/I70-/I70.593
240,I70,Atherosclerosis,Atherosclerosis,I70.598,Other atherosclerosis of nonautologous biological bypass graft(s) of the extremities other extremity,I70 | I70.598 | Atherosclerosis | ASCVD (Atherosclerotic Cardiovascular Disease) | ASCVD Atherosclerotic Cardiovascular Disease | ASCVD-Atherosclerotic Cardiovascular Disease | ASCVD | Atherosclerotic Cardiovascular Disease | Arteriosclerotic Vascular Disease | ASVD | Arteriosclerotic Vascular Disease (ASVD) | peripheral artery disease | peripheral artery disease (PAD) | Peripheral vascular disease (PVD) | Peripheral vascular disease | Non autologous vein bypass graft | atherosclerosis of nonautologous biological bypass graft |,3370b3e9-8285-5b08-a4c6-6f2712f00329,https://www.icd10data.com//ICD10CM/Codes/I00-I99/I70-I79/I70-/I70.598
241,I70,Atherosclerosis,Atherosclerosis,I70.599,Other atherosclerosis of nonautologous biological bypass graft(s) of the extremities unspecified extremity,I70 | I70.599 | Atherosclerosis | ASCVD (Atherosclerotic Cardiovascular Disease) | ASCVD Atherosclerotic Cardiovascular Disease | ASCVD-Atherosclerotic Cardiovascular Disease | ASCVD | Atherosclerotic Cardiovascular Disease | Arteriosclerotic Vascular Disease | ASVD | Arteriosclerotic Vascular Disease (ASVD) | peripheral artery disease | peripheral artery disease (PAD) | Peripheral vascular disease (PVD) | Peripheral vascular disease | Non autologous vein bypass graft | atherosclerosis of nonautologous biological bypass graft |,4ab4740a-3e99-595d-bfad-591afe1379b3,https://www.icd10data.com//ICD10CM/Codes/I00-I99/I70-I79/I70-/I70.599
242,I70,Atherosclerosis,Atherosclerosis,I70.6,Atherosclerosis of nonbiological bypass graft(s) of the extremities,I70 | I70.6 | Atherosclerosis | ASCVD (Atherosclerotic Cardiovascular Disease) | ASCVD Atherosclerotic Cardiovascular Disease | ASCVD-Atherosclerotic Cardiovascular Disease | ASCVD | Atherosclerotic Cardiovascular Disease | Arteriosclerotic Vascular Disease | ASVD | Arteriosclerotic Vascular Disease (ASVD) | peripheral artery disease | peripheral artery disease (PAD) | Peripheral vascular disease (PVD) | Peripheral vascular disease | Atherosclerosis of nonbiological bypass graft |,62890d52-e798-54a8-b009-16e4c9944e7c,https://www.icd10data.com//ICD10CM/Codes/I00-I99/I70-I79/I70-/I70.6
243,I70,Atherosclerosis,Atherosclerosis,I70.60,Unspecified atherosclerosis of nonbiological bypass graft(s) of the extremities,I70 | I70.60 | Atherosclerosis | ASCVD (Atherosclerotic Cardiovascular Disease) | ASCVD Atherosclerotic Cardiovascular Disease | ASCVD-Atherosclerotic Cardiovascular Disease | ASCVD | Atherosclerotic Cardiovascular Disease | Arteriosclerotic Vascular Disease | ASVD | Arteriosclerotic Vascular Disease (ASVD) | peripheral artery disease | peripheral artery disease (PAD) | Peripheral vascular disease (PVD) | Peripheral vascular disease | Atherosclerosis of nonbiological bypass graft |,39f137b1-33d0-5ab5-9cb5-7ae5ab970231,https://www.icd10data.com//ICD10CM/Codes/I00-I99/I70-I79/I70-/I70.60
244,I70,Atherosclerosis,Atherosclerosis,I70.601,Unspecified atherosclerosis of nonbiological bypass graft(s) of the extremities right leg,I70 | I70.601 | Atherosclerosis | ASCVD (Atherosclerotic Cardiovascular Disease) | ASCVD Atherosclerotic Cardiovascular Disease | ASCVD-Atherosclerotic Cardiovascular Disease | ASCVD | Atherosclerotic Cardiovascular Disease | Arteriosclerotic Vascular Disease | ASVD | Arteriosclerotic Vascular Disease (ASVD) | peripheral artery disease | peripheral artery disease (PAD) | Peripheral vascular disease (PVD) | Peripheral vascular disease | Atherosclerosis of nonbiological bypass graft |,34f7540a-058a-5727-b2f6-663b051b2551,https://www.icd10data.com//ICD10CM/Codes/I00-I99/I70-I79/I70-/I70.601
245,I70,Atherosclerosis,Atherosclerosis,I70.602,Unspecified atherosclerosis of nonbiological bypass graft(s) of the extremities left leg,I70 | I70.602 | Atherosclerosis | ASCVD (Atherosclerotic Cardiovascular Disease) | ASCVD Atherosclerotic Cardiovascular Disease | ASCVD-Atherosclerotic Cardiovascular Disease | ASCVD | Atherosclerotic Cardiovascular Disease | Arteriosclerotic Vascular Disease | ASVD | Arteriosclerotic Vascular Disease (ASVD) | peripheral artery disease | peripheral artery disease (PAD) | Peripheral vascular disease (PVD) | Peripheral vascular disease | Atherosclerosis of nonbiological bypass graft |,fe24cf0b-2c1b-5fdd-8df2-10acddbd700f,https://www.icd10data.com//ICD10CM/Codes/I00-I99/I70-I79/I70-/I70.602
246,I70,Atherosclerosis,Atherosclerosis,I70.603,Unspecified atherosclerosis of nonbiological bypass graft(s) of the extremities bilateral legs,I70 | I70.603 | Atherosclerosis | ASCVD (Atherosclerotic Cardiovascular Disease) | ASCVD Atherosclerotic Cardiovascular Disease | ASCVD-Atherosclerotic Cardiovascular Disease | ASCVD | Atherosclerotic Cardiovascular Disease | Arteriosclerotic Vascular Disease | ASVD | Arteriosclerotic Vascular Disease (ASVD) | peripheral artery disease | peripheral artery disease (PAD) | Peripheral vascular disease (PVD) | Peripheral vascular disease | Atherosclerosis of nonbiological bypass graft |,d35335c5-ec7b-594f-af9e-5f7217679d1b,https://www.icd10data.com//ICD10CM/Codes/I00-I99/I70-I79/I70-/I70.603
247,I70,Atherosclerosis,Atherosclerosis,I70.608,Unspecified atherosclerosis of nonbiological bypass graft(s) of the extremities other extremity,I70 | I70.608 | Atherosclerosis | ASCVD (Atherosclerotic Cardiovascular Disease) | ASCVD Atherosclerotic Cardiovascular Disease | ASCVD-Atherosclerotic Cardiovascular Disease | ASCVD | Atherosclerotic Cardiovascular Disease | Arteriosclerotic Vascular Disease | ASVD | Arteriosclerotic Vascular Disease (ASVD) | peripheral artery disease | peripheral artery disease (PAD) | Peripheral vascular disease (PVD) | Peripheral vascular disease | Atherosclerosis of nonbiological bypass graft |,f2d3050e-ebda-5184-8154-ce8195f7c127,https://www.icd10data.com//ICD10CM/Codes/I00-I99/I70-I79/I70-/I70.608
248,I70,Atherosclerosis,Atherosclerosis,I70.609,Unspecified atherosclerosis of nonbiological bypass graft(s) of the extremities unspecified extremity,I70 | I70.609 | Atherosclerosis | ASCVD (Atherosclerotic Cardiovascular Disease) | ASCVD Atherosclerotic Cardiovascular Disease | ASCVD-Atherosclerotic Cardiovascular Disease | ASCVD | Atherosclerotic Cardiovascular Disease | Arteriosclerotic Vascular Disease | ASVD | Arteriosclerotic Vascular Disease (ASVD) | peripheral artery disease | peripheral artery disease (PAD) | Peripheral vascular disease (PVD) | Peripheral vascular disease | Atherosclerosis of nonbiological bypass graft |,8af2582d-30c0-5615-8a42-802809ea5351,https://www.icd10data.com//ICD10CM/Codes/I00-I99/I70-I79/I70-/I70.609
249,I70,Atherosclerosis,Atherosclerosis,I70.61,Atherosclerosis of nonbiological bypass graft(s) of the extremities with intermittent claudication,I70 | I70.61 | Atherosclerosis | ASCVD (Atherosclerotic Cardiovascular Disease) | ASCVD Atherosclerotic Cardiovascular Disease | ASCVD-Atherosclerotic Cardiovascular Disease | ASCVD | Atherosclerotic Cardiovascular Disease | Arteriosclerotic Vascular Disease | ASVD | Arteriosclerotic Vascular Disease (ASVD) | peripheral artery disease | peripheral artery disease (PAD) | Peripheral vascular disease (PVD) | Peripheral vascular disease | Atherosclerosis of nonbiological bypass graft | claudication |,4a0bd90f-3d51-54c0-b2da-4e08d2880ca8,https://www.icd10data.com//ICD10CM/Codes/I00-I99/I70-I79/I70-/I70.61
250,I70,Atherosclerosis,Atherosclerosis,I70.611,Atherosclerosis of nonbiological bypass graft(s) of the extremities with intermittent claudication right leg,I70 | I70.611 | Atherosclerosis | ASCVD (Atherosclerotic Cardiovascular Disease) | ASCVD Atherosclerotic Cardiovascular Disease | ASCVD-Atherosclerotic Cardiovascular Disease | ASCVD | Atherosclerotic Cardiovascular Disease | Arteriosclerotic Vascular Disease | ASVD | Arteriosclerotic Vascular Disease (ASVD) | peripheral artery disease | peripheral artery disease (PAD) | Peripheral vascular disease (PVD) | Peripheral vascular disease | Atherosclerosis of nonbiological bypass graft | claudication |,ff69d982-8714-5c47-ba71-3f90634a8d51,https://www.icd10data.com//ICD10CM/Codes/I00-I99/I70-I79/I70-/I70.611
251,I70,Atherosclerosis,Atherosclerosis,I70.612,Atherosclerosis of nonbiological bypass graft(s) of the extremities with intermittent claudication left leg,I70 | I70.612 | Atherosclerosis | ASCVD (Atherosclerotic Cardiovascular Disease) | ASCVD Atherosclerotic Cardiovascular Disease | ASCVD-Atherosclerotic Cardiovascular Disease | ASCVD | Atherosclerotic Cardiovascular Disease | Arteriosclerotic Vascular Disease | ASVD | Arteriosclerotic Vascular Disease (ASVD) | peripheral artery disease | peripheral artery disease (PAD) | Peripheral vascular disease (PVD) | Peripheral vascular disease | Atherosclerosis of nonbiological bypass graft | claudication |,ea4a94a1-0a04-54d3-8cec-d792a8301d76,https://www.icd10data.com//ICD10CM/Codes/I00-I99/I70-I79/I70-/I70.612
252,I70,Atherosclerosis,Atherosclerosis,I70.613,Atherosclerosis of nonbiological bypass graft(s) of the extremities with intermittent claudication bilateral legs,I70 | I70.613 | Atherosclerosis | ASCVD (Atherosclerotic Cardiovascular Disease) | ASCVD Atherosclerotic Cardiovascular Disease | ASCVD-Atherosclerotic Cardiovascular Disease | ASCVD | Atherosclerotic Cardiovascular Disease | Arteriosclerotic Vascular Disease | ASVD | Arteriosclerotic Vascular Disease (ASVD) | peripheral artery disease | peripheral artery disease (PAD) | Peripheral vascular disease (PVD) | Peripheral vascular disease | Atherosclerosis of nonbiological bypass graft | claudication |,2a1d088b-ff32-58cb-85ab-bb3945b47cb0,https://www.icd10data.com//ICD10CM/Codes/I00-I99/I70-I79/I70-/I70.613
253,I70,Atherosclerosis,Atherosclerosis,I70.618,Atherosclerosis of nonbiological bypass graft(s) of the extremities with intermittent claudication other extremity,I70 | I70.618 | Atherosclerosis | ASCVD (Atherosclerotic Cardiovascular Disease) | ASCVD Atherosclerotic Cardiovascular Disease | ASCVD-Atherosclerotic Cardiovascular Disease | ASCVD | Atherosclerotic Cardiovascular Disease | Arteriosclerotic Vascular Disease | ASVD | Arteriosclerotic Vascular Disease (ASVD) | peripheral artery disease | peripheral artery disease (PAD) | Peripheral vascular disease (PVD) | Peripheral vascular disease | Atherosclerosis of nonbiological bypass graft | claudication |,21117b3f-1ed5-5aea-9f97-bf69fd7d8a68,https://www.icd10data.com//ICD10CM/Codes/I00-I99/I70-I79/I70-/I70.618
254,I70,Atherosclerosis,Atherosclerosis,I70.619,Atherosclerosis of nonbiological bypass graft(s) of the extremities with intermittent claudication unspecified extremity,I70 | I70.619 | Atherosclerosis | ASCVD (Atherosclerotic Cardiovascular Disease) | ASCVD Atherosclerotic Cardiovascular Disease | ASCVD-Atherosclerotic Cardiovascular Disease | ASCVD | Atherosclerotic Cardiovascular Disease | Arteriosclerotic Vascular Disease | ASVD | Arteriosclerotic Vascular Disease (ASVD) | peripheral artery disease | peripheral artery disease (PAD) | Peripheral vascular disease (PVD) | Peripheral vascular disease | Atherosclerosis of nonbiological bypass graft | claudication |,1d876fe1-65d9-5bb2-8308-377d9b79d62d,https://www.icd10data.com//ICD10CM/Codes/I00-I99/I70-I79/I70-/I70.619
255,I70,Atherosclerosis,Atherosclerosis,I70.62,Atherosclerosis of nonbiological bypass graft(s) of the extremities with rest pain,I70 | I70.62 | Atherosclerosis | ASCVD (Atherosclerotic Cardiovascular Disease) | ASCVD Atherosclerotic Cardiovascular Disease | ASCVD-Atherosclerotic Cardiovascular Disease | ASCVD | Atherosclerotic Cardiovascular Disease | Arteriosclerotic Vascular Disease | ASVD | Arteriosclerotic Vascular Disease (ASVD) | peripheral artery disease | peripheral artery disease (PAD) | Peripheral vascular disease (PVD) | Peripheral vascular disease | Atherosclerosis of nonbiological bypass graft |,4b820f2c-d49e-5040-9109-819001395535,https://www.icd10data.com//ICD10CM/Codes/I00-I99/I70-I79/I70-/I70.62
256,I70,Atherosclerosis,Atherosclerosis,I70.621,Atherosclerosis of nonbiological bypass graft(s) of the extremities with rest pain right leg,I70 | I70.621 | Atherosclerosis | ASCVD (Atherosclerotic Cardiovascular Disease) | ASCVD Atherosclerotic Cardiovascular Disease | ASCVD-Atherosclerotic Cardiovascular Disease | ASCVD | Atherosclerotic Cardiovascular Disease | Arteriosclerotic Vascular Disease | ASVD | Arteriosclerotic Vascular Disease (ASVD) | peripheral artery disease | peripheral artery disease (PAD) | Peripheral vascular disease (PVD) | Peripheral vascular disease | Atherosclerosis of nonbiological bypass graft |,a41d9740-41a3-51e7-8a40-d309486c5a86,https://www.icd10data.com//ICD10CM/Codes/I00-I99/I70-I79/I70-/I70.621
257,I70,Atherosclerosis,Atherosclerosis,I70.622,Atherosclerosis of nonbiological bypass graft(s) of the extremities with rest pain left leg,I70 | I70.622 | Atherosclerosis | ASCVD (Atherosclerotic Cardiovascular Disease) | ASCVD Atherosclerotic Cardiovascular Disease | ASCVD-Atherosclerotic Cardiovascular Disease | ASCVD | Atherosclerotic Cardiovascular Disease | Arteriosclerotic Vascular Disease | ASVD | Arteriosclerotic Vascular Disease (ASVD) | peripheral artery disease | peripheral artery disease (PAD) | Peripheral vascular disease (PVD) | Peripheral vascular disease | Atherosclerosis of nonbiological bypass graft |,8f27606d-e981-5b1b-9649-4da766486ecf,https://www.icd10data.com//ICD10CM/Codes/I00-I99/I70-I79/I70-/I70.622
258,I70,Atherosclerosis,Atherosclerosis,I70.623,Atherosclerosis of nonbiological bypass graft(s) of the extremities with rest pain bilateral legs,I70 | I70.623 | Atherosclerosis | ASCVD (Atherosclerotic Cardiovascular Disease) | ASCVD Atherosclerotic Cardiovascular Disease | ASCVD-Atherosclerotic Cardiovascular Disease | ASCVD | Atherosclerotic Cardiovascular Disease | Arteriosclerotic Vascular Disease | ASVD | Arteriosclerotic Vascular Disease (ASVD) | peripheral artery disease | peripheral artery disease (PAD) | Peripheral vascular disease (PVD) | Peripheral vascular disease | Atherosclerosis of nonbiological bypass graft |,c224107c-7f18-5be0-a261-f463397953b6,https://www.icd10data.com//ICD10CM/Codes/I00-I99/I70-I79/I70-/I70.623
259,I70,Atherosclerosis,Atherosclerosis,I70.628,Atherosclerosis of nonbiological bypass graft(s) of the extremities with rest pain other extremity,I70 | I70.628 | Atherosclerosis | ASCVD (Atherosclerotic Cardiovascular Disease) | ASCVD Atherosclerotic Cardiovascular Disease | ASCVD-Atherosclerotic Cardiovascular Disease | ASCVD | Atherosclerotic Cardiovascular Disease | Arteriosclerotic Vascular Disease | ASVD | Arteriosclerotic Vascular Disease (ASVD) | peripheral artery disease | peripheral artery disease (PAD) | Peripheral vascular disease (PVD) | Peripheral vascular disease | Atherosclerosis of nonbiological bypass graft |,b0a4c0cc-5236-5aed-aa79-5fe2aec8aba7,https://www.icd10data.com//ICD10CM/Codes/I00-I99/I70-I79/I70-/I70.628
260,I70,Atherosclerosis,Atherosclerosis,I70.629,Atherosclerosis of nonbiological bypass graft(s) of the extremities with rest pain unspecified extremity,I70 | I70.629 | Atherosclerosis | ASCVD (Atherosclerotic Cardiovascular Disease) | ASCVD Atherosclerotic Cardiovascular Disease | ASCVD-Atherosclerotic Cardiovascular Disease | ASCVD | Atherosclerotic Cardiovascular Disease | Arteriosclerotic Vascular Disease | ASVD | Arteriosclerotic Vascular Disease (ASVD) | peripheral artery disease | peripheral artery disease (PAD) | Peripheral vascular disease (PVD) | Peripheral vascular disease | Atherosclerosis of nonbiological bypass graft |,c13ed3f1-ff0e-5302-8433-98a3b7da4aa7,https://www.icd10data.com//ICD10CM/Codes/I00-I99/I70-I79/I70-/I70.629
290,I70,Atherosclerosis,Atherosclerosis,I70.7,Atherosclerosis of other type of bypass graft(s) of the extremities,I70 | I70.7 | Atherosclerosis | ASCVD (Atherosclerotic Cardiovascular Disease) | ASCVD Atherosclerotic Cardiovascular Disease | ASCVD-Atherosclerotic Cardiovascular Disease | ASCVD | Atherosclerotic Cardiovascular Disease | Arteriosclerotic Vascular Disease | ASVD | Arteriosclerotic Vascular Disease (ASVD) | peripheral artery disease | peripheral artery disease (PAD) | Peripheral vascular disease (PVD) | Peripheral vascular disease | Atherosclerosis of bypass graft |,0357ade2-a833-5a3a-a6dd-de08c63d7ce1,https://www.icd10data.com//ICD10CM/Codes/I00-I99/I70-I79/I70-/I70.7
291,I70,Atherosclerosis,Atherosclerosis,I70.70,Unspecified atherosclerosis of other type of bypass graft(s) of the extremities,I70 | I70.70 | Atherosclerosis | ASCVD (Atherosclerotic Cardiovascular Disease) | ASCVD Atherosclerotic Cardiovascular Disease | ASCVD-Atherosclerotic Cardiovascular Disease | ASCVD | Atherosclerotic Cardiovascular Disease | Arteriosclerotic Vascular Disease | ASVD | Arteriosclerotic Vascular Disease (ASVD) | peripheral artery disease | peripheral artery disease (PAD) | Peripheral vascular disease (PVD) | Peripheral vascular disease | Atherosclerosis of bypass graft |,c029f88e-4b02-572f-9322-e6c32f7ed0a0,https://www.icd10data.com//ICD10CM/Codes/I00-I99/I70-I79/I70-/I70.70
292,I70,Atherosclerosis,Atherosclerosis,I70.701,Unspecified atherosclerosis of other type of bypass graft(s) of the extremities right leg,I70 | I70.701 | Atherosclerosis | ASCVD (Atherosclerotic Cardiovascular Disease) | ASCVD Atherosclerotic Cardiovascular Disease | ASCVD-Atherosclerotic Cardiovascular Disease | ASCVD | Atherosclerotic Cardiovascular Disease | Arteriosclerotic Vascular Disease | ASVD | Arteriosclerotic Vascular Disease (ASVD) | peripheral artery disease | peripheral artery disease (PAD) | Peripheral vascular disease (PVD) | Peripheral vascular disease | Atherosclerosis of bypass graft |,fa3972b6-c7fc-5e08-8b66-5ad57ca81af4,https://www.icd10data.com//ICD10CM/Codes/I00-I99/I70-I79/I70-/I70.701
293,I70,Atherosclerosis,Atherosclerosis,I70.702,Unspecified atherosclerosis of other type of bypass graft(s) of the extremities left leg,I70 | I70.702 | Atherosclerosis | ASCVD (Atherosclerotic Cardiovascular Disease) | ASCVD Atherosclerotic Cardiovascular Disease | ASCVD-Atherosclerotic Cardiovascular Disease | ASCVD | Atherosclerotic Cardiovascular Disease | Arteriosclerotic Vascular Disease | ASVD | Arteriosclerotic Vascular Disease (ASVD) | peripheral artery disease | peripheral artery disease (PAD) | Peripheral vascular disease (PVD) | Peripheral vascular disease | Atherosclerosis of bypass graft |,79f1a3a3-1a24-574d-a49b-c040b84b80de,https://www.icd10data.com//ICD10CM/Codes/I00-I99/I70-I79/I70-/I70.702
294,I70,Atherosclerosis,Atherosclerosis,I70.703,Unspecified atherosclerosis of other type of bypass graft(s) of the extremities bilateral legs,I70 | I70.703 | Atherosclerosis | ASCVD (Atherosclerotic Cardiovascular Disease) | ASCVD Atherosclerotic Cardiovascular Disease | ASCVD-Atherosclerotic Cardiovascular Disease | ASCVD | Atherosclerotic Cardiovascular Disease | Arteriosclerotic Vascular Disease | ASVD | Arteriosclerotic Vascular Disease (ASVD) | peripheral artery disease | peripheral artery disease (PAD) | Peripheral vascular disease (PVD) | Peripheral vascular disease | Atherosclerosis of bypass graft |,6007e888-5e18-5d58-b309-761ccd54dee9,https://www.icd10data.com//ICD10CM/Codes/I00-I99/I70-I79/I70-/I70.703
295,I70,Atherosclerosis,Atherosclerosis,I70.708,Unspecified atherosclerosis of other type of bypass graft(s) of the extremities other extremity,I70 | I70.708 | Atherosclerosis | ASCVD (Atherosclerotic Cardiovascular Disease) | ASCVD Atherosclerotic Cardiovascular Disease | ASCVD-Atherosclerotic Cardiovascular Disease | ASCVD | Atherosclerotic Cardiovascular Disease | Arteriosclerotic Vascular Disease | ASVD | Arteriosclerotic Vascular Disease (ASVD) | peripheral artery disease | peripheral artery disease (PAD) | Peripheral vascular disease (PVD) | Peripheral vascular disease | Atherosclerosis of bypass graft |,2988a1c6-73f1-55b1-8b99-d08ab75b50c7,https://www.icd10data.com//ICD10CM/Codes/I00-I99/I70-I79/I70-/I70.708
296,I70,Atherosclerosis,Atherosclerosis,I70.709,Unspecified atherosclerosis of other type of bypass graft(s) of the extremities unspecified extremity,I70 | I70.709 | Atherosclerosis | ASCVD (Atherosclerotic Cardiovascular Disease) | ASCVD Atherosclerotic Cardiovascular Disease | ASCVD-Atherosclerotic Cardiovascular Disease | ASCVD | Atherosclerotic Cardiovascular Disease | Arteriosclerotic Vascular Disease | ASVD | Arteriosclerotic Vascular Disease (ASVD) | peripheral artery disease | peripheral artery disease (PAD) | Peripheral vascular disease (PVD) | Peripheral vascular disease | Atherosclerosis of bypass graft |,51b81d89-a65f-5142-98e7-ee6dc936ee58,https://www.icd10data.com//ICD10CM/Codes/I00-I99/I70-I79/I70-/I70.709
297,I70,Atherosclerosis,Atherosclerosis,I70.71,Atherosclerosis of other type of bypass graft(s) of the extremities with intermittent claudication,I70 | I70.71 | Atherosclerosis | ASCVD (Atherosclerotic Cardiovascular Disease) | ASCVD Atherosclerotic Cardiovascular Disease | ASCVD-Atherosclerotic Cardiovascular Disease | ASCVD | Atherosclerotic Cardiovascular Disease | Arteriosclerotic Vascular Disease | ASVD | Arteriosclerotic Vascular Disease (ASVD) | peripheral artery disease | peripheral artery disease (PAD) | Peripheral vascular disease (PVD) | Peripheral vascular disease | Atherosclerosis of bypass graft | claudication |,9a2d562b-2d5b-545f-b544-3bdb3c2a49b6,https://www.icd10data.com//ICD10CM/Codes/I00-I99/I70-I79/I70-/I70.71
298,I70,Atherosclerosis,Atherosclerosis,I70.711,Atherosclerosis of other type of bypass graft(s) of the extremities with intermittent claudication right leg,I70 | I70.711 | Atherosclerosis | ASCVD (Atherosclerotic Cardiovascular Disease) | ASCVD Atherosclerotic Cardiovascular Disease | ASCVD-Atherosclerotic Cardiovascular Disease | ASCVD | Atherosclerotic Cardiovascular Disease | Arteriosclerotic Vascular Disease | ASVD | Arteriosclerotic Vascular Disease (ASVD) | peripheral artery disease | peripheral artery disease (PAD) | Peripheral vascular disease (PVD) | Peripheral vascular disease | Atherosclerosis of bypass graft | claudication |,dabf157a-9582-5732-a9a7-fc327268661a,https://www.icd10data.com//ICD10CM/Codes/I00-I99/I70-I79/I70-/I70.711
299,I70,Atherosclerosis,Atherosclerosis,I70.712,Atherosclerosis of other type of bypass graft(s) of the extremities with intermittent claudication left leg,I70 | I70.712 | Atherosclerosis | ASCVD (Atherosclerotic Cardiovascular Disease) | ASCVD Atherosclerotic Cardiovascular Disease | ASCVD-Atherosclerotic Cardiovascular Disease | ASCVD | Atherosclerotic Cardiovascular Disease | Arteriosclerotic Vascular Disease | ASVD | Arteriosclerotic Vascular Disease (ASVD) | peripheral artery disease | peripheral artery disease (PAD) | Peripheral vascular disease (PVD) | Peripheral vascular disease | Atherosclerosis of bypass graft | claudication |,c1f98978-0584-56b0-b32a-de755ad9d575,https://www.icd10data.com//ICD10CM/Codes/I00-I99/I70-I79/I70-/I70.712
300,I70,Atherosclerosis,Atherosclerosis,I70.713,Atherosclerosis of other type of bypass graft(s) of the extremities with intermittent claudication bilateral legs,I70 | I70.713 | Atherosclerosis | ASCVD (Atherosclerotic Cardiovascular Disease) | ASCVD Atherosclerotic Cardiovascular Disease | ASCVD-Atherosclerotic Cardiovascular Disease | ASCVD | Atherosclerotic Cardiovascular Disease | Arteriosclerotic Vascular Disease | ASVD | Arteriosclerotic Vascular Disease (ASVD) | peripheral artery disease | peripheral artery disease (PAD) | Peripheral vascular disease (PVD) | Peripheral vascular disease | Atherosclerosis of bypass graft | claudication |,9d4f8e54-ddb5-5534-94a8-cf10cce6d23b,https://www.icd10data.com//ICD10CM/Codes/I00-I99/I70-I79/I70-/I70.713
301,I70,Atherosclerosis,Atherosclerosis,I70.718,Atherosclerosis of other type of bypass graft(s) of the extremities with intermittent claudication other extremity,I70 | I70.718 | Atherosclerosis | ASCVD (Atherosclerotic Cardiovascular Disease) | ASCVD Atherosclerotic Cardiovascular Disease | ASCVD-Atherosclerotic Cardiovascular Disease | ASCVD | Atherosclerotic Cardiovascular Disease | Arteriosclerotic Vascular Disease | ASVD | Arteriosclerotic Vascular Disease (ASVD) | peripheral artery disease | peripheral artery disease (PAD) | Peripheral vascular disease (PVD) | Peripheral vascular disease | Atherosclerosis of bypass graft | claudication |,0dea0ac9-24c7-5553-94c5-9f022b39c9b6,https://www.icd10data.com//ICD10CM/Codes/I00-I99/I70-I79/I70-/I70.718
302,I70,Atherosclerosis,Atherosclerosis,I70.719,Atherosclerosis of other type of bypass graft(s) of the extremities with intermittent claudication unspecified extremity,I70 | I70.719 | Atherosclerosis | ASCVD (Atherosclerotic Cardiovascular Disease) | ASCVD Atherosclerotic Cardiovascular Disease | ASCVD-Atherosclerotic Cardiovascular Disease | ASCVD | Atherosclerotic Cardiovascular Disease | Arteriosclerotic Vascular Disease | ASVD | Arteriosclerotic Vascular Disease (ASVD) | peripheral artery disease | peripheral artery disease (PAD) | Peripheral vascular disease (PVD) | Peripheral vascular disease | Atherosclerosis of bypass graft | claudication |,cb38db0d-50d7-58de-9d19-8c40f62b7c76,https://www.icd10data.com//ICD10CM/Codes/I00-I99/I70-I79/I70-/I70.719
309,I70,Atherosclerosis,Atherosclerosis,I70.73,Atherosclerosis of other type of bypass graft(s) of the right leg with ulceration,I70 | I70.73 | Atherosclerosis | ASCVD (Atherosclerotic Cardiovascular Disease) | ASCVD Atherosclerotic Cardiovascular Disease | ASCVD-Atherosclerotic Cardiovascular Disease | ASCVD | Atherosclerotic Cardiovascular Disease | Arteriosclerotic Vascular Disease | ASVD | Arteriosclerotic Vascular Disease (ASVD) | peripheral artery disease | peripheral artery disease (PAD) | Peripheral vascular disease (PVD) | Peripheral vascular disease | Atherosclerosis with ulceration |,dbac0cb7-bc54-5d57-9ad1-56ba32833697,https://www.icd10data.com//ICD10CM/Codes/I00-I99/I70-I79/I70-/I70.73
310,I70,Atherosclerosis,Atherosclerosis,I70.731,Atherosclerosis of other type of bypass graft(s) of the right leg with ulceration of thigh,I70 | I70.731 | Atherosclerosis | ASCVD (Atherosclerotic Cardiovascular Disease) | ASCVD Atherosclerotic Cardiovascular Disease | ASCVD-Atherosclerotic Cardiovascular Disease | ASCVD | Atherosclerotic Cardiovascular Disease | Arteriosclerotic Vascular Disease | ASVD | Arteriosclerotic Vascular Disease (ASVD) | peripheral artery disease | peripheral artery disease (PAD) | Peripheral vascular disease (PVD) | Peripheral vascular disease | Atherosclerosis with ulceration |,07f70c60-53d1-541f-a14d-acf86b971342,https://www.icd10data.com//ICD10CM/Codes/I00-I99/I70-I79/I70-/I70.731
311,I70,Atherosclerosis,Atherosclerosis,I70.732,Atherosclerosis of other type of bypass graft(s) of the right leg with ulceration of calf,I70 | I70.732 | Atherosclerosis | ASCVD (Atherosclerotic Cardiovascular Disease) | ASCVD Atherosclerotic Cardiovascular Disease | ASCVD-Atherosclerotic Cardiovascular Disease | ASCVD | Atherosclerotic Cardiovascular Disease | Arteriosclerotic Vascular Disease | ASVD | Arteriosclerotic Vascular Disease (ASVD) | peripheral artery disease | peripheral artery disease (PAD) | Peripheral vascular disease (PVD) | Peripheral vascular disease | Atherosclerosis with ulceration |,928a4877-a89e-5f32-85eb-93c2e36d7880,https://www.icd10data.com//ICD10CM/Codes/I00-I99/I70-I79/I70-/I70.732
312,I70,Atherosclerosis,Atherosclerosis,I70.733,Atherosclerosis of other type of bypass graft(s) of the right leg with ulceration of ankle,I70 | I70.733 | Atherosclerosis | ASCVD (Atherosclerotic Cardiovascular Disease) | ASCVD Atherosclerotic Cardiovascular Disease | ASCVD-Atherosclerotic Cardiovascular Disease | ASCVD | Atherosclerotic Cardiovascular Disease | Arteriosclerotic Vascular Disease | ASVD | Arteriosclerotic Vascular Disease (ASVD) | peripheral artery disease | peripheral artery disease (PAD) | Peripheral vascular disease (PVD) | Peripheral vascular disease | Atherosclerosis with ulceration |,c1e98cc6-7fc7-51f8-bc15-1ea6b839d7a2,https://www.icd10data.com//ICD10CM/Codes/I00-I99/I70-I79/I70-/I70.733
313,I70,Atherosclerosis,Atherosclerosis,I70.734,Atherosclerosis of other type of bypass graft(s) of the right leg with ulceration of heel and midfoot,I70 | I70.734 | Atherosclerosis | ASCVD (Atherosclerotic Cardiovascular Disease) | ASCVD Atherosclerotic Cardiovascular Disease | ASCVD-Atherosclerotic Cardiovascular Disease | ASCVD | Atherosclerotic Cardiovascular Disease | Arteriosclerotic Vascular Disease | ASVD | Arteriosclerotic Vascular Disease (ASVD) | peripheral artery disease | peripheral artery disease (PAD) | Peripheral vascular disease (PVD) | Peripheral vascular disease | Atherosclerosis with ulceration |,687506d2-11fa-541d-8a28-3de61dee0e49,https://www.icd10data.com//ICD10CM/Codes/I00-I99/I70-I79/I70-/I70.734
314,I70,Atherosclerosis,Atherosclerosis,I70.735,Atherosclerosis of other type of bypass graft(s) of the right leg with ulceration of other part of foot,I70 | I70.735 | Atherosclerosis | ASCVD (Atherosclerotic Cardiovascular Disease) | ASCVD Atherosclerotic Cardiovascular Disease | ASCVD-Atherosclerotic Cardiovascular Disease | ASCVD | Atherosclerotic Cardiovascular Disease | Arteriosclerotic Vascular Disease | ASVD | Arteriosclerotic Vascular Disease (ASVD) | peripheral artery disease | peripheral artery disease (PAD) | Peripheral vascular disease (PVD) | Peripheral vascular disease | Atherosclerosis with ulceration |,693a9782-7898-5695-9055-a7597c9238ad,https://www.icd10data.com//ICD10CM/Codes/I00-I99/I70-I79/I70-/I70.735
315,I70,Atherosclerosis,Atherosclerosis,I70.738,Atherosclerosis of other type of bypass graft(s) of the right leg with ulceration of other part of lower leg,I70 | I70.738 | Atherosclerosis | ASCVD (Atherosclerotic Cardiovascular Disease) | ASCVD Atherosclerotic Cardiovascular Disease | ASCVD-Atherosclerotic Cardiovascular Disease | ASCVD | Atherosclerotic Cardiovascular Disease | Arteriosclerotic Vascular Disease | ASVD | Arteriosclerotic Vascular Disease (ASVD) | peripheral artery disease | peripheral artery disease (PAD) | Peripheral vascular disease (PVD) | Peripheral vascular disease | Atherosclerosis with ulceration |,44a93192-d7ea-5cd6-99fa-c3778cda59f5,https://www.icd10data.com//ICD10CM/Codes/I00-I99/I70-I79/I70-/I70.738
316,I70,Atherosclerosis,Atherosclerosis,I70.739,Atherosclerosis of other type of bypass graft(s) of the right leg with ulceration of unspecified site,I70 | I70.739 | Atherosclerosis | ASCVD (Atherosclerotic Cardiovascular Disease) | ASCVD Atherosclerotic Cardiovascular Disease | ASCVD-Atherosclerotic Cardiovascular Disease | ASCVD | Atherosclerotic Cardiovascular Disease | Arteriosclerotic Vascular Disease | ASVD | Arteriosclerotic Vascular Disease (ASVD) | peripheral artery disease | peripheral artery disease (PAD) | Peripheral vascular disease (PVD) | Peripheral vascular disease | Atherosclerosis with ulceration |,6c6a636b-f734-5e6b-a8df-7e1b315c9d0e,https://www.icd10data.com//ICD10CM/Codes/I00-I99/I70-I79/I70-/I70.739
317,I70,Atherosclerosis,Atherosclerosis,I70.74,Atherosclerosis of other type of bypass graft(s) of the left leg with ulceration,I70 | I70.74 | Atherosclerosis | ASCVD (Atherosclerotic Cardiovascular Disease) | ASCVD Atherosclerotic Cardiovascular Disease | ASCVD-Atherosclerotic Cardiovascular Disease | ASCVD | Atherosclerotic Cardiovascular Disease | Arteriosclerotic Vascular Disease | ASVD | Arteriosclerotic Vascular Disease (ASVD) | peripheral artery disease | peripheral artery disease (PAD) | Peripheral vascular disease (PVD) | Peripheral vascular disease | Atherosclerosis with ulceration |,1e9e4f13-57d1-5883-acd2-f48e90bddad5,https://www.icd10data.com//ICD10CM/Codes/I00-I99/I70-I79/I70-/I70.74
318,I70,Atherosclerosis,Atherosclerosis,I70.741,Atherosclerosis of other type of bypass graft(s) of the left leg with ulceration of thigh,I70 | I70.741 | Atherosclerosis | ASCVD (Atherosclerotic Cardiovascular Disease) | ASCVD Atherosclerotic Cardiovascular Disease | ASCVD-Atherosclerotic Cardiovascular Disease | ASCVD | Atherosclerotic Cardiovascular Disease | Arteriosclerotic Vascular Disease | ASVD | Arteriosclerotic Vascular Disease (ASVD) | peripheral artery disease | peripheral artery disease (PAD) | Peripheral vascular disease (PVD) | Peripheral vascular disease | Atherosclerosis with ulceration |,b9a22876-b60d-59a2-9729-da74295483ef,https://www.icd10data.com//ICD10CM/Codes/I00-I99/I70-I79/I70-/I70.741
319,I70,Atherosclerosis,Atherosclerosis,I70.742,Atherosclerosis of other type of bypass graft(s) of the left leg with ulceration of calf,I70 | I70.742 | Atherosclerosis | ASCVD (Atherosclerotic Cardiovascular Disease) | ASCVD Atherosclerotic Cardiovascular Disease | ASCVD-Atherosclerotic Cardiovascular Disease | ASCVD | Atherosclerotic Cardiovascular Disease | Arteriosclerotic Vascular Disease | ASVD | Arteriosclerotic Vascular Disease (ASVD) | peripheral artery disease | peripheral artery disease (PAD) | Peripheral vascular disease (PVD) | Peripheral vascular disease | Atherosclerosis with ulceration |,559b6797-85a2-5a01-b35a-986e4897e077,https://www.icd10data.com//ICD10CM/Codes/I00-I99/I70-I79/I70-/I70.742
320,I70,Atherosclerosis,Atherosclerosis,I70.743,Atherosclerosis of other type of bypass graft(s) of the left leg with ulceration of ankle,I70 | I70.743 | Atherosclerosis | ASCVD (Atherosclerotic Cardiovascular Disease) | ASCVD Atherosclerotic Cardiovascular Disease | ASCVD-Atherosclerotic Cardiovascular Disease | ASCVD | Atherosclerotic Cardiovascular Disease | Arteriosclerotic Vascular Disease | ASVD | Arteriosclerotic Vascular Disease (ASVD) | peripheral artery disease | peripheral artery disease (PAD) | Peripheral vascular disease (PVD) | Peripheral vascular disease | Atherosclerosis with ulceration |,bbe34ca2-3b91-5631-bfe2-8c0caa561166,https://www.icd10data.com//ICD10CM/Codes/I00-I99/I70-I79/I70-/I70.743
321,I70,Atherosclerosis,Atherosclerosis,I70.744,Atherosclerosis of other type of bypass graft(s) of the left leg with ulceration of heel and midfoot,I70 | I70.744 | Atherosclerosis | ASCVD (Atherosclerotic Cardiovascular Disease) | ASCVD Atherosclerotic Cardiovascular Disease | ASCVD-Atherosclerotic Cardiovascular Disease | ASCVD | Atherosclerotic Cardiovascular Disease | Arteriosclerotic Vascular Disease | ASVD | Arteriosclerotic Vascular Disease (ASVD) | peripheral artery disease | peripheral artery disease (PAD) | Peripheral vascular disease (PVD) | Peripheral vascular disease | Atherosclerosis with ulceration |,458c20f2-c49a-505f-95b5-cedf7223a112,https://www.icd10data.com//ICD10CM/Codes/I00-I99/I70-I79/I70-/I70.744
322,I70,Atherosclerosis,Atherosclerosis,I70.745,Atherosclerosis of other type of bypass graft(s) of the left leg with ulceration of other part of foot,I70 | I70.745 | Atherosclerosis | ASCVD (Atherosclerotic Cardiovascular Disease) | ASCVD Atherosclerotic Cardiovascular Disease | ASCVD-Atherosclerotic Cardiovascular Disease | ASCVD | Atherosclerotic Cardiovascular Disease | Arteriosclerotic Vascular Disease | ASVD | Arteriosclerotic Vascular Disease (ASVD) | peripheral artery disease | peripheral artery disease (PAD) | Peripheral vascular disease (PVD) | Peripheral vascular disease | Atherosclerosis with ulceration |,821017ba-6919-54ed-9ad2-53ce1ca78e19,https://www.icd10data.com//ICD10CM/Codes/I00-I99/I70-I79/I70-/I70.745
323,I70,Atherosclerosis,Atherosclerosis,I70.748,Atherosclerosis of other type of bypass graft(s) of the left leg with ulceration of other part of lower leg,I70 | I70.748 | Atherosclerosis | ASCVD (Atherosclerotic Cardiovascular Disease) | ASCVD Atherosclerotic Cardiovascular Disease | ASCVD-Atherosclerotic Cardiovascular Disease | ASCVD | Atherosclerotic Cardiovascular Disease | Arteriosclerotic Vascular Disease | ASVD | Arteriosclerotic Vascular Disease (ASVD) | peripheral artery disease | peripheral artery disease (PAD) | Peripheral vascular disease (PVD) | Peripheral vascular disease | Atherosclerosis with ulceration |,9d683c3c-79f9-57dd-86b6-2be000b045cd,https://www.icd10data.com//ICD10CM/Codes/I00-I99/I70-I79/I70-/I70.748
324,I70,Atherosclerosis,Atherosclerosis,I70.749,Atherosclerosis of other type of bypass graft(s) of the left leg with ulceration of unspecified site,I70 | I70.749 | Atherosclerosis | ASCVD (Atherosclerotic Cardiovascular Disease) | ASCVD Atherosclerotic Cardiovascular Disease | ASCVD-Atherosclerotic Cardiovascular Disease | ASCVD | Atherosclerotic Cardiovascular Disease | Arteriosclerotic Vascular Disease | ASVD | Arteriosclerotic Vascular Disease (ASVD) | peripheral artery disease | peripheral artery disease (PAD) | Peripheral vascular disease (PVD) | Peripheral vascular disease | Atherosclerosis with ulceration |,c9113f7e-2800-5fe0-a8ca-55e77fccbb9b,https://www.icd10data.com//ICD10CM/Codes/I00-I99/I70-I79/I70-/I70.749
325,I70,Atherosclerosis,Atherosclerosis,I70.75,Atherosclerosis of other type of bypass graft(s) of other extremity with ulceration,I70 | I70.75 | Atherosclerosis | ASCVD (Atherosclerotic Cardiovascular Disease) | ASCVD Atherosclerotic Cardiovascular Disease | ASCVD-Atherosclerotic Cardiovascular Disease | ASCVD | Atherosclerotic Cardiovascular Disease | Arteriosclerotic Vascular Disease | ASVD | Arteriosclerotic Vascular Disease (ASVD) | peripheral artery disease | peripheral artery disease (PAD) | Peripheral vascular disease (PVD) | Peripheral vascular disease | Atherosclerosis with ulceration |,dad03a3b-5e72-5ee3-be4e-313c1dca5b9c,https://www.icd10data.com//ICD10CM/Codes/I00-I99/I70-I79/I70-/I70.75
326,I70,Atherosclerosis,Atherosclerosis,I70.76,Atherosclerosis of other type of bypass graft(s) of the extremities with gangrene,I70 | I70.76 | Atherosclerosis | ASCVD (Atherosclerotic Cardiovascular Disease) | ASCVD Atherosclerotic Cardiovascular Disease | ASCVD-Atherosclerotic Cardiovascular Disease | ASCVD | Atherosclerotic Cardiovascular Disease | Arteriosclerotic Vascular Disease | ASVD | Arteriosclerotic Vascular Disease (ASVD) | peripheral artery disease | peripheral artery disease (PAD) | Peripheral vascular disease (PVD) | Peripheral vascular disease | Atherosclerosis with gangrene |,670703e3-37ed-5b9d-a725-2e3872f6f046,https://www.icd10data.com//ICD10CM/Codes/I00-I99/I70-I79/I70-/I70.76
327,I70,Atherosclerosis,Atherosclerosis,I70.761,Atherosclerosis of other type of bypass graft(s) of the extremities with gangrene right leg,I70 | I70.761 | Atherosclerosis | ASCVD (Atherosclerotic Cardiovascular Disease) | ASCVD Atherosclerotic Cardiovascular Disease | ASCVD-Atherosclerotic Cardiovascular Disease | ASCVD | Atherosclerotic Cardiovascular Disease | Arteriosclerotic Vascular Disease | ASVD | Arteriosclerotic Vascular Disease (ASVD) | peripheral artery disease | peripheral artery disease (PAD) | Peripheral vascular disease (PVD) | Peripheral vascular disease | Atherosclerosis with gangrene |,d668d9a7-1c0c-5f69-a45b-244e066d4b0c,https://www.icd10data.com//ICD10CM/Codes/I00-I99/I70-I79/I70-/I70.761
328,I70,Atherosclerosis,Atherosclerosis,I70.762,Atherosclerosis of other type of bypass graft(s) of the extremities with gangrene left leg,I70 | I70.762 | Atherosclerosis | ASCVD (Atherosclerotic Cardiovascular Disease) | ASCVD Atherosclerotic Cardiovascular Disease | ASCVD-Atherosclerotic Cardiovascular Disease | ASCVD | Atherosclerotic Cardiovascular Disease | Arteriosclerotic Vascular Disease | ASVD | Arteriosclerotic Vascular Disease (ASVD) | peripheral artery disease | peripheral artery disease (PAD) | Peripheral vascular disease (PVD) | Peripheral vascular disease | Atherosclerosis with gangrene |,99ad6d8d-b20f-5b4d-a2db-460a9dff538e,https://www.icd10data.com//ICD10CM/Codes/I00-I99/I70-I79/I70-/I70.762
329,I70,Atherosclerosis,Atherosclerosis,I70.763,Atherosclerosis of other type of bypass graft(s) of the extremities with gangrene bilateral legs,I70 | I70.763 | Atherosclerosis | ASCVD (Atherosclerotic Cardiovascular Disease) | ASCVD Atherosclerotic Cardiovascular Disease | ASCVD-Atherosclerotic Cardiovascular Disease | ASCVD | Atherosclerotic Cardiovascular Disease | Arteriosclerotic Vascular Disease | ASVD | Arteriosclerotic Vascular Disease (ASVD) | peripheral artery disease | peripheral artery disease (PAD) | Peripheral vascular disease (PVD) | Peripheral vascular disease | Atherosclerosis with gangrene |,8b953b00-e550-50ff-bd17-74437e276d00,https://www.icd10data.com//ICD10CM/Codes/I00-I99/I70-I79/I70-/I70.763
330,I70,Atherosclerosis,Atherosclerosis,I70.768,Atherosclerosis of other type of bypass graft(s) of the extremities with gangrene other extremity,I70 | I70.768 | Atherosclerosis | ASCVD (Atherosclerotic Cardiovascular Disease) | ASCVD Atherosclerotic Cardiovascular Disease | ASCVD-Atherosclerotic Cardiovascular Disease | ASCVD | Atherosclerotic Cardiovascular Disease | Arteriosclerotic Vascular Disease | ASVD | Arteriosclerotic Vascular Disease (ASVD) | peripheral artery disease | peripheral artery disease (PAD) | Peripheral vascular disease (PVD) | Peripheral vascular disease | Atherosclerosis with gangrene |,4e3d2b0b-df30-5c5a-bcfb-0c826c23b0b5,https://www.icd10data.com//ICD10CM/Codes/I00-I99/I70-I79/I70-/I70.768
331,I70,Atherosclerosis,Atherosclerosis,I70.769,Atherosclerosis of other type of bypass graft(s) of the extremities with gangrene unspecified extremity,I70 | I70.769 | Atherosclerosis | ASCVD (Atherosclerotic Cardiovascular Disease) | ASCVD Atherosclerotic Cardiovascular Disease | ASCVD-Atherosclerotic Cardiovascular Disease | ASCVD | Atherosclerotic Cardiovascular Disease | Arteriosclerotic Vascular Disease | ASVD | Arteriosclerotic Vascular Disease (ASVD) | peripheral artery disease | peripheral artery disease (PAD) | Peripheral vascular disease (PVD) | Peripheral vascular disease | Atherosclerosis with gangrene |,1a382c56-853e-5261-af93-a88d50e14f2c,https://www.icd10data.com//ICD10CM/Codes/I00-I99/I70-I79/I70-/I70.769
332,I70,Atherosclerosis,Atherosclerosis,I70.79,Other atherosclerosis of other type of bypass graft(s) of the extremities,I70 | I70.79 | Atherosclerosis | ASCVD (Atherosclerotic Cardiovascular Disease) | ASCVD Atherosclerotic Cardiovascular Disease | ASCVD-Atherosclerotic Cardiovascular Disease | ASCVD | Atherosclerotic Cardiovascular Disease | Arteriosclerotic Vascular Disease | ASVD | Arteriosclerotic Vascular Disease (ASVD) | peripheral artery disease | peripheral artery disease (PAD) | Peripheral vascular disease (PVD) | Peripheral vascular disease | atherosclerosis of other type of bypass graft |,08192311-dd6c-5bc7-aeac-b0eebf2dbc08,https://www.icd10data.com//ICD10CM/Codes/I00-I99/I70-I79/I70-/I70.79
333,I70,Atherosclerosis,Atherosclerosis,I70.791,Other atherosclerosis of other type of bypass graft(s) of the extremities right leg,I70 | I70.791 | Atherosclerosis | ASCVD (Atherosclerotic Cardiovascular Disease) | ASCVD Atherosclerotic Cardiovascular Disease | ASCVD-Atherosclerotic Cardiovascular Disease | ASCVD | Atherosclerotic Cardiovascular Disease | Arteriosclerotic Vascular Disease | ASVD | Arteriosclerotic Vascular Disease (ASVD) | peripheral artery disease | peripheral artery disease (PAD) | Peripheral vascular disease (PVD) | Peripheral vascular disease | atherosclerosis of other type of bypass graft |,902ca084-6482-5621-b194-4d5851ec9188,https://www.icd10data.com//ICD10CM/Codes/I00-I99/I70-I79/I70-/I70.791
334,I70,Atherosclerosis,Atherosclerosis,I70.792,Other atherosclerosis of other type of bypass graft(s) of the extremities left leg,I70 | I70.792 | Atherosclerosis | ASCVD (Atherosclerotic Cardiovascular Disease) | ASCVD Atherosclerotic Cardiovascular Disease | ASCVD-Atherosclerotic Cardiovascular Disease | ASCVD | Atherosclerotic Cardiovascular Disease | Arteriosclerotic Vascular Disease | ASVD | Arteriosclerotic Vascular Disease (ASVD) | peripheral artery disease | peripheral artery disease (PAD) | Peripheral vascular disease (PVD) | Peripheral vascular disease | atherosclerosis of other type of bypass graft |,637f271e-7600-5795-b299-004548893313,https://www.icd10data.com//ICD10CM/Codes/I00-I99/I70-I79/I70-/I70.792
335,I70,Atherosclerosis,Atherosclerosis,I70.793,Other atherosclerosis of other type of bypass graft(s) of the extremities bilateral legs,I70 | I70.793 | Atherosclerosis | ASCVD (Atherosclerotic Cardiovascular Disease) | ASCVD Atherosclerotic Cardiovascular Disease | ASCVD-Atherosclerotic Cardiovascular Disease | ASCVD | Atherosclerotic Cardiovascular Disease | Arteriosclerotic Vascular Disease | ASVD | Arteriosclerotic Vascular Disease (ASVD) | peripheral artery disease | peripheral artery disease (PAD) | Peripheral vascular disease (PVD) | Peripheral vascular disease | atherosclerosis of other type of bypass graft |,2f0a30b4-acd0-57b1-800d-485d4c911a1e,https://www.icd10data.com//ICD10CM/Codes/I00-I99/I70-I79/I70-/I70.793
336,I70,Atherosclerosis,Atherosclerosis,I70.798,Other atherosclerosis of other type of bypass graft(s) of the extremities other extremity,I70 | I70.798 | Atherosclerosis | ASCVD (Atherosclerotic Cardiovascular Disease) | ASCVD Atherosclerotic Cardiovascular Disease | ASCVD-Atherosclerotic Cardiovascular Disease | ASCVD | Atherosclerotic Cardiovascular Disease | Arteriosclerotic Vascular Disease | ASVD | Arteriosclerotic Vascular Disease (ASVD) | peripheral artery disease | peripheral artery disease (PAD) | Peripheral vascular disease (PVD) | Peripheral vascular disease | atherosclerosis of other type of bypass graft |,953628e7-0a14-5d49-8bbd-0385d51a6d5a,https://www.icd10data.com//ICD10CM/Codes/I00-I99/I70-I79/I70-/I70.798
337,I70,Atherosclerosis,Atherosclerosis,I70.799,Other atherosclerosis of other type of bypass graft(s) of the extremities unspecified extremity,I70 | I70.799 | Atherosclerosis | ASCVD (Atherosclerotic Cardiovascular Disease) | ASCVD Atherosclerotic Cardiovascular Disease | ASCVD-Atherosclerotic Cardiovascular Disease | ASCVD | Atherosclerotic Cardiovascular Disease | Arteriosclerotic Vascular Disease | ASVD | Arteriosclerotic Vascular Disease (ASVD) | peripheral artery disease | peripheral artery disease (PAD) | Peripheral vascular disease (PVD) | Peripheral vascular disease | atherosclerosis of other type of bypass graft |,26bbd5a2-77f4-5a24-8207-61f9d7b4c197,https://www.icd10data.com//ICD10CM/Codes/I00-I99/I70-I79/I70-/I70.799
338,I70,Atherosclerosis,Atherosclerosis,I70.8,Atherosclerosis of other arteries,I70 | I70.8 | Atherosclerosis | ASCVD (Atherosclerotic Cardiovascular Disease) | ASCVD Atherosclerotic Cardiovascular Disease | ASCVD-Atherosclerotic Cardiovascular Disease | ASCVD | Atherosclerotic Cardiovascular Disease | Arteriosclerotic Vascular Disease | ASVD | Arteriosclerotic Vascular Disease (ASVD) | peripheral artery disease | peripheral artery disease (PAD) | Peripheral vascular disease (PVD) | Peripheral vascular disease | atherosclerosis of other arteries |,3b73d9a9-2e48-58d3-bcdb-3dc66b38ec6f,https://www.icd10data.com//ICD10CM/Codes/I00-I99/I70-I79/I70-/I70.8
339,I70,Atherosclerosis,Atherosclerosis,I70.9,Other and unspecified atherosclerosis,I70 | I70.9 | Atherosclerosis | ASCVD (Atherosclerotic Cardiovascular Disease) | ASCVD Atherosclerotic Cardiovascular Disease | ASCVD-Atherosclerotic Cardiovascular Disease | ASCVD | Atherosclerotic Cardiovascular Disease | Arteriosclerotic Vascular Disease | ASVD | Arteriosclerotic Vascular Disease (ASVD) | peripheral artery disease | peripheral artery disease (PAD) | Peripheral vascular disease (PVD) | Peripheral vascular disease | unspecified atherosclerosis |,a6febfbf-2d16-5063-84ef-b295e0bbf594,https://www.icd10data.com//ICD10CM/Codes/I00-I99/I70-I79/I70-/I70.9
340,I70,Atherosclerosis,Atherosclerosis,I70.90,Unspecified atherosclerosis,I70 | I70.90 | Atherosclerosis | ASCVD (Atherosclerotic Cardiovascular Disease) | ASCVD Atherosclerotic Cardiovascular Disease | ASCVD-Atherosclerotic Cardiovascular Disease | ASCVD | Atherosclerotic Cardiovascular Disease | Arteriosclerotic Vascular Disease | ASVD | Arteriosclerotic Vascular Disease (ASVD) | peripheral artery disease | peripheral artery disease (PAD) | Peripheral vascular disease (PVD) | Peripheral vascular disease | unspecified atherosclerosis |,0fb850e1-562e-5731-9ba5-be6b5d9c257d,https://www.icd10data.com//ICD10CM/Codes/I00-I99/I70-I79/I70-/I70.90
343,I25,Ischemic Heart Disease,Chronic ischemic heart disease,I25.70,"Atherosclerosis of coronary artery bypass graft(s), unspecified, with angina pectoris",I25 | I25.70 | Ischemic Heart Disease | Coronary Artety Disease | CAD | Atherosclerotic heart disease of CABG | Atherosclerosis of coronary artery bypass graft | Atherosclerosis of CABG | CABG |,08ceafc9-9380-5b8f-b430-fae7b104b9e7,https://www.icd10data.com//ICD10CM/Codes/I00-I99/I20-I25/I25-/I25.70
427,I63,ischemic stroke,Cerebral infarction,I63.1,Cerebral infarction due to embolism of precerebral arteries,I63 | I63.1 | ischemic stroke | Cerebral infarction |,a585300c-ee3b-56fc-a4aa-12b677b9e58d,https://www.icd10data.com//ICD10CM/Codes/I00-I99/I60-I69/I63-/I63.1
428,I63,ischemic stroke,Cerebral infarction,I63.111,Cerebral infarction due to embolism of right vertebral artery,I63 | I63.111 | ischemic stroke | Cerebral infarction | vertebrobasilar stroke | vertebrobasilar ischemic stroke |,1ffc1d3e-a146-55e9-bd5a-fd5010468b39,https://www.icd10data.com//ICD10CM/Codes/I00-I99/I60-I69/I63-/I63.111
429,I63,ischemic stroke,Cerebral infarction,I63.112,Cerebral infarction due to embolism of left vertebral artery,I63 | I63.112 | ischemic stroke | Cerebral infarction | vertebrobasilar stroke | vertebrobasilar ischemic stroke |,ac9770f7-774e-5944-b604-ed9ab8fdc4b3,https://www.icd10data.com//ICD10CM/Codes/I00-I99/I60-I69/I63-/I63.112
430,I63,ischemic stroke,Cerebral infarction,I63.10,Cerebral infarction due to embolism of unspecified precerebral artery,I63 | I63.10 | ischemic stroke | Cerebral infarction | vertebrobasilar stroke | vertebrobasilar ischemic stroke |,b40cb298-3b0d-5ebf-ae4b-4aa10379d010,https://www.icd10data.com//ICD10CM/Codes/I00-I99/I60-I69/I63-/I63.10
431,I63,ischemic stroke,Cerebral infarction,I63.11,Cerebral infarction due to embolism of vertebral artery,I63 | I63.11 | ischemic stroke | Cerebral infarction | Vertebral Artery Stump Syndrome |,f7ca6fd1-c366-5351-8b90-95aa38708738,https://www.icd10data.com//ICD10CM/Codes/I00-I99/I60-I69/I63-/I63.11
433,I63,ischemic stroke,Cerebral infarction,I63.0,Cerebral infarction due to thrombosis of precerebral arteries,I63 | I63.0 | ischemic stroke | Cerebral infarction | acute ischemic stroke |,03ec13b6-d71b-58da-a461-0ba0ae8f29e1,https://www.icd10data.com//ICD10CM/Codes/I00-I99/I60-I69/I63-/I63.0
434,I63,ischemic stroke,Cerebral infarction,I63.00,Cerebral infarction due to thrombosis of unspecified precerebral artery,I63 | I63.00 | ischemic stroke | Cerebral infarction | acute ischemic stroke |,60c19faa-dc0f-5c87-904d-549cb02bc32b,https://www.icd10data.com//ICD10CM/Codes/I00-I99/I60-I69/I63-/I63.00
435,I63,ischemic stroke,Cerebral infarction,I63.01,Cerebral infarction due to thrombosis of vertebral artery,I63 | I63.01 | ischemic stroke | Cerebral infarction | acute ischemic stroke |,2221c732-7b62-5367-b5c1-704bb3b885f3,https://www.icd10data.com//ICD10CM/Codes/I00-I99/I60-I69/I63-/I63.01
436,I63,ischemic stroke,Cerebral infarction,I63.011,Cerebral infarction due to thrombosis of right vertebral artery,I63 | I63.011 | ischemic stroke | Cerebral infarction | acute ischemic stroke |,0c1d2e4d-f797-5153-9f97-e764bcf82f85,https://www.icd10data.com//ICD10CM/Codes/I00-I99/I60-I69/I63-/I63.011
437,I63,ischemic stroke,Cerebral infarction,I63.012,Cerebral infarction due to thrombosis of left vertebral artery,I63 | I63.012 | ischemic stroke | Cerebral infarction | acute ischemic stroke |,98388f02-3a18-59ed-85c1-dd4a83180e6b,https://www.icd10data.com//ICD10CM/Codes/I00-I99/I60-I69/I63-/I63.012
438,I63,ischemic stroke,Cerebral infarction,I63.013,Cerebral infarction due to thrombosis of bilateral vertebral arteries,I63 | I63.013 | ischemic stroke | Cerebral infarction | acute ischemic stroke |,05d4f751-114e-5692-a112-03d6e0feb1ee,https://www.icd10data.com//ICD10CM/Codes/I00-I99/I60-I69/I63-/I63.013
439,I63,ischemic stroke,Cerebral infarction,I63.019,Cerebral infarction due to thrombosis of unspecified vertebral artery,I63 | I63.019 | ischemic stroke | Cerebral infarction | acute ischemic stroke |,ac6e757b-8cf4-5086-af61-eaef020cc563,https://www.icd10data.com//ICD10CM/Codes/I00-I99/I60-I69/I63-/I63.019
440,I63,ischemic stroke,Cerebral infarction,I63.02,Cerebral infarction due to thrombosis of basilar artery,I63 | I63.02 | ischemic stroke | Cerebral infarction | Basilar Artery Occlusive Cerebral Infarction (BAOCI) | Basilar Artery Occlusive Cerebral Infarction | BAOCI |,3c6f3ccd-e110-5dae-93d4-431c30e6862f,https://www.icd10data.com//ICD10CM/Codes/I00-I99/I60-I69/I63-/I63.02
441,I63,ischemic stroke,Cerebral infarction,I63.03,Cerebral infarction due to thrombosis of carotid artery,I63 | I63.03 | ischemic stroke | Cerebral infarction | thrombotic stroke |,22fbc34f-88d1-566b-b34a-3d1f98f0b0a1,https://www.icd10data.com//ICD10CM/Codes/I00-I99/I60-I69/I63-/I63.03
442,I63,ischemic stroke,Cerebral infarction,I63.031,Cerebral infarction due to thrombosis of right carotid artery,I63 | I63.031 | ischemic stroke | Cerebral infarction | thrombotic stroke |,f54eb700-d984-50bb-a1d2-65cfc0853bb4,https://www.icd10data.com//ICD10CM/Codes/I00-I99/I60-I69/I63-/I63.031
443,I63,ischemic stroke,Cerebral infarction,I63.032,Cerebral infarction due to thrombosis of left carotid artery,I63 | I63.032 | ischemic stroke | Cerebral infarction | thrombotic stroke |,b6dd59f2-5b79-57d8-bc81-c4d3100e2166,https://www.icd10data.com//ICD10CM/Codes/I00-I99/I60-I69/I63-/I63.032
444,I63,ischemic stroke,Cerebral infarction,I63.033,Cerebral infarction due to thrombosis of bilateral carotid arteries,I63 | I63.033 | ischemic stroke | Cerebral infarction | thrombotic stroke |,8b4808b3-c0d9-58da-b5c1-85fff54242d1,https://www.icd10data.com//ICD10CM/Codes/I00-I99/I60-I69/I63-/I63.033
445,I63,ischemic stroke,Cerebral infarction,I63.039,Cerebral infarction due to thrombosis of unspecified carotid artery,I63 | I63.039 | ischemic stroke | Cerebral infarction | thrombotic stroke |,b230af21-cc3b-58ef-8db2-32cda0b7a38d,https://www.icd10data.com//ICD10CM/Codes/I00-I99/I60-I69/I63-/I63.039
447,I63,ischemic stroke,Cerebral infarction,I63.113,Cerebral infarction due to embolism of bilateral vertebral arteries,I63 | I63.113 | ischemic stroke | Cerebral infarction | posterior circulation stroke | vertebrobasilar stroke |,94630cc7-1d73-5522-b024-815609cd3c7c,https://www.icd10data.com//ICD10CM/Codes/I00-I99/I60-I69/I63-/I63.113
448,I63,ischemic stroke,Cerebral infarction,I63.119,Cerebral infarction due to embolism of unspecified vertebral artery,I63 | I63.119 | ischemic stroke | Cerebral infarction | posterior circulation stroke | vertebrobasilar stroke |,8ba33df2-ff9e-5ee6-ae0e-7d3ab9e149d9,https://www.icd10data.com//ICD10CM/Codes/I00-I99/I60-I69/I63-/I63.119
454,I63,ischemic stroke,Cerebral infarction,I63.139,Cerebral infarction due to embolism of unspecified carotid artery,I63 | I63.139 | ischemic stroke | Cerebral infarction | cerebral embolism |,58c4173a-d77f-5d47-b86a-a5e24e03e41c,https://www.icd10data.com//ICD10CM/Codes/I00-I99/I60-I69/I63-/I63.139
456,I63,ischemic stroke,Cerebral infarction,I63.2,Cerebral infarction due to unspecified occlusion or stenosis of precerebral arteries,I63 | I63.2 | ischemic stroke | Cerebral infarction | cerebral artery occlusion | stroke |,937a5694-87fc-583e-af36-e6cae19648f0,https://www.icd10data.com//ICD10CM/Codes/I00-I99/I60-I69/I63-/I63.2
457,I63,ischemic stroke,Cerebral infarction,I63.20,Cerebral infarction due to unspecified occlusion or stenosis of unspecified precerebral arteries,I63 | I63.20 | ischemic stroke | Cerebral infarction | cerebral artery occlusion | stroke |,1621a70e-e3a7-5cfc-8b4e-0d0139d9e5a5,https://www.icd10data.com//ICD10CM/Codes/I00-I99/I60-I69/I63-/I63.20
458,I63,ischemic stroke,Cerebral infarction,I63.21,Cerebral infarction due to unspecified occlusion or stenosis of vertebral arteries,I63 | I63.21 | ischemic stroke | Cerebral infarction | cerebral artery occlusion | stroke | cerebrovascular accident (CVA)| vertebrobasilar stroke |,acc48957-b864-5776-8d35-ef2503ab2c20,https://www.icd10data.com//ICD10CM/Codes/I00-I99/I60-I69/I63-/I63.21
459,I63,ischemic stroke,Cerebral infarction,I63.211,Cerebral infarction due to unspecified occlusion or stenosis of right vertebral artery,I63 | I63.211 | ischemic stroke | Cerebral infarction | cerebral artery occlusion | stroke | cerebrovascular accident (CVA)| vertebrobasilar stroke |,99eb98a1-c001-5438-bac0-8da78f4d7ad3,https://www.icd10data.com//ICD10CM/Codes/I00-I99/I60-I69/I63-/I63.211
460,I63,ischemic stroke,Cerebral infarction,I63.212,Cerebral infarction due to unspecified occlusion or stenosis of left vertebral artery,I63 | I63.212 | ischemic stroke | Cerebral infarction | cerebral artery occlusion | stroke | cerebrovascular accident (CVA)| vertebrobasilar stroke |,6e3ea001-6c42-52dd-8fa9-f03d8924dc70,https://www.icd10data.com//ICD10CM/Codes/I00-I99/I60-I69/I63-/I63.212
461,I63,ischemic stroke,Cerebral infarction,I63.213,Cerebral infarction due to unspecified occlusion or stenosis of bilateral vertebral arteries,I63 | I63.213 | ischemic stroke | Cerebral infarction | cerebral artery occlusion | stroke | cerebrovascular accident (CVA)| vertebrobasilar stroke |,59acee05-ad77-5d52-9441-3e3190d04f3b,https://www.icd10data.com//ICD10CM/Codes/I00-I99/I60-I69/I63-/I63.213
462,I63,ischemic stroke,Cerebral infarction,I63.219,Cerebral infarction due to unspecified occlusion or stenosis of unspecified vertebral artery,I63 | I63.219 | ischemic stroke | Cerebral infarction | cerebral artery occlusion | stroke | cerebrovascular accident (CVA)| vertebrobasilar stroke |,e8154c22-cbfb-52fb-87ee-0eb98d3c0359,https://www.icd10data.com//ICD10CM/Codes/I00-I99/I60-I69/I63-/I63.219
463,I63,ischemic stroke,Cerebral infarction,I63.22,Cerebral infarction due to unspecified occlusion or stenosis of basilar artery,I63 | I63.22 | ischemic stroke | Cerebral infarction | cerebral artery occlusion | stroke | cerebrovascular accident (CVA)| vertebrobasilar stroke | basilar artery stroke |,f2ce947e-36d6-5fc3-aa76-31fcb680a50e,https://www.icd10data.com//ICD10CM/Codes/I00-I99/I60-I69/I63-/I63.22
464,I63,ischemic stroke,Cerebral infarction,I63.23,Cerebral infarction due to unspecified occlusion or stenosis of carotid arteries,I63 | I63.23 | ischemic stroke | Cerebral infarction | Carotid Artery Disease | stenosis of carotid arteries |,73ff0178-f827-5ede-9b33-d5972bbf7924,https://www.icd10data.com//ICD10CM/Codes/I00-I99/I60-I69/I63-/I63.23
465,I63,ischemic stroke,Cerebral infarction,I63.231,Cerebral infarction due to unspecified occlusion or stenosis of right carotid arteries,I63 | I63.231 | ischemic stroke | Cerebral infarction | Carotid Artery Disease | stenosis of carotid arteries |,4020f0b7-caff-5e30-bb3b-c4065ab6aabb,https://www.icd10data.com//ICD10CM/Codes/I00-I99/I60-I69/I63-/I63.231
466,I63,ischemic stroke,Cerebral infarction,I63.232,Cerebral infarction due to unspecified occlusion or stenosis of left carotid arteries,I63 | I63.232 | ischemic stroke | Cerebral infarction | Carotid Artery Disease | stenosis of carotid arteries |,0d5741a9-d681-5a13-b882-22d01bf47068,https://www.icd10data.com//ICD10CM/Codes/I00-I99/I60-I69/I63-/I63.232
467,I63,ischemic stroke,Cerebral infarction,I63.233,Cerebral infarction due to unspecified occlusion or stenosis of bilateral carotid arteries,I63 | I63.233 | ischemic stroke | Cerebral infarction | Carotid Artery Disease | stenosis of carotid arteries |,60b6f988-643f-5db8-bc2b-2c8225334df4,https://www.icd10data.com//ICD10CM/Codes/I00-I99/I60-I69/I63-/I63.233
468,I63,ischemic stroke,Cerebral infarction,I63.239,Cerebral infarction due to unspecified occlusion or stenosis of unspecified carotid artery,I63 | I63.239 | ischemic stroke | Cerebral infarction | Carotid Artery Disease | stenosis of carotid arteries |,e8424740-3ba0-5147-8dcd-ef1d15fabe02,https://www.icd10data.com//ICD10CM/Codes/I00-I99/I60-I69/I63-/I63.239
1,E78,Lipidemia,Disorders of lipoprotein metabolism and other lipidemias,E78.0,Pure hypercholesterolemia,E78 | E78.0 | Lipidemias | hypercholesterolemia,7a5e8d2a-58fb-5d7f-ab12-411d118dfac5,https://www.icd10data.com//ICD10CM/Codes/E00-E89/E70-E88/E78-/E78.0
469,I63,ischemic stroke,Cerebral infarction,I63.29,Cerebral infarction due to unspecified occlusion or stenosis of other precerebral arteries,I63 | I63.29 | ischemic stroke | Cerebral infarction | Carotid Artery Disease |,dc7a1150-ac85-5aec-b4e6-062491f86179,https://www.icd10data.com//ICD10CM/Codes/I00-I99/I60-I69/I63-/I63.29
493,I63,ischemic stroke,Cerebral infarction,I63.4,Cerebral infarction due to embolism of cerebral arteries,I63 | I63.4 | ischemic stroke | Cerebral infarction | embolic ischemic stroke | Cerebral Embolic Infarction | Cerebral Artery Embolism with Infarction | Ischemic Stroke due to Embolism |,725a08e5-e369-515e-935f-a6c9be371aae,https://www.icd10data.com//ICD10CM/Codes/I00-I99/I60-I69/I63-/I63.4
494,I63,ischemic stroke,Cerebral infarction,I63.40,Cerebral infarction due to embolism of unspecified cerebral artery,I63 | I63.40 | ischemic stroke | Cerebral infarction | embolic ischemic stroke | Cerebral Embolic Infarction | Cerebral Artery Embolism with Infarction | Ischemic Stroke due to Embolism |,2129f594-f7a6-5f5f-8ac7-892418adddea,https://www.icd10data.com//ICD10CM/Codes/I00-I99/I60-I69/I63-/I63.40
495,I63,ischemic stroke,Cerebral infarction,I63.41,Cerebral infarction due to embolism of middle cerebral artery,I63 | I63.41 | ischemic stroke | Cerebral infarction | embolic ischemic stroke | Cerebral Embolic Infarction | Cerebral Artery Embolism with Infarction | Ischemic Stroke due to Embolism |,f939b722-528e-5f72-82c9-3beade237c32,https://www.icd10data.com//ICD10CM/Codes/I00-I99/I60-I69/I63-/I63.41
496,I63,ischemic stroke,Cerebral infarction,I63.411,Cerebral infarction due to embolism of right middle cerebral artery,I63 | I63.411 | ischemic stroke | Cerebral infarction | embolic ischemic stroke | Cerebral Embolic Infarction | Cerebral Artery Embolism with Infarction | Ischemic Stroke due to Embolism |,de3c1d05-aa94-5cf3-a9e9-f52483c7ac22,https://www.icd10data.com//ICD10CM/Codes/I00-I99/I60-I69/I63-/I63.411
497,I63,ischemic stroke,Cerebral infarction,I63.412,Cerebral infarction due to embolism of left middle cerebral artery,I63 | I63.412 | ischemic stroke | Cerebral infarction | embolic ischemic stroke | Cerebral Embolic Infarction | Cerebral Artery Embolism with Infarction | Ischemic Stroke due to Embolism |,11bea464-4e84-5a3b-8aad-c77f86ea5d76,https://www.icd10data.com//ICD10CM/Codes/I00-I99/I60-I69/I63-/I63.412
498,I63,ischemic stroke,Cerebral infarction,I63.413,Cerebral infarction due to embolism of bilateral middle cerebral arteries,I63 | I63.413 | ischemic stroke | Cerebral infarction | embolic ischemic stroke | Cerebral Embolic Infarction | Cerebral Artery Embolism with Infarction | Ischemic Stroke due to Embolism |,9cf0e7ee-554e-5b4f-9d59-09932cb7eabe,https://www.icd10data.com//ICD10CM/Codes/I00-I99/I60-I69/I63-/I63.413
499,I63,ischemic stroke,Cerebral infarction,I63.419,Cerebral infarction due to embolism of unspecified middle cerebral artery,I63 | I63.419 | ischemic stroke | Cerebral infarction | embolic ischemic stroke | Cerebral Embolic Infarction | Cerebral Artery Embolism with Infarction | Ischemic Stroke due to Embolism |,6ecda897-24d7-5bc7-9520-3cdb4a2e2787,https://www.icd10data.com//ICD10CM/Codes/I00-I99/I60-I69/I63-/I63.419
500,I63,ischemic stroke,Cerebral infarction,I63.42,Cerebral infarction due to embolism of anterior cerebral artery,I63 | I63.42 | ischemic stroke | Cerebral infarction | embolic ischemic stroke | Cerebral Embolic Infarction | Cerebral Artery Embolism with Infarction | Ischemic Stroke due to Embolism |,97c82d16-55ca-5a4a-b660-3e403f182e2b,https://www.icd10data.com//ICD10CM/Codes/I00-I99/I60-I69/I63-/I63.42
501,I63,ischemic stroke,Cerebral infarction,I63.421,Cerebral infarction due to embolism of right anterior cerebral artery,I63 | I63.421 | ischemic stroke | Cerebral infarction | embolic ischemic stroke | Cerebral Embolic Infarction | Cerebral Artery Embolism with Infarction | Ischemic Stroke due to Embolism |,d036a334-112f-5e5b-a12f-fef5b689a6bf,https://www.icd10data.com//ICD10CM/Codes/I00-I99/I60-I69/I63-/I63.421
502,I63,ischemic stroke,Cerebral infarction,I63.422,Cerebral infarction due to embolism of left anterior cerebral artery,I63 | I63.422 | ischemic stroke | Cerebral infarction | embolic ischemic stroke | Cerebral Embolic Infarction | Cerebral Artery Embolism with Infarction | Ischemic Stroke due to Embolism |,55af7cb8-747f-50e8-9cce-bafdad0934be,https://www.icd10data.com//ICD10CM/Codes/I00-I99/I60-I69/I63-/I63.422
503,I63,ischemic stroke,Cerebral infarction,I63.423,Cerebral infarction due to embolism of bilateral anterior cerebral arteries,I63 | I63.423 | ischemic stroke | Cerebral infarction | embolic ischemic stroke | Cerebral Embolic Infarction | Cerebral Artery Embolism with Infarction | Ischemic Stroke due to Embolism |,b3ef11ec-b8a3-534e-bdbb-43d6876cd2b9,https://www.icd10data.com//ICD10CM/Codes/I00-I99/I60-I69/I63-/I63.423
504,I63,ischemic stroke,Cerebral infarction,I63.429,Cerebral infarction due to embolism of unspecified anterior cerebral artery,I63 | I63.429 | ischemic stroke | Cerebral infarction | embolic ischemic stroke | Cerebral Embolic Infarction | Cerebral Artery Embolism with Infarction | Ischemic Stroke due to Embolism |,b12139bd-539d-547a-a032-0b4f6d915f6e,https://www.icd10data.com//ICD10CM/Codes/I00-I99/I60-I69/I63-/I63.429
505,I63,ischemic stroke,Cerebral infarction,I63.43,Cerebral infarction due to embolism of posterior cerebral artery,I63 | I63.43 | ischemic stroke | Cerebral infarction | embolic ischemic stroke | Cerebral Embolic Infarction | Cerebral Artery Embolism with Infarction | Ischemic Stroke due to Embolism | Brain Embolic Infarction |,3a616248-f4c7-5dd8-95e9-4a7233f91b32,https://www.icd10data.com//ICD10CM/Codes/I00-I99/I60-I69/I63-/I63.43
506,I63,ischemic stroke,Cerebral infarction,I63.431,Cerebral infarction due to embolism of right posterior cerebral artery,I63 | I63.431 | ischemic stroke | Cerebral infarction | embolic ischemic stroke | Cerebral Embolic Infarction | Cerebral Artery Embolism with Infarction | Ischemic Stroke due to Embolism |,d847021c-4490-5c33-a237-8fc55113177f,https://www.icd10data.com//ICD10CM/Codes/I00-I99/I60-I69/I63-/I63.431
507,I63,ischemic stroke,Cerebral infarction,I63.432,Cerebral infarction due to embolism of left posterior cerebral artery,I63 | I63.432 | ischemic stroke | Cerebral infarction | embolic ischemic stroke | Cerebral Embolic Infarction | Cerebral Artery Embolism with Infarction | Ischemic Stroke due to Embolism |,fff72d3b-1225-5a7b-8d28-b4bf891507a2,https://www.icd10data.com//ICD10CM/Codes/I00-I99/I60-I69/I63-/I63.432
508,I63,ischemic stroke,Cerebral infarction,I63.433,Cerebral infarction due to embolism of bilateral posterior cerebral arteries,I63 | I63.433 | ischemic stroke | Cerebral infarction | embolic ischemic stroke | Cerebral Embolic Infarction | Cerebral Artery Embolism with Infarction | Ischemic Stroke due to Embolism |,2a4ee6a9-51e8-5599-adb7-6fcffc7d7fd8,https://www.icd10data.com//ICD10CM/Codes/I00-I99/I60-I69/I63-/I63.433
509,I63,ischemic stroke,Cerebral infarction,I63.439,Cerebral infarction due to embolism of unspecified posterior cerebral artery,I63 | I63.439 | ischemic stroke | Cerebral infarction | embolic ischemic stroke | Cerebral Embolic Infarction | Cerebral Artery Embolism with Infarction | Ischemic Stroke due to Embolism |,e02b8c92-0e1a-5638-9dda-ebc396d71765,https://www.icd10data.com//ICD10CM/Codes/I00-I99/I60-I69/I63-/I63.439
510,I63,ischemic stroke,Cerebral infarction,I63.44,Cerebral infarction due to embolism of cerebellar artery,I63 | I63.44 | ischemic stroke | Cerebral infarction | Embolic Cerebellar Stroke | Cerebellar Artery Embolic Infarction | Cerebellar Embolic Stroke |,b1191ab8-6b90-5fbb-bd52-4bc183afe237,https://www.icd10data.com//ICD10CM/Codes/I00-I99/I60-I69/I63-/I63.44
511,I63,ischemic stroke,Cerebral infarction,I63.441,Cerebral infarction due to embolism of right cerebellar artery,I63 | I63.441 | ischemic stroke | Cerebral infarction | Embolic Cerebellar Stroke | Cerebellar Artery Embolic Infarction | Cerebellar Embolic Stroke |,c030782c-d4ff-5a4a-b770-1111255f678a,https://www.icd10data.com//ICD10CM/Codes/I00-I99/I60-I69/I63-/I63.441
512,I63,ischemic stroke,Cerebral infarction,I63.442,Cerebral infarction due to embolism of left cerebellar artery,I63 | I63.442 | ischemic stroke | Cerebral infarction | Embolic Cerebellar Stroke | Cerebellar Artery Embolic Infarction | Cerebellar Embolic Stroke |,6d520721-8537-5dd5-8d8e-14384f4651d3,https://www.icd10data.com//ICD10CM/Codes/I00-I99/I60-I69/I63-/I63.442
513,I63,ischemic stroke,Cerebral infarction,I63.443,Cerebral infarction due to embolism of bilateral cerebellar arteries,I63 | I63.443 | ischemic stroke | Cerebral infarction | Embolic Cerebellar Stroke | Cerebellar Artery Embolic Infarction | Cerebellar Embolic Stroke |,c5349ca7-37c1-5f6f-8698-f41cb10127b3,https://www.icd10data.com//ICD10CM/Codes/I00-I99/I60-I69/I63-/I63.443
514,I63,ischemic stroke,Cerebral infarction,I63.449,Cerebral infarction due to embolism of unspecified cerebellar artery,I63 | I63.449 | ischemic stroke | Cerebral infarction | Embolic Cerebellar Stroke | Cerebellar Artery Embolic Infarction | Cerebellar Embolic Stroke |,72d06e21-a758-5fc1-b0c9-bd770c30a28f,https://www.icd10data.com//ICD10CM/Codes/I00-I99/I60-I69/I63-/I63.449
515,I63,ischemic stroke,Cerebral infarction,I63.49,Cerebral infarction due to embolism of other cerebral artery,I63 | I63.49 | ischemic stroke | Cerebral infarction | Embolic Stroke of Other Cerebral Artery |,6e7e123c-4898-5ab9-9fe8-1fc092e5456b,https://www.icd10data.com//ICD10CM/Codes/I00-I99/I60-I69/I63-/I63.49
516,I63,ischemic stroke,Cerebral infarction,I63.5,Cerebral infarction due to unspecified occlusion or stenosis of cerebral arteries,I63 | I63.5 | ischemic stroke | Cerebral infarction | Cerebral infarction due to Intracranial Artery Stenosis | Cerebral infarction due to occlusion |,eb4aed5f-24a0-59f2-b140-c4db13129eb8,https://www.icd10data.com//ICD10CM/Codes/I00-I99/I60-I69/I63-/I63.5
517,I63,ischemic stroke,Cerebral infarction,I63.50,Cerebral infarction due to unspecified occlusion or stenosis of unspecified cerebral artery,I63 | I63.50 | ischemic stroke | Cerebral infarction | Cerebral infarction due to Intracranial Artery Stenosis | Cerebral infarction due to occlusion |,7c1cad65-8589-5397-b275-07475ccba499,https://www.icd10data.com//ICD10CM/Codes/I00-I99/I60-I69/I63-/I63.50
518,I63,ischemic stroke,Cerebral infarction,I63.51,Cerebral infarction due to unspecified occlusion or stenosis of middle cerebral artery,I63 | I63.51 | ischemic stroke | Cerebral infarction | Cerebral infarction due to Intracranial Artery Stenosis | Cerebral infarction due to occlusion |,4ab731fc-1b63-5ac0-a57b-9b37b3a98477,https://www.icd10data.com//ICD10CM/Codes/I00-I99/I60-I69/I63-/I63.51
519,I63,ischemic stroke,Cerebral infarction,I63.511,Cerebral infarction due to unspecified occlusion or stenosis of right middle cerebral artery,I63 | I63.511 | ischemic stroke | Cerebral infarction | Cerebral infarction due to Intracranial Artery Stenosis | Cerebral infarction due to occlusion |,4b11429f-a0ef-53ce-b0cf-2311bb5f9f11,https://www.icd10data.com//ICD10CM/Codes/I00-I99/I60-I69/I63-/I63.511
520,I63,ischemic stroke,Cerebral infarction,I63.512,Cerebral infarction due to unspecified occlusion or stenosis of left middle cerebral artery,I63 | I63.512 | ischemic stroke | Cerebral infarction | Cerebral infarction due to Intracranial Artery Stenosis | Cerebral infarction due to occlusion |,7ee73b5a-1731-5be5-9c16-57073ebc2a0c,https://www.icd10data.com//ICD10CM/Codes/I00-I99/I60-I69/I63-/I63.512
521,I63,ischemic stroke,Cerebral infarction,I63.513,Cerebral infarction due to unspecified occlusion or stenosis of bilateral middle cerebral arteries,I63 | I63.513 | ischemic stroke | Cerebral infarction | Cerebral infarction due to Intracranial Artery Stenosis | Cerebral infarction due to occlusion |,5a53ef01-4019-580e-bdd4-e7d40821bcba,https://www.icd10data.com//ICD10CM/Codes/I00-I99/I60-I69/I63-/I63.513
522,I63,ischemic stroke,Cerebral infarction,I63.519,Cerebral infarction due to unspecified occlusion or stenosis of unspecified middle cerebral artery,I63 | I63.519 | ischemic stroke | Cerebral infarction | Cerebral infarction due to Intracranial Artery Stenosis | Cerebral infarction due to occlusion |,bd7feaf0-61a7-5f56-92e3-71981ed2946e,https://www.icd10data.com//ICD10CM/Codes/I00-I99/I60-I69/I63-/I63.519
523,I63,ischemic stroke,Cerebral infarction,I63.52,Cerebral infarction due to unspecified occlusion or stenosis of anterior cerebral artery,I63 | I63.52 | ischemic stroke | Cerebral infarction | Cerebral infarction due stenosis of anterior cerebral artery | Cerebral infarction due to occlusion |,ec6ddd05-201c-5a5b-bef6-9b6e1ec5b7b8,https://www.icd10data.com//ICD10CM/Codes/I00-I99/I60-I69/I63-/I63.52
524,I63,ischemic stroke,Cerebral infarction,I63.521,Cerebral infarction due to unspecified occlusion or stenosis of right anterior cerebral artery,I63 | I63.521 | ischemic stroke | Cerebral infarction | Cerebral infarction due stenosis of anterior cerebral artery | Cerebral infarction due to occlusion |,93332813-1a41-5005-a550-74321556e4dd,https://www.icd10data.com//ICD10CM/Codes/I00-I99/I60-I69/I63-/I63.521
525,I63,ischemic stroke,Cerebral infarction,I63.522,Cerebral infarction due to unspecified occlusion or stenosis of left anterior cerebral artery,I63 | I63.522 | ischemic stroke | Cerebral infarction | Cerebral infarction due stenosis of anterior cerebral artery | Cerebral infarction due to occlusion |,7d311f2b-2e57-5c2c-849b-19b48ed95422,https://www.icd10data.com//ICD10CM/Codes/I00-I99/I60-I69/I63-/I63.522
526,I63,ischemic stroke,Cerebral infarction,I63.523,Cerebral infarction due to unspecified occlusion or stenosis of bilateral anterior cerebral arteries,I63 | I63.523 | ischemic stroke | Cerebral infarction | Cerebral infarction due stenosis of anterior cerebral artery | Cerebral infarction due to occlusion |,53ebb373-0ac4-566a-9920-243b172f9e38,https://www.icd10data.com//ICD10CM/Codes/I00-I99/I60-I69/I63-/I63.523
527,I63,ischemic stroke,Cerebral infarction,I63.529,Cerebral infarction due to unspecified occlusion or stenosis of unspecified anterior cerebral artery,I63 | I63.529 | ischemic stroke | Cerebral infarction | Cerebral infarction due stenosis of anterior cerebral artery | Cerebral infarction due to occlusion |,054c3d9c-5370-5537-87a6-17523eba87da,https://www.icd10data.com//ICD10CM/Codes/I00-I99/I60-I69/I63-/I63.529
528,I63,ischemic stroke,Cerebral infarction,I63.53,Cerebral infarction due to unspecified occlusion or stenosis of posterior cerebral artery,I63 | I63.53 | ischemic stroke | Cerebral infarction | Cerebral infarction due stenosis of posterior cerebral artery | Cerebral infarction due to occlusion |,f040acd2-af1c-507d-8e0e-62eb8764477a,https://www.icd10data.com//ICD10CM/Codes/I00-I99/I60-I69/I63-/I63.53
529,I63,ischemic stroke,Cerebral infarction,I63.531,Cerebral infarction due to unspecified occlusion or stenosis of right posterior cerebral artery,I63 | I63.531 | ischemic stroke | Cerebral infarction | Cerebral infarction due stenosis of posterior cerebral artery | Cerebral infarction due to occlusion |,c2a3314b-adb2-5e54-ad0b-67004b620fea,https://www.icd10data.com//ICD10CM/Codes/I00-I99/I60-I69/I63-/I63.531
530,I63,ischemic stroke,Cerebral infarction,I63.532,Cerebral infarction due to unspecified occlusion or stenosis of left posterior cerebral artery,I63 | I63.532 | ischemic stroke | Cerebral infarction | Cerebral infarction due stenosis of posterior cerebral artery | Cerebral infarction due to occlusion |,97f354b4-82cd-5bb8-a482-4b27ab166259,https://www.icd10data.com//ICD10CM/Codes/I00-I99/I60-I69/I63-/I63.532
531,I63,ischemic stroke,Cerebral infarction,I63.533,Cerebral infarction due to unspecified occlusion or stenosis of bilateral posterior cerebral arteries,I63 | I63.533 | ischemic stroke | Cerebral infarction | Cerebral infarction due stenosis of posterior cerebral artery | Cerebral infarction due to occlusion |,a75ce812-cb96-53c8-b11a-14ed83d749e1,https://www.icd10data.com//ICD10CM/Codes/I00-I99/I60-I69/I63-/I63.533
532,I63,ischemic stroke,Cerebral infarction,I63.539,Cerebral infarction due to unspecified occlusion or stenosis of unspecified posterior cerebral artery,I63 | I63.539 | ischemic stroke | Cerebral infarction | Cerebral infarction due stenosis of posterior cerebral artery | Cerebral infarction due to occlusion |,2194ad74-5814-574d-a421-732b8e03ac59,https://www.icd10data.com//ICD10CM/Codes/I00-I99/I60-I69/I63-/I63.539
533,I63,ischemic stroke,Cerebral infarction,I63.54,Cerebral infarction due to unspecified occlusion or stenosis of cerebellar artery,I63 | I63.54 | ischemic stroke | Cerebral infarction | Cerebral infarction due stenosis of cerebellar artery | Cerebral infarction due to occlusion |,0a4d3cb4-b9a5-5bac-b0b6-3928845b2e3a,https://www.icd10data.com//ICD10CM/Codes/I00-I99/I60-I69/I63-/I63.54
534,I63,ischemic stroke,Cerebral infarction,I63.541,Cerebral infarction due to unspecified occlusion or stenosis of right cerebellar artery,I63 | I63.541 | ischemic stroke | Cerebral infarction | Cerebral infarction due stenosis of cerebellar artery | Cerebral infarction due to occlusion |,c9e70866-bca6-51a6-aeca-fba58eda31ef,https://www.icd10data.com//ICD10CM/Codes/I00-I99/I60-I69/I63-/I63.541
535,I63,ischemic stroke,Cerebral infarction,I63.542,Cerebral infarction due to unspecified occlusion or stenosis of left cerebellar artery,I63 | I63.542 | ischemic stroke | Cerebral infarction | Cerebral infarction due stenosis of cerebellar artery | Cerebral infarction due to occlusion |,6a4d2e6c-8ffc-56d6-83a6-4bfad87e22bb,https://www.icd10data.com//ICD10CM/Codes/I00-I99/I60-I69/I63-/I63.542
536,I63,ischemic stroke,Cerebral infarction,I63.543,Cerebral infarction due to unspecified occlusion or stenosis of bilateral cerebellar arteries,I63 | I63.543 | ischemic stroke | Cerebral infarction | Cerebral infarction due stenosis of cerebellar artery | Cerebral infarction due to occlusion |,7e2057e9-ec69-51c3-99ec-7a181dd1a723,https://www.icd10data.com//ICD10CM/Codes/I00-I99/I60-I69/I63-/I63.543
537,I63,ischemic stroke,Cerebral infarction,I63.549,Cerebral infarction due to unspecified occlusion or stenosis of unspecified cerebellar artery,I63 | I63.549 | ischemic stroke | Cerebral infarction | Cerebral infarction due stenosis of cerebellar artery | Cerebral infarction due to occlusion |,f619bd4a-b8b7-5977-91f2-0eff1fd46ab1,https://www.icd10data.com//ICD10CM/Codes/I00-I99/I60-I69/I63-/I63.549
538,I63,ischemic stroke,Cerebral infarction,I63.59,Cerebral infarction due to unspecified occlusion or stenosis of other cerebral artery,I63 | I63.59 | ischemic stroke | Cerebral infarction | Cerebral infarction due stenosis of cerebellar artery | Cerebral infarction due to occlusion |,626bb591-0336-5687-b968-0b6e44cf08bd,https://www.icd10data.com//ICD10CM/Codes/I00-I99/I60-I69/I63-/I63.59
539,I63,ischemic stroke,Cerebral infarction,I63.6,"Cerebral infarction due to cerebral venous thrombosis, nonpyogenic",I63 | I63.6 | ischemic stroke | Cerebral infarction | Cerebral infarction due to cerebral venous thrombosis |,65548971-b7ae-5380-9380-fbd907e6d78b,https://www.icd10data.com//ICD10CM/Codes/I00-I99/I60-I69/I63-/I63.6
541,I63,ischemic stroke,Cerebral infarction,I63.81,Other cerebral infarction due to occlusion or stenosis of small artery,I63 | I63.81 | ischemic stroke | Cerebral infarction | cerebral infarction due to occlusion | cerebral infarction due to stenosis of small artery |,e17d4bd5-4e5f-5bf3-97d0-6ee78471cf43,https://www.icd10data.com//ICD10CM/Codes/I00-I99/I60-I69/I63-/I63.81
542,I63,ischemic stroke,Cerebral infarction,I63.89,Other cerebral infarction,I63 | I63.89 | ischemic stroke | Cerebral infarction | other cerebral infarction |,59c78641-ed23-5bbd-8825-c1a259e7b0fa,https://www.icd10data.com//ICD10CM/Codes/I00-I99/I60-I69/I63-/I63.89
543,I63,ischemic stroke,Cerebral infarction,I63.9,"Cerebral infarction, unspecified",I63 | I63.9 | ischemic stroke | Cerebral infarction | unspecified cerebral infarction |,0623414b-0155-5e0b-acca-081c680e743c,https://www.icd10data.com//ICD10CM/Codes/I00-I99/I60-I69/I63-/I63.9
2,E78,Lipidemia,Disorders of lipoprotein metabolism and other lipidemias,E78.00,Pure hypercholesterolemia unspecified,E78 | E78.00 | Lipidemias | hypercholesterolemia |,0a1caa9b-1b07-5d6b-947e-90fe239ead0f,https://www.icd10data.com//ICD10CM/Codes/E00-E89/E70-E88/E78-/E78.00
540,I63,ischemic stroke,Cerebral infarction,I63.8,Other cerebral infarction,I63 | I63.8 | ischemic stroke | Cerebral infarction | ,26c1f749-2d3e-5e8c-831b-64dc247027db,
7,E78,Lipidemia,Disorders of lipoprotein metabolism and other lipidemias,E78.4,Other hyperlipidemia,E78 | E78.4 | Lipidemias | hypercholesterolemia | Hyperchylomicronemia | dyslipidemia | high cholesterol |,c9b23bd6-5677-5e53-b5f3-9fb71705c5c5,https://www.icd10data.com//ICD10CM/Codes/E00-E89/E70-E88/E78-/E78.4
572,I66,Occlusion and stenosis of precerebral arteries,"Occlusion and stenosis of cerebral arteries, not resulting in cerebral infarction",I66.23,Occlusion and stenosis of bilateral posterior cerebral arteries,I66 | I66.23 |Occlusion and stenosis of cerebral arteries | Occlusion of cerebral arteries |  stenosis of cerebral arteries | cerebral artery obstruction | cerebral artery narrowing |,6f312504-e53b-5ac1-90d7-aec508c8c14f,
573,I66,Occlusion and stenosis of precerebral arteries,"Occlusion and stenosis of cerebral arteries, not resulting in cerebral infarction",I66.29,Occlusion and stenosis of unspecified posterior cerebral artery,I66 | I66.29 |Occlusion and stenosis of cerebral arteries | Occlusion of cerebral arteries |  stenosis of cerebral arteries | cerebral artery obstruction | cerebral artery narrowing |,7c1785cd-7f07-5672-9ee6-27fdc2be752d,
574,I66,Occlusion and stenosis of precerebral arteries,"Occlusion and stenosis of cerebral arteries, not resulting in cerebral infarction",I66.3,Occlusion and stenosis of cerebellar arteries,I66 | I66.3 | Occlusion and stenosis of cerebellar arteries | Occlusion  of cerebellar arteries | stenosis of cerebellar arteries | Obstruction of cerebellar arteries |,14278e9c-f0a5-533f-9102-1343d165b067,
575,I66,Occlusion and stenosis of precerebral arteries,"Occlusion and stenosis of cerebral arteries, not resulting in cerebral infarction",I66.8,Occlusion and stenosis of other cerebral arteries,I66 | I66.8 | Occlusion and stenosis of cerebral arteries | Occlusion  of cerebral arteries | stenosis of cerebral arteries | Obstruction of cerebral arteries |,81b50b2a-a7c1-5329-bdbb-c7d7ba72bd33,
576,I66,Occlusion and stenosis of precerebral arteries,"Occlusion and stenosis of cerebral arteries, not resulting in cerebral infarction",I66.9,Occlusion and stenosis of unspecified cerebral artery,I66 | I66.9 | Occlusion and stenosis of cerebral arteries | Occlusion  of cerebral arteries | stenosis of cerebral arteries | Obstruction of cerebral arteries |Intracranial Stenosis  |,bfcf8a7d-25c8-5b2f-b7fa-7a0b3d8a12e4,
31,I21,Heart Attack,Acute myocardial infarction,I21.01,ST elevation (STEMI) myocardial infarction involving left main coronary artery,I21 | I21.01 |Heart Attack | Myocardial infarction | AMI | STEMI | (STEMI) | ST elevation  myocardial infarction | MI | Coronary Artety Disease | CAD |,1f386f65-1c37-55d8-9cbb-027610e24a3f,
32,I21,Heart Attack,Acute myocardial infarction,I21.02,ST elevation (STEMI) myocardial infarction involving left anterior descending coronary artery,I21 | I21.02 |Heart Attack | Myocardial infarction | AMI | STEMI | (STEMI) | ST elevation  myocardial infarction | MI | Coronary Artety Disease | CAD |,964bb001-f6bf-5915-aa8d-314cc5ba1178,
33,I21,Heart Attack,Acute myocardial infarction,I21.09,ST elevation (STEMI) myocardial infarction involving other coronary artery of anterior wall,I21 | I21.09 |Heart Attack | Myocardial infarction | AMI | STEMI | (STEMI) | ST elevation  myocardial infarction | MI | Coronary Artety Disease | CAD |,847eaefe-ab24-589b-b890-074b07c9bae4,
34,I21,Heart Attack,Acute myocardial infarction,I21.1,ST elevation (STEMI) myocardial infarction of inferior wall,I21 | I21.1 |Heart Attack | Myocardial infarction | AMI | STEMI | (STEMI) | ST elevation  myocardial infarction | MI | Coronary Artety Disease | CAD |,a92dafcf-c06e-5e91-9872-59f3bf5e3751,
35,I21,Heart Attack,Acute myocardial infarction,I21.11,ST elevation (STEMI) myocardial infarction involving right coronary artery,I21 | I21.11 |Heart Attack | Myocardial infarction | AMI | STEMI | (STEMI) | ST elevation  myocardial infarction | MI | Coronary Artety Disease | CAD |,d2a34fac-e4b7-51bf-9501-68ca3f33713a,
36,I21,Heart Attack,Acute myocardial infarction,I21.19,ST elevation (STEMI) myocardial infarction involving other coronary artery of inferior wall,I21 | I21.19 |Heart Attack | Myocardial infarction | AMI | STEMI | (STEMI) | ST elevation  myocardial infarction | MI | Coronary Artety Disease | CAD |,3c3b3745-3065-5b18-95c1-4592bfd9eea4,
37,I21,Heart Attack,Acute myocardial infarction,I21.2,ST elevation (STEMI) myocardial infarction of other sites,I21 | I21.2 |Heart Attack | Myocardial infarction | AMI | STEMI | (STEMI) | ST elevation  myocardial infarction | MI | Coronary Artety Disease | CAD |,f590dc1d-c76f-5e49-9bdb-dd2641577f18,
38,I21,Heart Attack,Acute myocardial infarction,I21.21,ST elevation (STEMI) myocardial infarction involving left circumflex coronary artery,I21 | I21.21 |Heart Attack | Myocardial infarction | AMI | STEMI | (STEMI) | ST elevation  myocardial infarction | MI | Coronary Artety Disease | CAD |,d0716235-70f3-5be2-908e-c81e9c176ca1,
39,I21,Heart Attack,Acute myocardial infarction,I21.29,ST elevation (STEMI) myocardial infarction involving other sites,I21 | I21.29 |Heart Attack | Myocardial infarction | AMI | STEMI | (STEMI) | ST elevation  myocardial infarction | MI | Coronary Artety Disease | CAD |,ed972bcb-acb9-5783-bc77-48bef60c44ca,
40,I21,Heart Attack,Acute myocardial infarction,I21.3,ST elevation (STEMI) myocardial infarction of unspecified site,I21 | I21.3 |Heart Attack | Myocardial infarction | AMI | STEMI | (STEMI) | ST elevation  myocardial infarction | MI | Coronary Artety Disease | CAD |,028ca557-20ca-5f54-8ef4-e47f37f7dc5d,
421,I74,Arterial embolism and thrombosis,Arterial embolism and thrombosis,I74.2,Embolism and thrombosis of arteries of the upper extremities,I74 | I74.2 |Arterial embolism and thrombosis | Arterial embolism | Arterial  thrombosis | ,d6077373-432c-593b-9cab-091cffb983bb,
41,I21,Heart Attack,Acute myocardial infarction,I21.4,Non-ST elevation (NSTEMI) myocardial infarction,I21 | I21.4 |Heart Attack | Myocardial infarction | AMI | NSTEMI | (NSTEMI) | Non-ST elevation myocardial infarction | Non ST elevation  myocardial infarction | MI | Coronary Artety Disease | CAD |,295c124e-149c-5cfe-8c9e-1e9fadfb28ed,
42,I21,Heart Attack,Acute myocardial infarction,I21.9,"Acute myocardial infarction, unspecified",I21 | I21.9 |Heart Attack | Myocardial infarction | AMI | NSTEMI | (NSTEMI) | Non-ST elevation myocardial infarction | Non ST elevation  myocardial infarction | STEMI | Unspecified Myocardial Infarction | MI | Coronary Artety Disease | CAD |,c69616e1-6197-55a4-893d-d8e23044d73d,
455,I63,ischemic stroke,Cerebral infarction,I63.19,Cerebral infarction due to embolism of other precerebral artery,I63 | I63.19 | ischemic stroke | Cerebral infarction | ,45480aff-64a3-5dc5-bf77-694c95ba2e68,
15,E78,Lipidemia,Disorders of lipoprotein metabolism and other lipidemias,E78.72,Smith-Lemli-Opitz syndrome,E78 | E78.72 | Lipidemias | hypercholesterolemia | Hyperchylomicronemia | dyslipidemia | Smith-Lemli-Opitz syndrome | Smith Lemli Opitz syndrome | (SLOS) | SLOS |  Smith-Lemli-Opitz syndrome (SLOS) | 7-dehydrocholesterol reductase deficiency  | RHS Syndrome | SLO |,3309d4a7-ef00-5853-bf9e-0eb21b7b6cf1,
16,E78,Lipidemia,Disorders of lipoprotein metabolism and other lipidemias,E78.79,Other disorders of bile acid and cholesterol metabolism,E78 | E78.79 | Lipidemias | hypercholesterolemia | Hyperchylomicronemia | dyslipidemia | ,ae608762-fc06-55ee-b298-67ff6e34e2b2,
18,E78,Lipidemia,Disorders of lipoprotein metabolism and other lipidemias,E78.81,Lipoid dermatoarthritis,E78 | E78.81 | Lipidemias | hypercholesterolemia | Hyperchylomicronemia | dyslipidemia | Lipoid dermatoarthritis | multicentric reticulohistiocytosis | ,7ffa9ae6-2c23-5b5f-9844-b09c1be362b6,
29,I21,Heart Attack,Acute myocardial infarction,,,I21 | Heart Attack | Myocardial infarction | AMI | MI | Coronary Artety Disease | CAD | STEMI | (STEMI) | ST elevation  myocardial infarction | Coronary Artety Disease | CAD |NSTEMI | (NSTEMI) | Non-ST elevation myocardial infarction | Non ST elevation  myocardial infarction |,04fcc8fe-6a00-5536-9219-b6f555d96f6a,
30,I21,Heart Attack,Acute myocardial infarction,I21.0,ST elevation (STEMI) myocardial infarction of anterior wall,I21 | I21.0 |Heart Attack | Myocardial infarction | AMI | STEMI | (STEMI) | ST elevation  myocardial infarction | MI | Coronary Artety Disease | CAD |,98e5dbb2-8cf0-5266-9777-99ed675090b3,
48,I70,Atherosclerosis,Atherosclerosis,I70.0,Atherosclerosis of aorta,I70 | I70.0 | Atherosclerosis | ASCVD (Atherosclerotic Cardiovascular Disease) | ASCVD Atherosclerotic Cardiovascular Disease | ASCVD-Atherosclerotic Cardiovascular Disease | ASCVD | Atherosclerotic Cardiovascular Disease  | Arteriosclerotic Vascular Disease | ASVD | Arteriosclerotic Vascular Disease (ASVD) | Atherosclerosis of aorta | Aortic atherosclerotic disease | ,70369ea1-47bf-5d45-be05-b4d2e27f6ef9,
50,I70,Atherosclerosis,Atherosclerosis,I70.2,Atherosclerosis of native arteries of the extremities,I70 | I70.2 | Atherosclerosis | ASCVD (Atherosclerotic Cardiovascular Disease) | ASCVD Atherosclerotic Cardiovascular Disease | ASCVD-Atherosclerotic Cardiovascular Disease | ASCVD | Atherosclerotic Cardiovascular Disease | Arteriosclerotic Vascular Disease | ASVD | Arteriosclerotic Vascular Disease (ASVD) | ,3caee56d-e8c3-52dd-89fe-1ed764da567d,
51,I70,Atherosclerosis,Atherosclerosis,I70.20,Unspecified atherosclerosis of native arteries of extremities,I70 | I70.20 | Atherosclerosis | ASCVD (Atherosclerotic Cardiovascular Disease) | ASCVD Atherosclerotic Cardiovascular Disease | ASCVD-Atherosclerotic Cardiovascular Disease | ASCVD | Atherosclerotic Cardiovascular Disease | Arteriosclerotic Vascular Disease | ASVD | Arteriosclerotic Vascular Disease (ASVD) | peripheral artery disease | peripheral artery disease (PAD) | ,77897bfe-8899-5a7c-9b14-31f37c4fc4dc,
52,I70,Atherosclerosis,Atherosclerosis,I70.201,Unspecified atherosclerosis of native arteries of extremities right leg,I70 | I70.201 | Atherosclerosis | ASCVD (Atherosclerotic Cardiovascular Disease) | ASCVD Atherosclerotic Cardiovascular Disease | ASCVD-Atherosclerotic Cardiovascular Disease | ASCVD | Atherosclerotic Cardiovascular Disease | Arteriosclerotic Vascular Disease | ASVD | Arteriosclerotic Vascular Disease (ASVD) | peripheral artery disease | peripheral artery disease (PAD) | ,bedbcabe-9ad1-552f-9bfd-7e35192014e4,
53,I70,Atherosclerosis,Atherosclerosis,I70.202,Unspecified atherosclerosis of native arteries of extremities left leg,I70 | I70.202 | Atherosclerosis | ASCVD (Atherosclerotic Cardiovascular Disease) | ASCVD Atherosclerotic Cardiovascular Disease | ASCVD-Atherosclerotic Cardiovascular Disease | ASCVD | Atherosclerotic Cardiovascular Disease | Arteriosclerotic Vascular Disease | ASVD | Arteriosclerotic Vascular Disease (ASVD) | peripheral artery disease | peripheral artery disease (PAD) | ,5bea9229-cf42-5a47-bf89-5b6c1ce1d7e5,
54,I70,Atherosclerosis,Atherosclerosis,I70.203,Unspecified atherosclerosis of native arteries of extremities bilateral legs,I70 | I70.203 | Atherosclerosis | ASCVD (Atherosclerotic Cardiovascular Disease) | ASCVD Atherosclerotic Cardiovascular Disease | ASCVD-Atherosclerotic Cardiovascular Disease | ASCVD | Atherosclerotic Cardiovascular Disease | Arteriosclerotic Vascular Disease | ASVD | Arteriosclerotic Vascular Disease (ASVD) | peripheral artery disease | peripheral artery disease (PAD) | ,99ad682d-4afc-581e-9e42-739756e43d90,
55,I70,Atherosclerosis,Atherosclerosis,I70.208,Unspecified atherosclerosis of native arteries of extremities other extremity,I70 | I70.208 | Atherosclerosis | ASCVD (Atherosclerotic Cardiovascular Disease) | ASCVD Atherosclerotic Cardiovascular Disease | ASCVD-Atherosclerotic Cardiovascular Disease | ASCVD | Atherosclerotic Cardiovascular Disease | Arteriosclerotic Vascular Disease | ASVD | Arteriosclerotic Vascular Disease (ASVD) | peripheral artery disease | peripheral artery disease (PAD) | ,a438543b-c205-5ca7-8b08-e2be8a246c96,
56,I70,Atherosclerosis,Atherosclerosis,I70.209,Unspecified atherosclerosis of native arteries of extremities unspecified extremity,I70 | I70.209 | Atherosclerosis | ASCVD (Atherosclerotic Cardiovascular Disease) | ASCVD Atherosclerotic Cardiovascular Disease | ASCVD-Atherosclerotic Cardiovascular Disease | ASCVD | Atherosclerotic Cardiovascular Disease | Arteriosclerotic Vascular Disease | ASVD | Arteriosclerotic Vascular Disease (ASVD) | peripheral artery disease | peripheral artery disease (PAD) | ,ea8d63a6-1ac4-523f-9878-57a2875fef24,
362,I25,Ischemic Heart Disease,Chronic ischemic heart disease,I25.701,"Atherosclerosis of coronary artery bypass graft(s), unspecified, with angina pectoris with documented spasm",I25 |  I25.701 | Ischemic Heart Disease | Ischemic Heart Disease (IHD) | Atherosclerosis of CABG | CAD | Coronary Artery Disease |,655fac8e-6045-5caf-8c94-3b6d32a73484,
63,I70,Atherosclerosis,Atherosclerosis,I70.22,Atherosclerosis of native arteries of extremities with rest pain,I70 | I70.22 | Atherosclerosis | ASCVD (Atherosclerotic Cardiovascular Disease) | ASCVD Atherosclerotic Cardiovascular Disease | ASCVD-Atherosclerotic Cardiovascular Disease | ASCVD | Atherosclerotic Cardiovascular Disease | Arteriosclerotic Vascular Disease | ASVD | Arteriosclerotic Vascular Disease (ASVD) | peripheral artery disease | peripheral artery disease (PAD) | ,3617088f-3857-558d-8d30-7caa4ca00870,
399,I25,Ischemic Heart Disease,Chronic ischemic heart disease,I25.792,Atherosclerosis of other coronary artery bypass graft(s) with refractory angina pectoris,I25 |  I25.792 | Ischemic Heart Disease | Ischemic Heart Disease (IHD) | Atherosclerosis of CABG with angina | CAD | Coronary Artery Disease | ,294a0346-3faa-5e88-a5da-bda9d2bf658f,
64,I70,Atherosclerosis,Atherosclerosis,I70.221,Atherosclerosis of native arteries of extremities with rest pain right leg,I70 | I70.221 | Atherosclerosis | ASCVD (Atherosclerotic Cardiovascular Disease) | ASCVD Atherosclerotic Cardiovascular Disease | ASCVD-Atherosclerotic Cardiovascular Disease | ASCVD | Atherosclerotic Cardiovascular Disease | Arteriosclerotic Vascular Disease | ASVD | Arteriosclerotic Vascular Disease (ASVD) | peripheral artery disease | peripheral artery disease (PAD) | ,e1f2b481-7977-5914-96d1-16f5b22b0eda,
65,I70,Atherosclerosis,Atherosclerosis,I70.222,Atherosclerosis of native arteries of extremities with rest pain left leg,I70 | I70.222 | Atherosclerosis | ASCVD (Atherosclerotic Cardiovascular Disease) | ASCVD Atherosclerotic Cardiovascular Disease | ASCVD-Atherosclerotic Cardiovascular Disease | ASCVD | Atherosclerotic Cardiovascular Disease | Arteriosclerotic Vascular Disease | ASVD | Arteriosclerotic Vascular Disease (ASVD) | peripheral artery disease | peripheral artery disease (PAD) | ,f2f83020-a26f-57b1-8395-344e38252f32,
66,I70,Atherosclerosis,Atherosclerosis,I70.223,Atherosclerosis of native arteries of extremities with rest pain bilateral legs,I70 | I70.223 | Atherosclerosis | ASCVD (Atherosclerotic Cardiovascular Disease) | ASCVD Atherosclerotic Cardiovascular Disease | ASCVD-Atherosclerotic Cardiovascular Disease | ASCVD | Atherosclerotic Cardiovascular Disease | Arteriosclerotic Vascular Disease | ASVD | Arteriosclerotic Vascular Disease (ASVD) | peripheral artery disease | peripheral artery disease (PAD) | ,cfb37fd8-4d3b-5cee-aeb0-d31ffc1ed180,
67,I70,Atherosclerosis,Atherosclerosis,I70.228,Atherosclerosis of native arteries of extremities with rest pain other extremity,I70 | I70.228 | Atherosclerosis | ASCVD (Atherosclerotic Cardiovascular Disease) | ASCVD Atherosclerotic Cardiovascular Disease | ASCVD-Atherosclerotic Cardiovascular Disease | ASCVD | Atherosclerotic Cardiovascular Disease | Arteriosclerotic Vascular Disease | ASVD | Arteriosclerotic Vascular Disease (ASVD) | peripheral artery disease | peripheral artery disease (PAD) | ,e577b88d-6ffe-56cf-ab13-d103cb0f947f,
68,I70,Atherosclerosis,Atherosclerosis,I70.229,Atherosclerosis of native arteries of extremities with rest pain unspecified extremity,I70 | I70.229 | Atherosclerosis | ASCVD (Atherosclerotic Cardiovascular Disease) | ASCVD Atherosclerotic Cardiovascular Disease | ASCVD-Atherosclerotic Cardiovascular Disease | ASCVD | Atherosclerotic Cardiovascular Disease | Arteriosclerotic Vascular Disease | ASVD | Arteriosclerotic Vascular Disease (ASVD) | peripheral artery disease | peripheral artery disease (PAD) | ,f35e063e-266b-510d-9a58-c0fc277a3a10,
69,I70,Atherosclerosis,Atherosclerosis,I70.23,Atherosclerosis of native arteries of right leg with ulceration,I70 | I70.23 | Atherosclerosis | ASCVD (Atherosclerotic Cardiovascular Disease) | ASCVD Atherosclerotic Cardiovascular Disease | ASCVD-Atherosclerotic Cardiovascular Disease | ASCVD | Atherosclerotic Cardiovascular Disease | Arteriosclerotic Vascular Disease | ASVD | Arteriosclerotic Vascular Disease (ASVD) | peripheral artery disease | peripheral artery disease (PAD) | Atherosclerosis  with leg ulceration |  ischemic ulcer |,0bc1d596-2998-5ab4-902d-f46646d07c43,
70,I70,Atherosclerosis,Atherosclerosis,I70.231,Atherosclerosis of native arteries of right leg with ulceration of thigh,I70 | I70.231 | Atherosclerosis | ASCVD (Atherosclerotic Cardiovascular Disease) | ASCVD Atherosclerotic Cardiovascular Disease | ASCVD-Atherosclerotic Cardiovascular Disease | ASCVD | Atherosclerotic Cardiovascular Disease | Arteriosclerotic Vascular Disease | ASVD | Arteriosclerotic Vascular Disease (ASVD) | peripheral artery disease | peripheral artery disease (PAD) | Atherosclerosis  with thigh ulceration |  ischemic ulcer |,c3dfbab1-6b58-50b7-b3e4-cc7fcc617272,
71,I70,Atherosclerosis,Atherosclerosis,I70.232,Atherosclerosis of native arteries of right leg with ulceration of calf,I70 | I70.232 | Atherosclerosis | ASCVD (Atherosclerotic Cardiovascular Disease) | ASCVD Atherosclerotic Cardiovascular Disease | ASCVD-Atherosclerotic Cardiovascular Disease | ASCVD | Atherosclerotic Cardiovascular Disease | Arteriosclerotic Vascular Disease | ASVD | Arteriosclerotic Vascular Disease (ASVD) | peripheral artery disease | peripheral artery disease (PAD) | Atherosclerosis  with calf ulceration |  ischemic ulcer |,0dff0f49-9890-50f3-bb7c-eea1bf763275,
72,I70,Atherosclerosis,Atherosclerosis,I70.233,Atherosclerosis of native arteries of right leg with ulceration of ankle,I70 | I70.233 | Atherosclerosis | ASCVD (Atherosclerotic Cardiovascular Disease) | ASCVD Atherosclerotic Cardiovascular Disease | ASCVD-Atherosclerotic Cardiovascular Disease | ASCVD | Atherosclerotic Cardiovascular Disease | Arteriosclerotic Vascular Disease | ASVD | Arteriosclerotic Vascular Disease (ASVD) | peripheral artery disease | peripheral artery disease (PAD) | Atherosclerosis  with ankle ulceration |  ischemic ulcer |,1f093258-ea62-56d8-ad79-4c790cd1fc28,
73,I70,Atherosclerosis,Atherosclerosis,I70.234,Atherosclerosis of native arteries of right leg with ulceration of heel and midfoot,I70 | I70.234 | Atherosclerosis | ASCVD (Atherosclerotic Cardiovascular Disease) | ASCVD Atherosclerotic Cardiovascular Disease | ASCVD-Atherosclerotic Cardiovascular Disease | ASCVD | Atherosclerotic Cardiovascular Disease | Arteriosclerotic Vascular Disease | ASVD | Arteriosclerotic Vascular Disease (ASVD) | peripheral artery disease | peripheral artery disease (PAD) | Atherosclerosis  with heel ulceration |  ischemic ulcer |,0e6deb94-6256-54e3-a6bb-12a01b7c7e5c,
74,I70,Atherosclerosis,Atherosclerosis,I70.235,Atherosclerosis of native arteries of right leg with ulceration of other part of foot,I70 | I70.235 | Atherosclerosis | ASCVD (Atherosclerotic Cardiovascular Disease) | ASCVD Atherosclerotic Cardiovascular Disease | ASCVD-Atherosclerotic Cardiovascular Disease | ASCVD | Atherosclerotic Cardiovascular Disease | Arteriosclerotic Vascular Disease | ASVD | Arteriosclerotic Vascular Disease (ASVD) | peripheral artery disease | peripheral artery disease (PAD) | Atherosclerosis  with foot ulceration |  ischemic ulcer |,7a809134-0be8-5493-9c3c-2fa3a1b87e18,
363,I25,Ischemic Heart Disease,Chronic ischemic heart disease,I25.702,"Atherosclerosis of coronary artery bypass graft(s), unspecified, with refractory angina pectoris",I25 |  I25.702 | Ischemic Heart Disease | Ischemic Heart Disease (IHD) | Atherosclerosis of CABG | CAD | Coronary Artery Disease |,32a4ffcc-de0a-501c-919c-e4997aa5034b,
75,I70,Atherosclerosis,Atherosclerosis,I70.238,Atherosclerosis of native arteries of right leg with ulceration of other part of lower leg,I70 | I70.238 | Atherosclerosis | ASCVD (Atherosclerotic Cardiovascular Disease) | ASCVD Atherosclerotic Cardiovascular Disease | ASCVD-Atherosclerotic Cardiovascular Disease | ASCVD | Atherosclerotic Cardiovascular Disease | Arteriosclerotic Vascular Disease | ASVD | Arteriosclerotic Vascular Disease (ASVD) | peripheral artery disease | peripheral artery disease (PAD) | Atherosclerosis  with leg ulceration |  ischemic ulcer |,2a3506c1-6bfe-5180-b9a7-964fc44c6fdc,
76,I70,Atherosclerosis,Atherosclerosis,I70.239,Atherosclerosis of native arteries of right leg with ulceration of unspecified site,I70 | I70.239 | Atherosclerosis | ASCVD (Atherosclerotic Cardiovascular Disease) | ASCVD Atherosclerotic Cardiovascular Disease | ASCVD-Atherosclerotic Cardiovascular Disease | ASCVD | Atherosclerotic Cardiovascular Disease | Arteriosclerotic Vascular Disease | ASVD | Arteriosclerotic Vascular Disease (ASVD) | peripheral artery disease | peripheral artery disease (PAD) | Atherosclerosis  of unspecified site |  ischemic ulcer |,161f9d83-5426-590b-83be-9d5ba728176e,
77,I70,Atherosclerosis,Atherosclerosis,I70.24,Atherosclerosis of native arteries of left leg with ulceration,I70 | I70.24 | Atherosclerosis | ASCVD (Atherosclerotic Cardiovascular Disease) | ASCVD Atherosclerotic Cardiovascular Disease | ASCVD-Atherosclerotic Cardiovascular Disease | ASCVD | Atherosclerotic Cardiovascular Disease | Arteriosclerotic Vascular Disease | ASVD | Arteriosclerotic Vascular Disease (ASVD) | peripheral artery disease | peripheral artery disease (PAD) | Atherosclerosis  with leg ulceration |  ischemic ulcer |,d35a38a6-4b5a-5f68-b140-dde167df6d20,
78,I70,Atherosclerosis,Atherosclerosis,I70.241,Atherosclerosis of native arteries of left leg with ulceration of thigh,I70 | I70.241 | Atherosclerosis | ASCVD (Atherosclerotic Cardiovascular Disease) | ASCVD Atherosclerotic Cardiovascular Disease | ASCVD-Atherosclerotic Cardiovascular Disease | ASCVD | Atherosclerotic Cardiovascular Disease | Arteriosclerotic Vascular Disease | ASVD | Arteriosclerotic Vascular Disease (ASVD) | peripheral artery disease | peripheral artery disease (PAD) | Atherosclerosis  with leg ulceration |  ischemic ulcer |,bc183ba4-b132-5391-a4df-fb56a79c5a40,
79,I70,Atherosclerosis,Atherosclerosis,I70.242,Atherosclerosis of native arteries of left leg with ulceration of calf,I70 | I70.242 | Atherosclerosis | ASCVD (Atherosclerotic Cardiovascular Disease) | ASCVD Atherosclerotic Cardiovascular Disease | ASCVD-Atherosclerotic Cardiovascular Disease | ASCVD | Atherosclerotic Cardiovascular Disease | Arteriosclerotic Vascular Disease | ASVD | Arteriosclerotic Vascular Disease (ASVD) | peripheral artery disease | peripheral artery disease (PAD) | Atherosclerosis  with leg ulceration |  ischemic ulcer |,46452ad9-aab5-5794-9e22-79b2e156b17e,
80,I70,Atherosclerosis,Atherosclerosis,I70.243,Atherosclerosis of native arteries of left leg with ulceration of ankle,I70 | I70.243 | Atherosclerosis | ASCVD (Atherosclerotic Cardiovascular Disease) | ASCVD Atherosclerotic Cardiovascular Disease | ASCVD-Atherosclerotic Cardiovascular Disease | ASCVD | Atherosclerotic Cardiovascular Disease | Arteriosclerotic Vascular Disease | ASVD | Arteriosclerotic Vascular Disease (ASVD) | peripheral artery disease | peripheral artery disease (PAD) | Atherosclerosis  with leg ulceration |  ischemic ulcer |,b7f0e3e6-2caf-5148-8b48-2f063510e2f8,
81,I70,Atherosclerosis,Atherosclerosis,I70.244,Atherosclerosis of native arteries of left leg with ulceration of heel and midfoot,I70 | I70.244 | Atherosclerosis | ASCVD (Atherosclerotic Cardiovascular Disease) | ASCVD Atherosclerotic Cardiovascular Disease | ASCVD-Atherosclerotic Cardiovascular Disease | ASCVD | Atherosclerotic Cardiovascular Disease | Arteriosclerotic Vascular Disease | ASVD | Arteriosclerotic Vascular Disease (ASVD) | peripheral artery disease | peripheral artery disease (PAD) | Atherosclerosis  with leg ulceration |  ischemic ulcer |,37df7f1b-7149-5fd4-935d-cc4dff8e2daf,
82,I70,Atherosclerosis,Atherosclerosis,I70.245,Atherosclerosis of native arteries of left leg with ulceration of other part of foot,I70 | I70.245 | Atherosclerosis | ASCVD (Atherosclerotic Cardiovascular Disease) | ASCVD Atherosclerotic Cardiovascular Disease | ASCVD-Atherosclerotic Cardiovascular Disease | ASCVD | Atherosclerotic Cardiovascular Disease | Arteriosclerotic Vascular Disease | ASVD | Arteriosclerotic Vascular Disease (ASVD) | peripheral artery disease | peripheral artery disease (PAD) | Atherosclerosis  with leg ulceration |  ischemic ulcer |,a2bbbdd2-21e5-5526-8ede-15e783a98d11,
83,I70,Atherosclerosis,Atherosclerosis,I70.248,Atherosclerosis of native arteries of left leg with ulceration of other part of lower leg,I70 | I70.248 | Atherosclerosis | ASCVD (Atherosclerotic Cardiovascular Disease) | ASCVD Atherosclerotic Cardiovascular Disease | ASCVD-Atherosclerotic Cardiovascular Disease | ASCVD | Atherosclerotic Cardiovascular Disease | Arteriosclerotic Vascular Disease | ASVD | Arteriosclerotic Vascular Disease (ASVD) | peripheral artery disease | peripheral artery disease (PAD) | Atherosclerosis  with leg ulceration |  ischemic ulcer |,be763183-af1b-5165-9559-3dac25a09b86,
84,I70,Atherosclerosis,Atherosclerosis,I70.249,Atherosclerosis of native arteries of left leg with ulceration of unspecified site,I70 | I70.249 | Atherosclerosis | ASCVD (Atherosclerotic Cardiovascular Disease) | ASCVD Atherosclerotic Cardiovascular Disease | ASCVD-Atherosclerotic Cardiovascular Disease | ASCVD | Atherosclerotic Cardiovascular Disease | Arteriosclerotic Vascular Disease | ASVD | Arteriosclerotic Vascular Disease (ASVD) | peripheral artery disease | peripheral artery disease (PAD) | Atherosclerosis  with leg ulceration |  ischemic ulcer |,b21c6f1f-7d49-5094-8606-d73488e98613,
85,I70,Atherosclerosis,Atherosclerosis,I70.25,Atherosclerosis of native arteries of other extremities with ulceration,I70 | I70.25 | Atherosclerosis | ASCVD (Atherosclerotic Cardiovascular Disease) | ASCVD Atherosclerotic Cardiovascular Disease | ASCVD-Atherosclerotic Cardiovascular Disease | ASCVD | Atherosclerotic Cardiovascular Disease | Arteriosclerotic Vascular Disease | ASVD | Arteriosclerotic Vascular Disease (ASVD) | peripheral artery disease | peripheral artery disease (PAD) | Atherosclerosis  with leg ulceration |  ischemic ulcer |,36d67940-c3a7-560f-bcdc-aa97d4c2e794,
355,I25,Ischemic Heart Disease,Chronic ischemic heart disease,I25.4,Coronary artery aneurysm and dissection,I25 |  I25.4 | Ischemic Heart Disease | Ischemic Heart Disease (IHD) | aneurysmal coronary artery disease (ACAD) | ,04ee63a6-1408-54ad-8f6e-86cdf1219df9,
92,I70,Atherosclerosis,Atherosclerosis,I70.29,Other atherosclerosis of native arteries of extremities,I70 | I70.29 | Atherosclerosis | ASCVD (Atherosclerotic Cardiovascular Disease) | ASCVD Atherosclerotic Cardiovascular Disease | ASCVD-Atherosclerotic Cardiovascular Disease | ASCVD | Atherosclerotic Cardiovascular Disease | Arteriosclerotic Vascular Disease | ASVD | Arteriosclerotic Vascular Disease (ASVD) | peripheral artery disease | peripheral artery disease (PAD) | ,e10c8747-a9c3-5ef2-ae49-e65b43d25dc2,
93,I70,Atherosclerosis,Atherosclerosis,I70.291,Other atherosclerosis of native arteries of extremities right leg,I70 | I70.291 | Atherosclerosis | ASCVD (Atherosclerotic Cardiovascular Disease) | ASCVD Atherosclerotic Cardiovascular Disease | ASCVD-Atherosclerotic Cardiovascular Disease | ASCVD | Atherosclerotic Cardiovascular Disease | Arteriosclerotic Vascular Disease | ASVD | Arteriosclerotic Vascular Disease (ASVD) | peripheral artery disease | peripheral artery disease (PAD) | ,236abb23-d9ba-5c7f-bd0a-ea28b94c5669,
94,I70,Atherosclerosis,Atherosclerosis,I70.292,Other atherosclerosis of native arteries of extremities left leg,I70 | I70.292 | Atherosclerosis | ASCVD (Atherosclerotic Cardiovascular Disease) | ASCVD Atherosclerotic Cardiovascular Disease | ASCVD-Atherosclerotic Cardiovascular Disease | ASCVD | Atherosclerotic Cardiovascular Disease | Arteriosclerotic Vascular Disease | ASVD | Arteriosclerotic Vascular Disease (ASVD) | peripheral artery disease | peripheral artery disease (PAD) | ,8f557647-c5d8-50f0-830d-0f23ace9e82c,
95,I70,Atherosclerosis,Atherosclerosis,I70.293,Other atherosclerosis of native arteries of extremities bilateral legs,I70 | I70.293 | Atherosclerosis | ASCVD (Atherosclerotic Cardiovascular Disease) | ASCVD Atherosclerotic Cardiovascular Disease | ASCVD-Atherosclerotic Cardiovascular Disease | ASCVD | Atherosclerotic Cardiovascular Disease | Arteriosclerotic Vascular Disease | ASVD | Arteriosclerotic Vascular Disease (ASVD) | peripheral artery disease | peripheral artery disease (PAD) | ,8500c097-1352-5022-b9c9-9c6d3bc143fa,
96,I70,Atherosclerosis,Atherosclerosis,I70.298,Other atherosclerosis of native arteries of extremities other extremity,I70 | I70.298 | Atherosclerosis | ASCVD (Atherosclerotic Cardiovascular Disease) | ASCVD Atherosclerotic Cardiovascular Disease | ASCVD-Atherosclerotic Cardiovascular Disease | ASCVD | Atherosclerotic Cardiovascular Disease | Arteriosclerotic Vascular Disease | ASVD | Arteriosclerotic Vascular Disease (ASVD) | peripheral artery disease | peripheral artery disease (PAD) | ,d9281986-b4d0-5e78-b55a-83586c3eecc1,
97,I70,Atherosclerosis,Atherosclerosis,I70.299,Other atherosclerosis of native arteries of extremities unspecified extremity,I70 | I70.299 | Atherosclerosis | ASCVD (Atherosclerotic Cardiovascular Disease) | ASCVD Atherosclerotic Cardiovascular Disease | ASCVD-Atherosclerotic Cardiovascular Disease | ASCVD | Atherosclerotic Cardiovascular Disease | Arteriosclerotic Vascular Disease | ASVD | Arteriosclerotic Vascular Disease (ASVD) | peripheral artery disease | peripheral artery disease (PAD) | ,3ffff896-0ade-5703-a561-c975c5f9dbbf,
98,I70,Atherosclerosis,Atherosclerosis,I70.3,Atherosclerosis of unspecified type of bypass graft(s) of the extremities,I70 | I70.3 | Atherosclerosis | ASCVD (Atherosclerotic Cardiovascular Disease) | ASCVD Atherosclerotic Cardiovascular Disease | ASCVD-Atherosclerotic Cardiovascular Disease | ASCVD | Atherosclerotic Cardiovascular Disease | Arteriosclerotic Vascular Disease | ASVD | Arteriosclerotic Vascular Disease (ASVD) | peripheral artery disease | peripheral artery disease (PAD) | ,6085a732-4e7b-596c-be2e-a0f4170d143a,
99,I70,Atherosclerosis,Atherosclerosis,I70.30,Unspecified atherosclerosis of unspecified type of bypass graft(s) of the extremities,I70 | I70.30 | Atherosclerosis | ASCVD (Atherosclerotic Cardiovascular Disease) | ASCVD Atherosclerotic Cardiovascular Disease | ASCVD-Atherosclerotic Cardiovascular Disease | ASCVD | Atherosclerotic Cardiovascular Disease | Arteriosclerotic Vascular Disease | ASVD | Arteriosclerotic Vascular Disease (ASVD) | peripheral artery disease | peripheral artery disease (PAD) | ,a3a1d169-1b94-56df-9ee9-a6c66790ad43,
356,I25,Ischemic Heart Disease,Chronic ischemic heart disease,I25.41,Coronary artery aneurysm,I25 |  I25.41 | Ischemic Heart Disease | Ischemic Heart Disease (IHD) | aneurysmal coronary artery disease (ACAD) | aneurysmal coronary artery disease | ACAD | coronary artery ectasia (CAE) | coronary artery ectasia | CAE |,796b0a8e-276c-5770-99a6-b543583b90bf,
100,I70,Atherosclerosis,Atherosclerosis,I70.301,Unspecified atherosclerosis of unspecified type of bypass graft(s) of the extremities right leg,I70 | I70.301 | Atherosclerosis | ASCVD (Atherosclerotic Cardiovascular Disease) | ASCVD Atherosclerotic Cardiovascular Disease | ASCVD-Atherosclerotic Cardiovascular Disease | ASCVD | Atherosclerotic Cardiovascular Disease | Arteriosclerotic Vascular Disease | ASVD | Arteriosclerotic Vascular Disease (ASVD) | peripheral artery disease | peripheral artery disease (PAD) | ,e142f9c5-02b0-5d6c-98a0-bc30ed74a53d,
364,I25,Ischemic Heart Disease,Chronic ischemic heart disease,I25.708,"Atherosclerosis of coronary artery bypass graft(s), unspecified, with other forms of angina pectoris",I25 |  I25.708 | Ischemic Heart Disease | Ischemic Heart Disease (IHD) | Atherosclerosis of CABG | CAD | Coronary Artery Disease |,ea86f1d5-76aa-5df4-bffa-2e7fdba0e965,
101,I70,Atherosclerosis,Atherosclerosis,I70.302,Unspecified atherosclerosis of unspecified type of bypass graft(s) of the extremities left leg,I70 | I70.302 | Atherosclerosis | ASCVD (Atherosclerotic Cardiovascular Disease) | ASCVD Atherosclerotic Cardiovascular Disease | ASCVD-Atherosclerotic Cardiovascular Disease | ASCVD | Atherosclerotic Cardiovascular Disease | Arteriosclerotic Vascular Disease | ASVD | Arteriosclerotic Vascular Disease (ASVD) | peripheral artery disease | peripheral artery disease (PAD) | ,8e1a163c-cd41-5c91-8f14-4636959cb767,
102,I70,Atherosclerosis,Atherosclerosis,I70.303,Unspecified atherosclerosis of unspecified type of bypass graft(s) of the extremities bilateral legs,I70 | I70.303 | Atherosclerosis | ASCVD (Atherosclerotic Cardiovascular Disease) | ASCVD Atherosclerotic Cardiovascular Disease | ASCVD-Atherosclerotic Cardiovascular Disease | ASCVD | Atherosclerotic Cardiovascular Disease | Arteriosclerotic Vascular Disease | ASVD | Arteriosclerotic Vascular Disease (ASVD) | peripheral artery disease | peripheral artery disease (PAD) | ,84ccc3fb-b6e0-5ab5-80f4-a39481dde2b7,
103,I70,Atherosclerosis,Atherosclerosis,I70.308,Unspecified atherosclerosis of unspecified type of bypass graft(s) of the extremities other extremity,I70 | I70.308 | Atherosclerosis | ASCVD (Atherosclerotic Cardiovascular Disease) | ASCVD Atherosclerotic Cardiovascular Disease | ASCVD-Atherosclerotic Cardiovascular Disease | ASCVD | Atherosclerotic Cardiovascular Disease | Arteriosclerotic Vascular Disease | ASVD | Arteriosclerotic Vascular Disease (ASVD) | peripheral artery disease | peripheral artery disease (PAD) | ,9940d7dc-2c64-5827-b59c-1ca0aaf72c9a,
104,I70,Atherosclerosis,Atherosclerosis,I70.309,Unspecified atherosclerosis of unspecified type of bypass graft(s) of the extremities unspecified extremity,I70 | I70.309 | Atherosclerosis | ASCVD (Atherosclerotic Cardiovascular Disease) | ASCVD Atherosclerotic Cardiovascular Disease | ASCVD-Atherosclerotic Cardiovascular Disease | ASCVD | Atherosclerotic Cardiovascular Disease | Arteriosclerotic Vascular Disease | ASVD | Arteriosclerotic Vascular Disease (ASVD) | peripheral artery disease | peripheral artery disease (PAD) | ,9d247c5b-da90-5d25-a903-9de38e027c53,
117,I70,Atherosclerosis,Atherosclerosis,I70.33,Atherosclerosis of unspecified type of bypass graft(s) of the right leg with ulceration,I70 | I70.33| Atherosclerosis | ASCVD (Atherosclerotic Cardiovascular Disease) | ASCVD Atherosclerotic Cardiovascular Disease | ASCVD-Atherosclerotic Cardiovascular Disease | ASCVD | Atherosclerotic Cardiovascular Disease | Arteriosclerotic Vascular Disease | ASVD | Arteriosclerotic Vascular Disease (ASVD) | peripheral artery disease | peripheral artery disease (PAD) | Peripheral vascular disease (PVD) | Peripheral vascular disease |  ischemic ulcer |,4410943d-8fee-50c4-8e2d-48442b7f0bc7,
118,I70,Atherosclerosis,Atherosclerosis,I70.331,Atherosclerosis of unspecified type of bypass graft(s) of the right leg with ulceration of thigh,I70 | I70.331| Atherosclerosis | ASCVD (Atherosclerotic Cardiovascular Disease) | ASCVD Atherosclerotic Cardiovascular Disease | ASCVD-Atherosclerotic Cardiovascular Disease | ASCVD | Atherosclerotic Cardiovascular Disease | Arteriosclerotic Vascular Disease | ASVD | Arteriosclerotic Vascular Disease (ASVD) | peripheral artery disease | peripheral artery disease (PAD) | Peripheral vascular disease (PVD) | Peripheral vascular disease |  ischemic ulcer |,52f40889-b5d9-5295-ba2a-4bb8df0dd296,
119,I70,Atherosclerosis,Atherosclerosis,I70.332,Atherosclerosis of unspecified type of bypass graft(s) of the right leg with ulceration of calf,I70 | I70.332| Atherosclerosis | ASCVD (Atherosclerotic Cardiovascular Disease) | ASCVD Atherosclerotic Cardiovascular Disease | ASCVD-Atherosclerotic Cardiovascular Disease | ASCVD | Atherosclerotic Cardiovascular Disease | Arteriosclerotic Vascular Disease | ASVD | Arteriosclerotic Vascular Disease (ASVD) | peripheral artery disease | peripheral artery disease (PAD) | Peripheral vascular disease (PVD) | Peripheral vascular disease |  ischemic ulcer |,6ceb5d15-8170-552e-81c7-0e18dfaf8682,
120,I70,Atherosclerosis,Atherosclerosis,I70.333,Atherosclerosis of unspecified type of bypass graft(s) of the right leg with ulceration of ankle,I70 | I70.333| Atherosclerosis | ASCVD (Atherosclerotic Cardiovascular Disease) | ASCVD Atherosclerotic Cardiovascular Disease | ASCVD-Atherosclerotic Cardiovascular Disease | ASCVD | Atherosclerotic Cardiovascular Disease | Arteriosclerotic Vascular Disease | ASVD | Arteriosclerotic Vascular Disease (ASVD) | peripheral artery disease | peripheral artery disease (PAD) | Peripheral vascular disease (PVD) | Peripheral vascular disease |  ischemic ulcer |,429ed453-c4af-54e8-894f-8e71f66ac2ce,
121,I70,Atherosclerosis,Atherosclerosis,I70.334,Atherosclerosis of unspecified type of bypass graft(s) of the right leg with ulceration of heel and midfoot,I70 | I70.334| Atherosclerosis | ASCVD (Atherosclerotic Cardiovascular Disease) | ASCVD Atherosclerotic Cardiovascular Disease | ASCVD-Atherosclerotic Cardiovascular Disease | ASCVD | Atherosclerotic Cardiovascular Disease | Arteriosclerotic Vascular Disease | ASVD | Arteriosclerotic Vascular Disease (ASVD) | peripheral artery disease | peripheral artery disease (PAD) | Peripheral vascular disease (PVD) | Peripheral vascular disease |  ischemic ulcer |,570e1a1d-081c-5efa-a04e-2d89bc732407,
122,I70,Atherosclerosis,Atherosclerosis,I70.335,Atherosclerosis of unspecified type of bypass graft(s) of the right leg with ulceration of other part of foot,I70 | I70.335| Atherosclerosis | ASCVD (Atherosclerotic Cardiovascular Disease) | ASCVD Atherosclerotic Cardiovascular Disease | ASCVD-Atherosclerotic Cardiovascular Disease | ASCVD | Atherosclerotic Cardiovascular Disease | Arteriosclerotic Vascular Disease | ASVD | Arteriosclerotic Vascular Disease (ASVD) | peripheral artery disease | peripheral artery disease (PAD) | Peripheral vascular disease (PVD) | Peripheral vascular disease |  ischemic ulcer |,a6688c7e-8908-581b-8030-076e5f03a02d,
123,I70,Atherosclerosis,Atherosclerosis,I70.338,Atherosclerosis of unspecified type of bypass graft(s) of the right leg with ulceration of other part of lower leg,I70 | I70.338| Atherosclerosis | ASCVD (Atherosclerotic Cardiovascular Disease) | ASCVD Atherosclerotic Cardiovascular Disease | ASCVD-Atherosclerotic Cardiovascular Disease | ASCVD | Atherosclerotic Cardiovascular Disease | Arteriosclerotic Vascular Disease | ASVD | Arteriosclerotic Vascular Disease (ASVD) | peripheral artery disease | peripheral artery disease (PAD) | Peripheral vascular disease (PVD) | Peripheral vascular disease |  ischemic ulcer |,867f59cd-4387-594a-971d-61daeeba84bf,
124,I70,Atherosclerosis,Atherosclerosis,I70.339,Atherosclerosis of unspecified type of bypass graft(s) of the right leg with ulceration of unspecified site,I70 | I70.339| Atherosclerosis | ASCVD (Atherosclerotic Cardiovascular Disease) | ASCVD Atherosclerotic Cardiovascular Disease | ASCVD-Atherosclerotic Cardiovascular Disease | ASCVD | Atherosclerotic Cardiovascular Disease | Arteriosclerotic Vascular Disease | ASVD | Arteriosclerotic Vascular Disease (ASVD) | peripheral artery disease | peripheral artery disease (PAD) | Peripheral vascular disease (PVD) | Peripheral vascular disease |  ischemic ulcer |,e68df6a1-102f-5dbd-a265-8d93c212f57c,
125,I70,Atherosclerosis,Atherosclerosis,I70.34,Atherosclerosis of unspecified type of bypass graft(s) of the left leg with ulceration,I70 | I70.34| Atherosclerosis | ASCVD (Atherosclerotic Cardiovascular Disease) | ASCVD Atherosclerotic Cardiovascular Disease | ASCVD-Atherosclerotic Cardiovascular Disease | ASCVD | Atherosclerotic Cardiovascular Disease | Arteriosclerotic Vascular Disease | ASVD | Arteriosclerotic Vascular Disease (ASVD) | peripheral artery disease | peripheral artery disease (PAD) | Peripheral vascular disease (PVD) | Peripheral vascular disease |  ischemic ulcer |,5cea04b2-a00c-5f38-bddc-1963486fce0c,
126,I70,Atherosclerosis,Atherosclerosis,I70.341,Atherosclerosis of unspecified type of bypass graft(s) of the left leg with ulceration of thigh,I70 | I70.341| Atherosclerosis | ASCVD (Atherosclerotic Cardiovascular Disease) | ASCVD Atherosclerotic Cardiovascular Disease | ASCVD-Atherosclerotic Cardiovascular Disease | ASCVD | Atherosclerotic Cardiovascular Disease | Arteriosclerotic Vascular Disease | ASVD | Arteriosclerotic Vascular Disease (ASVD) | peripheral artery disease | peripheral artery disease (PAD) | Peripheral vascular disease (PVD) | Peripheral vascular disease |  ischemic ulcer |,bc813ff2-5aa4-5c4d-8768-d75eeaa01345,
127,I70,Atherosclerosis,Atherosclerosis,I70.342,Atherosclerosis of unspecified type of bypass graft(s) of the left leg with ulceration of calf,I70 | I70.342| Atherosclerosis | ASCVD (Atherosclerotic Cardiovascular Disease) | ASCVD Atherosclerotic Cardiovascular Disease | ASCVD-Atherosclerotic Cardiovascular Disease | ASCVD | Atherosclerotic Cardiovascular Disease | Arteriosclerotic Vascular Disease | ASVD | Arteriosclerotic Vascular Disease (ASVD) | peripheral artery disease | peripheral artery disease (PAD) | Peripheral vascular disease (PVD) | Peripheral vascular disease |  ischemic ulcer |,7efac560-5b02-5805-a1d5-b3168ed53927,
128,I70,Atherosclerosis,Atherosclerosis,I70.343,Atherosclerosis of unspecified type of bypass graft(s) of the left leg with ulceration of ankle,I70 | I70.343| Atherosclerosis | ASCVD (Atherosclerotic Cardiovascular Disease) | ASCVD Atherosclerotic Cardiovascular Disease | ASCVD-Atherosclerotic Cardiovascular Disease | ASCVD | Atherosclerotic Cardiovascular Disease | Arteriosclerotic Vascular Disease | ASVD | Arteriosclerotic Vascular Disease (ASVD) | peripheral artery disease | peripheral artery disease (PAD) | Peripheral vascular disease (PVD) | Peripheral vascular disease |  ischemic ulcer |,952bba2e-7c42-58a6-8f61-d933ce01b996,
129,I70,Atherosclerosis,Atherosclerosis,I70.344,Atherosclerosis of unspecified type of bypass graft(s) of the left leg with ulceration of heel and midfoot,I70 | I70.344| Atherosclerosis | ASCVD (Atherosclerotic Cardiovascular Disease) | ASCVD Atherosclerotic Cardiovascular Disease | ASCVD-Atherosclerotic Cardiovascular Disease | ASCVD | Atherosclerotic Cardiovascular Disease | Arteriosclerotic Vascular Disease | ASVD | Arteriosclerotic Vascular Disease (ASVD) | peripheral artery disease | peripheral artery disease (PAD) | Peripheral vascular disease (PVD) | Peripheral vascular disease |  ischemic ulcer |,90e59ba2-792f-5734-abc0-76347a5e8a9b,
130,I70,Atherosclerosis,Atherosclerosis,I70.345,Atherosclerosis of unspecified type of bypass graft(s) of the left leg with ulceration of other part of foot,I70 | I70.345| Atherosclerosis | ASCVD (Atherosclerotic Cardiovascular Disease) | ASCVD Atherosclerotic Cardiovascular Disease | ASCVD-Atherosclerotic Cardiovascular Disease | ASCVD | Atherosclerotic Cardiovascular Disease | Arteriosclerotic Vascular Disease | ASVD | Arteriosclerotic Vascular Disease (ASVD) | peripheral artery disease | peripheral artery disease (PAD) | Peripheral vascular disease (PVD) | Peripheral vascular disease |  ischemic ulcer |,1284060a-3c69-547c-8373-0dc94ba35aea,
131,I70,Atherosclerosis,Atherosclerosis,I70.348,Atherosclerosis of unspecified type of bypass graft(s) of the left leg with ulceration of other part of lower leg,I70 | I70.348| Atherosclerosis | ASCVD (Atherosclerotic Cardiovascular Disease) | ASCVD Atherosclerotic Cardiovascular Disease | ASCVD-Atherosclerotic Cardiovascular Disease | ASCVD | Atherosclerotic Cardiovascular Disease | Arteriosclerotic Vascular Disease | ASVD | Arteriosclerotic Vascular Disease (ASVD) | peripheral artery disease | peripheral artery disease (PAD) | Peripheral vascular disease (PVD) | Peripheral vascular disease |  ischemic ulcer |,ff297131-2292-5d74-a81c-9bb2df6a04dc,
132,I70,Atherosclerosis,Atherosclerosis,I70.349,Atherosclerosis of unspecified type of bypass graft(s) of the left leg with ulceration of unspecified site,I70 | I70.349| Atherosclerosis | ASCVD (Atherosclerotic Cardiovascular Disease) | ASCVD Atherosclerotic Cardiovascular Disease | ASCVD-Atherosclerotic Cardiovascular Disease | ASCVD | Atherosclerotic Cardiovascular Disease | Arteriosclerotic Vascular Disease | ASVD | Arteriosclerotic Vascular Disease (ASVD) | peripheral artery disease | peripheral artery disease (PAD) | Peripheral vascular disease (PVD) | Peripheral vascular disease |  ischemic ulcer |,7d747f05-9d95-5b91-a173-79dbfb224ea7,
133,I70,Atherosclerosis,Atherosclerosis,I70.35,Atherosclerosis of unspecified type of bypass graft(s) of other extremity with ulceration,I70 | I70.35| Atherosclerosis | ASCVD (Atherosclerotic Cardiovascular Disease) | ASCVD Atherosclerotic Cardiovascular Disease | ASCVD-Atherosclerotic Cardiovascular Disease | ASCVD | Atherosclerotic Cardiovascular Disease | Arteriosclerotic Vascular Disease | ASVD | Arteriosclerotic Vascular Disease (ASVD) | peripheral artery disease | peripheral artery disease (PAD) | Peripheral vascular disease (PVD) | Peripheral vascular disease |  ischemic ulcer |,eaebe7a9-c20d-51d8-9c39-37ddcc55018e,
134,I70,Atherosclerosis,Atherosclerosis,I70.36,Atherosclerosis of unspecified type of bypass graft(s) of the extremities with gangrene,I70 | I70.36| Atherosclerosis | ASCVD (Atherosclerotic Cardiovascular Disease) | ASCVD Atherosclerotic Cardiovascular Disease | ASCVD-Atherosclerotic Cardiovascular Disease | ASCVD | Atherosclerotic Cardiovascular Disease | Arteriosclerotic Vascular Disease | ASVD | Arteriosclerotic Vascular Disease (ASVD) | peripheral artery disease | peripheral artery disease (PAD) | Peripheral vascular disease (PVD) | Peripheral vascular disease |  Atherosclerosis  with gangrene |,47197f44-8795-50ba-b0f6-8701fc299d66,
357,I25,Ischemic Heart Disease,Chronic ischemic heart disease,I25.42,Coronary artery dissection,I25 |  I25.42 | Ischemic Heart Disease | Ischemic Heart Disease (IHD) | Spontaneous Coronary Artery Dissection (SCAD) | Spontaneous Coronary Artery Dissection | SCAD |,7ab1b9e2-ed08-56fd-b958-f58939f54e75,
135,I70,Atherosclerosis,Atherosclerosis,I70.361,Atherosclerosis of unspecified type of bypass graft(s) of the extremities with gangrene right leg,I70 | I70.361| Atherosclerosis | ASCVD (Atherosclerotic Cardiovascular Disease) | ASCVD Atherosclerotic Cardiovascular Disease | ASCVD-Atherosclerotic Cardiovascular Disease | ASCVD | Atherosclerotic Cardiovascular Disease | Arteriosclerotic Vascular Disease | ASVD | Arteriosclerotic Vascular Disease (ASVD) | peripheral artery disease | peripheral artery disease (PAD) | Peripheral vascular disease (PVD) | Peripheral vascular disease |  Atherosclerosis  with gangrene |,0f3bfe48-da8b-5c40-9c02-1d012f437f52,
365,I25,Ischemic Heart Disease,Chronic ischemic heart disease,I25.709,"Atherosclerosis of coronary artery bypass graft(s), unspecified, with unspecified angina pectoris",I25 |  I25.709 | Ischemic Heart Disease | Ischemic Heart Disease (IHD) | Atherosclerosis of CABG | CAD | Coronary Artery Disease |,89e45188-9c3b-53d6-8448-3d5f9d82a6df,
136,I70,Atherosclerosis,Atherosclerosis,I70.362,Atherosclerosis of unspecified type of bypass graft(s) of the extremities with gangrene left leg,I70 | I70.362| Atherosclerosis | ASCVD (Atherosclerotic Cardiovascular Disease) | ASCVD Atherosclerotic Cardiovascular Disease | ASCVD-Atherosclerotic Cardiovascular Disease | ASCVD | Atherosclerotic Cardiovascular Disease | Arteriosclerotic Vascular Disease | ASVD | Arteriosclerotic Vascular Disease (ASVD) | peripheral artery disease | peripheral artery disease (PAD) | Peripheral vascular disease (PVD) | Peripheral vascular disease |  Atherosclerosis  with gangrene |,15ec210f-6abb-5f3b-801f-2e6d67e8ccf7,
137,I70,Atherosclerosis,Atherosclerosis,I70.363,Atherosclerosis of unspecified type of bypass graft(s) of the extremities with gangrene bilateral legs,I70 | I70.363| Atherosclerosis | ASCVD (Atherosclerotic Cardiovascular Disease) | ASCVD Atherosclerotic Cardiovascular Disease | ASCVD-Atherosclerotic Cardiovascular Disease | ASCVD | Atherosclerotic Cardiovascular Disease | Arteriosclerotic Vascular Disease | ASVD | Arteriosclerotic Vascular Disease (ASVD) | peripheral artery disease | peripheral artery disease (PAD) | Peripheral vascular disease (PVD) | Peripheral vascular disease |  Atherosclerosis  with gangrene |,ea2621cb-8a2c-5c54-84b1-4f719ee8e70d,
138,I70,Atherosclerosis,Atherosclerosis,I70.368,Atherosclerosis of unspecified type of bypass graft(s) of the extremities with gangrene other extremity,I70 | I70.368| Atherosclerosis | ASCVD (Atherosclerotic Cardiovascular Disease) | ASCVD Atherosclerotic Cardiovascular Disease | ASCVD-Atherosclerotic Cardiovascular Disease | ASCVD | Atherosclerotic Cardiovascular Disease | Arteriosclerotic Vascular Disease | ASVD | Arteriosclerotic Vascular Disease (ASVD) | peripheral artery disease | peripheral artery disease (PAD) | Peripheral vascular disease (PVD) | Peripheral vascular disease |  Atherosclerosis  with gangrene |,6c380586-51c8-5b35-99d8-b6361d75fe84,
139,I70,Atherosclerosis,Atherosclerosis,I70.369,Atherosclerosis of unspecified type of bypass graft(s) of the extremities with gangrene unspecified extremity,I70 | I70.369| Atherosclerosis | ASCVD (Atherosclerotic Cardiovascular Disease) | ASCVD Atherosclerotic Cardiovascular Disease | ASCVD-Atherosclerotic Cardiovascular Disease | ASCVD | Atherosclerotic Cardiovascular Disease | Arteriosclerotic Vascular Disease | ASVD | Arteriosclerotic Vascular Disease (ASVD) | peripheral artery disease | peripheral artery disease (PAD) | Peripheral vascular disease (PVD) | Peripheral vascular disease |  Atherosclerosis  with gangrene |,17d08278-a710-5987-bfbf-d37e9a803204,
140,I70,Atherosclerosis,Atherosclerosis,I70.39,Other atherosclerosis of unspecified type of bypass graft(s) of the extremities,I70 | I70.39| Atherosclerosis | ASCVD (Atherosclerotic Cardiovascular Disease) | ASCVD Atherosclerotic Cardiovascular Disease | ASCVD-Atherosclerotic Cardiovascular Disease | ASCVD | Atherosclerotic Cardiovascular Disease | Arteriosclerotic Vascular Disease | ASVD | Arteriosclerotic Vascular Disease (ASVD) | peripheral artery disease | peripheral artery disease (PAD) | Peripheral vascular disease (PVD) | Peripheral vascular disease |  ,be80fd61-1835-56a7-95ec-4f7fd72392b7,
141,I70,Atherosclerosis,Atherosclerosis,I70.391,Other atherosclerosis of unspecified type of bypass graft(s) of the extremities right leg,I70 | I70.391| Atherosclerosis | ASCVD (Atherosclerotic Cardiovascular Disease) | ASCVD Atherosclerotic Cardiovascular Disease | ASCVD-Atherosclerotic Cardiovascular Disease | ASCVD | Atherosclerotic Cardiovascular Disease | Arteriosclerotic Vascular Disease | ASVD | Arteriosclerotic Vascular Disease (ASVD) | peripheral artery disease | peripheral artery disease (PAD) | Peripheral vascular disease (PVD) | Peripheral vascular disease |  ischemic ulcer |,117ad648-1fb1-5e98-9751-707ffbdec9bd,
142,I70,Atherosclerosis,Atherosclerosis,I70.392,Other atherosclerosis of unspecified type of bypass graft(s) of the extremities left leg,I70 | I70.392| Atherosclerosis | ASCVD (Atherosclerotic Cardiovascular Disease) | ASCVD Atherosclerotic Cardiovascular Disease | ASCVD-Atherosclerotic Cardiovascular Disease | ASCVD | Atherosclerotic Cardiovascular Disease | Arteriosclerotic Vascular Disease | ASVD | Arteriosclerotic Vascular Disease (ASVD) | peripheral artery disease | peripheral artery disease (PAD) | Peripheral vascular disease (PVD) | Peripheral vascular disease |  ,5113ab65-2f57-568e-b3df-f7f1f5e2fa97,
143,I70,Atherosclerosis,Atherosclerosis,I70.393,Other atherosclerosis of unspecified type of bypass graft(s) of the extremities bilateral legs,I70 | I70.393| Atherosclerosis | ASCVD (Atherosclerotic Cardiovascular Disease) | ASCVD Atherosclerotic Cardiovascular Disease | ASCVD-Atherosclerotic Cardiovascular Disease | ASCVD | Atherosclerotic Cardiovascular Disease | Arteriosclerotic Vascular Disease | ASVD | Arteriosclerotic Vascular Disease (ASVD) | peripheral artery disease | peripheral artery disease (PAD) | Peripheral vascular disease (PVD) | Peripheral vascular disease |  ischemic ulcer |,30c30b58-becd-5cda-a3df-35b18d0cecf3,
144,I70,Atherosclerosis,Atherosclerosis,I70.398,Other atherosclerosis of unspecified type of bypass graft(s) of the extremities other extremity,I70 | I70.398| Atherosclerosis | ASCVD (Atherosclerotic Cardiovascular Disease) | ASCVD Atherosclerotic Cardiovascular Disease | ASCVD-Atherosclerotic Cardiovascular Disease | ASCVD | Atherosclerotic Cardiovascular Disease | Arteriosclerotic Vascular Disease | ASVD | Arteriosclerotic Vascular Disease (ASVD) | peripheral artery disease | peripheral artery disease (PAD) | Peripheral vascular disease (PVD) | Peripheral vascular disease |  ischemic ulcer |,c4746e38-d40d-553e-b22e-3771a19c814e,
145,I70,Atherosclerosis,Atherosclerosis,I70.399,Other atherosclerosis of unspecified type of bypass graft(s) of the extremities unspecified extremity,I70 | I70.399| Atherosclerosis | ASCVD (Atherosclerotic Cardiovascular Disease) | ASCVD Atherosclerotic Cardiovascular Disease | ASCVD-Atherosclerotic Cardiovascular Disease | ASCVD | Atherosclerotic Cardiovascular Disease | Arteriosclerotic Vascular Disease | ASVD | Arteriosclerotic Vascular Disease (ASVD) | peripheral artery disease | peripheral artery disease (PAD) | Peripheral vascular disease (PVD) | Peripheral vascular disease |  ischemic ulcer |,8ab83c6f-a8d8-54ec-87a3-157330dd4df6,
146,I70,Atherosclerosis,Atherosclerosis,I70.4,Atherosclerosis of autologous vein bypass graft(s) of the extremities,I70 | I70.4| Atherosclerosis | ASCVD (Atherosclerotic Cardiovascular Disease) | ASCVD Atherosclerotic Cardiovascular Disease | ASCVD-Atherosclerotic Cardiovascular Disease | ASCVD | Atherosclerotic Cardiovascular Disease | Arteriosclerotic Vascular Disease | ASVD | Arteriosclerotic Vascular Disease (ASVD) | peripheral artery disease | peripheral artery disease (PAD) | Peripheral vascular disease (PVD) | Peripheral vascular disease | ,57eddd7e-eaf6-5663-b515-077efbd166b6,
358,I25,Ischemic Heart Disease,Chronic ischemic heart disease,I25.5,Ischemic cardiomyopathy,I25 |  I25.5 | Ischemic Heart Disease | Ischemic Heart Disease (IHD) | coronary artery disease (CAD) | coronary artery disease | CAD |,036032f3-a5e3-500e-85a9-413b6f82259a,
159,I70,Atherosclerosis,Atherosclerosis,I70.42,Atherosclerosis of autologous vein bypass graft(s) of the extremities with rest pain,I70 | I70.42| Atherosclerosis | ASCVD (Atherosclerotic Cardiovascular Disease) | ASCVD Atherosclerotic Cardiovascular Disease | ASCVD-Atherosclerotic Cardiovascular Disease | ASCVD | Atherosclerotic Cardiovascular Disease | Arteriosclerotic Vascular Disease | ASVD | Arteriosclerotic Vascular Disease (ASVD) | peripheral artery disease | peripheral artery disease (PAD) | Peripheral vascular disease (PVD) | Peripheral vascular disease | ,78b34593-abb8-53a4-9e98-954f275cc25a,
366,I25,Ischemic Heart Disease,Chronic ischemic heart disease,I25.71,Atherosclerosis of autologous vein coronary artery bypass graft(s) with angina pectoris,I25 |  I25.71 | Ischemic Heart Disease | Ischemic Heart Disease (IHD) | Atherosclerosis of CABG with angina pectoris| CAD | Coronary Artery Disease | Atherosclerosis of autologous vein coronary artery bypass graft with angina pectoris |,aaa6702f-a8b4-575a-a44b-d24120ced4f8,
160,I70,Atherosclerosis,Atherosclerosis,I70.421,Atherosclerosis of autologous vein bypass graft(s) of the extremities with rest pain right leg,I70 | I70.421| Atherosclerosis | ASCVD (Atherosclerotic Cardiovascular Disease) | ASCVD Atherosclerotic Cardiovascular Disease | ASCVD-Atherosclerotic Cardiovascular Disease | ASCVD | Atherosclerotic Cardiovascular Disease | Arteriosclerotic Vascular Disease | ASVD | Arteriosclerotic Vascular Disease (ASVD) | peripheral artery disease | peripheral artery disease (PAD) | Peripheral vascular disease (PVD) | Peripheral vascular disease | ,75633fda-35ba-5695-ae99-30863ec6ef74,
161,I70,Atherosclerosis,Atherosclerosis,I70.422,Atherosclerosis of autologous vein bypass graft(s) of the extremities with rest pain left leg,I70 | I70.422 | Atherosclerosis | ASCVD (Atherosclerotic Cardiovascular Disease) | ASCVD Atherosclerotic Cardiovascular Disease | ASCVD-Atherosclerotic Cardiovascular Disease | ASCVD | Atherosclerotic Cardiovascular Disease | Arteriosclerotic Vascular Disease | ASVD | Arteriosclerotic Vascular Disease (ASVD) | peripheral artery disease | peripheral artery disease (PAD) | Peripheral vascular disease (PVD) | Peripheral vascular disease | ,bb952d36-fa34-5238-aa89-c54d3195bb24,
162,I70,Atherosclerosis,Atherosclerosis,I70.423,Atherosclerosis of autologous vein bypass graft(s) of the extremities with rest pain bilateral legs,I70 | I70.423 | Atherosclerosis | ASCVD (Atherosclerotic Cardiovascular Disease) | ASCVD Atherosclerotic Cardiovascular Disease | ASCVD-Atherosclerotic Cardiovascular Disease | ASCVD | Atherosclerotic Cardiovascular Disease | Arteriosclerotic Vascular Disease | ASVD | Arteriosclerotic Vascular Disease (ASVD) | peripheral artery disease | peripheral artery disease (PAD) | Peripheral vascular disease (PVD) | Peripheral vascular disease | ,eea48091-d21f-51ac-89af-71d60a16b440,
163,I70,Atherosclerosis,Atherosclerosis,I70.428,Atherosclerosis of autologous vein bypass graft(s) of the extremities with rest pain other extremity,I70 | I70.428 | Atherosclerosis | ASCVD (Atherosclerotic Cardiovascular Disease) | ASCVD Atherosclerotic Cardiovascular Disease | ASCVD-Atherosclerotic Cardiovascular Disease | ASCVD | Atherosclerotic Cardiovascular Disease | Arteriosclerotic Vascular Disease | ASVD | Arteriosclerotic Vascular Disease (ASVD) | peripheral artery disease | peripheral artery disease (PAD) | Peripheral vascular disease (PVD) | Peripheral vascular disease | ,0cdd702d-6f22-57b2-a674-3a39f71e632f,
164,I70,Atherosclerosis,Atherosclerosis,I70.429,Atherosclerosis of autologous vein bypass graft(s) of the extremities with rest pain unspecified extremity,I70 | I70.429 | Atherosclerosis | ASCVD (Atherosclerotic Cardiovascular Disease) | ASCVD Atherosclerotic Cardiovascular Disease | ASCVD-Atherosclerotic Cardiovascular Disease | ASCVD | Atherosclerotic Cardiovascular Disease | Arteriosclerotic Vascular Disease | ASVD | Arteriosclerotic Vascular Disease (ASVD) | peripheral artery disease | peripheral artery disease (PAD) | Peripheral vascular disease (PVD) | Peripheral vascular disease | ,d18d227a-f67b-5c4c-b6d8-b71165dc3554,
359,I25,Ischemic Heart Disease,Chronic ischemic heart disease,I25.6,Silent myocardial ischemia,I25 |  I25.6 | Ischemic Heart Disease | Ischemic Heart Disease (IHD) | coronary artery disease (CAD) | coronary artery disease | CAD | silent heart attack | silent MI | unrecognized myocardial infarction | cardiac ischemia |,cf025c0d-d093-5656-bba4-88034282e7d1,
391,I25,Ischemic Heart Disease,Chronic ischemic heart disease,I25.760,Atherosclerosis of bypass graft of coronary artery of transplanted heart with unstable angina,I25 |  I25.760 | Ischemic Heart Disease | Ischemic Heart Disease (IHD) | Atherosclerosis of CABG with unstable angina | CAD | Coronary Artery Disease | ,1c02b0c4-5db0-5393-92a0-9e7124200fce,
397,I25,Ischemic Heart Disease,Chronic ischemic heart disease,I25.790,Atherosclerosis of other coronary artery bypass graft(s) with unstable angina pectoris,I25 |  I25.790 | Ischemic Heart Disease | Ischemic Heart Disease (IHD) | Atherosclerosis of CABG with unstable angina | CAD | Coronary Artery Disease | ,69072987-765c-5eda-98ab-09694479f4a6,
207,I70,Atherosclerosis,Atherosclerosis,I70.52,Atherosclerosis of nonautologous biological bypass graft(s) of the extremities with rest pain,I70 | I70.52 | Atherosclerosis | ASCVD (Atherosclerotic Cardiovascular Disease) | ASCVD Atherosclerotic Cardiovascular Disease | ASCVD-Atherosclerotic Cardiovascular Disease | ASCVD | Atherosclerotic Cardiovascular Disease | Arteriosclerotic Vascular Disease | ASVD | Arteriosclerotic Vascular Disease (ASVD) | peripheral artery disease | peripheral artery disease (PAD) | Peripheral vascular disease (PVD) | Peripheral vascular disease | Non autologous vein bypass graft | ,fa6ce841-1c0b-5bc1-8eb4-41c3546f27cc,
208,I70,Atherosclerosis,Atherosclerosis,I70.521,Atherosclerosis of nonautologous biological bypass graft(s) of the extremities with rest pain right leg,I70 | I70.521 | Atherosclerosis | ASCVD (Atherosclerotic Cardiovascular Disease) | ASCVD Atherosclerotic Cardiovascular Disease | ASCVD-Atherosclerotic Cardiovascular Disease | ASCVD | Atherosclerotic Cardiovascular Disease | Arteriosclerotic Vascular Disease | ASVD | Arteriosclerotic Vascular Disease (ASVD) | peripheral artery disease | peripheral artery disease (PAD) | Peripheral vascular disease (PVD) | Peripheral vascular disease | Non autologous vein bypass graft | ,89a5b8fb-9ec0-5469-84bd-fdde02740e00,
209,I70,Atherosclerosis,Atherosclerosis,I70.522,Atherosclerosis of nonautologous biological bypass graft(s) of the extremities with rest pain left leg,I70 | I70.522 | Atherosclerosis | ASCVD (Atherosclerotic Cardiovascular Disease) | ASCVD Atherosclerotic Cardiovascular Disease | ASCVD-Atherosclerotic Cardiovascular Disease | ASCVD | Atherosclerotic Cardiovascular Disease | Arteriosclerotic Vascular Disease | ASVD | Arteriosclerotic Vascular Disease (ASVD) | peripheral artery disease | peripheral artery disease (PAD) | Peripheral vascular disease (PVD) | Peripheral vascular disease | Non autologous vein bypass graft | ,3948ea01-4f9c-5874-80ce-e472579b0b9c,
210,I70,Atherosclerosis,Atherosclerosis,I70.523,Atherosclerosis of nonautologous biological bypass graft(s) of the extremities with rest pain bilateral legs,I70 | I70.523 | Atherosclerosis | ASCVD (Atherosclerotic Cardiovascular Disease) | ASCVD Atherosclerotic Cardiovascular Disease | ASCVD-Atherosclerotic Cardiovascular Disease | ASCVD | Atherosclerotic Cardiovascular Disease | Arteriosclerotic Vascular Disease | ASVD | Arteriosclerotic Vascular Disease (ASVD) | peripheral artery disease | peripheral artery disease (PAD) | Peripheral vascular disease (PVD) | Peripheral vascular disease | Non autologous vein bypass graft | ,eb7e19be-6cf6-552b-9199-f0a5e3113555,
211,I70,Atherosclerosis,Atherosclerosis,I70.528,Atherosclerosis of nonautologous biological bypass graft(s) of the extremities with rest pain other extremity,I70 | I70.528 | Atherosclerosis | ASCVD (Atherosclerotic Cardiovascular Disease) | ASCVD Atherosclerotic Cardiovascular Disease | ASCVD-Atherosclerotic Cardiovascular Disease | ASCVD | Atherosclerotic Cardiovascular Disease | Arteriosclerotic Vascular Disease | ASVD | Arteriosclerotic Vascular Disease (ASVD) | peripheral artery disease | peripheral artery disease (PAD) | Peripheral vascular disease (PVD) | Peripheral vascular disease | Non autologous vein bypass graft | ,e846f7b6-cccd-562d-bda3-cb050e1b6353,
212,I70,Atherosclerosis,Atherosclerosis,I70.529,Atherosclerosis of nonautologous biological bypass graft(s) of the extremities with rest pain unspecified extremity,I70 | I70.529 | Atherosclerosis | ASCVD (Atherosclerotic Cardiovascular Disease) | ASCVD Atherosclerotic Cardiovascular Disease | ASCVD-Atherosclerotic Cardiovascular Disease | ASCVD | Atherosclerotic Cardiovascular Disease | Arteriosclerotic Vascular Disease | ASVD | Arteriosclerotic Vascular Disease (ASVD) | peripheral artery disease | peripheral artery disease (PAD) | Peripheral vascular disease (PVD) | Peripheral vascular disease | Non autologous vein bypass graft | ,b3874386-3bf8-536e-9fb3-28f1d461d46e,
392,I25,Ischemic Heart Disease,Chronic ischemic heart disease,I25.761,Atherosclerosis of bypass graft of coronary artery of transplanted heart with angina pectoris with documented spasm,I25 |  I25.761 | Ischemic Heart Disease | Ischemic Heart Disease (IHD) | Atherosclerosis of CABG with angina | CAD | Coronary Artery Disease | ,6db5970b-af05-566d-836f-f20c2f7132b4,
486,I63,ischemic stroke,Cerebral infarction,I63.339,Cerebral infarction due to thrombosis of unspecified posterior cerebral artery,I63 | I63.339 | ischemic stroke | Cerebral infarction | thrombotic ischemic stroke  | thrombotic stroke |,bb926cfa-7978-5c29-9960-1ce97373f2b5,
393,I25,Ischemic Heart Disease,Chronic ischemic heart disease,I25.762,Atherosclerosis of bypass graft of coronary artery of transplanted heart with refractory angina pectoris,I25 |  I25.762 | Ischemic Heart Disease | Ischemic Heart Disease (IHD) | Atherosclerosis of CABG with stable angina | CAD | Coronary Artery Disease | ,8bbf959a-0e06-520e-9971-00b53aafad1a,
394,I25,Ischemic Heart Disease,Chronic ischemic heart disease,I25.768,Atherosclerosis of bypass graft of coronary artery of transplanted heart with other forms of angina pectoris,I25 |  I25.768 | Ischemic Heart Disease | Ischemic Heart Disease (IHD) | Atherosclerosis of CABG with unstable angina | CAD | Coronary Artery Disease | ,55ed41f8-ba1c-50ac-b704-56f31054c459,
261,I70,Atherosclerosis,Atherosclerosis,I70.63,Atherosclerosis of nonbiological bypass graft(s) of the right leg with ulceration,I70 | I70.63 | Atherosclerosis | ASCVD (Atherosclerotic Cardiovascular Disease) | ASCVD Atherosclerotic Cardiovascular Disease | ASCVD-Atherosclerotic Cardiovascular Disease | ASCVD | Atherosclerotic Cardiovascular Disease | Arteriosclerotic Vascular Disease | ASVD | Arteriosclerotic Vascular Disease (ASVD) | peripheral artery disease | peripheral artery disease (PAD) | Peripheral vascular disease (PVD) | Peripheral vascular disease | Atherosclerosis of nonbiological bypass graft | Atherosclerosis  with ulceration |,6973bf97-a844-5ca3-83a6-27495f465341,
262,I70,Atherosclerosis,Atherosclerosis,I70.631,Atherosclerosis of nonbiological bypass graft(s) of the right leg with ulceration of thigh,I70 | I70.631 | Atherosclerosis | ASCVD (Atherosclerotic Cardiovascular Disease) | ASCVD Atherosclerotic Cardiovascular Disease | ASCVD-Atherosclerotic Cardiovascular Disease | ASCVD | Atherosclerotic Cardiovascular Disease | Arteriosclerotic Vascular Disease | ASVD | Arteriosclerotic Vascular Disease (ASVD) | peripheral artery disease | peripheral artery disease (PAD) | Peripheral vascular disease (PVD) | Peripheral vascular disease | Atherosclerosis of nonbiological bypass graft | Atherosclerosis  with ulceration |,c850558f-21b3-59a6-a72a-b15ba893747c,
263,I70,Atherosclerosis,Atherosclerosis,I70.632,Atherosclerosis of nonbiological bypass graft(s) of the right leg with ulceration of calf,I70 | I70.632 | Atherosclerosis | ASCVD (Atherosclerotic Cardiovascular Disease) | ASCVD Atherosclerotic Cardiovascular Disease | ASCVD-Atherosclerotic Cardiovascular Disease | ASCVD | Atherosclerotic Cardiovascular Disease | Arteriosclerotic Vascular Disease | ASVD | Arteriosclerotic Vascular Disease (ASVD) | peripheral artery disease | peripheral artery disease (PAD) | Peripheral vascular disease (PVD) | Peripheral vascular disease | Atherosclerosis of nonbiological bypass graft | Atherosclerosis  with ulceration |,5361bb6f-f3c0-55e4-ab9c-6f54079a2ea5,
264,I70,Atherosclerosis,Atherosclerosis,I70.633,Atherosclerosis of nonbiological bypass graft(s) of the right leg with ulceration of ankle,I70 | I70.633 | Atherosclerosis | ASCVD (Atherosclerotic Cardiovascular Disease) | ASCVD Atherosclerotic Cardiovascular Disease | ASCVD-Atherosclerotic Cardiovascular Disease | ASCVD | Atherosclerotic Cardiovascular Disease | Arteriosclerotic Vascular Disease | ASVD | Arteriosclerotic Vascular Disease (ASVD) | peripheral artery disease | peripheral artery disease (PAD) | Peripheral vascular disease (PVD) | Peripheral vascular disease | Atherosclerosis of nonbiological bypass graft | Atherosclerosis  with ulceration |,09cae0f3-9670-5faa-9747-83fb44862325,
265,I70,Atherosclerosis,Atherosclerosis,I70.634,Atherosclerosis of nonbiological bypass graft(s) of the right leg with ulceration of heel and midfoot,I70 | I70.634 | Atherosclerosis | ASCVD (Atherosclerotic Cardiovascular Disease) | ASCVD Atherosclerotic Cardiovascular Disease | ASCVD-Atherosclerotic Cardiovascular Disease | ASCVD | Atherosclerotic Cardiovascular Disease | Arteriosclerotic Vascular Disease | ASVD | Arteriosclerotic Vascular Disease (ASVD) | peripheral artery disease | peripheral artery disease (PAD) | Peripheral vascular disease (PVD) | Peripheral vascular disease | Atherosclerosis of nonbiological bypass graft | Atherosclerosis  with ulceration |,5adb9505-1b7f-5c6f-bfb9-2541b5f603db,
266,I70,Atherosclerosis,Atherosclerosis,I70.635,Atherosclerosis of nonbiological bypass graft(s) of the right leg with ulceration of other part of foot,I70 | I70.635 | Atherosclerosis | ASCVD (Atherosclerotic Cardiovascular Disease) | ASCVD Atherosclerotic Cardiovascular Disease | ASCVD-Atherosclerotic Cardiovascular Disease | ASCVD | Atherosclerotic Cardiovascular Disease | Arteriosclerotic Vascular Disease | ASVD | Arteriosclerotic Vascular Disease (ASVD) | peripheral artery disease | peripheral artery disease (PAD) | Peripheral vascular disease (PVD) | Peripheral vascular disease | Atherosclerosis of nonbiological bypass graft | Atherosclerosis  with ulceration |,75034a66-834b-5c4c-a70b-0a1c608eb25b,
267,I70,Atherosclerosis,Atherosclerosis,I70.638,Atherosclerosis of nonbiological bypass graft(s) of the right leg with ulceration of other part of lower leg,I70 | I70.638 | Atherosclerosis | ASCVD (Atherosclerotic Cardiovascular Disease) | ASCVD Atherosclerotic Cardiovascular Disease | ASCVD-Atherosclerotic Cardiovascular Disease | ASCVD | Atherosclerotic Cardiovascular Disease | Arteriosclerotic Vascular Disease | ASVD | Arteriosclerotic Vascular Disease (ASVD) | peripheral artery disease | peripheral artery disease (PAD) | Peripheral vascular disease (PVD) | Peripheral vascular disease | Atherosclerosis of nonbiological bypass graft | Atherosclerosis  with ulceration |,8e62d5b8-52fe-591a-8026-a61eaa52a03b,
268,I70,Atherosclerosis,Atherosclerosis,I70.639,Atherosclerosis of nonbiological bypass graft(s) of the right leg with ulceration of unspecified site,I70 | I70.639 | Atherosclerosis | ASCVD (Atherosclerotic Cardiovascular Disease) | ASCVD Atherosclerotic Cardiovascular Disease | ASCVD-Atherosclerotic Cardiovascular Disease | ASCVD | Atherosclerotic Cardiovascular Disease | Arteriosclerotic Vascular Disease | ASVD | Arteriosclerotic Vascular Disease (ASVD) | peripheral artery disease | peripheral artery disease (PAD) | Peripheral vascular disease (PVD) | Peripheral vascular disease | Atherosclerosis of nonbiological bypass graft | Atherosclerosis  with ulceration |,340cdc42-cfc8-5e51-a151-fdce3d7f0714,
269,I70,Atherosclerosis,Atherosclerosis,I70.64,Atherosclerosis of nonbiological bypass graft(s) of the left leg with ulceration,I70 | I70.64 | Atherosclerosis | ASCVD (Atherosclerotic Cardiovascular Disease) | ASCVD Atherosclerotic Cardiovascular Disease | ASCVD-Atherosclerotic Cardiovascular Disease | ASCVD | Atherosclerotic Cardiovascular Disease | Arteriosclerotic Vascular Disease | ASVD | Arteriosclerotic Vascular Disease (ASVD) | peripheral artery disease | peripheral artery disease (PAD) | Peripheral vascular disease (PVD) | Peripheral vascular disease | Atherosclerosis of nonbiological bypass graft | Atherosclerosis  with ulceration |,f87fa323-c809-5337-8cb6-29ef0006f42d,
270,I70,Atherosclerosis,Atherosclerosis,I70.641,Atherosclerosis of nonbiological bypass graft(s) of the left leg with ulceration of thigh,I70 | I70.641 | Atherosclerosis | ASCVD (Atherosclerotic Cardiovascular Disease) | ASCVD Atherosclerotic Cardiovascular Disease | ASCVD-Atherosclerotic Cardiovascular Disease | ASCVD | Atherosclerotic Cardiovascular Disease | Arteriosclerotic Vascular Disease | ASVD | Arteriosclerotic Vascular Disease (ASVD) | peripheral artery disease | peripheral artery disease (PAD) | Peripheral vascular disease (PVD) | Peripheral vascular disease | Atherosclerosis of nonbiological bypass graft | Atherosclerosis  with ulceration |,4949ef6a-03ee-5d0e-a3fc-ee33114272e4,
271,I70,Atherosclerosis,Atherosclerosis,I70.642,Atherosclerosis of nonbiological bypass graft(s) of the left leg with ulceration of calf,I70 | I70.642 | Atherosclerosis | ASCVD (Atherosclerotic Cardiovascular Disease) | ASCVD Atherosclerotic Cardiovascular Disease | ASCVD-Atherosclerotic Cardiovascular Disease | ASCVD | Atherosclerotic Cardiovascular Disease | Arteriosclerotic Vascular Disease | ASVD | Arteriosclerotic Vascular Disease (ASVD) | peripheral artery disease | peripheral artery disease (PAD) | Peripheral vascular disease (PVD) | Peripheral vascular disease | Atherosclerosis of nonbiological bypass graft | Atherosclerosis  with ulceration |,8962ab94-7b5a-5374-9cc6-ddc4bba13727,
272,I70,Atherosclerosis,Atherosclerosis,I70.643,Atherosclerosis of nonbiological bypass graft(s) of the left leg with ulceration of ankle,I70 | I70.643 | Atherosclerosis | ASCVD (Atherosclerotic Cardiovascular Disease) | ASCVD Atherosclerotic Cardiovascular Disease | ASCVD-Atherosclerotic Cardiovascular Disease | ASCVD | Atherosclerotic Cardiovascular Disease | Arteriosclerotic Vascular Disease | ASVD | Arteriosclerotic Vascular Disease (ASVD) | peripheral artery disease | peripheral artery disease (PAD) | Peripheral vascular disease (PVD) | Peripheral vascular disease | Atherosclerosis of nonbiological bypass graft | Atherosclerosis  with ulceration |,bc14e32d-19b7-5f3f-97d5-1c171372559e,
273,I70,Atherosclerosis,Atherosclerosis,I70.644,Atherosclerosis of nonbiological bypass graft(s) of the left leg with ulceration of heel and midfoot,I70 | I70.644 | Atherosclerosis | ASCVD (Atherosclerotic Cardiovascular Disease) | ASCVD Atherosclerotic Cardiovascular Disease | ASCVD-Atherosclerotic Cardiovascular Disease | ASCVD | Atherosclerotic Cardiovascular Disease | Arteriosclerotic Vascular Disease | ASVD | Arteriosclerotic Vascular Disease (ASVD) | peripheral artery disease | peripheral artery disease (PAD) | Peripheral vascular disease (PVD) | Peripheral vascular disease | Atherosclerosis of nonbiological bypass graft | Atherosclerosis  with ulceration |,d55d05d1-d706-5ddf-9cf2-09a408c99533,
274,I70,Atherosclerosis,Atherosclerosis,I70.645,Atherosclerosis of nonbiological bypass graft(s) of the left leg with ulceration of other part of foot,I70 | I70.645 | Atherosclerosis | ASCVD (Atherosclerotic Cardiovascular Disease) | ASCVD Atherosclerotic Cardiovascular Disease | ASCVD-Atherosclerotic Cardiovascular Disease | ASCVD | Atherosclerotic Cardiovascular Disease | Arteriosclerotic Vascular Disease | ASVD | Arteriosclerotic Vascular Disease (ASVD) | peripheral artery disease | peripheral artery disease (PAD) | Peripheral vascular disease (PVD) | Peripheral vascular disease | Atherosclerosis of nonbiological bypass graft | Atherosclerosis  with ulceration |,6602c0d5-2ab8-5211-ada6-9d3691032ab3,
275,I70,Atherosclerosis,Atherosclerosis,I70.648,Atherosclerosis of nonbiological bypass graft(s) of the left leg with ulceration of other part of lower leg,I70 | I70.648 | Atherosclerosis | ASCVD (Atherosclerotic Cardiovascular Disease) | ASCVD Atherosclerotic Cardiovascular Disease | ASCVD-Atherosclerotic Cardiovascular Disease | ASCVD | Atherosclerotic Cardiovascular Disease | Arteriosclerotic Vascular Disease | ASVD | Arteriosclerotic Vascular Disease (ASVD) | peripheral artery disease | peripheral artery disease (PAD) | Peripheral vascular disease (PVD) | Peripheral vascular disease | Atherosclerosis of nonbiological bypass graft | Atherosclerosis  with ulceration |,fecf0e73-f55e-590a-bb48-ffce05a17719,
276,I70,Atherosclerosis,Atherosclerosis,I70.649,Atherosclerosis of nonbiological bypass graft(s) of the left leg with ulceration of unspecified site,I70 | I70.649 | Atherosclerosis | ASCVD (Atherosclerotic Cardiovascular Disease) | ASCVD Atherosclerotic Cardiovascular Disease | ASCVD-Atherosclerotic Cardiovascular Disease | ASCVD | Atherosclerotic Cardiovascular Disease | Arteriosclerotic Vascular Disease | ASVD | Arteriosclerotic Vascular Disease (ASVD) | peripheral artery disease | peripheral artery disease (PAD) | Peripheral vascular disease (PVD) | Peripheral vascular disease | Atherosclerosis of nonbiological bypass graft | Atherosclerosis  with ulceration |,840e6f15-b72b-53f8-8591-c11c1ed782ea,
277,I70,Atherosclerosis,Atherosclerosis,I70.65,Atherosclerosis of nonbiological bypass graft(s) of other extremity with ulceration,I70 | I70.65 | Atherosclerosis | ASCVD (Atherosclerotic Cardiovascular Disease) | ASCVD Atherosclerotic Cardiovascular Disease | ASCVD-Atherosclerotic Cardiovascular Disease | ASCVD | Atherosclerotic Cardiovascular Disease | Arteriosclerotic Vascular Disease | ASVD | Arteriosclerotic Vascular Disease (ASVD) | peripheral artery disease | peripheral artery disease (PAD) | Peripheral vascular disease (PVD) | Peripheral vascular disease | Atherosclerosis of nonbiological bypass graft | Atherosclerosis  with ulceration |,5e1650be-135f-534f-97e0-ba21f452b856,
278,I70,Atherosclerosis,Atherosclerosis,I70.66,Atherosclerosis of nonbiological bypass graft(s) of the extremities with gangrene,I70 | I70.66 | Atherosclerosis | ASCVD (Atherosclerotic Cardiovascular Disease) | ASCVD Atherosclerotic Cardiovascular Disease | ASCVD-Atherosclerotic Cardiovascular Disease | ASCVD | Atherosclerotic Cardiovascular Disease | Arteriosclerotic Vascular Disease | ASVD | Arteriosclerotic Vascular Disease (ASVD) | peripheral artery disease | peripheral artery disease (PAD) | Peripheral vascular disease (PVD) | Peripheral vascular disease | Atherosclerosis of nonbiological bypass graft | Atherosclerosis  with gangrene |,728338d5-d080-5e54-903a-f5a590d3d3e8,
279,I70,Atherosclerosis,Atherosclerosis,I70.661,Atherosclerosis of nonbiological bypass graft(s) of the extremities with gangrene right leg,I70 | I70.661 | Atherosclerosis | ASCVD (Atherosclerotic Cardiovascular Disease) | ASCVD Atherosclerotic Cardiovascular Disease | ASCVD-Atherosclerotic Cardiovascular Disease | ASCVD | Atherosclerotic Cardiovascular Disease | Arteriosclerotic Vascular Disease | ASVD | Arteriosclerotic Vascular Disease (ASVD) | peripheral artery disease | peripheral artery disease (PAD) | Peripheral vascular disease (PVD) | Peripheral vascular disease | Atherosclerosis of nonbiological bypass graft | Atherosclerosis  with gangrene |,60c223a9-d006-5ee0-a540-fb87ee8a815d,
280,I70,Atherosclerosis,Atherosclerosis,I70.662,Atherosclerosis of nonbiological bypass graft(s) of the extremities with gangrene left leg,I70 | I70.662 | Atherosclerosis | ASCVD (Atherosclerotic Cardiovascular Disease) | ASCVD Atherosclerotic Cardiovascular Disease | ASCVD-Atherosclerotic Cardiovascular Disease | ASCVD | Atherosclerotic Cardiovascular Disease | Arteriosclerotic Vascular Disease | ASVD | Arteriosclerotic Vascular Disease (ASVD) | peripheral artery disease | peripheral artery disease (PAD) | Peripheral vascular disease (PVD) | Peripheral vascular disease | Atherosclerosis of nonbiological bypass graft | Atherosclerosis  with gangrene |,efc7078b-3623-5648-be67-1035fb783932,
281,I70,Atherosclerosis,Atherosclerosis,I70.663,Atherosclerosis of nonbiological bypass graft(s) of the extremities with gangrene bilateral legs,I70 | I70.663 | Atherosclerosis | ASCVD (Atherosclerotic Cardiovascular Disease) | ASCVD Atherosclerotic Cardiovascular Disease | ASCVD-Atherosclerotic Cardiovascular Disease | ASCVD | Atherosclerotic Cardiovascular Disease | Arteriosclerotic Vascular Disease | ASVD | Arteriosclerotic Vascular Disease (ASVD) | peripheral artery disease | peripheral artery disease (PAD) | Peripheral vascular disease (PVD) | Peripheral vascular disease | Atherosclerosis of nonbiological bypass graft | Atherosclerosis  with gangrene |,7ba373a8-161f-5f8a-a499-2bc2b580f3a7,
282,I70,Atherosclerosis,Atherosclerosis,I70.668,Atherosclerosis of nonbiological bypass graft(s) of the extremities with gangrene other extremity,I70 | I70.668 | Atherosclerosis | ASCVD (Atherosclerotic Cardiovascular Disease) | ASCVD Atherosclerotic Cardiovascular Disease | ASCVD-Atherosclerotic Cardiovascular Disease | ASCVD | Atherosclerotic Cardiovascular Disease | Arteriosclerotic Vascular Disease | ASVD | Arteriosclerotic Vascular Disease (ASVD) | peripheral artery disease | peripheral artery disease (PAD) | Peripheral vascular disease (PVD) | Peripheral vascular disease | Atherosclerosis of nonbiological bypass graft | Atherosclerosis  with gangrene |,e6da08e9-c459-5e13-876b-6077bbe6836d,
283,I70,Atherosclerosis,Atherosclerosis,I70.669,Atherosclerosis of nonbiological bypass graft(s) of the extremities with gangrene unspecified extremity,I70 | I70.669 | Atherosclerosis | ASCVD (Atherosclerotic Cardiovascular Disease) | ASCVD Atherosclerotic Cardiovascular Disease | ASCVD-Atherosclerotic Cardiovascular Disease | ASCVD | Atherosclerotic Cardiovascular Disease | Arteriosclerotic Vascular Disease | ASVD | Arteriosclerotic Vascular Disease (ASVD) | peripheral artery disease | peripheral artery disease (PAD) | Peripheral vascular disease (PVD) | Peripheral vascular disease | Atherosclerosis of nonbiological bypass graft | Atherosclerosis  with gangrene |,62d21ab7-1e40-5733-9d2f-2a32f75618b8,
284,I70,Atherosclerosis,Atherosclerosis,I70.69,Other atherosclerosis of nonbiological bypass graft(s) of the extremities,I70 | I70.69 | Atherosclerosis | ASCVD (Atherosclerotic Cardiovascular Disease) | ASCVD Atherosclerotic Cardiovascular Disease | ASCVD-Atherosclerotic Cardiovascular Disease | ASCVD | Atherosclerotic Cardiovascular Disease | Arteriosclerotic Vascular Disease | ASVD | Arteriosclerotic Vascular Disease (ASVD) | peripheral artery disease | peripheral artery disease (PAD) | Peripheral vascular disease (PVD) | Peripheral vascular disease | Atherosclerosis of nonbiological bypass graft | ,c11e9216-ad6c-57ae-aec9-1df6b0080ac6,
285,I70,Atherosclerosis,Atherosclerosis,I70.691,Other atherosclerosis of nonbiological bypass graft(s) of the extremities right leg,I70 | I70.691 | Atherosclerosis | ASCVD (Atherosclerotic Cardiovascular Disease) | ASCVD Atherosclerotic Cardiovascular Disease | ASCVD-Atherosclerotic Cardiovascular Disease | ASCVD | Atherosclerotic Cardiovascular Disease | Arteriosclerotic Vascular Disease | ASVD | Arteriosclerotic Vascular Disease (ASVD) | peripheral artery disease | peripheral artery disease (PAD) | Peripheral vascular disease (PVD) | Peripheral vascular disease | Atherosclerosis of nonbiological bypass graft | ,7933dab4-c912-5fe6-adf3-0a3f6edc1b44,
286,I70,Atherosclerosis,Atherosclerosis,I70.692,Other atherosclerosis of nonbiological bypass graft(s) of the extremities left leg,I70 | I70.692 | Atherosclerosis | ASCVD (Atherosclerotic Cardiovascular Disease) | ASCVD Atherosclerotic Cardiovascular Disease | ASCVD-Atherosclerotic Cardiovascular Disease | ASCVD | Atherosclerotic Cardiovascular Disease | Arteriosclerotic Vascular Disease | ASVD | Arteriosclerotic Vascular Disease (ASVD) | peripheral artery disease | peripheral artery disease (PAD) | Peripheral vascular disease (PVD) | Peripheral vascular disease | Atherosclerosis of nonbiological bypass graft | ,f4a163d9-f706-5a85-ae1f-173a9f67a06f,
287,I70,Atherosclerosis,Atherosclerosis,I70.693,Other atherosclerosis of nonbiological bypass graft(s) of the extremities bilateral legs,I70 | I70.693 | Atherosclerosis | ASCVD (Atherosclerotic Cardiovascular Disease) | ASCVD Atherosclerotic Cardiovascular Disease | ASCVD-Atherosclerotic Cardiovascular Disease | ASCVD | Atherosclerotic Cardiovascular Disease | Arteriosclerotic Vascular Disease | ASVD | Arteriosclerotic Vascular Disease (ASVD) | peripheral artery disease | peripheral artery disease (PAD) | Peripheral vascular disease (PVD) | Peripheral vascular disease | Atherosclerosis of nonbiological bypass graft | ,7ae8799b-85b3-5c19-8d07-9e74c76dc634,
288,I70,Atherosclerosis,Atherosclerosis,I70.698,Other atherosclerosis of nonbiological bypass graft(s) of the extremities other extremity,I70 | I70.698 | Atherosclerosis | ASCVD (Atherosclerotic Cardiovascular Disease) | ASCVD Atherosclerotic Cardiovascular Disease | ASCVD-Atherosclerotic Cardiovascular Disease | ASCVD | Atherosclerotic Cardiovascular Disease | Arteriosclerotic Vascular Disease | ASVD | Arteriosclerotic Vascular Disease (ASVD) | peripheral artery disease | peripheral artery disease (PAD) | Peripheral vascular disease (PVD) | Peripheral vascular disease | Atherosclerosis of nonbiological bypass graft | ,7557893e-1913-5279-adc4-d0d4917facae,
289,I70,Atherosclerosis,Atherosclerosis,I70.699,Other atherosclerosis of nonbiological bypass graft(s) of the extremities unspecified extremity,I70 | I70.699 | Atherosclerosis | ASCVD (Atherosclerotic Cardiovascular Disease) | ASCVD Atherosclerotic Cardiovascular Disease | ASCVD-Atherosclerotic Cardiovascular Disease | ASCVD | Atherosclerotic Cardiovascular Disease | Arteriosclerotic Vascular Disease | ASVD | Arteriosclerotic Vascular Disease (ASVD) | peripheral artery disease | peripheral artery disease (PAD) | Peripheral vascular disease (PVD) | Peripheral vascular disease | Atherosclerosis of nonbiological bypass graft | ,17d3e4c0-5220-57ca-b33e-d4bd2e7ffa0e,
367,I25,Ischemic Heart Disease,Chronic ischemic heart disease,I25.710,Atherosclerosis of autologous vein coronary artery bypass graft(s) with unstable angina pectoris,I25 |  I25.710 | Ischemic Heart Disease | Ischemic Heart Disease (IHD) | Atherosclerosis of CABG with unstable angina | CAD | Coronary Artery Disease | Atherosclerosis of autologous vein coronary artery bypass graft with unstable angina |,ed9c65ab-ea8b-573b-b453-350f7e426f9a,
303,I70,Atherosclerosis,Atherosclerosis,I70.72,Atherosclerosis of other type of bypass graft(s) of the extremities with rest pain,I70 | I70.72 | Atherosclerosis | ASCVD (Atherosclerotic Cardiovascular Disease) | ASCVD Atherosclerotic Cardiovascular Disease | ASCVD-Atherosclerotic Cardiovascular Disease | ASCVD | Atherosclerotic Cardiovascular Disease | Arteriosclerotic Vascular Disease | ASVD | Arteriosclerotic Vascular Disease (ASVD) | peripheral artery disease | peripheral artery disease (PAD) | Peripheral vascular disease (PVD) | Peripheral vascular disease | Atherosclerosis of bypass graft | ,fdc4ab04-c51e-57d5-a5f2-5e4e09fd4958,
368,I25,Ischemic Heart Disease,Chronic ischemic heart disease,I25.711,Atherosclerosis of autologous vein coronary artery bypass graft(s) with angina pectoris with documented spasm,I25 |  I25.711 | Ischemic Heart Disease | Ischemic Heart Disease (IHD) | Atherosclerosis of CABG with unstable angina | CAD | Coronary Artery Disease | Atherosclerosis of autologous vein coronary artery bypass graft with  angina |,e8ba5cf4-d497-54d7-86c9-18fdf78161c1,
304,I70,Atherosclerosis,Atherosclerosis,I70.721,Atherosclerosis of other type of bypass graft(s) of the extremities with rest pain right leg,I70 | I70.721 | Atherosclerosis | ASCVD (Atherosclerotic Cardiovascular Disease) | ASCVD Atherosclerotic Cardiovascular Disease | ASCVD-Atherosclerotic Cardiovascular Disease | ASCVD | Atherosclerotic Cardiovascular Disease | Arteriosclerotic Vascular Disease | ASVD | Arteriosclerotic Vascular Disease (ASVD) | peripheral artery disease | peripheral artery disease (PAD) | Peripheral vascular disease (PVD) | Peripheral vascular disease | Atherosclerosis of bypass graft | ,4de24e97-8745-59e4-b55d-ad6c097878f6,
305,I70,Atherosclerosis,Atherosclerosis,I70.722,Atherosclerosis of other type of bypass graft(s) of the extremities with rest pain left leg,I70 | I70.722 | Atherosclerosis | ASCVD (Atherosclerotic Cardiovascular Disease) | ASCVD Atherosclerotic Cardiovascular Disease | ASCVD-Atherosclerotic Cardiovascular Disease | ASCVD | Atherosclerotic Cardiovascular Disease | Arteriosclerotic Vascular Disease | ASVD | Arteriosclerotic Vascular Disease (ASVD) | peripheral artery disease | peripheral artery disease (PAD) | Peripheral vascular disease (PVD) | Peripheral vascular disease | Atherosclerosis of bypass graft | ,648e2939-d059-5ca3-86d5-a9b110dc49fd,
306,I70,Atherosclerosis,Atherosclerosis,I70.723,Atherosclerosis of other type of bypass graft(s) of the extremities with rest pain bilateral legs,I70 | I70.723 | Atherosclerosis | ASCVD (Atherosclerotic Cardiovascular Disease) | ASCVD Atherosclerotic Cardiovascular Disease | ASCVD-Atherosclerotic Cardiovascular Disease | ASCVD | Atherosclerotic Cardiovascular Disease | Arteriosclerotic Vascular Disease | ASVD | Arteriosclerotic Vascular Disease (ASVD) | peripheral artery disease | peripheral artery disease (PAD) | Peripheral vascular disease (PVD) | Peripheral vascular disease | Atherosclerosis of bypass graft | ,eff914a1-48d2-56bd-b4d7-073b22685e21,
307,I70,Atherosclerosis,Atherosclerosis,I70.728,Atherosclerosis of other type of bypass graft(s) of the extremities with rest pain other extremity,I70 | I70.728 | Atherosclerosis | ASCVD (Atherosclerotic Cardiovascular Disease) | ASCVD Atherosclerotic Cardiovascular Disease | ASCVD-Atherosclerotic Cardiovascular Disease | ASCVD | Atherosclerotic Cardiovascular Disease | Arteriosclerotic Vascular Disease | ASVD | Arteriosclerotic Vascular Disease (ASVD) | peripheral artery disease | peripheral artery disease (PAD) | Peripheral vascular disease (PVD) | Peripheral vascular disease | Atherosclerosis of bypass graft | ,364c3564-e408-5d8d-8f9e-58b2c02781ff,
308,I70,Atherosclerosis,Atherosclerosis,I70.729,Atherosclerosis of other type of bypass graft(s) of the extremities with rest pain unspecified extremity,I70 | I70.729 | Atherosclerosis | ASCVD (Atherosclerotic Cardiovascular Disease) | ASCVD Atherosclerotic Cardiovascular Disease | ASCVD-Atherosclerotic Cardiovascular Disease | ASCVD | Atherosclerotic Cardiovascular Disease | Arteriosclerotic Vascular Disease | ASVD | Arteriosclerotic Vascular Disease (ASVD) | peripheral artery disease | peripheral artery disease (PAD) | Peripheral vascular disease (PVD) | Peripheral vascular disease | Atherosclerosis of bypass graft | ,f8b7033b-8d1a-5549-98b5-e8fc7d657411,
352,I25,Ischemic Heart Disease,Chronic ischemic heart disease,I25.119,Atherosclerotic heart disease of native coronary artery with unspecified angina pectoris,I25 |  I25.119 | Ischemic Heart Disease | Coronary Artety Disease | CAD | Coronary Heart Disease (CHD) | Coronary Artery Disease (CAD) | Coronary Heart Disease | Ischemic Heart Disease (IHD) |,a392c83c-fb33-53b1-b574-ed80f68fe043,
420,I74,Arterial embolism and thrombosis,Arterial embolism and thrombosis,I74.19,Embolism and thrombosis of other parts of aorta,I74 | I74.19 |Arterial embolism and thrombosis | Arterial embolism | Arterial  thrombosis | Embolism of  aorta | thrombosis of aorta |,9554d514-1795-5ff5-9255-1e716030c3ff,
353,I25,Ischemic Heart Disease,Chronic ischemic heart disease,I25.2,Old myocardial infarction,I25 |  I25.2 | Ischemic Heart Disease | Ischemic Heart Disease (IHD) | past myocardial infarction | healed myocardial infarction |,c294d14b-72ef-5ab1-bc8b-7e2fac1fccba,
369,I25,Ischemic Heart Disease,Chronic ischemic heart disease,I25.712,Atherosclerosis of autologous vein coronary artery bypass graft(s) with refractory angina pectoris,I25 |  I25.712 | Ischemic Heart Disease | Ischemic Heart Disease (IHD) | Atherosclerosis of CABG with unstable angina | CAD | Coronary Artery Disease | Atherosclerosis of autologous vein coronary artery bypass graft with  angina |,7ae6c693-2cdf-5044-a01b-0d01ec2ca674,
354,I25,Ischemic Heart Disease,Chronic ischemic heart disease,I25.3,Aneurysm of heart,I25 |  I25.3 | Ischemic Heart Disease | Ischemic Heart Disease (IHD) | Aneurysm of heart | thoracic aortic aneurysm | TAA | ascending aortic aneurysm | Descending aortic aneurysm |,af9fa068-8b3e-560c-84ab-232ffde1dd1d,
390,I25,Ischemic Heart Disease,Chronic ischemic heart disease,I25.76,Atherosclerosis of bypass graft of coronary artery of transplanted heart with angina pectoris,I25 |  I25.76 | Ischemic Heart Disease | Ischemic Heart Disease (IHD) | Atherosclerosis of CABG with angina | CAD | Coronary Artery Disease | ,292cb780-1bdb-5a1c-8dc0-f9c7f4787958,
341,I70,Atherosclerosis,Atherosclerosis,I70.91,Generalized atherosclerosis,I70 | I70.91 | Atherosclerosis | ASCVD (Atherosclerotic Cardiovascular Disease) | ASCVD Atherosclerotic Cardiovascular Disease | ASCVD-Atherosclerotic Cardiovascular Disease | ASCVD | Atherosclerotic Cardiovascular Disease | Arteriosclerotic Vascular Disease | ASVD | Arteriosclerotic Vascular Disease (ASVD) | peripheral artery disease | peripheral artery disease (PAD) | Peripheral vascular disease (PVD) | Peripheral vascular disease | unspecified atherosclerosis |  carotid artery disease |,859569ff-2911-54e3-8f66-f34e1ab3591a,
342,I70,Atherosclerosis,Atherosclerosis,I70.92,Chronic total occlusion of artery of the extremities,I70 | I70.92 | Atherosclerosis | ASCVD (Atherosclerotic Cardiovascular Disease) | ASCVD Atherosclerotic Cardiovascular Disease | ASCVD-Atherosclerotic Cardiovascular Disease | ASCVD | Atherosclerotic Cardiovascular Disease | Arteriosclerotic Vascular Disease | ASVD | Arteriosclerotic Vascular Disease (ASVD) | peripheral artery disease | peripheral artery disease (PAD) | Peripheral vascular disease (PVD) | Peripheral vascular disease | unspecified atherosclerosis |  carotid artery disease | Chronic total occlusion (CTO) of an extremity artery |,42ff59ef-d11e-529d-905f-3486b26994be,
344,I25,Ischemic Heart Disease,Chronic ischemic heart disease,,,I25 |  Ischemic Heart Disease | Coronary Artety Disease | CAD |,62ebf1f1-bbb0-5612-bad3-e14e7cb38069,
345,I25,Ischemic Heart Disease,Chronic ischemic heart disease,I25.1,Atherosclerotic heart disease of native coronary artery,I25 |  I25.1 | Ischemic Heart Disease | Coronary Artety Disease | CAD |,3a8a95a7-5a21-5384-8470-c9d8620b8d31,
346,I25,Ischemic Heart Disease,Chronic ischemic heart disease,I25.10,Atherosclerotic heart disease of native coronary artery without angina pectoris,I25 |  I25.10 | Ischemic Heart Disease | Coronary Artety Disease | CAD | silent coronary artery disease | silent ischemia |,1bae3c7a-bc27-50bf-8381-63cb93452d59,
347,I25,Ischemic Heart Disease,Chronic ischemic heart disease,I25.11,Atherosclerotic heart disease of native coronary artery with angina pectoris,I25 |  I25.11 | Ischemic Heart Disease | Coronary Artety Disease | CAD | Coronary Heart Disease (CHD) | Coronary Artery Disease (CAD) |,f4e80321-c4bb-5c31-8964-dc84759b7105,
348,I25,Ischemic Heart Disease,Chronic ischemic heart disease,I25.110,Atherosclerotic heart disease of native coronary artery with unstable angina pectoris,I25 |  I25.110 | Ischemic Heart Disease | Coronary Artety Disease | CAD | Coronary Heart Disease (CHD) | Coronary Artery Disease (CAD) | Acute Coronary Syndrome (ACS) | Acute Coronary Syndrome | Unstable Angina |,e0f343e3-6191-556d-b689-43bdc16bb15f,
349,I25,Ischemic Heart Disease,Chronic ischemic heart disease,I25.111,Atherosclerotic heart disease of native coronary artery with angina pectoris with documented spasm,I25 |  I25.111 | Ischemic Heart Disease | Coronary Artety Disease | CAD | Coronary Heart Disease (CHD) | Coronary Artery Disease (CAD) | Acute Coronary Syndrome (ACS) | Acute Coronary Syndrome | Stable Angina |,b91ebae5-c16e-506e-8b51-2587aa6a741a,
350,I25,Ischemic Heart Disease,Chronic ischemic heart disease,I25.112,Atherosclerotic heart disease of native coronary artery with refractory angina pectoris,I25 |  I25.112 | Ischemic Heart Disease | Coronary Artety Disease | CAD | Coronary Heart Disease (CHD) | Coronary Artery Disease (CAD) | Coronary Heart Disease |,429937dc-8846-5310-a45b-a5b4e8f80746,
351,I25,Ischemic Heart Disease,Chronic ischemic heart disease,I25.118,Atherosclerotic heart disease of native coronary artery with other forms of angina pectoris,I25 |  I25.118 | Ischemic Heart Disease | Coronary Artety Disease | CAD | Coronary Heart Disease (CHD) | Coronary Artery Disease (CAD) | Coronary Heart Disease | Ischemic Heart Disease (IHD) |,45f66039-be39-54df-a08b-e7fdabcd4e7e,
360,I25,Ischemic Heart Disease,Chronic ischemic heart disease,I25.7,Atherosclerosis of coronary artery bypass graft(s) and coronary artery of transplanted heart with angina pectoris,I25 |  I25.7 | Ischemic Heart Disease | Ischemic Heart Disease (IHD) | Transplant-Associated Coronary Arteriosclerosis | Transplant Associated Coronary Arteriosclerosis | CAD | Coronary Artery Disease | Atherosclerosis of coronary artery bypass graft(s) and coronary artery of transplanted heart with angina pectoris |  Atherosclerosis of coronary artery bypass graft |  Atherosclerosis of CABG | coronary artery of transplanted heart with angina pectoris |,f8a9cf3d-ef80-59a7-a4ee-cba85de0f1a5,
361,I25,Ischemic Heart Disease,Chronic ischemic heart disease,I25.700,"Atherosclerosis of coronary artery bypass graft(s), unspecified, with unstable angina pectoris",I25 |  I25.700 | Ischemic Heart Disease | Ischemic Heart Disease (IHD) | Atherosclerosis of CABG | CAD | Coronary Artery Disease |,bedccae9-61c5-5c9c-a86b-41bef1886342,
370,I25,Ischemic Heart Disease,Chronic ischemic heart disease,I25.718,Atherosclerosis of autologous vein coronary artery bypass graft(s) with other forms of angina pectoris,I25 |  I25.718 | Ischemic Heart Disease | Ischemic Heart Disease (IHD) | Atherosclerosis of CABG with unstable angina | CAD | Coronary Artery Disease | Atherosclerosis of autologous vein coronary artery bypass graft with  angina |,20231d89-8d77-53fc-8e74-d94f99b38a38,
371,I25,Ischemic Heart Disease,Chronic ischemic heart disease,I25.719,Atherosclerosis of autologous vein coronary artery bypass graft(s) with unspecified angina pectoris,I25 |  I25.719 | Ischemic Heart Disease | Ischemic Heart Disease (IHD) | Atherosclerosis of CABG with unstable angina | CAD | Coronary Artery Disease | Atherosclerosis of autologous vein coronary artery bypass graft with  angina |,04265952-12e7-59c7-86f5-6c751d1db142,
372,I25,Ischemic Heart Disease,Chronic ischemic heart disease,I25.72,Atherosclerosis of autologous artery coronary artery bypass graft(s) with angina pectoris,I25 |  I25.72| Ischemic Heart Disease | Ischemic Heart Disease (IHD) | Atherosclerosis of CABG with unstable angina | CAD | Coronary Artery Disease | Atherosclerosis of autologous vein coronary artery bypass graft with  angina |,67034128-d59c-5116-badd-0571c6c67563,
373,I25,Ischemic Heart Disease,Chronic ischemic heart disease,I25.720,Atherosclerosis of autologous artery coronary artery bypass graft(s) with unstable angina pectoris,I25 |  I25.720 | Ischemic Heart Disease | Ischemic Heart Disease (IHD) | Atherosclerosis of CABG with unstable angina | CAD | Coronary Artery Disease | Atherosclerosis of autologous vein coronary artery bypass graft with  unstable angina |,5a7bc4c5-2f60-5c89-bb57-9b390acce201,
374,I25,Ischemic Heart Disease,Chronic ischemic heart disease,I25.721,Atherosclerosis of autologous artery coronary artery bypass graft(s) with angina pectoris with documented spasm,I25 |  I25.721 | Ischemic Heart Disease | Ischemic Heart Disease (IHD) | Atherosclerosis of CABG with unstable angina | CAD | Coronary Artery Disease | Atherosclerosis of autologous vein coronary artery bypass graft with  unstable angina |,4cd38be2-46d6-5783-b5a2-d977e2850327,
375,I25,Ischemic Heart Disease,Chronic ischemic heart disease,I25.722,Atherosclerosis of autologous artery coronary artery bypass graft(s) with refractory angina pectoris,I25 |  I25.722 | Ischemic Heart Disease | Ischemic Heart Disease (IHD) | Atherosclerosis of CABG with unstable angina | CAD | Coronary Artery Disease | Atherosclerosis of autologous vein coronary artery bypass graft with  refractory angina |,13ac5c3f-2273-53cb-a826-c4b00036400c,
376,I25,Ischemic Heart Disease,Chronic ischemic heart disease,I25.728,Atherosclerosis of autologous artery coronary artery bypass graft(s) with other forms of angina pectoris,I25 |  I25.728 | Ischemic Heart Disease | Ischemic Heart Disease (IHD) | Atherosclerosis of CABG with unstable angina | CAD | Coronary Artery Disease | Atherosclerosis of autologous vein coronary artery bypass graft with  other angina |,f0c63a2e-e6c5-510f-b933-5ff6e2de564e,
377,I25,Ischemic Heart Disease,Chronic ischemic heart disease,I25.729,Atherosclerosis of autologous artery coronary artery bypass graft(s) with unspecified angina pectoris,I25 |  I25.729 | Ischemic Heart Disease | Ischemic Heart Disease (IHD) | Atherosclerosis of CABG with unstable angina | CAD | Coronary Artery Disease | Atherosclerosis of autologous vein coronary artery bypass graft with  other angina |,c99046a8-44b9-58dd-a0e3-b04f3aad143f,
378,I25,Ischemic Heart Disease,Chronic ischemic heart disease,I25.73,Atherosclerosis of nonautologous biological coronary artery bypass graft(s) with angina pectoris,I25 |  I25.73 | Ischemic Heart Disease | Ischemic Heart Disease (IHD) | Atherosclerosis of CABG with angina | CAD | Coronary Artery Disease | ,a37bddb8-d825-5edb-99a7-b20aa523898e,
379,I25,Ischemic Heart Disease,Chronic ischemic heart disease,I25.730,Atherosclerosis of nonautologous biological coronary artery bypass graft(s) with unstable angina pectoris,I25 |  I25.730 | Ischemic Heart Disease | Ischemic Heart Disease (IHD) | Atherosclerosis of CABG with angina | CAD | Coronary Artery Disease | ,aae9127e-f94f-5eb8-a170-e9e064145d7f,
380,I25,Ischemic Heart Disease,Chronic ischemic heart disease,I25.731,Atherosclerosis of nonautologous biological coronary artery bypass graft(s) with angina pectoris with documented spasm,I25 |  I25.731 | Ischemic Heart Disease | Ischemic Heart Disease (IHD) | Atherosclerosis of CABG with angina | CAD | Coronary Artery Disease | ,67f34f11-4d78-595e-954a-ab7958ae9937,
381,I25,Ischemic Heart Disease,Chronic ischemic heart disease,I25.732,Atherosclerosis of nonautologous biological coronary artery bypass graft(s) with refractory angina pectoris,I25 |  I25.732 | Ischemic Heart Disease | Ischemic Heart Disease (IHD) | Atherosclerosis of CABG with angina | CAD | Coronary Artery Disease | ,080d584f-279a-5455-a009-d13f267c7aba,
382,I25,Ischemic Heart Disease,Chronic ischemic heart disease,I25.738,Atherosclerosis of nonautologous biological coronary artery bypass graft(s) with other forms of angina pectoris,I25 |  I25.738 | Ischemic Heart Disease | Ischemic Heart Disease (IHD) | Atherosclerosis of CABG with angina | CAD | Coronary Artery Disease | ,a30824e7-a95e-5190-b308-d05f60e0caf6,
383,I25,Ischemic Heart Disease,Chronic ischemic heart disease,I25.739,Atherosclerosis of nonautologous biological coronary artery bypass graft(s) with unspecified angina pectoris,I25 |  I25.739 | Ischemic Heart Disease | Ischemic Heart Disease (IHD) | Atherosclerosis of CABG with angina | CAD | Coronary Artery Disease | ,79fac3e6-b8bf-5797-aeee-64029693f562,
384,I25,Ischemic Heart Disease,Chronic ischemic heart disease,I25.75,Atherosclerosis of native coronary artery of transplanted heart with angina pectoris,I25 |  I25.75 | Ischemic Heart Disease | Ischemic Heart Disease (IHD) | Atherosclerosis of CABG with stable angina | CAD | Coronary Artery Disease | ,298641cf-12b0-5dc3-900c-3332a2a52719,
385,I25,Ischemic Heart Disease,Chronic ischemic heart disease,I25.750,Atherosclerosis of native coronary artery of transplanted heart with unstable angina,I25 |  I25.750 | Ischemic Heart Disease | Ischemic Heart Disease (IHD) | Atherosclerosis of CABG with unstable angina | CAD | Coronary Artery Disease | ,1bc59c6d-173a-55e2-8853-618c1dc3b525,
386,I25,Ischemic Heart Disease,Chronic ischemic heart disease,I25.751,Atherosclerosis of native coronary artery of transplanted heart with angina pectoris with documented spasm,I25 |  I25.751 | Ischemic Heart Disease | Ischemic Heart Disease (IHD) | Atherosclerosis of CABG with angina | CAD | Coronary Artery Disease | ,f9ff2234-7ba6-5d73-857e-dc86ec5db043,
387,I25,Ischemic Heart Disease,Chronic ischemic heart disease,I25.752,Atherosclerosis of native coronary artery of transplanted heart with refractory angina pectoris,I25 |  I25.752 | Ischemic Heart Disease | Ischemic Heart Disease (IHD) | Atherosclerosis of CABG with angina | CAD | Coronary Artery Disease | ,800165e6-83f8-5fb6-aea3-dd315d2d276f,
388,I25,Ischemic Heart Disease,Chronic ischemic heart disease,I25.758,Atherosclerosis of native coronary artery of transplanted heart with other forms of angina pectoris,I25 |  I25.758 | Ischemic Heart Disease | Ischemic Heart Disease (IHD) | Atherosclerosis of CABG with angina | CAD | Coronary Artery Disease | ,d6420d34-2eb1-54fb-9798-b86f9d898c24,
389,I25,Ischemic Heart Disease,Chronic ischemic heart disease,I25.759,Atherosclerosis of native coronary artery of transplanted heart with unspecified angina pectoris,I25 |  I25.759 | Ischemic Heart Disease | Ischemic Heart Disease (IHD) | Atherosclerosis of CABG with  angina | CAD | Coronary Artery Disease | ,8b673e38-31e3-5d71-ae86-e9bcadc2561c,
395,I25,Ischemic Heart Disease,Chronic ischemic heart disease,I25.769,Atherosclerosis of bypass graft of coronary artery of transplanted heart with unspecified angina pectoris,I25 |  I25.769 | Ischemic Heart Disease | Ischemic Heart Disease (IHD) | Atherosclerosis of CABG with unstable angina | CAD | Coronary Artery Disease | ,ca8656f6-4885-5fcd-a104-47a181653a19,
396,I25,Ischemic Heart Disease,Chronic ischemic heart disease,I25.79,Atherosclerosis of other coronary artery bypass graft(s) with angina pectoris,I25 |  I25.79 | Ischemic Heart Disease | Ischemic Heart Disease (IHD) | Atherosclerosis of CABG with angina | CAD | Coronary Artery Disease | ,b2dcc57d-8617-5320-947f-74495dce92f1,
398,I25,Ischemic Heart Disease,Chronic ischemic heart disease,I25.791,Atherosclerosis of other coronary artery bypass graft(s) with angina pectoris with documented spasm,I25 |  I25.791 | Ischemic Heart Disease | Ischemic Heart Disease (IHD) | Atherosclerosis of CABG with angina | CAD | Coronary Artery Disease | ,5a2274b5-efe2-541d-bbbf-bf3c748704c4,
426,I74,Arterial embolism and thrombosis,Arterial embolism and thrombosis,I74.9,Embolism and thrombosis of unspecified artery,I74 | I74.9 |Arterial embolism and thrombosis | Arterial embolism | Arterial  thrombosis | ,07d5a8c2-4ffe-5fc6-afb5-0b3e8daa64a5,
400,I25,Ischemic Heart Disease,Chronic ischemic heart disease,I25.798,Atherosclerosis of other coronary artery bypass graft(s) with other forms of angina pectoris,I25 |  I25.798 | Ischemic Heart Disease | Ischemic Heart Disease (IHD) | Atherosclerosis of CABG with angina | CAD | Coronary Artery Disease | ,705df330-ba4c-5a78-ae70-2909a2414b3a,
401,I25,Ischemic Heart Disease,Chronic ischemic heart disease,I25.799,Atherosclerosis of other coronary artery bypass graft(s) with unspecified angina pectoris,I25 |  I25.799 | Ischemic Heart Disease | Ischemic Heart Disease (IHD) | Atherosclerosis of CABG with  angina | CAD | Coronary Artery Disease | ,84a91395-1208-5eca-b827-8d2fcd9858db,
402,I25,Ischemic Heart Disease,Chronic ischemic heart disease,I25.8,Other forms of chronic ischemic heart disease,I25 |  I25.8| Ischemic Heart Disease | Ischemic Heart Disease (IHD) | CAD | Coronary Artery Disease | ,5bc37588-6fe6-5960-93fb-ddf207f553a5,
403,I25,Ischemic Heart Disease,Chronic ischemic heart disease,I25.81,Atherosclerosis of other coronary vessels without angina pectoris,I25 |  I25.81 | Ischemic Heart Disease | Ischemic Heart Disease (IHD) | CAD | Coronary Artery Disease |  subclinical atherosclerosis |,5114f4a5-2b36-5882-99ed-555879158de5,
404,I25,Ischemic Heart Disease,Chronic ischemic heart disease,I25.810,Atherosclerosis of coronary artery bypass graft(s) without angina pectoris,I25 |  I25.810 | Ischemic Heart Disease | Ischemic Heart Disease (IHD) | CAD | Coronary Artery Disease | ,74d9df9f-12fb-5065-ad4e-8b5d0e7c7937,
405,I25,Ischemic Heart Disease,Chronic ischemic heart disease,I25.811,Atherosclerosis of native coronary artery of transplanted heart without angina pectoris,I25 |  I25.811 | Ischemic Heart Disease | Ischemic Heart Disease (IHD) | CAD | Coronary Artery Disease | Transplant Coronary Artery Disease  | TxCAD |,9b78d27b-9569-5a88-94fb-0ad025df5ed4,
406,I25,Ischemic Heart Disease,Chronic ischemic heart disease,I25.812,Atherosclerosis of bypass graft of coronary artery of transplanted heart without angina pectoris,I25 |  I25.812 | Ischemic Heart Disease | Ischemic Heart Disease (IHD) | CAD | Coronary Artery Disease | ,a25e76a0-4833-52cc-a4ac-58b09c3b683c,
407,I25,Ischemic Heart Disease,Chronic ischemic heart disease,I25.82,Chronic total occlusion of coronary artery,I25 |  I25.82 | Ischemic Heart Disease | Ischemic Heart Disease (IHD) | CAD | Coronary Artery Disease | chronic total occlusion (CTO) of a coronary artery | ,9c74d8a1-56e5-59a7-912e-8009173edf56,
408,I25,Ischemic Heart Disease,Chronic ischemic heart disease,I25.83,Coronary atherosclerosis due to lipid rich plaque,I25 |  I25.83 | Ischemic Heart Disease | Ischemic Heart Disease (IHD) | CAD | Coronary Artery Disease | coronary heart disease (CHD) | coronary heart disease | CHD |,4842c0bf-ac21-580f-b774-d05ecab564c3,
409,I25,Ischemic Heart Disease,Chronic ischemic heart disease,I25.84,Coronary atherosclerosis due to calcified coronary lesion,I25 |  I25.84 | Ischemic Heart Disease | Ischemic Heart Disease (IHD) | CAD | Coronary Artery Disease | coronary heart disease (CHD) | coronary heart disease | CHD | coronary artery calcification (CAC) | coronary artery calcification |,fd01828a-a540-59a4-9a4f-4499911a8bd5,
410,I25,Ischemic Heart Disease,Chronic ischemic heart disease,I25.85,Chronic coronary microvascular dysfunction,I25 |  I25.85 | Ischemic Heart Disease | Ischemic Heart Disease (IHD) | CAD | Coronary Artery Disease | coronary heart disease (CHD) | coronary heart disease | CHD |coronary microvascular dysfunction (CMD) | coronary microvascular dysfunction | microvascular angina |,0aa966ca-00d7-5dae-951e-6b552e2a90bb,
411,I25,Ischemic Heart Disease,Chronic ischemic heart disease,I25.89,Other forms of chronic ischemic heart disease,I25 |  I25.89 | Ischemic Heart Disease | Ischemic Heart Disease (IHD) | CAD | Coronary Artery Disease | coronary heart disease (CHD) | coronary heart disease | CHD |,b09863b8-e5d9-5265-8256-1ea070848561,
412,I25,Ischemic Heart Disease,Chronic ischemic heart disease,I25.9,"Chronic ischemic heart disease, unspecified",I25 |  I25.9 | Ischemic Heart Disease | Ischemic Heart Disease (IHD) | CAD | Coronary Artery Disease | coronary heart disease (CHD) | coronary heart disease | CHD |,e5455ad5-c998-57b4-b9e4-f17535ca6373,
413,I74,Arterial embolism and thrombosis,Arterial embolism and thrombosis,,,I74 | Arterial embolism and thrombosis | Arterial embolism | Arterial  thrombosis |,c62ab1c9-304b-569a-9927-71578ffe27f2,
414,I74,Arterial embolism and thrombosis,Arterial embolism and thrombosis,I74.0,Embolism and thrombosis of abdominal aorta,I74 | I74.0 |Arterial embolism and thrombosis | Arterial embolism | Arterial  thrombosis | Embolism of  abdominal aorta | thrombosis of abdominal aorta |,ddd36f5f-81a9-5ea6-a369-665dec2d1140,
415,I74,Arterial embolism and thrombosis,Arterial embolism and thrombosis,I74.01,Saddle embolus of abdominal aorta,I74 | I74.01 |Arterial embolism and thrombosis | Arterial embolism | Arterial  thrombosis | Aortic Saddle Embolism (ASE) | Aortic Saddle Embolism |,eba057ac-7805-59a9-9b35-497d92ab6c1d,
416,I74,Arterial embolism and thrombosis,Arterial embolism and thrombosis,I74.09,Other arterial embolism and thrombosis of abdominal aorta,I74 | I74.09 |Arterial embolism and thrombosis | Arterial embolism | Arterial  thrombosis | Aortic Saddle Embolism (ASE) | Aortic Saddle Embolism |,fda549c1-1247-5cbe-8712-3e4336b2d52f,
417,I74,Arterial embolism and thrombosis,Arterial embolism and thrombosis,I74.1,Embolism and thrombosis of other and unspecified parts of aorta,I74 | I74.1 |Arterial embolism and thrombosis | Arterial embolism | Arterial  thrombosis |,e10a5311-df58-5a48-8afb-83b1501c2363,
418,I74,Arterial embolism and thrombosis,Arterial embolism and thrombosis,I74.10,Embolism and thrombosis of unspecified parts of aorta,I74 | I74.10 |Arterial embolism and thrombosis | Arterial embolism | Arterial  thrombosis |,9bc21c39-173c-55f0-82a8-d20aa3bfaec3,
419,I74,Arterial embolism and thrombosis,Arterial embolism and thrombosis,I74.11,Embolism and thrombosis of thoracic aorta,I74 | I74.11 |Arterial embolism and thrombosis | Arterial embolism | Arterial  thrombosis | Embolism of thoracic aorta | thrombosis of thoracic aorta |,4f00b41b-5886-5d65-a328-086d6966d63c,
422,I74,Arterial embolism and thrombosis,Arterial embolism and thrombosis,I74.3,Embolism and thrombosis of arteries of the lower extremities,I74 | I74.3 |Arterial embolism and thrombosis | Arterial embolism | Arterial  thrombosis | Embolism and thrombosis of arteries of the lower extremities | Embolism arteries of the lower extremities | thrombosis of arteries of the lower extremities |,ea643c82-f3c2-54ea-8d36-1bd16c3d42ad,
423,I74,Arterial embolism and thrombosis,Arterial embolism and thrombosis,I74.4,"Embolism and thrombosis of arteries of extremities, unspecified",I74 | I74.4 |Arterial embolism and thrombosis | Arterial embolism | Arterial  thrombosis | ,4cfa117f-2484-5625-8f37-0e7f67f5afc5,
424,I74,Arterial embolism and thrombosis,Arterial embolism and thrombosis,I74.5,Embolism and thrombosis of iliac artery,I74 | I74.5 |Arterial embolism and thrombosis | Arterial embolism | Arterial  thrombosis | Embolism and thrombosis of iliac artery | Embolism of iliac artery | Thrombosis of iliac artery | Aortoiliac Occlusive Disease (AIOD) |  Aortoiliac Occlusive Disease| ,edb2d8b2-3d99-528a-b5ba-701d2c234ec7,
425,I74,Arterial embolism and thrombosis,Arterial embolism and thrombosis,I74.8,Embolism and thrombosis of other arteries,I74 | I74.8 |Arterial embolism and thrombosis | Arterial embolism | Arterial  thrombosis | ,20a1a4ba-4a91-5fd4-b44c-20f8077af3e5,
432,I63,ischemic stroke,Cerebral infarction,,,I63 | ischemic stroke | Cerebral infarction | ,da360a19-bd2d-57b6-a598-78724a73c140,
446,I63,ischemic stroke,Cerebral infarction,I63.09,Cerebral infarction due to thrombosis of other precerebral artery,I63 | I63.09 | ischemic stroke | Cerebral infarction | ,1f0b31c6-7cba-56a8-ae30-8614e3482617,
449,I63,ischemic stroke,Cerebral infarction,I63.12,Cerebral infarction due to embolism of basilar artery,I63 | I63.12 | ischemic stroke | Cerebral infarction | Rostral Brainstem Infarction | Top of the Basilar Syndrome (TBS) |  Top of the Basilar Syndrome |,8504cd1b-f606-5819-a69b-fcadd914292d,
450,I63,ischemic stroke,Cerebral infarction,I63.13,Cerebral infarction due to embolism of carotid artery,I63 | I63.13 | ischemic stroke | Cerebral infarction | ,58f066a4-7f38-5e43-ba73-66d4e906e280,
451,I63,ischemic stroke,Cerebral infarction,I63.131,Cerebral infarction due to embolism of right carotid artery,I63 | I63.131 | ischemic stroke | Cerebral infarction | ,7cba788b-ae07-5742-8b1c-c9e3984da92f,
452,I63,ischemic stroke,Cerebral infarction,I63.132,Cerebral infarction due to embolism of left carotid artery,I63 | I63.132 | ischemic stroke | Cerebral infarction | ,d6e0f3c1-9cc3-51b2-8f36-3426ad360518,
453,I63,ischemic stroke,Cerebral infarction,I63.133,Cerebral infarction due to embolism of bilateral carotid arteries,I63 | I63.133 | ischemic stroke | Cerebral infarction | ,67800398-9b27-51a9-81b7-f97f2dcd68da,
470,I63,ischemic stroke,Cerebral infarction,I63.3,Cerebral infarction due to thrombosis of cerebral arteries,I63 | I63.3 | ischemic stroke | Cerebral infarction | thrombotic ischemic stroke  | thrombotic stroke |,85052c48-9bf7-5015-b6c8-0d85b780954e,
471,I63,ischemic stroke,Cerebral infarction,I63.30,Cerebral infarction due to thrombosis of unspecified cerebral artery,I63 | I63.30 | ischemic stroke | Cerebral infarction | thrombotic ischemic stroke  | thrombotic stroke |,d9a0ccfb-fd09-5490-9004-7ef19de765ba,
472,I63,ischemic stroke,Cerebral infarction,I63.31,Cerebral infarction due to thrombosis of middle cerebral artery,I63 | I63.31 | ischemic stroke | Cerebral infarction | thrombotic ischemic stroke  | thrombotic stroke |,f681d0ff-6788-5017-ad2d-9f7ec3f0c06b,
473,I63,ischemic stroke,Cerebral infarction,I63.311,Cerebral infarction due to thrombosis of right middle cerebral artery,I63 | I63.311 | ischemic stroke | Cerebral infarction | thrombotic ischemic stroke  | thrombotic stroke |,5b337886-643f-5c68-afd5-509e9b414010,
474,I63,ischemic stroke,Cerebral infarction,I63.312,Cerebral infarction due to thrombosis of left middle cerebral artery,I63 | I63.312 | ischemic stroke | Cerebral infarction | thrombotic ischemic stroke  | thrombotic stroke |,71a2e145-6327-5b9a-8951-e3a59d36eba9,
475,I63,ischemic stroke,Cerebral infarction,I63.313,Cerebral infarction due to thrombosis of bilateral middle cerebral arteries,I63 | I63.313 | ischemic stroke | Cerebral infarction | thrombotic ischemic stroke  | thrombotic stroke |,b7f803c9-eb25-5b53-8793-6d21ae523343,
476,I63,ischemic stroke,Cerebral infarction,I63.319,Cerebral infarction due to thrombosis of unspecified middle cerebral artery,I63 | I63.319 | ischemic stroke | Cerebral infarction | thrombotic ischemic stroke  | thrombotic stroke |,b92fd7be-20fc-5b70-8a9d-fe3ccb3c3256,
477,I63,ischemic stroke,Cerebral infarction,I63.32,Cerebral infarction due to thrombosis of anterior cerebral artery,I63 | I63.32 | ischemic stroke | Cerebral infarction | thrombotic ischemic stroke  | thrombotic stroke |,11102da3-e722-5bfa-9abe-fd447d46e960,
478,I63,ischemic stroke,Cerebral infarction,I63.321,Cerebral infarction due to thrombosis of right anterior cerebral artery,I63 | I63.321 | ischemic stroke | Cerebral infarction | thrombotic ischemic stroke  | thrombotic stroke |,e45d4312-ec31-5568-a351-d3f0c5c4673c,
479,I63,ischemic stroke,Cerebral infarction,I63.322,Cerebral infarction due to thrombosis of left anterior cerebral artery,I63 | I63.322 | ischemic stroke | Cerebral infarction | thrombotic ischemic stroke  | thrombotic stroke |,f7822c36-b0d8-5bbd-9df5-5783b1778bc7,
480,I63,ischemic stroke,Cerebral infarction,I63.323,Cerebral infarction due to thrombosis of bilateral anterior cerebral arteries,I63 | I63.323 | ischemic stroke | Cerebral infarction | thrombotic ischemic stroke  | thrombotic stroke |,88c00c5a-4f4d-51de-8bd9-004754fbdd2e,
481,I63,ischemic stroke,Cerebral infarction,I63.329,Cerebral infarction due to thrombosis of unspecified anterior cerebral artery,I63 | I63.329 | ischemic stroke | Cerebral infarction | thrombotic ischemic stroke  | thrombotic stroke |,7d1513db-942e-5087-b944-d6673db0a498,
482,I63,ischemic stroke,Cerebral infarction,I63.33,Cerebral infarction due to thrombosis of posterior cerebral artery,I63 | I63.33 | ischemic stroke | Cerebral infarction | thrombotic ischemic stroke  | thrombotic stroke |,830ef5c0-a551-565a-98db-6d09b8f89b82,
483,I63,ischemic stroke,Cerebral infarction,I63.331,Cerebral infarction due to thrombosis of right posterior cerebral artery,I63 | I63.331 | ischemic stroke | Cerebral infarction | thrombotic ischemic stroke  | thrombotic stroke |,486698ad-07be-51d4-83ca-9846f33b8428,
484,I63,ischemic stroke,Cerebral infarction,I63.332,Cerebral infarction due to thrombosis of left posterior cerebral artery,I63 | I63.332 | ischemic stroke | Cerebral infarction | thrombotic ischemic stroke  | thrombotic stroke |,737324dc-b491-5f43-a402-92a408c5fe71,
485,I63,ischemic stroke,Cerebral infarction,I63.333,Cerebral infarction due to thrombosis of bilateral posterior cerebral arteries,I63 | I63.333 | ischemic stroke | Cerebral infarction | thrombotic ischemic stroke  | thrombotic stroke |,c103ff3e-8cc6-5537-b510-3ecaeade999c,
487,I63,ischemic stroke,Cerebral infarction,I63.34,Cerebral infarction due to thrombosis of cerebellar artery,I63 | I63.34 | ischemic stroke | Cerebral infarction | thrombotic ischemic stroke  | cerebellar stroke |  cerebellar infarct | cerebellar ischemic stroke |,eb3010d3-2abb-5c1e-9677-a55c5ad9d30c,
488,I63,ischemic stroke,Cerebral infarction,I63.341,Cerebral infarction due to thrombosis of right cerebellar artery,I63 | I63.341 | ischemic stroke | Cerebral infarction | thrombotic ischemic stroke  | cerebellar stroke |  cerebellar infarct | cerebellar ischemic stroke |,1fda016a-0451-5141-ace3-95584c923e85,
489,I63,ischemic stroke,Cerebral infarction,I63.342,Cerebral infarction due to thrombosis of left cerebellar artery,I63 | I63.342 | ischemic stroke | Cerebral infarction | thrombotic ischemic stroke  | cerebellar stroke |  cerebellar infarct | cerebellar ischemic stroke |,622ef2c8-3039-532c-a398-8b60688418ad,
490,I63,ischemic stroke,Cerebral infarction,I63.343,Cerebral infarction due to thrombosis of bilateral cerebellar arteries,I63 | I63.343 | ischemic stroke | Cerebral infarction | thrombotic ischemic stroke  | cerebellar stroke |  cerebellar infarct | cerebellar ischemic stroke |,b8230c42-4ba6-53e9-8e5a-6bcaf427b779,
491,I63,ischemic stroke,Cerebral infarction,I63.349,Cerebral infarction due to thrombosis of unspecified cerebellar artery,I63 | I63.349 | ischemic stroke | Cerebral infarction | thrombotic ischemic stroke  | cerebellar stroke |  cerebellar infarct | cerebellar ischemic stroke |,9c426684-98fc-5945-a079-eb957011103c,
492,I63,ischemic stroke,Cerebral infarction,I63.39,Cerebral infarction due to thrombosis of other cerebral artery,I63 | I63.39 | ischemic stroke | Cerebral infarction | thrombotic ischemic stroke  | thrombotic stroke |,d7a8694c-363a-59c3-9a51-b32be66b2de6,
544,I65,Occlusion and stenosis of precerebral arteries,"Occlusion and stenosis of precerebral arteries, not resulting in cerebral infarction",,,I65 |  Occlusion and stenosis of precerebral arteries | Occlusion of precerebral arteries |  stenosis of precerebral arteries | ,10167531-c190-5986-b69e-f4372b7c537c,
545,I65,Occlusion and stenosis of precerebral arteries,"Occlusion and stenosis of precerebral arteries, not resulting in cerebral infarction",I65.0,Occlusion and stenosis of vertebral artery,I65 |  I65.0 |  Occlusion and stenosis of precerebral arteries | Occlusion of precerebral arteries |  stenosis of precerebral arteries | Vertebrobasilar insufficiency (VBI) | Vertebrobasilar insufficiency |,19f77020-15a4-5497-add4-a508df38ea43,
546,I65,Occlusion and stenosis of precerebral arteries,"Occlusion and stenosis of precerebral arteries, not resulting in cerebral infarction",I65.01,Occlusion and stenosis of right vertebral artery,I65 |  I65.01 |  Occlusion and stenosis of precerebral arteries | Occlusion of precerebral arteries |  stenosis of precerebral arteries | Vertebrobasilar insufficiency (VBI) | Vertebrobasilar insufficiency |,6f923b11-ff08-50ac-b21f-83951a339c2d,
547,I65,Occlusion and stenosis of precerebral arteries,"Occlusion and stenosis of precerebral arteries, not resulting in cerebral infarction",I65.02,Occlusion and stenosis of left vertebral artery,I65 |  I65.02 |  Occlusion and stenosis of precerebral arteries | Occlusion of precerebral arteries |  stenosis of precerebral arteries | Vertebrobasilar insufficiency (VBI) | Vertebrobasilar insufficiency |,86bf07d5-0f75-53b8-ae39-6bdd30fa68f7,
548,I65,Occlusion and stenosis of precerebral arteries,"Occlusion and stenosis of precerebral arteries, not resulting in cerebral infarction",I65.03,Occlusion and stenosis of bilateral vertebral arteries,I65 |  I65.03 |  Occlusion and stenosis of precerebral arteries | Occlusion of precerebral arteries |  stenosis of precerebral arteries | Vertebrobasilar insufficiency (VBI) | Vertebrobasilar insufficiency |,4a92767d-b067-5fff-aec5-8ea16c20eea5,
549,I65,Occlusion and stenosis of precerebral arteries,"Occlusion and stenosis of precerebral arteries, not resulting in cerebral infarction",I65.09,Occlusion and stenosis of unspecified vertebral artery,I65 |  I65.09 |  Occlusion and stenosis of precerebral arteries | Occlusion of precerebral arteries |  stenosis of precerebral arteries | Vertebrobasilar insufficiency (VBI) | Vertebrobasilar insufficiency |,e2d346e0-dad7-5905-8803-f760c54f2532,
550,I65,Occlusion and stenosis of precerebral arteries,"Occlusion and stenosis of precerebral arteries, not resulting in cerebral infarction",I65.1,Occlusion and stenosis of basilar artery,I65 |  I65.1 |  Occlusion and stenosis of precerebral arteries | Occlusion of precerebral arteries |  stenosis of precerebral arteries | Vertebrobasilar insufficiency (VBI) | Vertebrobasilar insufficiency |,dd678e63-8914-5590-9278-c9d2202f5522,
551,I65,Occlusion and stenosis of precerebral arteries,"Occlusion and stenosis of precerebral arteries, not resulting in cerebral infarction",I65.2,Occlusion and stenosis of carotid artery,I65 |  I65.2 |  Occlusion and stenosis of precerebral arteries | Occlusion of precerebral arteries |  stenosis of precerebral arteries | carotid artery disease | carotid artery disease (CAD) | CAD |,4c9961cf-c258-5223-80f9-edb01519f79a,
552,I65,Occlusion and stenosis of precerebral arteries,"Occlusion and stenosis of precerebral arteries, not resulting in cerebral infarction",I65.21,Occlusion and stenosis of right carotid artery,I65 |  I65.21 |  Occlusion and stenosis of precerebral arteries | Occlusion of precerebral arteries |  stenosis of precerebral arteries | carotid artery disease | carotid artery disease (CAD) | CAD |,87ece9e9-2fba-550c-9b98-3bce67650347,
553,I65,Occlusion and stenosis of precerebral arteries,"Occlusion and stenosis of precerebral arteries, not resulting in cerebral infarction",I65.22,Occlusion and stenosis of left carotid artery,I65 |  I65.22 |  Occlusion and stenosis of precerebral arteries | Occlusion of precerebral arteries |  stenosis of precerebral arteries | carotid artery disease | carotid artery disease (CAD) | CAD |,5869cd9b-5331-5d34-ab16-62ffcd646333,
554,I65,Occlusion and stenosis of precerebral arteries,"Occlusion and stenosis of precerebral arteries, not resulting in cerebral infarction",I65.23,Occlusion and stenosis of bilateral carotid arteries,I65 |  I65.23 |  Occlusion and stenosis of precerebral arteries | Occlusion of precerebral arteries |  stenosis of precerebral arteries | carotid artery disease | carotid artery disease (CAD) | CAD |,7d2b4baa-4ee7-57fb-be88-b7d328506f7c,
555,I65,Occlusion and stenosis of precerebral arteries,"Occlusion and stenosis of precerebral arteries, not resulting in cerebral infarction",I65.29,Occlusion and stenosis of unspecified carotid artery,I65 |  I65.29 |  Occlusion and stenosis of precerebral arteries | Occlusion of precerebral arteries |  stenosis of precerebral arteries | carotid artery disease | carotid artery disease (CAD) | CAD |,b3e17df3-3869-5daa-98cf-662c1801d099,
556,I65,Occlusion and stenosis of precerebral arteries,"Occlusion and stenosis of precerebral arteries, not resulting in cerebral infarction",I65.8,Occlusion and stenosis of other precerebral arteries,I65 |  I65.8 |  Occlusion and stenosis of precerebral arteries | Occlusion of precerebral arteries |  stenosis of precerebral arteries | precerebral artery obstruction |,167ddfda-1154-51d3-bb49-79f8edbb1598,
557,I65,Occlusion and stenosis of precerebral arteries,"Occlusion and stenosis of precerebral arteries, not resulting in cerebral infarction",I65.9,Occlusion and stenosis of unspecified precerebral artery,I65 |  I65.9 |  Occlusion and stenosis of precerebral arteries | Occlusion of precerebral arteries |  stenosis of precerebral arteries | precerebral artery obstruction | precerebral artery narrowing |,f2ba223f-0929-58e8-96a6-de9c3cd089c8,
558,I66,Occlusion and stenosis of precerebral arteries,"Occlusion and stenosis of cerebral arteries, not resulting in cerebral infarction", ,,I66 |  Occlusion and stenosis of cerebral arteries | Occlusion of cerebral arteries |  stenosis of cerebral arteries | cerebral artery obstruction | cerebral artery narrowing |,9030fbce-a3f3-5363-8826-6ced855d8958,
559,I66,Occlusion and stenosis of precerebral arteries,"Occlusion and stenosis of cerebral arteries, not resulting in cerebral infarction",I66.0,Occlusion and stenosis of middle cerebral artery,I66 | I66.0 |Occlusion and stenosis of cerebral arteries | Occlusion of cerebral arteries |  stenosis of cerebral arteries | cerebral artery obstruction | cerebral artery narrowing |,b088a57a-df40-5cf6-9a15-39055e8644ac,
560,I66,Occlusion and stenosis of precerebral arteries,"Occlusion and stenosis of cerebral arteries, not resulting in cerebral infarction",I66.01,Occlusion and stenosis of right middle cerebral artery,I66 | I66.01 |Occlusion and stenosis of cerebral arteries | Occlusion of cerebral arteries |  stenosis of cerebral arteries | cerebral artery obstruction | cerebral artery narrowing |,8edc58e8-6866-5143-a287-5acfd1594258,
561,I66,Occlusion and stenosis of precerebral arteries,"Occlusion and stenosis of cerebral arteries, not resulting in cerebral infarction",I66.02,Occlusion and stenosis of left middle cerebral artery,I66 | I66.02 |Occlusion and stenosis of cerebral arteries | Occlusion of cerebral arteries |  stenosis of cerebral arteries | cerebral artery obstruction | cerebral artery narrowing |,38de7a63-b453-5c67-9922-6976d502e6e9,
562,I66,Occlusion and stenosis of precerebral arteries,"Occlusion and stenosis of cerebral arteries, not resulting in cerebral infarction",I66.03,Occlusion and stenosis of bilateral middle cerebral arteries,I66 | I66.03 |Occlusion and stenosis of cerebral arteries | Occlusion of cerebral arteries |  stenosis of cerebral arteries | cerebral artery obstruction | cerebral artery narrowing |,7e98fb26-ec9e-5717-b0d9-a0ff987ac072,
563,I66,Occlusion and stenosis of precerebral arteries,"Occlusion and stenosis of cerebral arteries, not resulting in cerebral infarction",I66.09,Occlusion and stenosis of unspecified middle cerebral artery,I66 | I66.09 |Occlusion and stenosis of cerebral arteries | Occlusion of cerebral arteries |  stenosis of cerebral arteries | cerebral artery obstruction | cerebral artery narrowing |,08d56dae-7ed0-5c8f-87fb-348b879255d1,
564,I66,Occlusion and stenosis of precerebral arteries,"Occlusion and stenosis of cerebral arteries, not resulting in cerebral infarction",I66.1,Occlusion and stenosis of anterior cerebral artery,I66 | I66.1 |Occlusion and stenosis of cerebral arteries | Occlusion of cerebral arteries |  stenosis of cerebral arteries | cerebral artery obstruction | cerebral artery narrowing |,8fb16025-c847-5101-8ef9-1f0abb5fd8bb,
565,I66,Occlusion and stenosis of precerebral arteries,"Occlusion and stenosis of cerebral arteries, not resulting in cerebral infarction",I66.11,Occlusion and stenosis of right anterior cerebral artery,I66 | I66.11 |Occlusion and stenosis of cerebral arteries | Occlusion of cerebral arteries |  stenosis of cerebral arteries | cerebral artery obstruction | cerebral artery narrowing |,5097a3ae-83c5-53b8-819b-d87ac61c4d7c,
566,I66,Occlusion and stenosis of precerebral arteries,"Occlusion and stenosis of cerebral arteries, not resulting in cerebral infarction",I66.12,Occlusion and stenosis of left anterior cerebral artery,I66 | I66.12 |Occlusion and stenosis of cerebral arteries | Occlusion of cerebral arteries |  stenosis of cerebral arteries | cerebral artery obstruction | cerebral artery narrowing |,c6f427e9-4815-58c7-83c7-63d44c4872da,
567,I66,Occlusion and stenosis of precerebral arteries,"Occlusion and stenosis of cerebral arteries, not resulting in cerebral infarction",I66.13,Occlusion and stenosis of bilateral anterior cerebral arteries,I66 | I66.13 |Occlusion and stenosis of cerebral arteries | Occlusion of cerebral arteries |  stenosis of cerebral arteries | cerebral artery obstruction | cerebral artery narrowing |,dd6fed5a-18fd-5988-8cd9-257b4dc83899,
568,I66,Occlusion and stenosis of precerebral arteries,"Occlusion and stenosis of cerebral arteries, not resulting in cerebral infarction",I66.19,Occlusion and stenosis of unspecified anterior cerebral artery,I66 | I66.19 |Occlusion and stenosis of cerebral arteries | Occlusion of cerebral arteries |  stenosis of cerebral arteries | cerebral artery obstruction | cerebral artery narrowing |,4648e307-68af-56b4-9b51-390cb16b3cdd,
569,I66,Occlusion and stenosis of precerebral arteries,"Occlusion and stenosis of cerebral arteries, not resulting in cerebral infarction",I66.2,Occlusion and stenosis of posterior cerebral artery,I66 | I66.2 |Occlusion and stenosis of cerebral arteries | Occlusion of cerebral arteries |  stenosis of cerebral arteries | cerebral artery obstruction | cerebral artery narrowing |,427d3d5c-1ba6-5412-9b79-5941825db19c,
570,I66,Occlusion and stenosis of precerebral arteries,"Occlusion and stenosis of cerebral arteries, not resulting in cerebral infarction",I66.21,Occlusion and stenosis of right posterior cerebral artery,I66 | I66.21 |Occlusion and stenosis of cerebral arteries | Occlusion of cerebral arteries |  stenosis of cerebral arteries | cerebral artery obstruction | cerebral artery narrowing |,23b16f14-de37-5d65-aaeb-4147623f20c3,
571,I66,Occlusion and stenosis of precerebral arteries,"Occlusion and stenosis of cerebral arteries, not resulting in cerebral infarction",I66.22,Occlusion and stenosis of left posterior cerebral artery,I66 | I66.22 |Occlusion and stenosis of cerebral arteries | Occlusion of cerebral arteries |  stenosis of cerebral arteries | cerebral artery obstruction | cerebral artery narrowing |,1a2f3e70-8fcb-51ac-83e8-0f03fb5d99f0,
